tag,frame,t,L,W,Ls,C,G,mode,calm
failing_calm_long,787,0.0000,0.9625,1.0000,0.9794,0.9999,0.0000,Steady,1
failing_calm_long,788,0.0167,0.4045,1.0000,0.9699,0.9999,0.0000,Steady,1
failing_calm_long,789,0.0333,0.4084,0.9941,0.9606,0.9978,0.0000,Steady,1
failing_calm_long,790,0.0500,0.4124,0.9862,0.9516,0.9958,0.0000,Steady,1
failing_calm_long,791,0.0667,0.4164,1.0000,0.9427,0.9958,0.0000,Steady,1
failing_calm_long,792,0.0833,0.4206,1.0000,0.9341,0.9958,0.0000,Steady,1
failing_calm_long,793,0.1000,0.4249,0.9982,0.9257,0.9959,0.0000,Steady,1
failing_calm_long,794,0.1167,0.4293,1.0000,0.9175,0.9959,0.0000,Steady,1
failing_calm_long,795,0.1333,0.4337,1.0000,0.9095,0.9959,0.0000,Steady,1
failing_calm_long,796,0.1500,0.4382,1.0000,0.9017,0.9960,0.0000,Steady,1
failing_calm_long,797,0.1667,0.4427,1.0000,0.8941,0.9960,0.0000,Steady,1
failing_calm_long,798,0.1833,0.4473,1.0000,0.8867,0.9960,0.0000,Steady,1
failing_calm_long,799,0.2000,0.4519,1.0000,0.8795,0.9961,0.0000,Steady,1
failing_calm_long,800,0.2167,0.4566,1.0000,0.8725,0.9961,0.0000,Steady,1
failing_calm_long,801,0.2333,0.4613,1.0000,0.8657,0.9961,0.0000,Steady,1
failing_calm_long,802,0.2500,0.4659,1.0000,0.8591,0.9962,0.0000,Steady,1
failing_calm_long,803,0.2667,0.4706,1.0000,0.8527,0.9962,0.0000,Steady,1
failing_calm_long,804,0.2833,0.4753,1.0000,0.8465,0.9962,0.0000,Steady,1
failing_calm_long,805,0.3000,0.4799,1.0000,0.8404,0.9963,0.0000,Steady,1
failing_calm_long,806,0.3167,0.4846,1.0000,0.8345,0.9963,0.0000,Steady,1
failing_calm_long,807,0.3333,0.4892,1.0000,0.8288,0.9963,0.0000,Steady,1
failing_calm_long,808,0.3500,0.4937,1.0000,0.8233,0.9964,0.0000,Steady,1
failing_calm_long,809,0.3667,0.4983,1.0000,0.8179,0.9964,0.0000,Steady,1
failing_calm_long,810,0.3833,0.5027,1.0000,0.8127,0.9964,0.0000,Steady,1
failing_calm_long,811,0.4000,0.5071,1.0000,0.8076,0.9964,0.0000,Steady,1
failing_calm_long,812,0.4167,0.5115,1.0000,0.8028,0.9965,0.0000,Failing,1
failing_calm_long,813,0.4333,0.5158,1.0000,0.7980,0.9965,0.0000,Failing,1
failing_calm_long,814,0.4500,0.5199,1.0000,0.7934,0.9965,0.0000,Failing,1
failing_calm_long,815,0.4667,0.5240,1.0000,0.7890,0.9966,0.0000,Failing,1
failing_calm_long,816,0.4833,0.5280,1.0000,0.7846,0.9966,0.0000,Failing,1
failing_calm_long,817,0.5000,0.5319,1.0000,0.7805,0.9966,0.0000,Failing,1
failing_calm_long,818,0.5167,0.5357,1.0000,0.7764,0.9966,0.0000,Failing,1
failing_calm_long,819,0.5333,0.5394,1.0000,0.7725,0.9967,0.0000,Failing,1
failing_calm_long,820,0.5500,0.5429,1.0000,0.7687,0.9967,0.0000,Failing,1
failing_calm_long,821,0.5667,0.5463,1.0000,0.7650,0.9967,0.0000,Failing,1
failing_calm_long,822,0.5833,0.5496,1.0000,0.7615,0.9968,0.0000,Failing,1
failing_calm_long,823,0.6000,0.5527,1.0000,0.7580,0.9968,0.0000,Failing,1
failing_calm_long,824,0.6167,0.5556,1.0000,0.7547,0.9968,0.0000,Failing,1
failing_calm_long,825,0.6333,0.5584,1.0000,0.7514,0.9968,0.0000,Failing,1
failing_calm_long,826,0.6500,0.5610,1.0000,0.7483,0.9969,0.0000,Failing,1
failing_calm_long,827,0.6667,0.5635,1.0000,0.7452,0.9969,0.0000,Failing,1
failing_calm_long,828,0.6833,0.5657,1.0000,0.7423,0.9969,0.0000,Failing,1
failing_calm_long,829,0.7000,0.5678,1.0000,0.7394,0.9969,0.0000,Failing,1
failing_calm_long,830,0.7167,0.5696,1.0000,0.7366,0.9970,0.0000,Failing,1
failing_calm_long,831,0.7333,0.5712,1.0000,0.7338,0.9970,0.0000,Failing,1
failing_calm_long,832,0.7500,0.5726,1.0000,0.7312,0.9970,0.0000,Failing,1
failing_calm_long,833,0.7667,0.5738,1.0000,0.7286,0.9970,0.0000,Failing,1
failing_calm_long,834,0.7833,0.5748,1.0000,0.7260,0.9971,0.0000,Failing,1
failing_calm_long,835,0.8000,0.5755,1.0000,0.7235,0.9971,0.0000,Failing,1
failing_calm_long,836,0.8167,0.5759,1.0000,0.7211,0.9971,0.0000,Failing,1
failing_calm_long,837,0.8333,0.5762,1.0000,0.7187,0.9971,0.0000,Failing,1
failing_calm_long,838,0.8500,0.5761,1.0000,0.7164,0.9972,0.0000,Failing,1
failing_calm_long,839,0.8667,0.5758,1.0000,0.7140,0.9972,0.0000,Failing,1
failing_calm_long,840,0.8833,0.5752,1.0000,0.7117,0.9972,0.0000,Failing,1
failing_calm_long,841,0.9000,0.5744,1.0000,0.7095,0.9972,0.0000,Failing,1
failing_calm_long,842,0.9167,0.5733,1.0000,0.7072,0.9973,0.0000,Failing,1
failing_calm_long,843,0.9333,0.5719,1.0000,0.7050,0.9973,0.0000,Failing,1
failing_calm_long,844,0.9500,0.5702,1.0000,0.7028,0.9973,0.0000,Failing,1
failing_calm_long,845,0.9667,0.5682,1.0000,0.7005,0.9973,0.0000,Failing,1
failing_calm_long,846,0.9833,0.5660,1.0000,0.6983,0.9973,0.0000,Failing,1
failing_calm_long,847,1.0000,0.5635,1.0000,0.6961,0.9974,0.0000,Failing,1
failing_calm_long,848,1.0167,0.5607,1.0000,0.6938,0.9974,0.0000,Failing,1
failing_calm_long,849,1.0333,0.5576,1.0000,0.6916,0.9974,0.0000,Failing,1
failing_calm_long,850,1.0500,0.5542,1.0000,0.6893,0.9974,0.0000,Failing,1
failing_calm_long,851,1.0667,0.5505,1.0000,0.6870,0.9974,0.0000,Failing,1
failing_calm_long,852,1.0833,0.5466,1.0000,0.6847,0.9975,0.0000,Failing,1
failing_calm_long,853,1.1000,0.5424,1.0000,0.6823,0.9975,0.0000,Failing,1
failing_calm_long,854,1.1167,0.5379,1.0000,0.6800,0.9975,0.0000,Failing,1
failing_calm_long,855,1.1333,0.5331,1.0000,0.6775,0.9975,0.0000,Failing,1
failing_calm_long,856,1.1500,0.5281,1.0000,0.6751,0.9976,0.0000,Failing,1
failing_calm_long,857,1.1667,0.5229,1.0000,0.6725,0.9976,0.0000,Failing,1
failing_calm_long,858,1.1833,0.5174,1.0000,0.6700,0.9976,0.0000,Failing,1
failing_calm_long,859,1.2000,0.5117,1.0000,0.6674,0.9976,0.0000,Failing,1
failing_calm_long,860,1.2167,0.5057,1.0000,0.6647,0.9976,0.0000,Failing,1
failing_calm_long,861,1.2333,0.4996,1.0000,0.6620,0.9977,0.0000,Failing,1
failing_calm_long,862,1.2500,0.4933,1.0000,0.6592,0.9977,0.0000,Failing,1
failing_calm_long,863,1.2667,0.4868,1.0000,0.6563,0.9977,0.0000,Failing,1
failing_calm_long,864,1.2833,0.4801,1.0000,0.6534,0.9977,0.0000,Failing,1
failing_calm_long,865,1.3000,0.4733,1.0000,0.6504,0.9977,0.0000,Failing,1
failing_calm_long,866,1.3167,0.4663,1.0000,0.6474,0.9977,0.0000,Failing,1
failing_calm_long,867,1.3333,0.4592,1.0000,0.6443,0.9978,0.0000,Failing,1
failing_calm_long,868,1.3500,0.4521,1.0000,0.6411,0.9978,0.0000,Failing,1
failing_calm_long,869,1.3667,0.4448,1.0000,0.6379,0.9978,0.0000,Failing,1
failing_calm_long,870,1.3833,0.4375,1.0000,0.6346,0.9978,0.0000,Failing,1
failing_calm_long,871,1.4000,0.4302,1.0000,0.6312,0.9978,0.0000,Failing,1
failing_calm_long,872,1.4167,0.4228,0.9978,0.6277,0.9958,0.0000,Failing,1
failing_calm_long,873,1.4333,0.4154,1.0000,0.6242,0.9958,0.0000,Failing,1
failing_calm_long,874,1.4500,0.4081,0.9993,0.6206,0.9958,0.0000,Failing,1
failing_calm_long,875,1.4667,0.4008,0.9766,0.6170,0.9938,0.0000,Failing,1
failing_calm_long,876,1.4833,0.3936,0.9812,0.6133,0.9917,0.0000,Failing,1
failing_calm_long,877,1.5000,0.3864,0.9802,0.6096,0.9897,0.0000,Failing,1
failing_calm_long,878,1.5167,0.3794,0.9595,0.6058,0.9876,0.0000,Failing,1
failing_calm_long,879,1.5333,0.3725,0.9557,0.6019,0.9856,0.0000,Failing,1
failing_calm_long,880,1.5500,0.3658,0.9580,0.5980,0.9836,0.0000,Failing,1
failing_calm_long,881,1.5667,0.3593,0.9442,0.5941,0.9816,0.0000,Failing,1
failing_calm_long,882,1.5833,0.3530,0.9353,0.5901,0.9796,0.0000,Failing,1
failing_calm_long,883,1.6000,0.3469,0.9352,0.5861,0.9776,0.0000,Failing,1
failing_calm_long,884,1.6167,0.3411,0.9284,0.5820,0.9756,0.0000,Failing,1
failing_calm_long,885,1.6333,0.3355,0.9204,0.5779,0.9736,0.0000,Failing,1
failing_calm_long,886,1.6500,0.3303,0.9153,0.5738,0.9716,0.0000,Failing,1
failing_calm_long,887,1.6667,0.3254,0.9114,0.5697,0.9697,0.0000,Failing,1
failing_calm_long,888,1.6833,0.3208,0.9093,0.5656,0.9677,0.0000,Failing,1
failing_calm_long,889,1.7000,0.3165,0.9014,0.5615,0.9658,0.0000,Failing,1
failing_calm_long,890,1.7167,0.3127,0.8950,0.5574,0.9638,0.0000,Failing,1
failing_calm_long,891,1.7333,0.3093,0.8995,0.5533,0.9619,0.0000,Failing,1
failing_calm_long,892,1.7500,0.3062,0.8945,0.5492,0.9600,0.0000,Failing,1
failing_calm_long,893,1.7667,0.3036,0.8823,0.5451,0.9581,0.0000,Failing,1
failing_calm_long,894,1.7833,0.3015,0.8898,0.5411,0.9562,0.0000,Failing,1
failing_calm_long,895,1.8000,0.2998,0.8932,0.5371,0.9543,0.0000,Failing,1
failing_calm_long,896,1.8167,0.2986,0.8767,0.5332,0.9524,0.0000,Failing,1
failing_calm_long,897,1.8333,0.2979,0.8809,0.5293,0.9505,0.0000,Failing,1
failing_calm_long,898,1.8500,0.2976,0.8947,0.5255,0.9486,0.0000,Failing,1
failing_calm_long,899,1.8667,0.2979,0.8796,0.5217,0.9467,0.0000,Failing,1
failing_calm_long,900,1.8833,0.2987,0.8757,0.5180,0.9449,0.0000,Failing,1
failing_calm_long,901,1.9000,0.3000,0.8968,0.5144,0.9430,0.0000,Failing,1
failing_calm_long,902,1.9167,0.3018,0.8900,0.5109,0.9412,0.0000,Failing,1
failing_calm_long,903,1.9333,0.3042,0.8774,0.5075,0.9393,0.0000,Failing,1
failing_calm_long,904,1.9500,0.3070,0.8993,0.5042,0.9375,0.0000,Failing,1
failing_calm_long,905,1.9667,0.3104,0.9050,0.5010,0.9357,0.0000,Failing,1
failing_calm_long,906,1.9833,0.3143,0.8883,0.4979,0.9338,0.0000,Failing,1
failing_calm_long,907,2.0000,0.3187,0.9041,0.4949,0.9320,0.0000,Failing,1
failing_calm_long,908,2.0167,0.3236,0.9216,0.4921,0.9302,0.0000,Failing,1
failing_calm_long,909,2.0333,0.3290,0.9078,0.4894,0.9284,0.0000,Failing,1
failing_calm_long,910,2.0500,0.3349,0.9142,0.4868,0.9266,0.0000,Failing,1
failing_calm_long,911,2.0667,0.3412,0.9382,0.4844,0.9267,0.0000,Failing,1
failing_calm_long,912,2.0833,0.3480,0.9333,0.4822,0.9268,0.0000,Failing,1
failing_calm_long,913,2.1000,0.3553,0.9320,0.4801,0.9268,0.0000,Failing,1
failing_calm_long,914,2.1167,0.3630,0.9553,0.4781,0.9271,0.0000,Failing,1
failing_calm_long,915,2.1333,0.3711,0.9612,0.4764,0.9273,0.0000,Failing,1
failing_calm_long,916,2.1500,0.3795,0.9579,0.4748,0.9276,0.0000,Failing,1
failing_calm_long,917,2.1667,0.3884,0.9754,0.4733,0.9280,0.0000,Failing,1
failing_calm_long,918,2.1833,0.3975,0.9888,0.4721,0.9285,0.0000,Failing,1
failing_calm_long,919,2.2000,0.4070,0.9895,0.4710,0.9290,0.0000,Failing,1
failing_calm_long,920,2.2167,0.4168,1.0000,0.4701,0.9296,0.0000,Failing,1
failing_calm_long,921,2.2333,0.4268,1.0000,0.4694,0.9302,0.0000,Failing,1
failing_calm_long,922,2.2500,0.4371,1.0000,0.4689,0.9308,0.0000,Failing,1
failing_calm_long,923,2.2667,0.4476,1.0000,0.4685,0.9313,0.0000,Failing,1
failing_calm_long,924,2.2833,0.4582,1.0000,0.4684,0.9319,0.0000,Failing,1
failing_calm_long,925,2.3000,0.4690,1.0000,0.4684,0.9325,0.0000,Failing,1
failing_calm_long,926,2.3167,0.4799,1.0000,0.4686,0.9330,0.0000,Failing,1
failing_calm_long,927,2.3333,0.4908,1.0000,0.4689,0.9336,0.0000,Failing,1
failing_calm_long,928,2.3500,0.5018,1.0000,0.4695,0.9341,0.0000,Failing,1
failing_calm_long,929,2.3667,0.5129,1.0000,0.4702,0.9347,0.0000,Failing,1
failing_calm_long,930,2.3833,0.5238,1.0000,0.4711,0.9352,0.0000,Failing,1
failing_calm_long,931,2.4000,0.5348,1.0000,0.4721,0.9358,0.0000,Failing,1
failing_calm_long,932,2.4167,0.5456,1.0000,0.4733,0.9363,0.0000,Failing,1
failing_calm_long,933,2.4333,0.5563,1.0000,0.4747,0.9368,0.0000,Failing,1
failing_calm_long,934,2.4500,0.5669,1.0000,0.4762,0.9373,0.0000,Failing,1
failing_calm_long,935,2.4667,0.5772,1.0000,0.4779,0.9379,0.0000,Failing,1
failing_calm_long,936,2.4833,0.5874,1.0000,0.4797,0.9384,0.0000,Failing,1
failing_calm_long,937,2.5000,0.5972,1.0000,0.4817,0.9389,0.0000,Failing,1
failing_calm_long,938,2.5167,0.6068,1.0000,0.4837,0.9394,0.0000,Failing,1
failing_calm_long,939,2.5333,0.6160,1.0000,0.4859,0.9399,0.0000,Failing,1
failing_calm_long,940,2.5500,0.6249,1.0000,0.4882,0.9404,0.0000,Failing,1
failing_calm_long,941,2.5667,0.6335,1.0000,0.4906,0.9409,0.0000,Failing,1
failing_calm_long,942,2.5833,0.6416,1.0000,0.4931,0.9414,0.0000,Failing,1
failing_calm_long,943,2.6000,0.6492,1.0000,0.4957,0.9419,0.0000,Failing,1
failing_calm_long,944,2.6167,0.6564,1.0000,0.4983,0.9424,0.0000,Failing,1
failing_calm_long,945,2.6333,0.6632,1.0000,0.5011,0.9428,0.0000,Failing,1
failing_calm_long,946,2.6500,0.6694,1.0000,0.5038,0.9433,0.0000,Failing,1
failing_calm_long,947,2.6667,0.6751,1.0000,0.5067,0.9438,0.0000,Failing,1
failing_calm_long,948,2.6833,0.6802,1.0000,0.5095,0.9442,0.0000,Failing,1
failing_calm_long,949,2.7000,0.6848,1.0000,0.5124,0.9447,0.0000,Failing,1
failing_calm_long,950,2.7167,0.6888,1.0000,0.5154,0.9452,0.0000,Failing,1
failing_calm_long,951,2.7333,0.6922,1.0000,0.5183,0.9456,0.0000,Failing,1
failing_calm_long,952,2.7500,0.6950,1.0000,0.5212,0.9461,0.0000,Failing,1
failing_calm_long,953,2.7667,0.6972,1.0000,0.5241,0.9465,0.0000,Failing,1
failing_calm_long,954,2.7833,0.6987,1.0000,0.5270,0.9470,0.0000,Failing,1
failing_calm_long,955,2.8000,0.6997,1.0000,0.5298,0.9474,0.0000,Failing,1
failing_calm_long,956,2.8167,0.7000,1.0000,0.5327,0.9478,0.0000,Failing,1
failing_calm_long,957,2.8333,0.6997,1.0000,0.5354,0.9483,0.0000,Failing,1
failing_calm_long,958,2.8500,0.6987,1.0000,0.5381,0.9487,0.0000,Failing,1
failing_calm_long,959,2.8667,0.6971,1.0000,0.5407,0.9491,0.0000,Failing,1
failing_calm_long,960,2.8833,0.6949,1.0000,0.5433,0.9496,0.0000,Failing,1
failing_calm_long,961,2.9000,0.6921,1.0000,0.5458,0.9500,0.0000,Failing,1
failing_calm_long,962,2.9167,0.6887,1.0000,0.5481,0.9504,0.0000,Failing,1
failing_calm_long,963,2.9333,0.6847,1.0000,0.5504,0.9508,0.0000,Failing,1
failing_calm_long,964,2.9500,0.6801,1.0000,0.5525,0.9512,0.0000,Failing,1
failing_calm_long,965,2.9667,0.6750,1.0000,0.5545,0.9516,0.0000,Failing,1
failing_calm_long,966,2.9833,0.6692,1.0000,0.5564,0.9520,0.0000,Failing,1
failing_calm_long,967,3.0000,0.6630,1.0000,0.5582,0.9524,0.0000,Failing,1
failing_calm_long,968,3.0167,0.6563,1.0000,0.5598,0.9528,0.0000,Failing,1
failing_calm_long,969,3.0333,0.6490,1.0000,0.5613,0.9532,0.0000,Failing,1
failing_calm_long,970,3.0500,0.6413,1.0000,0.5626,0.9536,0.0000,Failing,1
failing_calm_long,971,3.0667,0.6332,1.0000,0.5638,0.9540,0.0000,Failing,1
failing_calm_long,972,3.0833,0.6247,1.0000,0.5648,0.9544,0.0000,Failing,1
failing_calm_long,973,3.1000,0.6157,1.0000,0.5656,0.9547,0.0000,Failing,1
failing_calm_long,974,3.1167,0.6064,1.0000,0.5663,0.9551,0.0000,Failing,1
failing_calm_long,975,3.1333,0.5968,1.0000,0.5668,0.9555,0.0000,Failing,1
failing_calm_long,976,3.1500,0.5869,1.0000,0.5671,0.9558,0.0000,Failing,1
failing_calm_long,977,3.1667,0.5768,1.0000,0.5673,0.9562,0.0000,Failing,1
failing_calm_long,978,3.1833,0.5664,1.0000,0.5673,0.9566,0.0000,Failing,1
failing_calm_long,979,3.2000,0.5558,1.0000,0.5671,0.9569,0.0000,Failing,1
failing_calm_long,980,3.2167,0.5450,1.0000,0.5667,0.9573,0.0000,Failing,1
failing_calm_long,981,3.2333,0.5341,1.0000,0.5662,0.9576,0.0000,Failing,1
failing_calm_long,982,3.2500,0.5231,1.0000,0.5655,0.9580,0.0000,Failing,1
failing_calm_long,983,3.2667,0.5121,1.0000,0.5646,0.9583,0.0000,Failing,1
failing_calm_long,984,3.2833,0.5010,1.0000,0.5636,0.9587,0.0000,Failing,1
failing_calm_long,985,3.3000,0.4900,1.0000,0.5623,0.9590,0.0000,Failing,1
failing_calm_long,986,3.3167,0.4790,1.0000,0.5610,0.9594,0.0000,Failing,1
failing_calm_long,987,3.3333,0.4680,1.0000,0.5594,0.9597,0.0000,Failing,1
failing_calm_long,988,3.3500,0.4572,1.0000,0.5577,0.9600,0.0000,Failing,1
failing_calm_long,989,3.3667,0.4465,1.0000,0.5559,0.9604,0.0000,Failing,1
failing_calm_long,990,3.3833,0.4359,1.0000,0.5539,0.9607,0.0000,Failing,1
failing_calm_long,991,3.4000,0.4256,1.0000,0.5518,0.9610,0.0000,Failing,1
failing_calm_long,992,3.4167,0.4155,0.9975,0.5495,0.9613,0.0000,Failing,1
failing_calm_long,993,3.4333,0.4057,0.9978,0.5472,0.9616,0.0000,Failing,1
failing_calm_long,994,3.4500,0.3962,0.9820,0.5447,0.9618,0.0000,Failing,1
failing_calm_long,995,3.4667,0.3869,0.9688,0.5421,0.9619,0.0000,Failing,1
failing_calm_long,996,3.4833,0.3781,0.9659,0.5393,0.9619,0.0000,Failing,1
failing_calm_long,997,3.5000,0.3695,0.9572,0.5365,0.9600,0.0000,Failing,1
failing_calm_long,998,3.5167,0.3614,0.9463,0.5336,0.9581,0.0000,Failing,1
failing_calm_long,999,3.5333,0.3537,0.9387,0.5307,0.9562,0.0000,Failing,1
failing_calm_long,1000,3.5500,0.3464,0.9322,0.5276,0.9543,0.0000,Failing,1
failing_calm_long,1001,3.5667,0.2377,0.8261,0.5228,0.9524,0.0000,Failing,1
failing_calm_long,1002,3.5833,0.2332,0.8187,0.5180,0.9505,0.0000,Failing,1
failing_calm_long,1003,3.6000,0.2290,0.8110,0.5133,0.9486,0.0000,Failing,1
failing_calm_long,1004,3.6167,0.2252,0.8147,0.5085,0.9467,0.0000,Failing,1
failing_calm_long,1005,3.6333,0.2218,0.8111,0.5038,0.9449,0.0000,Failing,1
failing_calm_long,1006,3.6500,0.2187,0.7976,0.4991,0.9430,0.0000,Failing,1
failing_calm_long,1007,3.6667,0.2159,0.8027,0.4944,0.9412,0.0000,Failing,1
failing_calm_long,1008,3.6833,0.2136,0.8077,0.4897,0.9393,0.0000,Failing,1
failing_calm_long,1009,3.7000,0.2116,0.7909,0.4851,0.9375,0.0000,Failing,1
failing_calm_long,1010,3.7167,0.2099,0.7912,0.4806,0.9357,0.0000,Failing,1
failing_calm_long,1011,3.7333,0.2086,0.8055,0.4761,0.9338,0.0000,Failing,1
failing_calm_long,1012,3.7500,0.2077,0.7915,0.4717,0.9320,0.0000,Failing,1
failing_calm_long,1013,3.7667,0.2072,0.7829,0.4673,0.9302,0.0000,Failing,1
failing_calm_long,1014,3.7833,0.2070,0.8025,0.4630,0.9284,0.0000,Failing,1
failing_calm_long,1015,3.8000,0.2072,0.7976,0.4588,0.9266,0.0000,Failing,1
failing_calm_long,1016,3.8167,0.2077,0.7808,0.4546,0.9248,0.0000,Failing,1
failing_calm_long,1017,3.8333,0.2980,0.8880,0.4520,0.9231,0.0000,Failing,1
failing_calm_long,1018,3.8500,0.2997,0.8960,0.4495,0.9213,0.0000,Failing,1
failing_calm_long,1019,3.8667,0.3019,0.8770,0.4471,0.9195,0.0000,Failing,1
failing_calm_long,1020,3.8833,0.3045,0.8875,0.4447,0.9178,0.0000,Failing,1
failing_calm_long,1021,3.9000,0.3076,0.9061,0.4424,0.9160,0.0000,Failing,1
failing_calm_long,1022,3.9167,0.3111,0.8918,0.4403,0.9143,0.0000,Failing,1
failing_calm_long,1023,3.9333,0.3150,0.8925,0.4382,0.9125,0.0000,Failing,1
failing_calm_long,1024,3.9500,0.3193,0.9155,0.4362,0.9126,0.0000,Failing,1
failing_calm_long,1025,3.9667,0.3239,0.9112,0.4344,0.9108,0.0000,Failing,1
failing_calm_long,1026,3.9833,0.3289,0.9050,0.4326,0.9091,0.0000,Failing,1
failing_calm_long,1027,4.0000,0.3342,0.9252,0.4310,0.9092,0.0000,Failing,1
failing_calm_long,1028,4.0167,0.3399,0.9314,0.4295,0.9094,0.0000,Failing,1
failing_calm_long,1029,4.0333,0.3458,0.9244,0.4281,0.9095,0.0000,Failing,1
failing_calm_long,1030,4.0500,0.3519,0.9377,0.4269,0.9098,0.0000,Failing,1
failing_calm_long,1031,4.0667,0.3583,0.9501,0.4257,0.9101,0.0000,Failing,1
failing_calm_long,1032,4.0833,0.3650,0.9481,0.4247,0.9104,0.0000,Failing,1
failing_calm_long,1033,4.1000,0.3718,0.9552,0.4238,0.9108,0.0000,Failing,1
failing_calm_long,1034,4.1167,0.3787,0.9675,0.4231,0.9113,0.0000,Failing,1
failing_calm_long,1035,4.1333,0.3858,0.9724,0.4225,0.9118,0.0000,Failing,1
failing_calm_long,1036,4.1500,0.3931,0.9779,0.4220,0.9123,0.0000,Failing,1
failing_calm_long,1037,4.1667,0.4004,0.9855,0.4216,0.9129,0.0000,Failing,1
failing_calm_long,1038,4.1833,0.4078,0.9944,0.4214,0.9136,0.0000,Failing,1
failing_calm_long,1039,4.2000,0.4152,1.0000,0.4213,0.9143,0.0000,Failing,1
failing_calm_long,1040,4.2167,0.4227,1.0000,0.4213,0.9150,0.0000,Failing,1
failing_calm_long,1041,4.2333,0.4302,1.0000,0.4215,0.9157,0.0000,Failing,1
failing_calm_long,1042,4.2500,0.4376,1.0000,0.4217,0.9164,0.0000,Failing,1
failing_calm_long,1043,4.2667,0.4450,1.0000,0.4221,0.9171,0.0000,Failing,1
failing_calm_long,1044,4.2833,0.4524,1.0000,0.4226,0.9178,0.0000,Failing,1
failing_calm_long,1045,4.3000,0.4596,1.0000,0.4232,0.9185,0.0000,Failing,1
failing_calm_long,1046,4.3167,0.4668,1.0000,0.4240,0.9192,0.0000,Failing,1
failing_calm_long,1047,4.3333,0.4738,1.0000,0.4248,0.9198,0.0000,Failing,1
failing_calm_long,1048,4.3500,0.4808,1.0000,0.4257,0.9205,0.0000,Failing,1
failing_calm_long,1049,4.3667,0.4875,1.0000,0.4267,0.9212,0.0000,Failing,1
failing_calm_long,1050,4.3833,0.4941,1.0000,0.4278,0.9218,0.0000,Failing,1
failing_calm_long,1051,4.4000,0.5005,1.0000,0.4290,0.9225,0.0000,Failing,1
failing_calm_long,1052,4.4167,0.5067,1.0000,0.4303,0.9231,0.0000,Failing,1
failing_calm_long,1053,4.4333,0.5127,1.0000,0.4317,0.9238,0.0000,Failing,1
failing_calm_long,1054,4.4500,0.5185,1.0000,0.4331,0.9244,0.0000,Failing,1
failing_calm_long,1055,4.4667,0.5240,1.0000,0.4346,0.9250,0.0000,Failing,1
failing_calm_long,1056,4.4833,0.5293,1.0000,0.4362,0.9256,0.0000,Failing,1
failing_calm_long,1057,4.5000,0.5344,1.0000,0.4378,0.9263,0.0000,Failing,1
failing_calm_long,1058,4.5167,0.5392,1.0000,0.4395,0.9269,0.0000,Failing,1
failing_calm_long,1059,4.5333,0.5437,1.0000,0.4412,0.9275,0.0000,Failing,1
failing_calm_long,1060,4.5500,0.5479,1.0000,0.4430,0.9281,0.0000,Failing,1
failing_calm_long,1061,4.5667,0.5519,1.0000,0.4448,0.9287,0.0000,Failing,1
failing_calm_long,1062,4.5833,0.5556,1.0000,0.4466,0.9293,0.0000,Failing,1
failing_calm_long,1063,4.6000,0.5590,1.0000,0.4485,0.9299,0.0000,Failing,1
failing_calm_long,1064,4.6167,0.5621,1.0000,0.4503,0.9304,0.0000,Failing,1
failing_calm_long,1065,4.6333,0.5649,1.0000,0.4522,0.9310,0.0000,Failing,1
failing_calm_long,1066,4.6500,0.5674,1.0000,0.4541,0.9316,0.0000,Failing,1
failing_calm_long,1067,4.6667,0.5697,1.0000,0.4560,0.9322,0.0000,Failing,1
failing_calm_long,1068,4.6833,0.5716,1.0000,0.4580,0.9327,0.0000,Failing,1
failing_calm_long,1069,4.7000,0.5733,1.0000,0.4599,0.9333,0.0000,Failing,1
failing_calm_long,1070,4.7167,0.5746,1.0000,0.4618,0.9338,0.0000,Failing,1
failing_calm_long,1071,4.7333,0.5757,1.0000,0.4636,0.9344,0.0000,Failing,1
failing_calm_long,1072,4.7500,0.5765,1.0000,0.4655,0.9349,0.0000,Failing,1
failing_calm_long,1073,4.7667,0.5771,1.0000,0.4674,0.9355,0.0000,Failing,1
failing_calm_long,1074,4.7833,0.5773,1.0000,0.4692,0.9360,0.0000,Failing,1
failing_calm_long,1075,4.8000,0.5773,1.0000,0.4710,0.9365,0.0000,Failing,1
failing_calm_long,1076,4.8167,0.5771,1.0000,0.4727,0.9371,0.0000,Failing,1
failing_calm_long,1077,4.8333,0.5765,1.0000,0.4744,0.9376,0.0000,Failing,1
failing_calm_long,1078,4.8500,0.5758,1.0000,0.4761,0.9381,0.0000,Failing,1
failing_calm_long,1079,4.8667,0.5748,1.0000,0.4777,0.9386,0.0000,Failing,1
failing_calm_long,1080,4.8833,0.5735,1.0000,0.4793,0.9391,0.0000,Failing,1
failing_calm_long,1081,4.9000,0.5720,1.0000,0.4809,0.9396,0.0000,Failing,1
failing_calm_long,1082,4.9167,0.5704,1.0000,0.4823,0.9401,0.0000,Failing,1
failing_calm_long,1083,4.9333,0.5684,1.0000,0.4838,0.9406,0.0000,Failing,1
failing_calm_long,1084,4.9500,0.5663,1.0000,0.4851,0.9411,0.0000,Failing,1
failing_calm_long,1085,4.9667,0.5640,1.0000,0.4864,0.9416,0.0000,Failing,1
failing_calm_long,1086,4.9833,0.5615,1.0000,0.4877,0.9421,0.0000,Failing,1
failing_calm_long,1087,5.0000,0.5588,1.0000,0.4888,0.9426,0.0000,Failing,1
failing_calm_long,1088,5.0167,0.5560,1.0000,0.4900,0.9430,0.0000,Failing,1
failing_calm_long,1089,5.0333,0.5530,1.0000,0.4910,0.9435,0.0000,Failing,1
failing_calm_long,1090,5.0500,0.5498,1.0000,0.4920,0.9440,0.0000,Failing,1
failing_calm_long,1091,5.0667,0.5465,1.0000,0.4929,0.9444,0.0000,Failing,1
failing_calm_long,1092,5.0833,0.5430,1.0000,0.4937,0.9449,0.0000,Failing,1
failing_calm_long,1093,5.1000,0.5394,1.0000,0.4945,0.9454,0.0000,Failing,1
failing_calm_long,1094,5.1167,0.5357,1.0000,0.4951,0.9458,0.0000,Failing,1
failing_calm_long,1095,5.1333,0.5319,1.0000,0.4957,0.9463,0.0000,Failing,1
failing_calm_long,1096,5.1500,0.5279,1.0000,0.4963,0.9467,0.0000,Failing,1
failing_calm_long,1097,5.1667,0.5239,1.0000,0.4967,0.9472,0.0000,Failing,1
failing_calm_long,1098,5.1833,0.5197,1.0000,0.4971,0.9476,0.0000,Failing,1
failing_calm_long,1099,5.2000,0.5155,1.0000,0.4974,0.9480,0.0000,Failing,1
failing_calm_long,1100,5.2167,0.5112,1.0000,0.4976,0.9485,0.0000,Failing,1
failing_calm_long,1101,5.2333,0.5068,1.0000,0.4978,0.9489,0.0000,Failing,1
failing_calm_long,1102,5.2500,0.5024,1.0000,0.4979,0.9493,0.0000,Failing,1
failing_calm_long,1103,5.2667,0.4979,1.0000,0.4979,0.9497,0.0000,Failing,1
failing_calm_long,1104,5.2833,0.4933,1.0000,0.4978,0.9502,0.0000,Failing,1
failing_calm_long,1105,5.3000,0.4888,1.0000,0.4976,0.9506,0.0000,Failing,1
failing_calm_long,1106,5.3167,0.4842,1.0000,0.4974,0.9510,0.0000,Failing,1
failing_calm_long,1107,5.3333,0.4795,1.0000,0.4971,0.9514,0.0000,Failing,1
failing_calm_long,1108,5.3500,0.4749,1.0000,0.4968,0.9518,0.0000,Failing,1
failing_calm_long,1109,5.3667,0.4702,1.0000,0.4963,0.9522,0.0000,Failing,1
failing_calm_long,1110,5.3833,0.4655,1.0000,0.4958,0.9526,0.0000,Failing,1
failing_calm_long,1111,5.4000,0.4609,1.0000,0.4952,0.9530,0.0000,Failing,1
failing_calm_long,1112,5.4167,0.4563,1.0000,0.4946,0.9534,0.0000,Failing,1
failing_calm_long,1113,5.4333,0.4516,1.0000,0.4939,0.9538,0.0000,Failing,1
failing_calm_long,1114,5.4500,0.4471,1.0000,0.4931,0.9541,0.0000,Failing,1
failing_calm_long,1115,5.4667,0.4425,1.0000,0.4923,0.9545,0.0000,Failing,1
failing_calm_long,1116,5.4833,0.4380,1.0000,0.4914,0.9549,0.0000,Failing,1
failing_calm_long,1117,5.5000,0.4336,1.0000,0.4904,0.9553,0.0000,Failing,1
failing_calm_long,1118,5.5167,0.4292,1.0000,0.4894,0.9556,0.0000,Failing,1
failing_calm_long,1119,5.5333,0.4249,1.0000,0.4883,0.9560,0.0000,Failing,1
failing_calm_long,1120,5.5500,0.4207,1.0000,0.4872,0.9564,0.0000,Failing,1
failing_calm_long,1121,5.5667,0.4165,1.0000,0.4861,0.9567,0.0000,Failing,1
failing_calm_long,1122,5.5833,0.4125,0.9933,0.4848,0.9570,0.0000,Failing,1
failing_calm_long,1123,5.6000,0.4086,0.9882,0.4836,0.9573,0.0000,Failing,1
failing_calm_long,1124,5.6167,0.4048,1.0000,0.4823,0.9577,0.0000,Failing,1
failing_calm_long,1125,5.6333,0.4011,0.9870,0.4809,0.9579,0.0000,Failing,1
failing_calm_long,1126,5.6500,0.3976,0.9723,0.4796,0.9580,0.0000,Failing,1
failing_calm_long,1127,5.6667,0.3942,0.9880,0.4781,0.9583,0.0000,Failing,1
failing_calm_long,1128,5.6833,0.3909,0.9835,0.4767,0.9585,0.0000,Failing,1
failing_calm_long,1129,5.7000,0.3879,0.9613,0.4752,0.9585,0.0000,Failing,1
failing_calm_long,1130,5.7167,0.3850,0.9726,0.4737,0.9586,0.0000,Failing,1
failing_calm_long,1131,5.7333,0.3823,0.9799,0.4722,0.9588,0.0000,Failing,1
failing_calm_long,1132,5.7500,0.3798,0.9564,0.4707,0.9569,0.0000,Failing,1
failing_calm_long,1133,5.7667,0.3775,0.9582,0.4692,0.9569,0.0000,Failing,1
failing_calm_long,1134,5.7833,0.3754,0.9739,0.4676,0.9570,0.0000,Failing,1
failing_calm_long,1135,5.8000,0.3735,0.9564,0.4661,0.9551,0.0000,Failing,1
failing_calm_long,1136,5.8167,0.3719,0.9480,0.4645,0.9532,0.0000,Failing,1
failing_calm_long,1137,5.8333,0.3705,0.9656,0.4629,0.9533,0.0000,Failing,1
failing_calm_long,1138,5.8500,0.3693,0.9586,0.4614,0.9534,0.0000,Failing,1
failing_calm_long,1139,5.8667,0.3684,0.9442,0.4599,0.9515,0.0000,Failing,1
failing_calm_long,1140,5.8833,0.3678,0.9572,0.4583,0.9515,0.0000,Failing,1
failing_calm_long,1141,5.9000,0.3674,0.9601,0.4568,0.9516,0.0000,Failing,1
failing_calm_long,1142,5.9167,0.3674,0.9466,0.4554,0.9497,0.0000,Failing,1
failing_calm_long,1143,5.9333,0.3676,0.9520,0.4539,0.9497,0.0000,Failing,1
failing_calm_long,1144,5.9500,0.3681,0.9601,0.4525,0.9498,0.0000,Failing,1
failing_calm_long,1145,5.9667,0.3689,0.9528,0.4511,0.9499,0.0000,Failing,1
failing_calm_long,1146,5.9833,0.3700,0.9528,0.4498,0.9499,0.0000,Failing,1
failing_calm_long,1147,6.0000,0.3714,0.9600,0.4485,0.9500,0.0000,Failing,1
failing_calm_long,1148,6.0167,0.3731,0.9600,0.4472,0.9500,0.0000,Failing,1
failing_calm_long,1149,6.0333,0.3751,0.9599,0.4460,0.9501,0.0000,Failing,1
failing_calm_long,1150,6.0500,0.3774,0.9625,0.4449,0.9502,0.0000,Failing,1
failing_calm_long,1151,6.0667,0.3801,0.9664,0.4438,0.9504,0.0000,Failing,1
failing_calm_long,1152,6.0833,0.3831,0.9716,0.4428,0.9505,0.0000,Failing,1
failing_calm_long,1153,6.1000,0.3863,0.9706,0.4419,0.9507,0.0000,Failing,1
failing_calm_long,1154,6.1167,0.3899,0.9727,0.4410,0.9509,0.0000,Failing,1
failing_calm_long,1155,6.1333,0.3938,0.9848,0.4402,0.9512,0.0000,Failing,1
failing_calm_long,1156,6.1500,0.3980,0.9851,0.4395,0.9515,0.0000,Failing,1
failing_calm_long,1157,6.1667,0.4025,0.9812,0.4389,0.9517,0.0000,Failing,1
failing_calm_long,1158,6.1833,0.4073,0.9971,0.4384,0.9521,0.0000,Failing,1
failing_calm_long,1159,6.2000,0.4124,1.0000,0.4380,0.9525,0.0000,Failing,1
failing_calm_long,1160,6.2167,0.4177,0.9948,0.4376,0.9528,0.0000,Failing,1
failing_calm_long,1161,6.2333,0.4234,1.0000,0.4374,0.9532,0.0000,Failing,1
failing_calm_long,1162,6.2500,0.4293,1.0000,0.4373,0.9536,0.0000,Failing,1
failing_calm_long,1163,6.2667,0.4354,1.0000,0.4372,0.9540,0.0000,Failing,1
failing_calm_long,1164,6.2833,0.4418,1.0000,0.4373,0.9544,0.0000,Failing,1
failing_calm_long,1165,6.3000,0.4484,1.0000,0.4375,0.9547,0.0000,Failing,1
failing_calm_long,1166,6.3167,0.4552,1.0000,0.4378,0.9551,0.0000,Failing,1
failing_calm_long,1167,6.3333,0.4621,1.0000,0.4382,0.9555,0.0000,Failing,1
failing_calm_long,1168,6.3500,0.4693,1.0000,0.4387,0.9559,0.0000,Failing,1
failing_calm_long,1169,6.3667,0.4766,1.0000,0.4393,0.9562,0.0000,Failing,1
failing_calm_long,1170,6.3833,0.4841,1.0000,0.4401,0.9566,0.0000,Failing,1
failing_calm_long,1171,6.4000,0.4917,1.0000,0.4409,0.9570,0.0000,Failing,1
failing_calm_long,1172,6.4167,0.4994,1.0000,0.4419,0.9573,0.0000,Failing,1
failing_calm_long,1173,6.4333,0.5071,1.0000,0.4430,0.9577,0.0000,Failing,1
failing_calm_long,1174,6.4500,0.5150,1.0000,0.4442,0.9580,0.0000,Failing,1
failing_calm_long,1175,6.4667,0.5228,1.0000,0.4455,0.9584,0.0000,Failing,1
failing_calm_long,1176,6.4833,0.5307,1.0000,0.4469,0.9587,0.0000,Failing,1
failing_calm_long,1177,6.5000,0.5386,1.0000,0.4484,0.9591,0.0000,Failing,1
failing_calm_long,1178,6.5167,0.5464,1.0000,0.4500,0.9594,0.0000,Failing,1
failing_calm_long,1179,6.5333,0.5541,1.0000,0.4517,0.9597,0.0000,Failing,1
failing_calm_long,1180,6.5500,0.5618,1.0000,0.4535,0.9601,0.0000,Failing,1
failing_calm_long,1181,6.5667,0.5694,1.0000,0.4555,0.9604,0.0000,Failing,1
failing_calm_long,1182,6.5833,0.5768,1.0000,0.4575,0.9607,0.0000,Failing,1
failing_calm_long,1183,6.6000,0.5841,1.0000,0.4596,0.9611,0.0000,Failing,1
failing_calm_long,1184,6.6167,0.5912,1.0000,0.4617,0.9614,0.0000,Failing,1
failing_calm_long,1185,6.6333,0.5981,1.0000,0.4640,0.9617,0.0000,Failing,1
failing_calm_long,1186,6.6500,0.6048,1.0000,0.4663,0.9620,0.0000,Failing,1
failing_calm_long,1187,6.6667,0.6112,1.0000,0.4687,0.9623,0.0000,Failing,1
failing_calm_long,1188,6.6833,0.6173,1.0000,0.4712,0.9626,0.0000,Failing,1
failing_calm_long,1189,6.7000,0.6231,1.0000,0.4737,0.9630,0.0000,Failing,1
failing_calm_long,1190,6.7167,0.6286,1.0000,0.4762,0.9633,0.0000,Failing,1
failing_calm_long,1191,6.7333,0.6337,1.0000,0.4788,0.9636,0.0000,Failing,1
failing_calm_long,1192,6.7500,0.6385,1.0000,0.4815,0.9639,0.0000,Failing,1
failing_calm_long,1193,6.7667,0.6428,1.0000,0.4842,0.9642,0.0000,Failing,1
failing_calm_long,1194,6.7833,0.6468,1.0000,0.4868,0.9645,0.0000,Failing,1
failing_calm_long,1195,6.8000,0.6503,1.0000,0.4895,0.9648,0.0000,Failing,1
failing_calm_long,1196,6.8167,0.6534,1.0000,0.4922,0.9651,0.0000,Failing,1
failing_calm_long,1197,6.8333,0.6560,1.0000,0.4950,0.9653,0.0000,Failing,1
failing_calm_long,1198,6.8500,0.6582,1.0000,0.4977,0.9656,0.0000,Failing,1
failing_calm_long,1199,6.8667,0.6598,1.0000,0.5003,0.9659,0.0000,Failing,1
failing_calm_long,1200,6.8833,0.6610,1.0000,0.5030,0.9662,0.0000,Failing,1
failing_calm_long,1201,6.9000,0.6616,1.0000,0.5056,0.9665,0.0000,Failing,1
failing_calm_long,1202,6.9167,0.6617,1.0000,0.5082,0.9668,0.0000,Failing,1
failing_calm_long,1203,6.9333,0.6613,1.0000,0.5107,0.9670,0.0000,Failing,1
failing_calm_long,1204,6.9500,0.6603,1.0000,0.5132,0.9673,0.0000,Failing,1
failing_calm_long,1205,6.9667,0.6588,1.0000,0.5156,0.9676,0.0000,Failing,1
failing_calm_long,1206,6.9833,0.6567,1.0000,0.5179,0.9678,0.0000,Failing,1
failing_calm_long,1207,7.0000,0.6542,1.0000,0.5202,0.9681,0.0000,Failing,1
failing_calm_long,1208,7.0167,0.6510,1.0000,0.5223,0.9684,0.0000,Failing,1
failing_calm_long,1209,7.0333,0.6473,1.0000,0.5244,0.9686,0.0000,Failing,1
failing_calm_long,1210,7.0500,0.6431,1.0000,0.5264,0.9689,0.0000,Failing,1
failing_calm_long,1211,7.0667,0.6384,1.0000,0.5282,0.9692,0.0000,Failing,1
failing_calm_long,1212,7.0833,0.6332,1.0000,0.5300,0.9694,0.0000,Failing,1
failing_calm_long,1213,7.1000,0.6274,1.0000,0.5316,0.9697,0.0000,Failing,1
failing_calm_long,1214,7.1167,0.6212,1.0000,0.5331,0.9699,0.0000,Failing,1
failing_calm_long,1215,7.1333,0.6144,1.0000,0.5344,0.9702,0.0000,Failing,1
failing_calm_long,1216,7.1500,0.6072,1.0000,0.5356,0.9704,0.0000,Failing,1
failing_calm_long,1217,7.1667,0.5996,1.0000,0.5367,0.9707,0.0000,Failing,1
failing_calm_long,1218,7.1833,0.5915,1.0000,0.5376,0.9709,0.0000,Failing,1
failing_calm_long,1219,7.2000,0.5830,1.0000,0.5383,0.9711,0.0000,Failing,1
failing_calm_long,1220,7.2167,0.5742,1.0000,0.5389,0.9714,0.0000,Failing,1
failing_calm_long,1221,7.2333,0.5650,1.0000,0.5393,0.9716,0.0000,Failing,1
failing_calm_long,1222,7.2500,0.5554,1.0000,0.5396,0.9719,0.0000,Failing,1
failing_calm_long,1223,7.2667,0.5455,1.0000,0.5397,0.9721,0.0000,Failing,1
failing_calm_long,1224,7.2833,0.5354,1.0000,0.5396,0.9723,0.0000,Failing,1
failing_calm_long,1225,7.3000,0.5250,1.0000,0.5394,0.9726,0.0000,Failing,1
failing_calm_long,1226,7.3167,0.5144,1.0000,0.5390,0.9728,0.0000,Failing,1
failing_calm_long,1227,7.3333,0.5036,1.0000,0.5384,0.9730,0.0000,Failing,1
failing_calm_long,1228,7.3500,0.4926,1.0000,0.5376,0.9732,0.0000,Failing,1
failing_calm_long,1229,7.3667,0.4815,1.0000,0.5367,0.9735,0.0000,Failing,1
failing_calm_long,1230,7.3833,0.4703,1.0000,0.5356,0.9737,0.0000,Failing,1
failing_calm_long,1231,7.4000,0.4591,1.0000,0.5343,0.9739,0.0000,Failing,1
failing_calm_long,1232,7.4167,0.4478,1.0000,0.5329,0.9741,0.0000,Failing,1
failing_calm_long,1233,7.4333,0.4366,1.0000,0.5313,0.9743,0.0000,Failing,1
failing_calm_long,1234,7.4500,0.4254,1.0000,0.5296,0.9745,0.0000,Failing,1
failing_calm_long,1235,7.4667,0.4143,0.9967,0.5277,0.9747,0.0000,Failing,1
failing_calm_long,1236,7.4833,0.4033,0.9815,0.5256,0.9748,0.0000,Failing,1
failing_calm_long,1237,7.5000,0.3924,0.9879,0.5234,0.9749,0.0000,Failing,1
failing_calm_long,1238,7.5167,0.3817,0.9698,0.5211,0.9729,0.0000,Failing,1
failing_calm_long,1239,7.5333,0.3713,0.9455,0.5186,0.9709,0.0000,Failing,1
failing_calm_long,1240,7.5500,0.3611,0.9529,0.5160,0.9690,0.0000,Failing,1
failing_calm_long,1241,7.5667,0.3512,0.9457,0.5133,0.9670,0.0000,Failing,1
failing_calm_long,1242,7.5833,0.3416,0.9157,0.5104,0.9651,0.0000,Failing,1
failing_calm_long,1243,7.6000,0.3323,0.9175,0.5075,0.9631,0.0000,Failing,1
failing_calm_long,1244,7.6167,0.3234,0.9220,0.5044,0.9612,0.0000,Failing,1
failing_calm_long,1245,7.6333,0.3149,0.8934,0.5013,0.9593,0.0000,Failing,1
failing_calm_long,1246,7.6500,0.3069,0.8855,0.4981,0.9574,0.0000,Failing,1
failing_calm_long,1247,7.6667,0.2993,0.8975,0.4948,0.9555,0.0000,Failing,1
failing_calm_long,1248,7.6833,0.2922,0.8774,0.4915,0.9536,0.0000,Failing,1
failing_calm_long,1249,7.7000,0.2855,0.8605,0.4881,0.9517,0.0000,Failing,1
failing_calm_long,1250,7.7167,0.2795,0.8732,0.4846,0.9498,0.0000,Failing,1
failing_calm_long,1251,7.7333,0.2739,0.8651,0.4811,0.9479,0.0000,Failing,1
failing_calm_long,1252,7.7500,0.2689,0.8448,0.4776,0.9461,0.0000,Failing,1
failing_calm_long,1253,7.7667,0.2645,0.8522,0.4741,0.9442,0.0000,Failing,1
failing_calm_long,1254,7.7833,0.2607,0.8544,0.4706,0.9423,0.0000,Failing,1
failing_calm_long,1255,7.8000,0.2575,0.8375,0.4670,0.9405,0.0000,Failing,1
failing_calm_long,1256,7.8167,0.2548,0.8380,0.4635,0.9387,0.0000,Failing,1
failing_calm_long,1257,7.8333,0.2529,0.8450,0.4601,0.9368,0.0000,Failing,1
failing_calm_long,1258,7.8500,0.2515,0.8363,0.4566,0.9350,0.0000,Failing,1
failing_calm_long,1259,7.8667,0.2507,0.8330,0.4532,0.9332,0.0000,Failing,1
failing_calm_long,1260,7.8833,0.1754,0.7637,0.4486,0.9314,0.0000,Failing,1
failing_calm_long,1261,7.9000,0.1758,0.7631,0.4441,0.9296,0.0000,Failing,1
failing_calm_long,1262,7.9167,0.1766,0.7614,0.4397,0.9278,0.0000,Failing,1
failing_calm_long,1263,7.9333,0.1778,0.7629,0.4354,0.9260,0.0000,Failing,1
failing_calm_long,1264,7.9500,0.1795,0.7656,0.4311,0.9242,0.0000,Failing,1
failing_calm_long,1265,7.9667,0.1816,0.7701,0.4270,0.9224,0.0000,Failing,1
failing_calm_long,1266,7.9833,0.1841,0.7690,0.4230,0.9207,0.0000,Failing,1
failing_calm_long,1267,8.0000,0.1870,0.7693,0.4191,0.9189,0.0000,Failing,1
failing_calm_long,1268,8.0167,0.1903,0.7806,0.4153,0.9171,0.0000,Failing,1
failing_calm_long,1269,8.0333,0.1940,0.7823,0.4116,0.9154,0.0000,Failing,1
failing_calm_long,1270,8.0500,0.1981,0.7767,0.4081,0.9137,0.0000,Failing,1
failing_calm_long,1271,8.0667,0.2893,0.8777,0.4062,0.9119,0.0000,Failing,1
failing_calm_long,1272,8.0833,0.2961,0.8894,0.4043,0.9102,0.0000,Failing,1
failing_calm_long,1273,8.1000,0.3034,0.8814,0.4027,0.9085,0.0000,Failing,1
failing_calm_long,1274,8.1167,0.3111,0.8942,0.4012,0.9067,0.0000,Failing,1
failing_calm_long,1275,8.1333,0.3193,0.9163,0.3998,0.9068,0.0000,Failing,1
failing_calm_long,1276,8.1500,0.3278,0.9094,0.3986,0.9068,0.0000,Failing,1
failing_calm_long,1277,8.1667,0.3367,0.9137,0.3976,0.9069,0.0000,Failing,1
failing_calm_long,1278,8.1833,0.3459,0.9428,0.3967,0.9072,0.0000,Failing,1
failing_calm_long,1279,8.2000,0.3554,0.9435,0.3960,0.9075,0.0000,Failing,1
failing_calm_long,1280,8.2167,0.3652,0.9385,0.3955,0.9078,0.0000,Failing,1
failing_calm_long,1281,8.2333,0.3752,0.9676,0.3952,0.9083,0.0000,Failing,1
failing_calm_long,1282,8.2500,0.3855,0.9801,0.3950,0.9089,0.0000,Failing,1
failing_calm_long,1283,8.2667,0.3959,0.9699,0.3951,0.9094,0.0000,Failing,1
failing_calm_long,1284,8.2833,0.4065,0.9919,0.3952,0.9100,0.0000,Failing,1
failing_calm_long,1285,8.3000,0.4171,1.0000,0.3956,0.9108,0.0000,Failing,1
failing_calm_long,1286,8.3167,0.4279,1.0000,0.3961,0.9115,0.0000,Failing,1
failing_calm_long,1287,8.3333,0.4386,1.0000,0.3968,0.9123,0.0000,Failing,1
failing_calm_long,1288,8.3500,0.4494,1.0000,0.3977,0.9130,0.0000,Failing,1
failing_calm_long,1289,8.3667,0.4602,1.0000,0.3987,0.9137,0.0000,Failing,1
failing_calm_long,1290,8.3833,0.4709,1.0000,0.3999,0.9144,0.0000,Failing,1
failing_calm_long,1291,8.4000,0.4815,1.0000,0.4013,0.9151,0.0000,Failing,1
failing_calm_long,1292,8.4167,0.4919,1.0000,0.4028,0.9158,0.0000,Failing,1
failing_calm_long,1293,8.4333,0.5023,1.0000,0.4044,0.9165,0.0000,Failing,1
failing_calm_long,1294,8.4500,0.5124,1.0000,0.4062,0.9172,0.0000,Failing,1
failing_calm_long,1295,8.4667,0.5223,1.0000,0.4081,0.9179,0.0000,Failing,1
failing_calm_long,1296,8.4833,0.5320,1.0000,0.4102,0.9186,0.0000,Failing,1
failing_calm_long,1297,8.5000,0.5414,1.0000,0.4123,0.9193,0.0000,Failing,1
failing_calm_long,1298,8.5167,0.5506,1.0000,0.4146,0.9200,0.0000,Failing,1
failing_calm_long,1299,8.5333,0.5594,1.0000,0.4170,0.9206,0.0000,Failing,1
failing_calm_long,1300,8.5500,0.5678,1.0000,0.4195,0.9213,0.0000,Failing,1
failing_calm_long,1301,8.5667,0.5759,1.0000,0.4221,0.9219,0.0000,Failing,1
failing_calm_long,1302,8.5833,0.5837,1.0000,0.4248,0.9226,0.0000,Failing,1
failing_calm_long,1303,8.6000,0.5910,1.0000,0.4275,0.9232,0.0000,Failing,1
failing_calm_long,1304,8.6167,0.5979,1.0000,0.4303,0.9239,0.0000,Failing,1
failing_calm_long,1305,8.6333,0.6043,1.0000,0.4332,0.9245,0.0000,Failing,1
failing_calm_long,1306,8.6500,0.6103,1.0000,0.4361,0.9251,0.0000,Failing,1
failing_calm_long,1307,8.6667,0.6159,1.0000,0.4391,0.9257,0.0000,Failing,1
failing_calm_long,1308,8.6833,0.6209,1.0000,0.4421,0.9264,0.0000,Failing,1
failing_calm_long,1309,8.7000,0.6255,1.0000,0.4451,0.9270,0.0000,Failing,1
failing_calm_long,1310,8.7167,0.6296,1.0000,0.4482,0.9276,0.0000,Failing,1
failing_calm_long,1311,8.7333,0.6332,1.0000,0.4513,0.9282,0.0000,Failing,1
failing_calm_long,1312,8.7500,0.6364,1.0000,0.4543,0.9288,0.0000,Failing,1
failing_calm_long,1313,8.7667,0.6390,1.0000,0.4574,0.9294,0.0000,Failing,1
failing_calm_long,1314,8.7833,0.6411,1.0000,0.4604,0.9299,0.0000,Failing,1
failing_calm_long,1315,8.8000,0.6427,1.0000,0.4634,0.9305,0.0000,Failing,1
failing_calm_long,1316,8.8167,0.6438,1.0000,0.4664,0.9311,0.0000,Failing,1
failing_calm_long,1317,8.8333,0.6444,1.0000,0.4693,0.9317,0.0000,Failing,1
failing_calm_long,1318,8.8500,0.6445,1.0000,0.4722,0.9322,0.0000,Failing,1
failing_calm_long,1319,8.8667,0.6442,1.0000,0.4751,0.9328,0.0000,Failing,1
failing_calm_long,1320,8.8833,0.6434,1.0000,0.4779,0.9334,0.0000,Failing,1
failing_calm_long,1321,8.9000,0.6421,1.0000,0.4806,0.9339,0.0000,Failing,1
failing_calm_long,1322,8.9167,0.6404,1.0000,0.4832,0.9345,0.0000,Failing,1
failing_calm_long,1323,8.9333,0.6382,1.0000,0.4858,0.9350,0.0000,Failing,1
failing_calm_long,1324,8.9500,0.6356,1.0000,0.4883,0.9355,0.0000,Failing,1
failing_calm_long,1325,8.9667,0.6326,1.0000,0.4906,0.9361,0.0000,Failing,1
failing_calm_long,1326,8.9833,0.6292,1.0000,0.4929,0.9366,0.0000,Failing,1
failing_calm_long,1327,9.0000,0.6255,1.0000,0.4951,0.9371,0.0000,Failing,1
failing_calm_long,1328,9.0167,0.6214,1.0000,0.4972,0.9377,0.0000,Failing,1
failing_calm_long,1329,9.0333,0.6169,1.0000,0.4992,0.9382,0.0000,Failing,1
failing_calm_long,1330,9.0500,0.6121,1.0000,0.5010,0.9387,0.0000,Failing,1
failing_calm_long,1331,9.0667,0.6071,1.0000,0.5028,0.9392,0.0000,Failing,1
failing_calm_long,1332,9.0833,0.6017,1.0000,0.5044,0.9397,0.0000,Failing,1
failing_calm_long,1333,9.1000,0.5961,1.0000,0.5060,0.9402,0.0000,Failing,1
failing_calm_long,1334,9.1167,0.5903,1.0000,0.5073,0.9407,0.0000,Failing,1
failing_calm_long,1335,9.1333,0.5843,1.0000,0.5086,0.9412,0.0000,Failing,1
failing_calm_long,1336,9.1500,0.5780,1.0000,0.5098,0.9417,0.0000,Failing,1
failing_calm_long,1337,9.1667,0.5716,1.0000,0.5108,0.9422,0.0000,Failing,1
failing_calm_long,1338,9.1833,0.5651,1.0000,0.5117,0.9426,0.0000,Failing,1
failing_calm_long,1339,9.2000,0.5584,1.0000,0.5125,0.9431,0.0000,Failing,1
failing_calm_long,1340,9.2167,0.5516,1.0000,0.5131,0.9436,0.0000,Failing,1
failing_calm_long,1341,9.2333,0.5448,1.0000,0.5136,0.9441,0.0000,Failing,1
failing_calm_long,1342,9.2500,0.5379,1.0000,0.5140,0.9445,0.0000,Failing,1
failing_calm_long,1343,9.2667,0.5309,1.0000,0.5143,0.9450,0.0000,Failing,1
failing_calm_long,1344,9.2833,0.5239,1.0000,0.5145,0.9454,0.0000,Failing,1
failing_calm_long,1345,9.3000,0.5170,1.0000,0.5145,0.9459,0.0000,Failing,1
failing_calm_long,1346,9.3167,0.5100,1.0000,0.5144,0.9463,0.0000,Failing,1
failing_calm_long,1347,9.3333,0.5031,1.0000,0.5142,0.9468,0.0000,Failing,1
failing_calm_long,1348,9.3500,0.4963,1.0000,0.5140,0.9472,0.0000,Failing,1
failing_calm_long,1349,9.3667,0.4895,1.0000,0.5135,0.9477,0.0000,Failing,1
failing_calm_long,1350,9.3833,0.4828,1.0000,0.5130,0.9481,0.0000,Failing,1
failing_calm_long,1351,9.4000,0.4763,1.0000,0.5124,0.9485,0.0000,Failing,1
failing_calm_long,1352,9.4167,0.4698,1.0000,0.5117,0.9490,0.0000,Failing,1
failing_calm_long,1353,9.4333,0.4635,1.0000,0.5109,0.9494,0.0000,Failing,1
failing_calm_long,1354,9.4500,0.4574,1.0000,0.5100,0.9498,0.0000,Failing,1
failing_calm_long,1355,9.4667,0.4514,1.0000,0.5091,0.9502,0.0000,Failing,1
failing_calm_long,1356,9.4833,0.4456,1.0000,0.5080,0.9506,0.0000,Failing,1
failing_calm_long,1357,9.5000,0.4401,1.0000,0.5069,0.9510,0.0000,Failing,1
failing_calm_long,1358,9.5167,0.4347,1.0000,0.5057,0.9514,0.0000,Failing,1
failing_calm_long,1359,9.5333,0.4295,1.0000,0.5045,0.9519,0.0000,Failing,1
failing_calm_long,1360,9.5500,0.4245,1.0000,0.5031,0.9522,0.0000,Failing,1
failing_calm_long,1361,9.5667,0.4198,1.0000,0.5018,0.9526,0.0000,Failing,1
failing_calm_long,1362,9.5833,0.4153,0.9896,0.5003,0.9530,0.0000,Failing,1
failing_calm_long,1363,9.6000,0.4110,1.0000,0.4988,0.9533,0.0000,Failing,1
failing_calm_long,1364,9.6167,0.4070,1.0000,0.4973,0.9537,0.0000,Failing,1
failing_calm_long,1365,9.6333,0.4033,0.9796,0.4958,0.9539,0.0000,Failing,1
failing_calm_long,1366,9.6500,0.3998,0.9857,0.4942,0.9542,0.0000,Failing,1
failing_calm_long,1367,9.6667,0.3966,0.9910,0.4926,0.9545,0.0000,Failing,1
failing_calm_long,1368,9.6833,0.3936,0.9747,0.4909,0.9547,0.0000,Failing,1
failing_calm_long,1369,9.7000,0.3909,0.9728,0.4893,0.9548,0.0000,Failing,1
failing_calm_long,1370,9.7167,0.3884,0.9805,0.4876,0.9550,0.0000,Failing,1
failing_calm_long,1371,9.7333,0.3862,0.9720,0.4859,0.9552,0.0000,Failing,1
failing_calm_long,1372,9.7500,0.3843,0.9662,0.4843,0.9553,0.0000,Failing,1
failing_calm_long,1373,9.7667,0.3827,0.9706,0.4826,0.9554,0.0000,Failing,1
failing_calm_long,1374,9.7833,0.3813,0.9689,0.4809,0.9555,0.0000,Failing,1
failing_calm_long,1375,9.8000,0.3801,0.9650,0.4792,0.9556,0.0000,Failing,1
failing_calm_long,1376,9.8167,0.3792,0.9642,0.4776,0.9557,0.0000,Failing,1
failing_calm_long,1377,9.8333,0.3786,0.9645,0.4760,0.9557,0.0000,Failing,1
failing_calm_long,1378,9.8500,0.3782,0.9666,0.4743,0.9558,0.0000,Failing,1
failing_calm_long,1379,9.8667,0.3781,0.9636,0.4727,0.9559,0.0000,Failing,1
failing_calm_long,1380,9.8833,0.3782,0.9602,0.4712,0.9559,0.0000,Failing,1
failing_calm_long,1381,9.9000,0.3785,0.9680,0.4697,0.9560,0.0000,Failing,1
failing_calm_long,1382,9.9167,0.3791,0.9684,0.4682,0.9561,0.0000,Failing,1
failing_calm_long,1383,9.9333,0.3799,0.9588,0.4667,0.9562,0.0000,Failing,1
failing_calm_long,1384,9.9500,0.3809,0.9677,0.4653,0.9563,0.0000,Failing,1
failing_calm_long,1385,9.9667,0.3822,0.9763,0.4639,0.9564,0.0000,Failing,1
failing_calm_long,1386,9.9833,0.3836,0.9629,0.4626,0.9565,0.0000,Failing,1
failing_calm_long,1387,10.0000,0.3853,0.9666,0.4613,0.9566,0.0000,Failing,1
failing_calm_long,1388,10.0167,0.3871,0.9840,0.4601,0.9568,0.0000,Failing,1
failing_calm_long,1389,10.0333,0.3892,0.9728,0.4589,0.9569,0.0000,Failing,1
failing_calm_long,1390,10.0500,0.3914,0.9671,0.4578,0.9570,0.0000,Failing,1
failing_calm_long,1391,10.0667,0.3938,0.9894,0.4567,0.9573,0.0000,Failing,1
failing_calm_long,1392,10.0833,0.3964,0.9868,0.4557,0.9575,0.0000,Failing,1
failing_calm_long,1393,10.1000,0.3992,0.9723,0.4548,0.9576,0.0000,Failing,1
failing_calm_long,1394,10.1167,0.4021,0.9922,0.4539,0.9579,0.0000,Failing,1
failing_calm_long,1395,10.1333,0.4052,1.0000,0.4531,0.9583,0.0000,Failing,1
failing_calm_long,1396,10.1500,0.4084,0.9834,0.4524,0.9585,0.0000,Failing,1
failing_calm_long,1397,10.1667,0.4118,0.9948,0.4517,0.9588,0.0000,Failing,1
failing_calm_long,1398,10.1833,0.4153,1.0000,0.4511,0.9591,0.0000,Failing,1
failing_calm_long,1399,10.2000,0.4189,0.9996,0.4506,0.9595,0.0000,Failing,1
failing_calm_long,1400,10.2167,0.4227,1.0000,0.4501,0.9598,0.0000,Failing,1
failing_calm_long,1401,10.2333,0.4265,1.0000,0.4497,0.9601,0.0000,Failing,1
failing_calm_long,1402,10.2500,0.4305,1.0000,0.4494,0.9605,0.0000,Failing,1
failing_calm_long,1403,10.2667,0.4346,1.0000,0.4492,0.9608,0.0000,Failing,1
failing_calm_long,1404,10.2833,0.4388,1.0000,0.4490,0.9611,0.0000,Failing,1
failing_calm_long,1405,10.3000,0.4431,1.0000,0.4489,0.9614,0.0000,Failing,1
failing_calm_long,1406,10.3167,0.4475,1.0000,0.4489,0.9618,0.0000,Failing,1
failing_calm_long,1407,10.3333,0.4519,1.0000,0.4489,0.9621,0.0000,Failing,1
failing_calm_long,1408,10.3500,0.4564,1.0000,0.4490,0.9624,0.0000,Failing,1
failing_calm_long,1409,10.3667,0.4610,1.0000,0.4492,0.9627,0.0000,Failing,1
failing_calm_long,1410,10.3833,0.4656,1.0000,0.4495,0.9630,0.0000,Failing,1
failing_calm_long,1411,10.4000,0.4703,1.0000,0.4499,0.9633,0.0000,Failing,1
failing_calm_long,1412,10.4167,0.4750,1.0000,0.4503,0.9636,0.0000,Failing,1
failing_calm_long,1413,10.4333,0.4797,1.0000,0.4508,0.9639,0.0000,Failing,1
failing_calm_long,1414,10.4500,0.4845,1.0000,0.4513,0.9642,0.0000,Failing,1
failing_calm_long,1415,10.4667,0.4893,1.0000,0.4519,0.9645,0.0000,Failing,1
failing_calm_long,1416,10.4833,0.4941,1.0000,0.4526,0.9648,0.0000,Failing,1
failing_calm_long,1417,10.5000,0.4989,1.0000,0.4534,0.9651,0.0000,Failing,1
failing_calm_long,1418,10.5167,0.5036,1.0000,0.4542,0.9654,0.0000,Failing,1
failing_calm_long,1419,10.5333,0.5084,1.0000,0.4551,0.9657,0.0000,Failing,1
failing_calm_long,1420,10.5500,0.5131,1.0000,0.4561,0.9660,0.0000,Failing,1
failing_calm_long,1421,10.5667,0.5178,1.0000,0.4571,0.9663,0.0000,Failing,1
failing_calm_long,1422,10.5833,0.5224,1.0000,0.4582,0.9665,0.0000,Failing,1
failing_calm_long,1423,10.6000,0.5270,1.0000,0.4593,0.9668,0.0000,Failing,1
failing_calm_long,1424,10.6167,0.5315,1.0000,0.4605,0.9671,0.0000,Failing,1
failing_calm_long,1425,10.6333,0.5359,1.0000,0.4618,0.9674,0.0000,Failing,1
failing_calm_long,1426,10.6500,0.5402,1.0000,0.4631,0.9676,0.0000,Failing,1
failing_calm_long,1427,10.6667,0.5445,1.0000,0.4644,0.9679,0.0000,Failing,1
failing_calm_long,1428,10.6833,0.5486,1.0000,0.4658,0.9682,0.0000,Failing,1
failing_calm_long,1429,10.7000,0.5526,1.0000,0.4672,0.9684,0.0000,Failing,1
failing_calm_long,1430,10.7167,0.5564,1.0000,0.4687,0.9687,0.0000,Failing,1
failing_calm_long,1431,10.7333,0.5601,1.0000,0.4702,0.9689,0.0000,Failing,1
failing_calm_long,1432,10.7500,0.5636,1.0000,0.4718,0.9692,0.0000,Failing,1
failing_calm_long,1433,10.7667,0.5670,1.0000,0.4733,0.9695,0.0000,Failing,1
failing_calm_long,1434,10.7833,0.5702,1.0000,0.4749,0.9697,0.0000,Failing,1
failing_calm_long,1435,10.8000,0.5732,1.0000,0.4766,0.9700,0.0000,Failing,1
failing_calm_long,1436,10.8167,0.5760,1.0000,0.4782,0.9702,0.0000,Failing,1
failing_calm_long,1437,10.8333,0.5786,1.0000,0.4799,0.9705,0.0000,Failing,1
failing_calm_long,1438,10.8500,0.5809,1.0000,0.4815,0.9707,0.0000,Failing,1
failing_calm_long,1439,10.8667,0.5830,1.0000,0.4832,0.9710,0.0000,Failing,1
failing_calm_long,1440,10.8833,0.5849,1.0000,0.4849,0.9712,0.0000,Failing,1
failing_calm_long,1441,10.9000,0.5865,1.0000,0.4866,0.9714,0.0000,Failing,1
failing_calm_long,1442,10.9167,0.5878,1.0000,0.4882,0.9717,0.0000,Failing,1
failing_calm_long,1443,10.9333,0.5889,1.0000,0.4899,0.9719,0.0000,Failing,1
failing_calm_long,1444,10.9500,0.5896,1.0000,0.4916,0.9721,0.0000,Failing,1
failing_calm_long,1445,10.9667,0.5901,1.0000,0.4932,0.9724,0.0000,Failing,1
failing_calm_long,1446,10.9833,0.5903,1.0000,0.4948,0.9726,0.0000,Failing,1
failing_calm_long,1447,11.0000,0.5901,1.0000,0.4964,0.9728,0.0000,Failing,1
failing_calm_long,1448,11.0167,0.5896,1.0000,0.4979,0.9731,0.0000,Failing,1
failing_calm_long,1449,11.0333,0.5889,1.0000,0.4994,0.9733,0.0000,Failing,1
failing_calm_long,1450,11.0500,0.5877,1.0000,0.5009,0.9735,0.0000,Failing,1
failing_calm_long,1451,11.0667,0.5863,1.0000,0.5023,0.9737,0.0000,Failing,1
failing_calm_long,1452,11.0833,0.5845,1.0000,0.5036,0.9739,0.0000,Failing,1
failing_calm_long,1453,11.1000,0.5824,1.0000,0.5049,0.9742,0.0000,Failing,1
failing_calm_long,1454,11.1167,0.5799,1.0000,0.5062,0.9744,0.0000,Failing,1
failing_calm_long,1455,11.1333,0.5771,1.0000,0.5073,0.9746,0.0000,Failing,1
failing_calm_long,1456,11.1500,0.5739,1.0000,0.5084,0.9748,0.0000,Failing,1
failing_calm_long,1457,11.1667,0.5704,1.0000,0.5095,0.9750,0.0000,Failing,1
failing_calm_long,1458,11.1833,0.5666,1.0000,0.5104,0.9752,0.0000,Failing,1
failing_calm_long,1459,11.2000,0.5624,1.0000,0.5113,0.9754,0.0000,Failing,1
failing_calm_long,1460,11.2167,0.5579,1.0000,0.5120,0.9756,0.0000,Failing,1
failing_calm_long,1461,11.2333,0.5530,1.0000,0.5127,0.9758,0.0000,Failing,1
failing_calm_long,1462,11.2500,0.5479,1.0000,0.5133,0.9760,0.0000,Failing,1
failing_calm_long,1463,11.2667,0.5424,1.0000,0.5138,0.9762,0.0000,Failing,1
failing_calm_long,1464,11.2833,0.5367,1.0000,0.5142,0.9764,0.0000,Failing,1
failing_calm_long,1465,11.3000,0.5306,1.0000,0.5144,0.9766,0.0000,Failing,1
failing_calm_long,1466,11.3167,0.5243,1.0000,0.5146,0.9768,0.0000,Failing,1
failing_calm_long,1467,11.3333,0.5177,1.0000,0.5146,0.9770,0.0000,Failing,1
failing_calm_long,1468,11.3500,0.5109,1.0000,0.5146,0.9772,0.0000,Failing,1
failing_calm_long,1469,11.3667,0.5038,1.0000,0.5144,0.9774,0.0000,Failing,1
failing_calm_long,1470,11.3833,0.4965,1.0000,0.5141,0.9776,0.0000,Failing,1
failing_calm_long,1471,11.4000,0.4890,1.0000,0.5137,0.9778,0.0000,Failing,1
failing_calm_long,1472,11.4167,0.4813,1.0000,0.5132,0.9779,0.0000,Failing,1
failing_calm_long,1473,11.4333,0.4735,1.0000,0.5125,0.9781,0.0000,Failing,1
failing_calm_long,1474,11.4500,0.4655,1.0000,0.5117,0.9783,0.0000,Failing,1
failing_calm_long,1475,11.4667,0.4574,0.9827,0.5108,0.9783,0.0000,Failing,1
failing_calm_long,1476,11.4833,0.4492,0.9806,0.5098,0.9784,0.0000,Failing,1
failing_calm_long,1477,11.5000,0.4409,1.0000,0.5087,0.9785,0.0000,Failing,1
failing_calm_long,1478,11.5167,0.4326,1.0000,0.5074,0.9787,0.0000,Failing,1
failing_calm_long,1479,11.5333,0.4242,1.0000,0.5060,0.9789,0.0000,Failing,1
failing_calm_long,1480,11.5500,0.4158,1.0000,0.5045,0.9791,0.0000,Failing,1
failing_calm_long,1481,11.5667,0.4075,0.9898,0.5029,0.9792,0.0000,Failing,1
failing_calm_long,1482,11.5833,0.3992,0.9800,0.5012,0.9792,0.0000,Failing,1
failing_calm_long,1483,11.6000,0.3909,0.9827,0.4994,0.9792,0.0000,Failing,1
failing_calm_long,1484,11.6167,0.3828,0.9696,0.4975,0.9772,0.0000,Failing,1
failing_calm_long,1485,11.6333,0.3748,0.9564,0.4955,0.9752,0.0000,Failing,1
failing_calm_long,1486,11.6500,0.3670,0.9544,0.4933,0.9732,0.0000,Failing,1
failing_calm_long,1487,11.6667,0.3593,0.9473,0.4911,0.9713,0.0000,Failing,1
failing_calm_long,1488,11.6833,0.3519,0.9369,0.4888,0.9693,0.0000,Failing,1
failing_calm_long,1489,11.7000,0.3446,0.9296,0.4864,0.9674,0.0000,Failing,1
failing_calm_long,1490,11.7167,0.3377,0.9233,0.4840,0.9654,0.0000,Failing,1
failing_calm_long,1491,11.7333,0.3310,0.9192,0.4814,0.9635,0.0000,Failing,1
failing_calm_long,1492,11.7500,0.3246,0.9107,0.4788,0.9615,0.0000,Failing,1
failing_calm_long,1493,11.7667,0.3186,0.9004,0.4762,0.9596,0.0000,Failing,1
failing_calm_long,1494,11.7833,0.3129,0.9015,0.4735,0.9577,0.0000,Failing,1
failing_calm_long,1495,11.8000,0.3076,0.8977,0.4708,0.9558,0.0000,Failing,1
failing_calm_long,1496,11.8167,0.3027,0.8821,0.4680,0.9539,0.0000,Failing,1
failing_calm_long,1497,11.8333,0.2982,0.8835,0.4652,0.9520,0.0000,Failing,1
failing_calm_long,1498,11.8500,0.2942,0.8888,0.4623,0.9501,0.0000,Failing,1
failing_calm_long,1499,11.8667,0.2906,0.8713,0.4595,0.9482,0.0000,Failing,1
failing_calm_long,1500,11.8833,0.2875,0.8672,0.4567,0.9464,0.0000,Failing,1
failing_calm_long,1501,11.9000,0.2849,0.8812,0.4538,0.9445,0.0000,Failing,1
failing_calm_long,1502,11.9167,0.2828,0.8686,0.4510,0.9427,0.0000,Failing,1
failing_calm_long,1503,11.9333,0.2812,0.8560,0.4482,0.9408,0.0000,Failing,1
failing_calm_long,1504,11.9500,0.2801,0.8740,0.4454,0.9390,0.0000,Failing,1
failing_calm_long,1505,11.9667,0.2796,0.8722,0.4427,0.9371,0.0000,Failing,1
failing_calm_long,1506,11.9833,0.2797,0.8531,0.4400,0.9353,0.0000,Failing,1
failing_calm_long,1507,12.0000,0.2803,0.8680,0.4373,0.9335,0.0000,Failing,1
failing_calm_long,1508,12.0167,0.2815,0.8791,0.4348,0.9317,0.0000,Failing,1
failing_calm_long,1509,12.0333,0.2832,0.8597,0.4323,0.9299,0.0000,Failing,1
failing_calm_long,1510,12.0500,0.2855,0.8662,0.4298,0.9281,0.0000,Failing,1
failing_calm_long,1511,12.0667,0.2883,0.8869,0.4275,0.9263,0.0000,Failing,1
failing_calm_long,1512,12.0833,0.2917,0.8746,0.4252,0.9245,0.0000,Failing,1
failing_calm_long,1513,12.1000,0.2957,0.8719,0.4231,0.9227,0.0000,Failing,1
failing_calm_long,1514,12.1167,0.3002,0.8954,0.4211,0.9210,0.0000,Failing,1
failing_calm_long,1515,12.1333,0.3053,0.8945,0.4192,0.9192,0.0000,Failing,1
failing_calm_long,1516,12.1500,0.3108,0.8866,0.4174,0.9174,0.0000,Failing,1
failing_calm_long,1517,12.1667,0.3169,0.9064,0.4157,0.9157,0.0000,Failing,1
failing_calm_long,1518,12.1833,0.3235,0.9162,0.4142,0.9157,0.0000,Failing,1
failing_calm_long,1519,12.2000,0.3306,0.9098,0.4128,0.9139,0.0000,Failing,1
failing_calm_long,1520,12.2167,0.3382,0.9227,0.4116,0.9140,0.0000,Failing,1
failing_calm_long,1521,12.2333,0.3462,0.9383,0.4105,0.9142,0.0000,Failing,1
failing_calm_long,1522,12.2500,0.3546,0.9385,0.4096,0.9144,0.0000,Failing,1
failing_calm_long,1523,12.2667,0.3634,0.9463,0.4088,0.9147,0.0000,Failing,1
failing_calm_long,1524,12.2833,0.3727,0.9613,0.4082,0.9151,0.0000,Failing,1
failing_calm_long,1525,12.3000,0.3822,0.9691,0.4078,0.9155,0.0000,Failing,1
failing_calm_long,1526,12.3167,0.3921,0.9769,0.4075,0.9160,0.0000,Failing,1
failing_calm_long,1527,12.3333,0.4023,0.9874,0.4074,0.9166,0.0000,Failing,1
failing_calm_long,1528,12.3500,0.4128,0.9991,0.4075,0.9173,0.0000,Failing,1
failing_calm_long,1529,12.3667,0.4235,1.0000,0.4078,0.9180,0.0000,Failing,1
failing_calm_long,1530,12.3833,0.4344,1.0000,0.4082,0.9187,0.0000,Failing,1
failing_calm_long,1531,12.4000,0.4455,1.0000,0.4088,0.9193,0.0000,Failing,1
failing_calm_long,1532,12.4167,0.4567,1.0000,0.4096,0.9200,0.0000,Failing,1
failing_calm_long,1533,12.4333,0.4680,1.0000,0.4106,0.9207,0.0000,Failing,1
failing_calm_long,1534,12.4500,0.4794,1.0000,0.4117,0.9213,0.0000,Failing,1
failing_calm_long,1535,12.4667,0.4908,1.0000,0.4130,0.9220,0.0000,Failing,1
failing_calm_long,1536,12.4833,0.5023,1.0000,0.4145,0.9226,0.0000,Failing,1
failing_calm_long,1537,12.5000,0.5137,1.0000,0.4162,0.9233,0.0000,Failing,1
failing_calm_long,1538,12.5167,0.5250,1.0000,0.4180,0.9239,0.0000,Failing,1
failing_calm_long,1539,12.5333,0.5363,1.0000,0.4199,0.9245,0.0000,Failing,1
failing_calm_long,1540,12.5500,0.5474,1.0000,0.4220,0.9252,0.0000,Failing,1
failing_calm_long,1541,12.5667,0.5583,1.0000,0.4243,0.9258,0.0000,Failing,1
failing_calm_long,1542,12.5833,0.5690,1.0000,0.4267,0.9264,0.0000,Failing,1
failing_calm_long,1543,12.6000,0.5795,1.0000,0.4292,0.9270,0.0000,Failing,1
failing_calm_long,1544,12.6167,0.5897,1.0000,0.4318,0.9276,0.0000,Failing,1
failing_calm_long,1545,12.6333,0.5996,1.0000,0.4346,0.9282,0.0000,Failing,1
failing_calm_long,1546,12.6500,0.6092,1.0000,0.4375,0.9288,0.0000,Failing,1
failing_calm_long,1547,12.6667,0.6184,1.0000,0.4405,0.9294,0.0000,Failing,1
failing_calm_long,1548,12.6833,0.6272,1.0000,0.4436,0.9300,0.0000,Failing,1
failing_calm_long,1549,12.7000,0.6356,1.0000,0.4468,0.9306,0.0000,Failing,1
failing_calm_long,1550,12.7167,0.6435,1.0000,0.4500,0.9312,0.0000,Failing,1
failing_calm_long,1551,12.7333,0.6510,1.0000,0.4533,0.9317,0.0000,Failing,1
failing_calm_long,1552,12.7500,0.6580,1.0000,0.4567,0.9323,0.0000,Failing,1
failing_calm_long,1553,12.7667,0.6644,1.0000,0.4601,0.9329,0.0000,Failing,1
failing_calm_long,1554,12.7833,0.6704,1.0000,0.4636,0.9334,0.0000,Failing,1
failing_calm_long,1555,12.8000,0.6757,1.0000,0.4671,0.9340,0.0000,Failing,1
failing_calm_long,1556,12.8167,0.6805,1.0000,0.4707,0.9345,0.0001,Failing,1
failing_calm_long,1557,12.8333,0.6848,1.0000,0.4742,0.9351,0.0001,Failing,1
failing_calm_long,1558,12.8500,0.6884,1.0000,0.4777,0.9356,0.0001,Failing,1
failing_calm_long,1559,12.8667,0.6914,1.0000,0.4813,0.9361,0.0001,Failing,1
failing_calm_long,1560,12.8833,0.6938,1.0000,0.4848,0.9367,0.0001,Failing,1
failing_calm_long,1561,12.9000,0.6956,1.0000,0.4883,0.9372,0.0001,Failing,1
failing_calm_long,1562,12.9167,0.6968,1.0000,0.4917,0.9377,0.0002,Failing,1
failing_calm_long,1563,12.9333,0.6973,1.0000,0.4951,0.9382,0.0002,Failing,1
failing_calm_long,1564,12.9500,0.6972,1.0000,0.4984,0.9387,0.0002,Failing,1
failing_calm_long,1565,12.9667,0.6965,1.0000,0.5017,0.9392,0.0002,Failing,1
failing_calm_long,1566,12.9833,0.6952,1.0000,0.5049,0.9397,0.0003,Failing,1
failing_calm_long,1567,13.0000,0.6932,1.0000,0.5080,0.9402,0.0003,Failing,1
failing_calm_long,1568,13.0167,0.6907,1.0000,0.5110,0.9407,0.0003,Failing,1
failing_calm_long,1569,13.0333,0.6876,1.0000,0.5140,0.9412,0.0003,Failing,1
failing_calm_long,1570,13.0500,0.6839,1.0000,0.5168,0.9417,0.0004,Failing,1
failing_calm_long,1571,13.0667,0.6796,1.0000,0.5195,0.9422,0.0004,Failing,1
failing_calm_long,1572,13.0833,0.6748,1.0000,0.5220,0.9427,0.0004,Failing,1
failing_calm_long,1573,13.1000,0.6694,1.0000,0.5245,0.9432,0.0004,Failing,1
failing_calm_long,1574,13.1167,0.6635,1.0000,0.5268,0.9436,0.0005,Failing,1
failing_calm_long,1575,13.1333,0.6572,1.0000,0.5289,0.9441,0.0005,Failing,1
failing_calm_long,1576,13.1500,0.6503,1.0000,0.5309,0.9446,0.0005,Failing,1
failing_calm_long,1577,13.1667,0.6431,1.0000,0.5328,0.9450,0.0006,Failing,1
failing_calm_long,1578,13.1833,0.6354,1.0000,0.5345,0.9455,0.0006,Failing,1
failing_calm_long,1579,13.2000,0.6273,1.0000,0.5360,0.9459,0.0006,Failing,1
failing_calm_long,1580,13.2167,0.6188,1.0000,0.5374,0.9464,0.0006,Failing,1
failing_calm_long,1581,13.2333,0.6100,1.0000,0.5386,0.9468,0.0007,Failing,1
failing_calm_long,1582,13.2500,0.6010,1.0000,0.5396,0.9473,0.0007,Failing,1
failing_calm_long,1583,13.2667,0.5916,1.0000,0.5405,0.9477,0.0007,Failing,1
failing_calm_long,1584,13.2833,0.5820,1.0000,0.5412,0.9481,0.0007,Failing,1
failing_calm_long,1585,13.3000,0.5721,1.0000,0.5417,0.9486,0.0008,Failing,1
failing_calm_long,1586,13.3167,0.5621,1.0000,0.5420,0.9490,0.0008,Failing,1
failing_calm_long,1587,13.3333,0.5519,1.0000,0.5422,0.9494,0.0008,Failing,1
failing_calm_long,1588,13.3500,0.5417,1.0000,0.5422,0.9498,0.0008,Failing,1
failing_calm_long,1589,13.3667,0.5313,1.0000,0.5420,0.9503,0.0009,Failing,1
failing_calm_long,1590,13.3833,0.5209,1.0000,0.5416,0.9507,0.0009,Failing,1
failing_calm_long,1591,13.4000,0.5104,1.0000,0.5411,0.9511,0.0009,Failing,1
failing_calm_long,1592,13.4167,0.5000,1.0000,0.5404,0.9515,0.0009,Failing,1
failing_calm_long,1593,13.4333,0.4896,1.0000,0.5396,0.9519,0.0010,Failing,1
failing_calm_long,1594,13.4500,0.4793,1.0000,0.5386,0.9523,0.0010,Failing,1
failing_calm_long,1595,13.4667,0.4691,1.0000,0.5375,0.9527,0.0010,Failing,1
failing_calm_long,1596,13.4833,0.4590,1.0000,0.5362,0.9531,0.0011,Failing,1
failing_calm_long,1597,13.5000,0.4491,1.0000,0.5347,0.9535,0.0011,Failing,1
failing_calm_long,1598,13.5167,0.4394,1.0000,0.5331,0.9539,0.0011,Failing,1
failing_calm_long,1599,13.5333,0.4299,1.0000,0.5314,0.9542,0.0011,Failing,1
failing_calm_long,1600,13.5500,0.4207,1.0000,0.5296,0.9546,0.0012,Failing,1
failing_calm_long,1601,13.5667,0.4117,0.9969,0.5277,0.9550,0.0012,Failing,1
failing_calm_long,1602,13.5833,0.4030,0.9880,0.5256,0.9552,0.0012,Failing,1
failing_calm_long,1603,13.6000,0.3947,0.9802,0.5234,0.9554,0.0013,Failing,1
failing_calm_long,1604,13.6167,0.3867,0.9747,0.5212,0.9556,0.0013,Failing,1
failing_calm_long,1605,13.6333,0.3790,0.9657,0.5188,0.9557,0.0013,Failing,1
failing_calm_long,1606,13.6500,0.3717,0.9535,0.5164,0.9538,0.0014,Failing,1
failing_calm_long,1607,13.6667,0.3648,0.9526,0.5139,0.9519,0.0014,Failing,1
failing_calm_long,1608,13.6833,0.3584,0.9492,0.5113,0.9500,0.0014,Failing,1
failing_calm_long,1609,13.7000,0.3523,0.9325,0.5087,0.9481,0.0015,Failing,1
failing_calm_long,1610,13.7167,0.3467,0.9305,0.5060,0.9463,0.0015,Failing,1
failing_calm_long,1611,13.7333,0.3415,0.9363,0.5033,0.9444,0.0016,Failing,1
failing_calm_long,1612,13.7500,0.3368,0.9192,0.5005,0.9426,0.0016,Failing,1
failing_calm_long,1613,13.7667,0.3326,0.9109,0.4978,0.9407,0.0016,Failing,1
failing_calm_long,1614,13.7833,0.3288,0.9243,0.4950,0.9389,0.0017,Failing,1
failing_calm_long,1615,13.8000,0.3255,0.9135,0.4922,0.9370,0.0017,Failing,1
failing_calm_long,1616,13.8167,0.3226,0.8969,0.4894,0.9352,0.0018,Failing,1
failing_calm_long,1617,13.8333,0.3203,0.9122,0.4866,0.9334,0.0018,Failing,1
failing_calm_long,1618,13.8500,0.3184,0.9128,0.4838,0.9316,0.0019,Failing,1
failing_calm_long,1619,13.8667,0.3170,0.8911,0.4810,0.9298,0.0019,Failing,1
failing_calm_long,1620,13.8833,0.3160,0.9013,0.4783,0.9280,0.0020,Failing,1
failing_calm_long,1621,13.9000,0.3155,0.9141,0.4756,0.9262,0.0020,Failing,1
failing_calm_long,1622,13.9167,0.3155,0.8939,0.4730,0.9244,0.0021,Failing,1
failing_calm_long,1623,13.9333,0.3159,0.8946,0.4704,0.9226,0.0022,Failing,1
failing_calm_long,1624,13.9500,0.3168,0.9150,0.4678,0.9209,0.0022,Failing,1
failing_calm_long,1625,13.9667,0.3181,0.9032,0.4654,0.9191,0.0023,Failing,1
failing_calm_long,1626,13.9833,0.3198,0.8948,0.4630,0.9173,0.0024,Failing,1
failing_calm_long,1627,14.0000,0.3219,0.9157,0.4606,0.9156,0.0024,Failing,1
failing_calm_long,1628,14.0167,0.3244,0.9156,0.4584,0.9138,0.0025,Failing,1
failing_calm_long,1629,14.0333,0.3273,0.9031,0.4562,0.9121,0.0026,Failing,1
failing_calm_long,1630,14.0500,0.3305,0.9183,0.4541,0.9122,0.0027,Failing,1
failing_calm_long,1631,14.0667,0.3341,0.9278,0.4521,0.9123,0.0028,Failing,1
failing_calm_long,1632,14.0833,0.3380,0.9181,0.4503,0.9123,0.0028,Failing,1
failing_calm_long,1633,14.1000,0.3423,0.9255,0.4485,0.9124,0.0029,Failing,1
failing_calm_long,1634,14.1167,0.3468,0.9389,0.4468,0.9127,0.0030,Failing,1
failing_calm_long,1635,14.1333,0.3515,0.9363,0.4452,0.9129,0.0031,Failing,1
failing_calm_long,1636,14.1500,0.3566,0.9389,0.4438,0.9131,0.0032,Failing,1
failing_calm_long,1637,14.1667,0.3618,0.9501,0.4424,0.9134,0.0033,Failing,1
failing_calm_long,1638,14.1833,0.3673,0.9546,0.4412,0.9137,0.0034,Failing,1
failing_calm_long,1639,14.2000,0.3730,0.9578,0.4400,0.9141,0.0035,Failing,1
failing_calm_long,1640,14.2167,0.3788,0.9639,0.4390,0.9145,0.0036,Failing,1
failing_calm_long,1641,14.2333,0.3848,0.9709,0.4381,0.9150,0.0038,Failing,1
failing_calm_long,1642,14.2500,0.3909,0.9794,0.4373,0.9155,0.0039,Failing,1
failing_calm_long,1643,14.2667,0.3971,0.9820,0.4367,0.9161,0.0040,Failing,1
failing_calm_long,1644,14.2833,0.4035,0.9858,0.4361,0.9166,0.0041,Failing,1
failing_calm_long,1645,14.3000,0.4099,1.0000,0.4357,0.9173,0.0043,Failing,1
failing_calm_long,1646,14.3167,0.4163,1.0000,0.4354,0.9180,0.0044,Failing,1
failing_calm_long,1647,14.3333,0.4228,1.0000,0.4352,0.9187,0.0045,Failing,1
failing_calm_long,1648,14.3500,0.4293,1.0000,0.4351,0.9194,0.0046,Failing,1
failing_calm_long,1649,14.3667,0.4358,1.0000,0.4351,0.9200,0.0048,Failing,1
failing_calm_long,1650,14.3833,0.4422,1.0000,0.4352,0.9207,0.0049,Failing,1
failing_calm_long,1651,14.4000,0.4486,1.0000,0.4354,0.9214,0.0051,Failing,1
failing_calm_long,1652,14.4167,0.4550,1.0000,0.4357,0.9220,0.0052,Failing,1
failing_calm_long,1653,14.4333,0.4613,1.0000,0.4362,0.9227,0.0053,Failing,1
failing_calm_long,1654,14.4500,0.4675,1.0000,0.4367,0.9233,0.0055,Failing,1
failing_calm_long,1655,14.4667,0.4736,1.0000,0.4373,0.9239,0.0056,Failing,1
failing_calm_long,1656,14.4833,0.4796,1.0000,0.4380,0.9246,0.0058,Failing,1
failing_calm_long,1657,14.5000,0.4855,1.0000,0.4388,0.9252,0.0059,Failing,1
failing_calm_long,1658,14.5167,0.4912,1.0000,0.4396,0.9258,0.0061,Failing,1
failing_calm_long,1659,14.5333,0.4968,1.0000,0.4406,0.9264,0.0062,Failing,1
failing_calm_long,1660,14.5500,0.5022,1.0000,0.4416,0.9270,0.0064,Failing,1
failing_calm_long,1661,14.5667,0.5075,1.0000,0.4427,0.9276,0.0065,Failing,1
failing_calm_long,1662,14.5833,0.5125,1.0000,0.4439,0.9282,0.0067,Failing,1
failing_calm_long,1663,14.6000,0.5174,1.0000,0.4451,0.9288,0.0068,Failing,1
failing_calm_long,1664,14.6167,0.5221,1.0000,0.4463,0.9294,0.0070,Failing,1
failing_calm_long,1665,14.6333,0.5265,1.0000,0.4477,0.9300,0.0071,Failing,1
failing_calm_long,1666,14.6500,0.5308,1.0000,0.4490,0.9306,0.0073,Failing,1
failing_calm_long,1667,14.6667,0.5348,1.0000,0.4505,0.9312,0.0074,Failing,1
failing_calm_long,1668,14.6833,0.5387,1.0000,0.4519,0.9317,0.0076,Failing,1
failing_calm_long,1669,14.7000,0.5423,1.0000,0.4534,0.9323,0.0077,Failing,1
failing_calm_long,1670,14.7167,0.5456,1.0000,0.4549,0.9329,0.0079,Failing,1
failing_calm_long,1671,14.7333,0.5488,1.0000,0.4565,0.9334,0.0080,Failing,1
failing_calm_long,1672,14.7500,0.5517,1.0000,0.4581,0.9340,0.0081,Failing,1
failing_calm_long,1673,14.7667,0.5543,1.0000,0.4597,0.9345,0.0083,Failing,1
failing_calm_long,1674,14.7833,0.5567,1.0000,0.4613,0.9351,0.0084,Failing,1
failing_calm_long,1675,14.8000,0.5589,1.0000,0.4629,0.9356,0.0086,Failing,1
failing_calm_long,1676,14.8167,0.5609,1.0000,0.4645,0.9362,0.0087,Failing,1
failing_calm_long,1677,14.8333,0.5626,1.0000,0.4661,0.9367,0.0088,Failing,1
failing_calm_long,1678,14.8500,0.5640,1.0000,0.4677,0.9372,0.0089,Failing,1
failing_calm_long,1679,14.8667,0.5653,1.0000,0.4693,0.9377,0.0091,Failing,1
failing_calm_long,1680,14.8833,0.5663,1.0000,0.4709,0.9382,0.0092,Failing,1
failing_calm_long,1681,14.9000,0.5670,1.0000,0.4725,0.9388,0.0093,Failing,1
failing_calm_long,1682,14.9167,0.5676,1.0000,0.4741,0.9393,0.0094,Failing,1
failing_calm_long,1683,14.9333,0.5679,1.0000,0.4757,0.9398,0.0095,Failing,1
failing_calm_long,1684,14.9500,0.5680,1.0000,0.4772,0.9403,0.0097,Failing,1
failing_calm_long,1685,14.9667,0.5678,1.0000,0.4787,0.9408,0.0098,Failing,1
failing_calm_long,1686,14.9833,0.5674,1.0000,0.4801,0.9413,0.0099,Failing,1
failing_calm_long,1687,15.0000,0.5669,1.0000,0.4816,0.9417,0.0100,Failing,1
failing_calm_long,1688,15.0167,0.5661,1.0000,0.4830,0.9422,0.0101,Failing,1
failing_calm_long,1689,15.0333,0.5651,1.0000,0.4843,0.9427,0.0102,Failing,1
failing_calm_long,1690,15.0500,0.5639,1.0000,0.4856,0.9432,0.0103,Failing,1
failing_calm_long,1691,15.0667,0.5624,1.0000,0.4869,0.9437,0.0103,Failing,1
failing_calm_long,1692,15.0833,0.5608,1.0000,0.4881,0.9441,0.0104,Failing,1
failing_calm_long,1693,15.1000,0.5590,1.0000,0.4893,0.9446,0.0105,Failing,1
failing_calm_long,1694,15.1167,0.5570,1.0000,0.4904,0.9450,0.0106,Failing,1
failing_calm_long,1695,15.1333,0.5548,1.0000,0.4915,0.9455,0.0107,Failing,1
failing_calm_long,1696,15.1500,0.5525,1.0000,0.4925,0.9460,0.0107,Failing,1
failing_calm_long,1697,15.1667,0.5499,1.0000,0.4934,0.9464,0.0108,Failing,1
failing_calm_long,1698,15.1833,0.5472,1.0000,0.4943,0.9468,0.0109,Failing,1
failing_calm_long,1699,15.2000,0.5444,1.0000,0.4952,0.9473,0.0109,Failing,1
failing_calm_long,1700,15.2167,0.5413,1.0000,0.4959,0.9477,0.0110,Failing,1
failing_calm_long,1701,15.2333,0.5381,1.0000,0.4966,0.9482,0.0111,Failing,1
failing_calm_long,1702,15.2500,0.5348,1.0000,0.4973,0.9486,0.0111,Failing,1
failing_calm_long,1703,15.2667,0.5313,1.0000,0.4978,0.9490,0.0112,Failing,1
failing_calm_long,1704,15.2833,0.5277,1.0000,0.4983,0.9494,0.0112,Failing,1
failing_calm_long,1705,15.3000,0.5239,1.0000,0.4987,0.9499,0.0113,Failing,1
failing_calm_long,1706,15.3167,0.5200,1.0000,0.4991,0.9503,0.0113,Failing,1
failing_calm_long,1707,15.3333,0.5159,1.0000,0.4994,0.9507,0.0114,Failing,1
failing_calm_long,1708,15.3500,0.5118,1.0000,0.4996,0.9511,0.0114,Failing,1
failing_calm_long,1709,15.3667,0.5075,1.0000,0.4997,0.9515,0.0114,Failing,1
failing_calm_long,1710,15.3833,0.5032,1.0000,0.4998,0.9519,0.0115,Failing,1
failing_calm_long,1711,15.4000,0.4987,1.0000,0.4997,0.9523,0.0115,Failing,1
failing_calm_long,1712,15.4167,0.4942,1.0000,0.4996,0.9527,0.0116,Failing,1
failing_calm_long,1713,15.4333,0.4895,1.0000,0.4995,0.9531,0.0116,Failing,1
failing_calm_long,1714,15.4500,0.4848,1.0000,0.4992,0.9535,0.0117,Failing,1
failing_calm_long,1715,15.4667,0.4800,1.0000,0.4989,0.9539,0.0117,Failing,1
failing_calm_long,1716,15.4833,0.4752,1.0000,0.4985,0.9542,0.0117,Failing,1
failing_calm_long,1717,15.5000,0.4703,1.0000,0.4981,0.9546,0.0118,Failing,1
failing_calm_long,1718,15.5167,0.4653,1.0000,0.4975,0.9550,0.0118,Failing,1
failing_calm_long,1719,15.5333,0.4603,1.0000,0.4969,0.9554,0.0119,Failing,1
failing_calm_long,1720,15.5500,0.4553,1.0000,0.4962,0.9557,0.0119,Failing,1
failing_calm_long,1721,15.5667,0.4503,1.0000,0.4955,0.9561,0.0120,Failing,1
failing_calm_long,1722,15.5833,0.4453,1.0000,0.4946,0.9565,0.0120,Failing,1
failing_calm_long,1723,15.6000,0.4402,1.0000,0.4937,0.9568,0.0121,Failing,1
failing_calm_long,1724,15.6167,0.4352,1.0000,0.4928,0.9572,0.0121,Failing,1
failing_calm_long,1725,15.6333,0.4303,1.0000,0.4917,0.9576,0.0122,Failing,1
failing_calm_long,1726,15.6500,0.4253,1.0000,0.4906,0.9579,0.0122,Failing,1
failing_calm_long,1727,15.6667,0.4204,1.0000,0.4895,0.9583,0.0123,Failing,1
failing_calm_long,1728,15.6833,0.4156,1.0000,0.4882,0.9586,0.0123,Failing,1
failing_calm_long,1729,15.7000,0.4108,0.9850,0.4870,0.9588,0.0124,Failing,1
failing_calm_long,1730,15.7167,0.4062,0.9959,0.4856,0.9591,0.0125,Failing,1
failing_calm_long,1731,15.7333,0.4016,0.9976,0.4842,0.9594,0.0125,Failing,1
failing_calm_long,1732,15.7500,0.3971,0.9724,0.4828,0.9596,0.0126,Failing,1
failing_calm_long,1733,15.7667,0.3928,0.9757,0.4813,0.9597,0.0127,Failing,1
failing_calm_long,1734,15.7833,0.3886,0.9876,0.4798,0.9599,0.0128,Failing,1
failing_calm_long,1735,15.8000,0.3846,0.9651,0.4782,0.9600,0.0129,Failing,1
failing_calm_long,1736,15.8167,0.3807,0.9575,0.4766,0.9580,0.0129,Failing,1
failing_calm_long,1737,15.8333,0.3770,0.9744,0.4750,0.9582,0.0130,Failing,1
failing_calm_long,1738,15.8500,0.3735,0.9610,0.4733,0.9582,0.0131,Failing,1
failing_calm_long,1739,15.8667,0.3702,0.9445,0.4716,0.9563,0.0132,Failing,1
failing_calm_long,1740,15.8833,0.3672,0.9592,0.4698,0.9563,0.0133,Failing,1
failing_calm_long,1741,15.9000,0.3643,0.9572,0.4681,0.9563,0.0134,Failing,1
failing_calm_long,1742,15.9167,0.3617,0.9380,0.4663,0.9544,0.0135,Failing,1
failing_calm_long,1743,15.9333,0.3594,0.9453,0.4646,0.9525,0.0136,Failing,1
failing_calm_long,1744,15.9500,0.3573,0.9518,0.4628,0.9506,0.0137,Failing,1
failing_calm_long,1745,15.9667,0.3555,0.9366,0.4610,0.9488,0.0138,Failing,1
failing_calm_long,1746,15.9833,0.3540,0.9360,0.4593,0.9469,0.0139,Failing,1
failing_calm_long,1747,16.0000,0.3529,0.9449,0.4575,0.9450,0.0140,Failing,1
failing_calm_long,1748,16.0167,0.3520,0.9378,0.4558,0.9432,0.0141,Failing,1
failing_calm_long,1749,16.0333,0.3514,0.9333,0.4540,0.9413,0.0143,Failing,1
failing_calm_long,1750,16.0500,0.3512,0.9391,0.4523,0.9395,0.0144,Failing,1
failing_calm_long,1751,16.0667,0.3513,0.9390,0.4507,0.9377,0.0145,Failing,1
failing_calm_long,1752,16.0833,0.3518,0.9367,0.4490,0.9358,0.0147,Failing,1
failing_calm_long,1753,16.1000,0.3526,0.9377,0.4474,0.9358,0.0148,Failing,1
failing_calm_long,1754,16.1167,0.3538,0.9397,0.4459,0.9359,0.0150,Failing,1
failing_calm_long,1755,16.1333,0.3554,0.9438,0.4444,0.9359,0.0152,Failing,1
failing_calm_long,1756,16.1500,0.3573,0.9428,0.4430,0.9360,0.0154,Failing,1
failing_calm_long,1757,16.1667,0.3596,0.9415,0.4416,0.9360,0.0156,Failing,1
failing_calm_long,1758,16.1833,0.3622,0.9518,0.4403,0.9362,0.0158,Failing,1
failing_calm_long,1759,16.2000,0.3652,0.9545,0.4390,0.9363,0.0159,Failing,1
failing_calm_long,1760,16.2167,0.3687,0.9476,0.4379,0.9364,0.0161,Failing,1
failing_calm_long,1761,16.2333,0.3724,0.9593,0.4368,0.9366,0.0164,Failing,1
failing_calm_long,1762,16.2500,0.3766,0.9707,0.4358,0.9369,0.0166,Failing,1
failing_calm_long,1763,16.2667,0.3811,0.9603,0.4349,0.9371,0.0168,Failing,1
failing_calm_long,1764,16.2833,0.3859,0.9673,0.4341,0.9373,0.0170,Failing,1
failing_calm_long,1765,16.3000,0.3911,0.9880,0.4334,0.9378,0.0173,Failing,1
failing_calm_long,1766,16.3167,0.3966,0.9803,0.4328,0.9381,0.0175,Failing,1
failing_calm_long,1767,16.3333,0.4025,0.9783,0.4323,0.9384,0.0177,Failing,1
failing_calm_long,1768,16.3500,0.4087,1.0000,0.4319,0.9389,0.0180,Failing,1
failing_calm_long,1769,16.3667,0.4152,1.0000,0.4316,0.9395,0.0182,Failing,1
failing_calm_long,1770,16.3833,0.4220,0.9951,0.4314,0.9399,0.0185,Failing,1
failing_calm_long,1771,16.4000,0.4291,1.0000,0.4314,0.9404,0.0187,Failing,1
failing_calm_long,1772,16.4167,0.4364,1.0000,0.4315,0.9409,0.0190,Failing,1
failing_calm_long,1773,16.4333,0.4440,1.0000,0.4317,0.9414,0.0192,Failing,1
failing_calm_long,1774,16.4500,0.4518,1.0000,0.4320,0.9419,0.0195,Failing,1
failing_calm_long,1775,16.4667,0.4598,1.0000,0.4325,0.9424,0.0197,Failing,1
failing_calm_long,1776,16.4833,0.4680,1.0000,0.4331,0.9428,0.0200,Failing,1
failing_calm_long,1777,16.5000,0.4764,1.0000,0.4338,0.9433,0.0203,Failing,1
failing_calm_long,1778,16.5167,0.4849,1.0000,0.4346,0.9438,0.0205,Failing,1
failing_calm_long,1779,16.5333,0.4935,1.0000,0.4356,0.9443,0.0208,Failing,1
failing_calm_long,1780,16.5500,0.5022,1.0000,0.4367,0.9447,0.0210,Failing,1
failing_calm_long,1781,16.5667,0.5110,1.0000,0.4379,0.9452,0.0213,Failing,1
failing_calm_long,1782,16.5833,0.5199,1.0000,0.4393,0.9456,0.0215,Failing,1
failing_calm_long,1783,16.6000,0.5287,1.0000,0.4408,0.9461,0.0218,Failing,1
failing_calm_long,1784,16.6167,0.5376,1.0000,0.4424,0.9465,0.0221,Failing,1
failing_calm_long,1785,16.6333,0.5464,1.0000,0.4441,0.9470,0.0223,Failing,1
failing_calm_long,1786,16.6500,0.5552,1.0000,0.4459,0.9474,0.0225,Failing,1
failing_calm_long,1787,16.6667,0.5638,1.0000,0.4479,0.9479,0.0228,Failing,1
failing_calm_long,1788,16.6833,0.5724,1.0000,0.4499,0.9483,0.0230,Failing,1
failing_calm_long,1789,16.7000,0.5808,1.0000,0.4521,0.9487,0.0233,Failing,1
failing_calm_long,1790,16.7167,0.5890,1.0000,0.4543,0.9491,0.0235,Failing,1
failing_calm_long,1791,16.7333,0.5970,1.0000,0.4567,0.9496,0.0237,Failing,1
failing_calm_long,1792,16.7500,0.6048,1.0000,0.4592,0.9500,0.0239,Failing,1
failing_calm_long,1793,16.7667,0.6123,1.0000,0.4617,0.9504,0.0242,Failing,1
failing_calm_long,1794,16.7833,0.6195,1.0000,0.4643,0.9508,0.0244,Failing,1
failing_calm_long,1795,16.8000,0.6265,1.0000,0.4670,0.9512,0.0246,Failing,1
failing_calm_long,1796,16.8167,0.6331,1.0000,0.4697,0.9516,0.0248,Failing,1
failing_calm_long,1797,16.8333,0.6393,1.0000,0.4725,0.9520,0.0250,Failing,1
failing_calm_long,1798,16.8500,0.6451,1.0000,0.4754,0.9524,0.0252,Failing,1
failing_calm_long,1799,16.8667,0.6506,1.0000,0.4783,0.9528,0.0254,Failing,1
failing_calm_long,1800,16.8833,0.6556,1.0000,0.4812,0.9532,0.0255,Failing,1
failing_calm_long,1801,16.9000,0.6601,1.0000,0.4842,0.9536,0.0257,Failing,1
failing_calm_long,1802,16.9167,0.6642,1.0000,0.4871,0.9540,0.0259,Failing,1
failing_calm_long,1803,16.9333,0.6678,1.0000,0.4901,0.9544,0.0260,Failing,1
failing_calm_long,1804,16.9500,0.6709,1.0000,0.4931,0.9547,0.0262,Failing,1
failing_calm_long,1805,16.9667,0.6735,1.0000,0.4961,0.9551,0.0263,Failing,1
failing_calm_long,1806,16.9833,0.6755,1.0000,0.4991,0.9555,0.0265,Failing,1
failing_calm_long,1807,17.0000,0.6770,1.0000,0.5020,0.9559,0.0266,Failing,1
failing_calm_long,1808,17.0167,0.6779,1.0000,0.5049,0.9562,0.0268,Failing,1
failing_calm_long,1809,17.0333,0.6782,1.0000,0.5078,0.9566,0.0268,Failing,1
failing_calm_long,1810,17.0500,0.6780,1.0000,0.5106,0.9569,0.0269,Failing,1
failing_calm_long,1811,17.0667,0.6772,1.0000,0.5133,0.9573,0.0270,Failing,1
failing_calm_long,1812,17.0833,0.6759,1.0000,0.5160,0.9577,0.0271,Failing,1
failing_calm_long,1813,17.1000,0.6739,1.0000,0.5186,0.9580,0.0272,Failing,1
failing_calm_long,1814,17.1167,0.6714,1.0000,0.5212,0.9584,0.0273,Failing,1
failing_calm_long,1815,17.1333,0.6683,1.0000,0.5236,0.9587,0.0274,Failing,1
failing_calm_long,1816,17.1500,0.6646,1.0000,0.5259,0.9590,0.0275,Failing,1
failing_calm_long,1817,17.1667,0.6603,1.0000,0.5281,0.9594,0.0275,Failing,1
failing_calm_long,1818,17.1833,0.6555,1.0000,0.5302,0.9597,0.0276,Failing,1
failing_calm_long,1819,17.2000,0.6501,1.0000,0.5322,0.9601,0.0276,Failing,1
failing_calm_long,1820,17.2167,0.6442,1.0000,0.5341,0.9604,0.0277,Failing,1
failing_calm_long,1821,17.2333,0.6378,1.0000,0.5358,0.9607,0.0277,Failing,1
failing_calm_long,1822,17.2500,0.6309,1.0000,0.5374,0.9610,0.0277,Failing,1
failing_calm_long,1823,17.2667,0.6235,1.0000,0.5388,0.9614,0.0278,Failing,1
failing_calm_long,1824,17.2833,0.6156,1.0000,0.5401,0.9617,0.0278,Failing,1
failing_calm_long,1825,17.3000,0.6073,1.0000,0.5412,0.9620,0.0278,Failing,1
failing_calm_long,1826,17.3167,0.5985,1.0000,0.5421,0.9623,0.0279,Failing,1
failing_calm_long,1827,17.3333,0.5894,1.0000,0.5429,0.9626,0.0279,Failing,1
failing_calm_long,1828,17.3500,0.5799,1.0000,0.5435,0.9629,0.0279,Failing,1
failing_calm_long,1829,17.3667,0.5700,1.0000,0.5440,0.9633,0.0279,Failing,1
failing_calm_long,1830,17.3833,0.5599,1.0000,0.5442,0.9636,0.0279,Failing,1
failing_calm_long,1831,17.4000,0.5494,1.0000,0.5443,0.9639,0.0279,Failing,1
failing_calm_long,1832,17.4167,0.5387,1.0000,0.5442,0.9642,0.0279,Failing,1
failing_calm_long,1833,17.4333,0.5277,1.0000,0.5439,0.9645,0.0279,Failing,1
failing_calm_long,1834,17.4500,0.5166,1.0000,0.5435,0.9648,0.0279,Failing,1
failing_calm_long,1835,17.4667,0.5053,1.0000,0.5429,0.9650,0.0279,Failing,1
failing_calm_long,1836,17.4833,0.4939,1.0000,0.5420,0.9653,0.0279,Failing,1
failing_calm_long,1837,17.5000,0.4824,1.0000,0.5411,0.9656,0.0279,Failing,1
failing_calm_long,1838,17.5167,0.4709,1.0000,0.5399,0.9659,0.0279,Failing,1
failing_calm_long,1839,17.5333,0.4593,1.0000,0.5386,0.9662,0.0279,Failing,1
failing_calm_long,1840,17.5500,0.4478,1.0000,0.5371,0.9665,0.0279,Failing,1
failing_calm_long,1841,17.5667,0.4363,1.0000,0.5354,0.9667,0.0279,Failing,1
failing_calm_long,1842,17.5833,0.4249,0.9993,0.5336,0.9670,0.0279,Failing,1
failing_calm_long,1843,17.6000,0.4136,1.0000,0.5316,0.9673,0.0279,Failing,1
failing_calm_long,1844,17.6167,0.4025,0.9997,0.5295,0.9676,0.0279,Failing,1
failing_calm_long,1845,17.6333,0.3916,0.9684,0.5272,0.9676,0.0279,Failing,1
failing_calm_long,1846,17.6500,0.3809,0.9614,0.5248,0.9656,0.0279,Failing,1
failing_calm_long,1847,17.6667,0.3704,0.9694,0.5222,0.9657,0.0279,Failing,1
failing_calm_long,1848,17.6833,0.3603,0.9431,0.5195,0.9637,0.0279,Failing,1
failing_calm_long,1849,17.7000,0.3505,0.9257,0.5167,0.9618,0.0279,Failing,1
failing_calm_long,1850,17.7167,0.3410,0.9371,0.5138,0.9599,0.0279,Failing,1
failing_calm_long,1851,17.7333,0.3319,0.9217,0.5108,0.9579,0.0279,Failing,1
failing_calm_long,1852,17.7500,0.3232,0.8972,0.5077,0.9560,0.0279,Failing,1
failing_calm_long,1853,17.7667,0.3150,0.9051,0.5045,0.9541,0.0279,Failing,1
failing_calm_long,1854,17.7833,0.3072,0.9016,0.5013,0.9522,0.0279,Failing,1
failing_calm_long,1855,17.8000,0.2999,0.8769,0.4979,0.9504,0.0279,Failing,1
failing_calm_long,1856,17.8167,0.2931,0.8772,0.4946,0.9485,0.0279,Failing,1
failing_calm_long,1857,17.8333,0.2869,0.8818,0.4911,0.9466,0.0279,Failing,1
failing_calm_long,1858,17.8500,0.2812,0.8635,0.4877,0.9447,0.0279,Failing,1
failing_calm_long,1859,17.8667,0.2760,0.8569,0.4842,0.9429,0.0279,Failing,1
failing_calm_long,1860,17.8833,0.2714,0.8632,0.4806,0.9410,0.0279,Failing,1
failing_calm_long,1861,17.9000,0.2674,0.8542,0.4771,0.9392,0.0279,Failing,1
failing_calm_long,1862,17.9167,0.2640,0.8456,0.4736,0.9374,0.0279,Failing,1
failing_calm_long,1863,17.9333,0.2612,0.8486,0.4701,0.9355,0.0279,Failing,1
failing_calm_long,1864,17.9500,0.2590,0.8470,0.4666,0.9337,0.0279,Failing,1
failing_calm_long,1865,17.9667,0.2574,0.8425,0.4631,0.9319,0.0279,Failing,1
failing_calm_long,1866,17.9833,0.2565,0.8415,0.4597,0.9301,0.0279,Failing,1
failing_calm_long,1867,18.0000,0.2562,0.8418,0.4564,0.9283,0.0280,Failing,1
failing_calm_long,1868,18.0167,0.2564,0.8447,0.4531,0.9265,0.0280,Failing,1
failing_calm_long,1869,18.0333,0.2573,0.8434,0.4498,0.9247,0.0281,Failing,1
failing_calm_long,1870,18.0500,0.2588,0.8406,0.4467,0.9229,0.0282,Failing,1
failing_calm_long,1871,18.0667,0.2609,0.8496,0.4436,0.9212,0.0283,Failing,1
failing_calm_long,1872,18.0833,0.2636,0.8537,0.4406,0.9194,0.0283,Failing,1
failing_calm_long,1873,18.1000,0.2668,0.8462,0.4377,0.9177,0.0284,Failing,1
failing_calm_long,1874,18.1167,0.2706,0.8560,0.4350,0.9159,0.0285,Failing,1
failing_calm_long,1875,18.1333,0.2750,0.8696,0.4323,0.9142,0.0286,Failing,1
failing_calm_long,1876,18.1500,0.2799,0.8606,0.4298,0.9124,0.0287,Failing,1
failing_calm_long,1877,18.1667,0.2853,0.8650,0.4274,0.9107,0.0289,Failing,1
failing_calm_long,1878,18.1833,0.2911,0.8875,0.4252,0.9090,0.0290,Failing,1
failing_calm_long,1879,18.2000,0.2975,0.8833,0.4231,0.9072,0.0291,Failing,1
failing_calm_long,1880,18.2167,0.3043,0.8791,0.4211,0.9055,0.0292,Failing,1
failing_calm_long,1881,18.2333,0.3115,0.9054,0.4193,0.9038,0.0294,Failing,1
failing_calm_long,1882,18.2500,0.3191,0.9116,0.4176,0.9039,0.0295,Failing,1
failing_calm_long,1883,18.2667,0.3271,0.9005,0.4161,0.9022,0.0297,Failing,1
failing_calm_long,1884,18.2833,0.3354,0.9232,0.4148,0.9024,0.0299,Failing,1
failing_calm_long,1885,18.3000,0.3440,0.9416,0.4136,0.9027,0.0301,Failing,1
failing_calm_long,1886,18.3167,0.3529,0.9295,0.4126,0.9029,0.0303,Failing,1
failing_calm_long,1887,18.3333,0.3621,0.9430,0.4118,0.9033,0.0305,Failing,1
failing_calm_long,1888,18.3500,0.3715,0.9701,0.4111,0.9038,0.0308,Failing,1
failing_calm_long,1889,18.3667,0.3811,0.9638,0.4106,0.9043,0.0310,Failing,1
failing_calm_long,1890,18.3833,0.3908,0.9670,0.4103,0.9048,0.0312,Failing,1
failing_calm_long,1891,18.4000,0.4006,0.9959,0.4101,0.9056,0.0315,Failing,1
failing_calm_long,1892,18.4167,0.4106,0.9997,0.4102,0.9064,0.0317,Failing,1
failing_calm_long,1893,18.4333,0.4206,0.9964,0.4103,0.9071,0.0320,Failing,1
failing_calm_long,1894,18.4500,0.4307,1.0000,0.4107,0.9079,0.0322,Failing,1
failing_calm_long,1895,18.4667,0.4407,1.0000,0.4112,0.9086,0.0325,Failing,1
failing_calm_long,1896,18.4833,0.4508,1.0000,0.4118,0.9094,0.0327,Failing,1
failing_calm_long,1897,18.5000,0.4607,1.0000,0.4126,0.9102,0.0330,Failing,1
failing_calm_long,1898,18.5167,0.4706,1.0000,0.4136,0.9109,0.0332,Failing,1
failing_calm_long,1899,18.5333,0.4804,1.0000,0.4147,0.9116,0.0335,Failing,1
failing_calm_long,1900,18.5500,0.4900,1.0000,0.4159,0.9124,0.0337,Failing,1
failing_calm_long,1901,18.5667,0.4994,1.0000,0.4173,0.9131,0.0340,Failing,1
failing_calm_long,1902,18.5833,0.5087,1.0000,0.4188,0.9138,0.0342,Failing,1
failing_calm_long,1903,18.6000,0.5177,1.0000,0.4205,0.9145,0.0345,Failing,1
failing_calm_long,1904,18.6167,0.5264,1.0000,0.4222,0.9152,0.0347,Failing,1
failing_calm_long,1905,18.6333,0.5349,1.0000,0.4241,0.9159,0.0350,Failing,1
failing_calm_long,1906,18.6500,0.5431,1.0000,0.4260,0.9166,0.0352,Failing,1
failing_calm_long,1907,18.6667,0.5510,1.0000,0.4281,0.9173,0.0355,Failing,1
failing_calm_long,1908,18.6833,0.5586,1.0000,0.4303,0.9180,0.0357,Failing,1
failing_calm_long,1909,18.7000,0.5658,1.0000,0.4325,0.9187,0.0359,Failing,1
failing_calm_long,1910,18.7167,0.5726,1.0000,0.4348,0.9194,0.0362,Failing,1
failing_calm_long,1911,18.7333,0.5790,1.0000,0.4372,0.9200,0.0364,Failing,1
failing_calm_long,1912,18.7500,0.5851,1.0000,0.4396,0.9207,0.0366,Failing,1
failing_calm_long,1913,18.7667,0.5907,1.0000,0.4421,0.9214,0.0368,Failing,1
failing_calm_long,1914,18.7833,0.5960,1.0000,0.4447,0.9220,0.0370,Failing,1
failing_calm_long,1915,18.8000,0.6008,1.0000,0.4473,0.9227,0.0373,Failing,1
failing_calm_long,1916,18.8167,0.6051,1.0000,0.4499,0.9233,0.0375,Failing,1
failing_calm_long,1917,18.8333,0.6091,1.0000,0.4525,0.9239,0.0377,Failing,1
failing_calm_long,1918,18.8500,0.6125,1.0000,0.4551,0.9246,0.0378,Failing,1
failing_calm_long,1919,18.8667,0.6156,1.0000,0.4578,0.9252,0.0380,Failing,1
failing_calm_long,1920,18.8833,0.6181,1.0000,0.4604,0.9258,0.0382,Failing,1
failing_calm_long,1921,18.9000,0.6203,1.0000,0.4631,0.9264,0.0384,Failing,1
failing_calm_long,1922,18.9167,0.6220,1.0000,0.4657,0.9271,0.0386,Failing,1
failing_calm_long,1923,18.9333,0.6232,1.0000,0.4683,0.9277,0.0387,Failing,1
failing_calm_long,1924,18.9500,0.6240,1.0000,0.4709,0.9283,0.0389,Failing,1
failing_calm_long,1925,18.9667,0.6244,1.0000,0.4734,0.9289,0.0390,Failing,1
failing_calm_long,1926,18.9833,0.6243,1.0000,0.4759,0.9294,0.0392,Failing,1
failing_calm_long,1927,19.0000,0.6239,1.0000,0.4784,0.9300,0.0393,Failing,1
failing_calm_long,1928,19.0167,0.6230,1.0000,0.4808,0.9306,0.0394,Failing,1
failing_calm_long,1929,19.0333,0.6217,1.0000,0.4831,0.9312,0.0396,Failing,1
failing_calm_long,1930,19.0500,0.6201,1.0000,0.4854,0.9318,0.0397,Failing,1
failing_calm_long,1931,19.0667,0.6180,1.0000,0.4875,0.9323,0.0398,Failing,1
failing_calm_long,1932,19.0833,0.6156,1.0000,0.4897,0.9329,0.0399,Failing,1
failing_calm_long,1933,19.1000,0.6129,1.0000,0.4917,0.9334,0.0400,Failing,1
failing_calm_long,1934,19.1167,0.6098,1.0000,0.4937,0.9340,0.0401,Failing,1
failing_calm_long,1935,19.1333,0.6065,1.0000,0.4955,0.9345,0.0402,Failing,1
failing_calm_long,1936,19.1500,0.6028,1.0000,0.4973,0.9351,0.0402,Failing,1
failing_calm_long,1937,19.1667,0.5988,1.0000,0.4990,0.9356,0.0403,Failing,1
failing_calm_long,1938,19.1833,0.5946,1.0000,0.5006,0.9362,0.0404,Failing,1
failing_calm_long,1939,19.2000,0.5901,1.0000,0.5020,0.9367,0.0404,Failing,1
failing_calm_long,1940,19.2167,0.5854,1.0000,0.5034,0.9372,0.0405,Failing,1
failing_calm_long,1941,19.2333,0.5805,1.0000,0.5047,0.9377,0.0405,Failing,1
failing_calm_long,1942,19.2500,0.5754,1.0000,0.5059,0.9382,0.0406,Failing,1
failing_calm_long,1943,19.2667,0.5701,1.0000,0.5069,0.9388,0.0406,Failing,1
failing_calm_long,1944,19.2833,0.5647,1.0000,0.5079,0.9393,0.0406,Failing,1
failing_calm_long,1945,19.3000,0.5591,1.0000,0.5087,0.9398,0.0407,Failing,1
failing_calm_long,1946,19.3167,0.5534,1.0000,0.5095,0.9403,0.0407,Failing,1
failing_calm_long,1947,19.3333,0.5476,1.0000,0.5101,0.9408,0.0407,Failing,1
failing_calm_long,1948,19.3500,0.5417,1.0000,0.5106,0.9413,0.0408,Failing,1
failing_calm_long,1949,19.3667,0.5358,1.0000,0.5110,0.9417,0.0408,Failing,1
failing_calm_long,1950,19.3833,0.5298,1.0000,0.5113,0.9422,0.0408,Failing,1
failing_calm_long,1951,19.4000,0.5238,1.0000,0.5115,0.9427,0.0408,Failing,1
failing_calm_long,1952,19.4167,0.5178,1.0000,0.5116,0.9432,0.0408,Failing,1
failing_calm_long,1953,19.4333,0.5117,1.0000,0.5116,0.9437,0.0408,Failing,1
failing_calm_long,1954,19.4500,0.5057,1.0000,0.5115,0.9441,0.0408,Failing,1
failing_calm_long,1955,19.4667,0.4997,1.0000,0.5114,0.9446,0.0408,Failing,1
failing_calm_long,1956,19.4833,0.4938,1.0000,0.5111,0.9450,0.0408,Failing,1
failing_calm_long,1957,19.5000,0.4879,1.0000,0.5107,0.9455,0.0408,Failing,1
failing_calm_long,1958,19.5167,0.4821,1.0000,0.5102,0.9460,0.0408,Failing,1
failing_calm_long,1959,19.5333,0.4764,1.0000,0.5097,0.9464,0.0409,Failing,1
failing_calm_long,1960,19.5500,0.4708,1.0000,0.5090,0.9469,0.0409,Failing,1
failing_calm_long,1961,19.5667,0.4653,1.0000,0.5083,0.9473,0.0409,Failing,1
failing_calm_long,1962,19.5833,0.4600,1.0000,0.5075,0.9477,0.0409,Failing,1
failing_calm_long,1963,19.6000,0.4547,1.0000,0.5066,0.9482,0.0409,Failing,1
failing_calm_long,1964,19.6167,0.4496,1.0000,0.5057,0.9486,0.0409,Failing,1
failing_calm_long,1965,19.6333,0.4447,1.0000,0.5047,0.9490,0.0409,Failing,1
failing_calm_long,1966,19.6500,0.4399,1.0000,0.5036,0.9494,0.0409,Failing,1
failing_calm_long,1967,19.6667,0.4353,1.0000,0.5025,0.9499,0.0410,Failing,1
failing_calm_long,1968,19.6833,0.4308,1.0000,0.5013,0.9503,0.0410,Failing,1
failing_calm_long,1969,19.7000,0.4265,1.0000,0.5000,0.9507,0.0410,Failing,1
failing_calm_long,1970,19.7167,0.4225,1.0000,0.4988,0.9511,0.0410,Failing,1
failing_calm_long,1971,19.7333,0.4186,1.0000,0.4974,0.9515,0.0411,Failing,1
failing_calm_long,1972,19.7500,0.4149,0.9948,0.4961,0.9519,0.0411,Failing,1
failing_calm_long,1973,19.7667,0.4114,1.0000,0.4947,0.9523,0.0411,Failing,1
failing_calm_long,1974,19.7833,0.4081,0.9959,0.4932,0.9526,0.0412,Failing,1
failing_calm_long,1975,19.8000,0.4050,0.9864,0.4918,0.9529,0.0412,Failing,1
failing_calm_long,1976,19.8167,0.4021,0.9890,0.4903,0.9532,0.0413,Failing,1
failing_calm_long,1977,19.8333,0.3995,0.9877,0.4888,0.9535,0.0413,Failing,1
failing_calm_long,1978,19.8500,0.3970,0.9822,0.4873,0.9537,0.0414,Failing,1
failing_calm_long,1979,19.8667,0.3948,0.9797,0.4858,0.9539,0.0415,Failing,1
failing_calm_long,1980,19.8833,0.3928,0.9783,0.4842,0.9541,0.0416,Failing,1
failing_calm_long,1981,19.9000,0.3910,0.9790,0.4827,0.9544,0.0416,Failing,1
failing_calm_long,1982,19.9167,0.3894,0.9760,0.4811,0.9545,0.0417,Failing,1
failing_calm_long,1983,19.9333,0.3880,0.9698,0.4796,0.9547,0.0418,Failing,1
failing_calm_long,1984,19.9500,0.3869,0.9746,0.4781,0.9548,0.0419,Failing,1
failing_calm_long,1985,19.9667,0.3859,0.9768,0.4765,0.9550,0.0420,Failing,1
failing_calm_long,1986,19.9833,0.3852,0.9654,0.4750,0.9551,0.0421,Failing,1
failing_calm_long,1987,20.0000,0.3847,0.9686,0.4735,0.9552,0.0423,Failing,1
failing_calm_long,1988,20.0167,0.3845,0.9792,0.4721,0.9554,0.0424,Failing,1
failing_calm_long,1989,20.0333,0.3844,0.9667,0.4706,0.9555,0.0425,Failing,1
failing_calm_long,1990,20.0500,0.3845,0.9629,0.4692,0.9556,0.0427,Failing,1
failing_calm_long,1991,20.0667,0.3849,0.9804,0.4678,0.9558,0.0428,Failing,1
failing_calm_long,1992,20.0833,0.3855,0.9734,0.4664,0.9559,0.0430,Failing,1
failing_calm_long,1993,20.1000,0.3862,0.9605,0.4651,0.9560,0.0431,Failing,1
failing_calm_long,1994,20.1167,0.3872,0.9792,0.4638,0.9561,0.0433,Failing,1
failing_calm_long,1995,20.1333,0.3884,0.9828,0.4626,0.9564,0.0435,Failing,1
failing_calm_long,1996,20.1500,0.3898,0.9639,0.4614,0.9564,0.0437,Failing,1
failing_calm_long,1997,20.1667,0.3914,0.9767,0.4602,0.9566,0.0438,Failing,1
failing_calm_long,1998,20.1833,0.3932,0.9917,0.4591,0.9569,0.0440,Failing,1
failing_calm_long,1999,20.2000,0.3951,0.9735,0.4581,0.9570,0.0442,Failing,1
failing_calm_long,2000,20.2167,0.3973,0.9760,0.4570,0.9572,0.0444,Failing,1
failing_calm_long,2001,20.2333,0.3997,0.9979,0.4561,0.9575,0.0447,Failing,1
failing_calm_long,2002,20.2500,0.4022,0.9873,0.4552,0.9578,0.0449,Failing,1
failing_calm_long,2003,20.2667,0.4049,0.9800,0.4544,0.9580,0.0451,Failing,1
failing_calm_long,2004,20.2833,0.4078,1.0000,0.4536,0.9583,0.0454,Failing,1
failing_calm_long,2005,20.3000,0.4109,1.0000,0.4529,0.9586,0.0456,Failing,1
failing_calm_long,2006,20.3167,0.4141,0.9900,0.4523,0.9589,0.0458,Failing,1
failing_calm_long,2007,20.3333,0.4176,1.0000,0.4517,0.9592,0.0461,Failing,1
failing_calm_long,2008,20.3500,0.4211,1.0000,0.4512,0.9596,0.0464,Failing,1
failing_calm_long,2009,20.3667,0.4249,1.0000,0.4507,0.9599,0.0466,Failing,1
failing_calm_long,2010,20.3833,0.4288,1.0000,0.4504,0.9603,0.0469,Failing,1
failing_calm_long,2011,20.4000,0.4328,1.0000,0.4501,0.9606,0.0472,Failing,1
failing_calm_long,2012,20.4167,0.4370,1.0000,0.4499,0.9609,0.0474,Failing,1
failing_calm_long,2013,20.4333,0.4413,1.0000,0.4497,0.9612,0.0477,Failing,1
failing_calm_long,2014,20.4500,0.4457,1.0000,0.4497,0.9616,0.0480,Failing,1
failing_calm_long,2015,20.4667,0.4503,1.0000,0.4497,0.9619,0.0482,Failing,1
failing_calm_long,2016,20.4833,0.4550,1.0000,0.4498,0.9622,0.0485,Failing,1
failing_calm_long,2017,20.5000,0.4598,1.0000,0.4499,0.9625,0.0488,Failing,1
failing_calm_long,2018,20.5167,0.4646,1.0000,0.4502,0.9628,0.0491,Failing,1
failing_calm_long,2019,20.5333,0.4696,1.0000,0.4505,0.9631,0.0493,Failing,1
failing_calm_long,2020,20.5500,0.4747,1.0000,0.4509,0.9634,0.0496,Failing,1
failing_calm_long,2021,20.5667,0.4798,1.0000,0.4514,0.9637,0.0499,Failing,1
failing_calm_long,2022,20.5833,0.4850,1.0000,0.4519,0.9640,0.0502,Failing,1
failing_calm_long,2023,20.6000,0.4903,1.0000,0.4526,0.9643,0.0504,Failing,1
failing_calm_long,2024,20.6167,0.4956,1.0000,0.4533,0.9646,0.0507,Failing,1
failing_calm_long,2025,20.6333,0.5009,1.0000,0.4541,0.9649,0.0510,Failing,1
failing_calm_long,2026,20.6500,0.5062,1.0000,0.4549,0.9652,0.0512,Failing,1
failing_calm_long,2027,20.6667,0.5116,1.0000,0.4559,0.9655,0.0515,Failing,1
failing_calm_long,2028,20.6833,0.5170,1.0000,0.4569,0.9658,0.0517,Failing,1
failing_calm_long,2029,20.7000,0.5223,1.0000,0.4580,0.9661,0.0520,Failing,1
failing_calm_long,2030,20.7167,0.5276,1.0000,0.4591,0.9664,0.0523,Failing,1
failing_calm_long,2031,20.7333,0.5329,1.0000,0.4603,0.9666,0.0525,Failing,1
failing_calm_long,2032,20.7500,0.5381,1.0000,0.4616,0.9669,0.0527,Failing,1
failing_calm_long,2033,20.7667,0.5432,1.0000,0.4630,0.9672,0.0529,Failing,1
failing_calm_long,2034,20.7833,0.5482,1.0000,0.4644,0.9675,0.0531,Failing,1
failing_calm_long,2035,20.8000,0.5532,1.0000,0.4658,0.9677,0.0534,Failing,1
failing_calm_long,2036,20.8167,0.5580,1.0000,0.4674,0.9680,0.0536,Failing,1
failing_calm_long,2037,20.8333,0.5627,1.0000,0.4689,0.9683,0.0538,Failing,1
failing_calm_long,2038,20.8500,0.5673,1.0000,0.4706,0.9685,0.0539,Failing,1
failing_calm_long,2039,20.8667,0.5716,1.0000,0.4722,0.9688,0.0541,Failing,1
failing_calm_long,2040,20.8833,0.5759,1.0000,0.4739,0.9690,0.0543,Failing,1
failing_calm_long,2041,20.9000,0.5799,1.0000,0.4757,0.9693,0.0545,Failing,1
failing_calm_long,2042,20.9167,0.5837,1.0000,0.4775,0.9696,0.0546,Failing,1
failing_calm_long,2043,20.9333,0.5873,1.0000,0.4793,0.9698,0.0548,Failing,1
failing_calm_long,2044,20.9500,0.5906,1.0000,0.4811,0.9701,0.0549,Failing,1
failing_calm_long,2045,20.9667,0.5937,1.0000,0.4830,0.9703,0.0550,Failing,1
failing_calm_long,2046,20.9833,0.5965,1.0000,0.4849,0.9706,0.0551,Failing,1
failing_calm_long,2047,21.0000,0.5991,1.0000,0.4868,0.9708,0.0552,Failing,1
failing_calm_long,2048,21.0167,0.6013,1.0000,0.4887,0.9710,0.0554,Failing,1
failing_calm_long,2049,21.0333,0.6033,1.0000,0.4905,0.9713,0.0554,Failing,1
failing_calm_long,2050,21.0500,0.6049,1.0000,0.4924,0.9715,0.0555,Failing,1
failing_calm_long,2051,21.0667,0.6062,1.0000,0.4943,0.9718,0.0555,Failing,1
failing_calm_long,2052,21.0833,0.6072,1.0000,0.4962,0.9720,0.0556,Failing,1
failing_calm_long,2053,21.1000,0.6078,1.0000,0.4980,0.9722,0.0557,Failing,1
failing_calm_long,2054,21.1167,0.6080,1.0000,0.4998,0.9725,0.0557,Failing,1
failing_calm_long,2055,21.1333,0.6079,1.0000,0.5016,0.9727,0.0557,Failing,1
failing_calm_long,2056,21.1500,0.6074,1.0000,0.5034,0.9729,0.0557,Failing,1
failing_calm_long,2057,21.1667,0.6065,1.0000,0.5051,0.9731,0.0557,Failing,1
failing_calm_long,2058,21.1833,0.6052,1.0000,0.5067,0.9734,0.0557,Failing,1
failing_calm_long,2059,21.2000,0.6035,1.0000,0.5083,0.9736,0.0557,Failing,1
failing_calm_long,2060,21.2167,0.6015,1.0000,0.5099,0.9738,0.0557,Failing,1
failing_calm_long,2061,21.2333,0.5990,1.0000,0.5113,0.9740,0.0557,Failing,1
failing_calm_long,2062,21.2500,0.5961,1.0000,0.5128,0.9742,0.0557,Failing,1
failing_calm_long,2063,21.2667,0.5928,1.0000,0.5141,0.9744,0.0557,Failing,1
failing_calm_long,2064,21.2833,0.5891,1.0000,0.5153,0.9747,0.0557,Failing,1
failing_calm_long,2065,21.3000,0.5851,1.0000,0.5165,0.9749,0.0557,Failing,1
failing_calm_long,2066,21.3167,0.5806,1.0000,0.5175,0.9751,0.0557,Failing,1
failing_calm_long,2067,21.3333,0.5758,1.0000,0.5185,0.9753,0.0557,Failing,1
failing_calm_long,2068,21.3500,0.5705,1.0000,0.5194,0.9755,0.0557,Failing,1
failing_calm_long,2069,21.3667,0.5649,1.0000,0.5201,0.9757,0.0557,Failing,1
failing_calm_long,2070,21.3833,0.5590,1.0000,0.5207,0.9759,0.0557,Failing,1
failing_calm_long,2071,21.4000,0.5527,1.0000,0.5213,0.9761,0.0557,Failing,1
failing_calm_long,2072,21.4167,0.5460,1.0000,0.5217,0.9763,0.0557,Failing,1
failing_calm_long,2073,21.4333,0.5390,1.0000,0.5220,0.9765,0.0557,Failing,1
failing_calm_long,2074,21.4500,0.5318,1.0000,0.5221,0.9767,0.0557,Failing,1
failing_calm_long,2075,21.4667,0.5242,1.0000,0.5222,0.9769,0.0557,Failing,1
failing_calm_long,2076,21.4833,0.5164,1.0000,0.5221,0.9771,0.0557,Failing,1
failing_calm_long,2077,21.5000,0.5083,1.0000,0.5218,0.9773,0.0557,Failing,1
failing_calm_long,2078,21.5167,0.5000,1.0000,0.5215,0.9774,0.0557,Failing,1
failing_calm_long,2079,21.5333,0.4914,1.0000,0.5210,0.9776,0.0557,Failing,1
failing_calm_long,2080,21.5500,0.4827,1.0000,0.5204,0.9778,0.0557,Failing,1
failing_calm_long,2081,21.5667,0.4738,1.0000,0.5196,0.9780,0.0557,Failing,1
failing_calm_long,2082,21.5833,0.4648,1.0000,0.5187,0.9782,0.0557,Failing,1
failing_calm_long,2083,21.6000,0.4556,1.0000,0.5176,0.9784,0.0557,Failing,1
failing_calm_long,2084,21.6167,0.4464,1.0000,0.5165,0.9785,0.0557,Failing,1
failing_calm_long,2085,21.6333,0.4371,1.0000,0.5151,0.9787,0.0557,Failing,1
failing_calm_long,2086,21.6500,0.4278,1.0000,0.5137,0.9789,0.0557,Failing,1
failing_calm_long,2087,21.6667,0.4185,1.0000,0.5121,0.9791,0.0557,Failing,1
failing_calm_long,2088,21.6833,0.4092,0.9906,0.5104,0.9792,0.0557,Failing,1
failing_calm_long,2089,21.7000,0.3999,0.9861,0.5086,0.9792,0.0557,Failing,1
failing_calm_long,2090,21.7167,0.3907,0.9793,0.5067,0.9792,0.0557,Failing,1
failing_calm_long,2091,21.7333,0.3817,0.9670,0.5046,0.9772,0.0557,Failing,1
failing_calm_long,2092,21.7500,0.3727,0.9577,0.5024,0.9753,0.0557,Failing,1
failing_calm_long,2093,21.7667,0.3640,0.9494,0.5001,0.9733,0.0557,Failing,1
failing_calm_long,2094,21.7833,0.3554,0.9432,0.4977,0.9713,0.0557,Failing,1
failing_calm_long,2095,21.8000,0.3471,0.9343,0.4952,0.9693,0.0557,Failing,1
failing_calm_long,2096,21.8167,0.3390,0.9210,0.4927,0.9674,0.0557,Failing,1
failing_calm_long,2097,21.8333,0.3312,0.9181,0.4900,0.9654,0.0557,Failing,1
failing_calm_long,2098,21.8500,0.3238,0.9152,0.4872,0.9635,0.0557,Failing,1
failing_calm_long,2099,21.8667,0.3166,0.8977,0.4844,0.9616,0.0557,Failing,1
failing_calm_long,2100,21.8833,0.3099,0.8924,0.4815,0.9597,0.0557,Failing,1
failing_calm_long,2101,21.9000,0.3035,0.8981,0.4786,0.9577,0.0557,Failing,1
failing_calm_long,2102,21.9167,0.2975,0.8816,0.4756,0.9558,0.0557,Failing,1
failing_calm_long,2103,21.9333,0.2920,0.8693,0.4726,0.9539,0.0557,Failing,1
failing_calm_long,2104,21.9500,0.2869,0.8813,0.4695,0.9520,0.0557,Failing,1
failing_calm_long,2105,21.9667,0.2824,0.8724,0.4664,0.9502,0.0557,Failing,1
failing_calm_long,2106,21.9833,0.2783,0.8524,0.4633,0.9483,0.0557,Failing,1
failing_calm_long,2107,22.0000,0.2747,0.8645,0.4602,0.9464,0.0557,Failing,1
failing_calm_long,2108,22.0167,0.2717,0.8677,0.4571,0.9445,0.0557,Failing,1
failing_calm_long,2109,22.0333,0.2692,0.8444,0.4540,0.9427,0.0557,Failing,1
failing_calm_long,2110,22.0500,0.2672,0.8502,0.4509,0.9408,0.0557,Failing,1
failing_calm_long,2111,22.0667,0.2659,0.8649,0.4478,0.9390,0.0557,Failing,1
failing_calm_long,2112,22.0833,0.2651,0.8456,0.4448,0.9372,0.0557,Failing,1
failing_calm_long,2113,22.1000,0.2649,0.8418,0.4418,0.9353,0.0557,Failing,1
failing_calm_long,2114,22.1167,0.2653,0.8627,0.4389,0.9335,0.0557,Failing,1
failing_calm_long,2115,22.1333,0.2663,0.8537,0.4360,0.9317,0.0557,Failing,1
failing_calm_long,2116,22.1500,0.2679,0.8422,0.4333,0.9299,0.0557,Failing,1
failing_calm_long,2117,22.1667,0.2701,0.8622,0.4306,0.9281,0.0557,Failing,1
failing_calm_long,2118,22.1833,0.2729,0.8657,0.4280,0.9263,0.0557,Failing,1
failing_calm_long,2119,22.2000,0.2763,0.8525,0.4255,0.9245,0.0557,Failing,1
failing_calm_long,2120,22.2167,0.2802,0.8662,0.4231,0.9228,0.0557,Failing,1
failing_calm_long,2121,22.2333,0.2847,0.8792,0.4208,0.9210,0.0557,Failing,1
failing_calm_long,2122,22.2500,0.2898,0.8709,0.4186,0.9192,0.0557,Failing,1
failing_calm_long,2123,22.2667,0.2955,0.8775,0.4166,0.9175,0.0557,Failing,1
failing_calm_long,2124,22.2833,0.3017,0.8938,0.4147,0.9157,0.0557,Failing,1
failing_calm_long,2125,22.3000,0.3084,0.8941,0.4129,0.9140,0.0557,Failing,1
failing_calm_long,2126,22.3167,0.3156,0.8975,0.4113,0.9122,0.0557,Failing,1
failing_calm_long,2127,22.3333,0.3233,0.9112,0.4099,0.9105,0.0557,Failing,1
failing_calm_long,2128,22.3500,0.3315,0.9191,0.4086,0.9106,0.0557,Failing,1
failing_calm_long,2129,22.3667,0.3401,0.9250,0.4074,0.9107,0.0557,Failing,1
failing_calm_long,2130,22.3833,0.3491,0.9341,0.4065,0.9109,0.0557,Failing,1
failing_calm_long,2131,22.4000,0.3585,0.9443,0.4057,0.9112,0.0557,Failing,1
failing_calm_long,2132,22.4167,0.3682,0.9566,0.4050,0.9115,0.0557,Failing,1
failing_calm_long,2133,22.4333,0.3783,0.9638,0.4046,0.9120,0.0557,Failing,1
failing_calm_long,2134,22.4500,0.3887,0.9707,0.4043,0.9125,0.0557,Failing,1
failing_calm_long,2135,22.4667,0.3994,0.9889,0.4043,0.9131,0.0557,Failing,1
failing_calm_long,2136,22.4833,0.4103,0.9995,0.4044,0.9138,0.0557,Failing,1
failing_calm_long,2137,22.5000,0.4214,1.0000,0.4046,0.9145,0.0557,Failing,1
failing_calm_long,2138,22.5167,0.4327,1.0000,0.4051,0.9152,0.0557,Failing,1
failing_calm_long,2139,22.5333,0.4441,1.0000,0.4058,0.9159,0.0557,Failing,1
failing_calm_long,2140,22.5500,0.4556,1.0000,0.4066,0.9166,0.0557,Failing,1
failing_calm_long,2141,22.5667,0.4672,1.0000,0.4076,0.9173,0.0560,Failing,1
failing_calm_long,2142,22.5833,0.4788,1.0000,0.4088,0.9180,0.0563,Failing,1
failing_calm_long,2143,22.6000,0.4904,1.0000,0.4101,0.9187,0.0566,Failing,1
failing_calm_long,2144,22.6167,0.5020,1.0000,0.4116,0.9194,0.0569,Failing,1
failing_calm_long,2145,22.6333,0.5135,1.0000,0.4133,0.9200,0.0571,Failing,1
failing_calm_long,2146,22.6500,0.5249,1.0000,0.4151,0.9207,0.0574,Failing,1
failing_calm_long,2147,22.6667,0.5361,1.0000,0.4171,0.9214,0.0577,Failing,1
failing_calm_long,2148,22.6833,0.5472,1.0000,0.4193,0.9220,0.0580,Failing,1
failing_calm_long,2149,22.7000,0.5580,1.0000,0.4216,0.9227,0.0583,Failing,1
failing_calm_long,2150,22.7167,0.5686,1.0000,0.4240,0.9233,0.0585,Failing,1
failing_calm_long,2151,22.7333,0.5789,1.0000,0.4266,0.9239,0.0588,Failing,1
failing_calm_long,2152,22.7500,0.5889,1.0000,0.4293,0.9246,0.0590,Failing,1
failing_calm_long,2153,22.7667,0.5986,1.0000,0.4321,0.9252,0.0593,Failing,1
failing_calm_long,2154,22.7833,0.6079,1.0000,0.4350,0.9258,0.0595,Failing,1
failing_calm_long,2155,22.8000,0.6168,1.0000,0.4380,0.9264,0.0598,Failing,1
failing_calm_long,2156,22.8167,0.6253,1.0000,0.4411,0.9270,0.0600,Failing,1
failing_calm_long,2157,22.8333,0.6333,1.0000,0.4443,0.9277,0.0602,Failing,1
failing_calm_long,2158,22.8500,0.6409,1.0000,0.4475,0.9283,0.0605,Failing,1
failing_calm_long,2159,22.8667,0.6480,1.0000,0.4508,0.9288,0.0607,Failing,1
failing_calm_long,2160,22.8833,0.6545,1.0000,0.4542,0.9294,0.0609,Failing,1
failing_calm_long,2161,22.9000,0.6605,1.0000,0.4576,0.9300,0.0611,Failing,1
failing_calm_long,2162,22.9167,0.6660,1.0000,0.4610,0.9306,0.0613,Failing,1
failing_calm_long,2163,22.9333,0.6709,1.0000,0.4645,0.9312,0.0615,Failing,1
failing_calm_long,2164,22.9500,0.6753,1.0000,0.4680,0.9318,0.0616,Failing,1
failing_calm_long,2165,22.9667,0.6790,1.0000,0.4715,0.9323,0.0618,Failing,1
failing_calm_long,2166,22.9833,0.6822,1.0000,0.4750,0.9329,0.0619,Failing,1
failing_calm_long,2167,23.0000,0.6848,1.0000,0.4784,0.9334,0.0621,Failing,1
failing_calm_long,2168,23.0167,0.6867,1.0000,0.4819,0.9340,0.0622,Failing,1
failing_calm_long,2169,23.0333,0.6881,1.0000,0.4853,0.9345,0.0624,Failing,1
failing_calm_long,2170,23.0500,0.6888,1.0000,0.4886,0.9351,0.0625,Failing,1
failing_calm_long,2171,23.0667,0.6890,1.0000,0.4920,0.9356,0.0626,Failing,1
failing_calm_long,2172,23.0833,0.6885,1.0000,0.4952,0.9362,0.0627,Failing,1
failing_calm_long,2173,23.1000,0.6875,1.0000,0.4984,0.9367,0.0628,Failing,1
failing_calm_long,2174,23.1167,0.6859,1.0000,0.5015,0.9372,0.0629,Failing,1
failing_calm_long,2175,23.1333,0.6836,1.0000,0.5045,0.9377,0.0629,Failing,1
failing_calm_long,2176,23.1500,0.6809,1.0000,0.5074,0.9382,0.0630,Failing,1
failing_calm_long,2177,23.1667,0.6775,1.0000,0.5102,0.9388,0.0630,Failing,1
failing_calm_long,2178,23.1833,0.6736,1.0000,0.5129,0.9393,0.0631,Failing,1
failing_calm_long,2179,23.2000,0.6692,1.0000,0.5155,0.9398,0.0631,Failing,1
failing_calm_long,2180,23.2167,0.6643,1.0000,0.5180,0.9403,0.0632,Failing,1
failing_calm_long,2181,23.2333,0.6590,1.0000,0.5203,0.9408,0.0632,Failing,1
failing_calm_long,2182,23.2500,0.6531,1.0000,0.5225,0.9413,0.0632,Failing,1
failing_calm_long,2183,23.2667,0.6468,1.0000,0.5245,0.9417,0.0632,Failing,1
failing_calm_long,2184,23.2833,0.6401,1.0000,0.5265,0.9422,0.0632,Failing,1
failing_calm_long,2185,23.3000,0.6330,1.0000,0.5282,0.9427,0.0632,Failing,1
failing_calm_long,2186,23.3167,0.6255,1.0000,0.5298,0.9432,0.0632,Failing,1
failing_calm_long,2187,23.3333,0.6177,1.0000,0.5313,0.9437,0.0632,Failing,1
failing_calm_long,2188,23.3500,0.6096,1.0000,0.5326,0.9441,0.0632,Failing,1
failing_calm_long,2189,23.3667,0.6012,1.0000,0.5337,0.9446,0.0632,Failing,1
failing_calm_long,2190,23.3833,0.5925,1.0000,0.5347,0.9450,0.0632,Failing,1
failing_calm_long,2191,23.4000,0.5836,1.0000,0.5355,0.9455,0.0632,Failing,1
failing_calm_long,2192,23.4167,0.5745,1.0000,0.5361,0.9460,0.0632,Failing,1
failing_calm_long,2193,23.4333,0.5653,1.0000,0.5366,0.9464,0.0632,Failing,1
failing_calm_long,2194,23.4500,0.5559,1.0000,0.5369,0.9468,0.0632,Failing,1
failing_calm_long,2195,23.4667,0.5464,1.0000,0.5371,0.9473,0.0632,Failing,1
failing_calm_long,2196,23.4833,0.5368,1.0000,0.5371,0.9477,0.0632,Failing,1
failing_calm_long,2197,23.5000,0.5272,1.0000,0.5369,0.9482,0.0632,Failing,1
failing_calm_long,2198,23.5167,0.5176,1.0000,0.5366,0.9486,0.0632,Failing,1
failing_calm_long,2199,23.5333,0.5079,1.0000,0.5361,0.9490,0.0632,Failing,1
failing_calm_long,2200,23.5500,0.4984,1.0000,0.5355,0.9494,0.0632,Failing,1
failing_calm_long,2201,23.5667,0.4889,1.0000,0.5347,0.9499,0.0632,Failing,1
failing_calm_long,2202,23.5833,0.4795,1.0000,0.5338,0.9503,0.0632,Failing,1
failing_calm_long,2203,23.6000,0.4702,1.0000,0.5328,0.9507,0.0632,Failing,1
failing_calm_long,2204,23.6167,0.4611,1.0000,0.5316,0.9511,0.0632,Failing,1
failing_calm_long,2205,23.6333,0.4521,1.0000,0.5303,0.9515,0.0632,Failing,1
failing_calm_long,2206,23.6500,0.4434,1.0000,0.5288,0.9519,0.0632,Failing,1
failing_calm_long,2207,23.6667,0.4349,1.0000,0.5273,0.9523,0.0632,Failing,1
failing_calm_long,2208,23.6833,0.4266,1.0000,0.5256,0.9527,0.0632,Failing,1
failing_calm_long,2209,23.7000,0.4186,1.0000,0.5238,0.9531,0.0632,Failing,1
failing_calm_long,2210,23.7167,0.4109,0.9968,0.5220,0.9535,0.0632,Failing,1
failing_calm_long,2211,23.7333,0.4035,0.9952,0.5200,0.9538,0.0632,Failing,1
failing_calm_long,2212,23.7500,0.3964,0.9785,0.5180,0.9540,0.0632,Failing,1
failing_calm_long,2213,23.7667,0.3897,0.9710,0.5159,0.9541,0.0632,Failing,1
failing_calm_long,2214,23.7833,0.3833,0.9775,0.5137,0.9543,0.0632,Failing,1
failing_calm_long,2215,23.8000,0.3773,0.9631,0.5114,0.9544,0.0632,Failing,1
failing_calm_long,2216,23.8167,0.3716,0.9481,0.5091,0.9525,0.0632,Failing,1
failing_calm_long,2217,23.8333,0.3664,0.9592,0.5067,0.9526,0.0632,Failing,1
failing_calm_long,2218,23.8500,0.3615,0.9534,0.5043,0.9526,0.0632,Failing,1
failing_calm_long,2219,23.8667,0.3571,0.9315,0.5019,0.9507,0.0632,Failing,1
failing_calm_long,2220,23.8833,0.3530,0.9406,0.4994,0.9488,0.0632,Failing,1
failing_calm_long,2221,23.9000,0.3494,0.9467,0.4970,0.9469,0.0632,Failing,1
failing_calm_long,2222,23.9167,0.3462,0.9230,0.4945,0.9451,0.0632,Failing,1
failing_calm_long,2223,23.9333,0.3435,0.9241,0.4920,0.9432,0.0632,Failing,1
failing_calm_long,2224,23.9500,0.3411,0.9401,0.4895,0.9414,0.0632,Failing,1
failing_calm_long,2225,23.9667,0.3392,0.9219,0.4870,0.9395,0.0632,Failing,1
failing_calm_long,2226,23.9833,0.3376,0.9129,0.4845,0.9377,0.0632,Failing,1
failing_calm_long,2227,24.0000,0.3365,0.9327,0.4821,0.9359,0.0632,Failing,1
failing_calm_long,2228,24.0167,0.3358,0.9255,0.4797,0.9340,0.0632,Failing,1
failing_calm_long,2229,24.0333,0.3355,0.9095,0.4773,0.9322,0.0632,Failing,1
failing_calm_long,2230,24.0500,0.3356,0.9259,0.4749,0.9304,0.0632,Failing,1
failing_calm_long,2231,24.0667,0.3361,0.9305,0.4727,0.9304,0.0632,Failing,1
failing_calm_long,2232,24.0833,0.3370,0.9140,0.4704,0.9286,0.0632,Failing,1
failing_calm_long,2233,24.1000,0.3382,0.9224,0.4682,0.9268,0.0632,Failing,1
failing_calm_long,2234,24.1167,0.3398,0.9347,0.4661,0.9269,0.0632,Failing,1
failing_calm_long,2235,24.1333,0.3417,0.9240,0.4640,0.9251,0.0632,Failing,1
failing_calm_long,2236,24.1500,0.3439,0.9249,0.4621,0.9233,0.0632,Failing,1
failing_calm_long,2237,24.1667,0.3465,0.9383,0.4601,0.9235,0.0632,Failing,1
failing_calm_long,2238,24.1833,0.3494,0.9361,0.4583,0.9236,0.0632,Failing,1
failing_calm_long,2239,24.2000,0.3525,0.9342,0.4566,0.9236,0.0632,Failing,1
failing_calm_long,2240,24.2167,0.3560,0.9434,0.4549,0.9238,0.0632,Failing,1
failing_calm_long,2241,24.2333,0.3597,0.9476,0.4533,0.9240,0.0632,Failing,1
failing_calm_long,2242,24.2500,0.3636,0.9486,0.4518,0.9242,0.0632,Failing,1
failing_calm_long,2243,24.2667,0.3678,0.9527,0.4505,0.9245,0.0632,Failing,1
failing_calm_long,2244,24.2833,0.2605,0.8462,0.4473,0.9227,0.0632,Failing,1
failing_calm_long,2245,24.3000,0.2637,0.8520,0.4443,0.9209,0.0632,Failing,1
failing_calm_long,2246,24.3167,0.2670,0.8531,0.4414,0.9191,0.0632,Failing,1
failing_calm_long,2247,24.3333,0.2704,0.8522,0.4385,0.9174,0.0632,Failing,1
failing_calm_long,2248,24.3500,0.2739,0.8627,0.4358,0.9156,0.0632,Failing,1
failing_calm_long,2249,24.3667,0.2776,0.8677,0.4332,0.9139,0.0632,Failing,1
failing_calm_long,2250,24.3833,0.2813,0.8606,0.4307,0.9122,0.0632,Failing,1
failing_calm_long,2251,24.4000,0.2850,0.8704,0.4283,0.9104,0.0632,Failing,1
failing_calm_long,2252,24.4167,0.2888,0.8834,0.4260,0.9087,0.0632,Failing,1
failing_calm_long,2253,24.4333,0.2927,0.8733,0.4238,0.9070,0.0632,Failing,1
failing_calm_long,2254,24.4500,0.2966,0.8763,0.4217,0.9053,0.0632,Failing,1
failing_calm_long,2255,24.4667,0.3005,0.8969,0.4197,0.9036,0.0632,Failing,1
failing_calm_long,2256,24.4833,0.3044,0.8901,0.4178,0.9019,0.0632,Failing,1
failing_calm_long,2257,24.5000,0.3083,0.8831,0.4159,0.9002,0.0632,Failing,1
failing_calm_long,2258,24.5167,0.3123,0.9062,0.4142,0.9002,0.0632,Failing,1
failing_calm_long,2259,24.5333,0.3162,0.9086,0.4126,0.9003,0.0632,Failing,1
failing_calm_long,2260,24.5500,0.4572,1.0000,0.4134,0.9011,0.0633,Failing,1
failing_calm_long,2261,24.5667,0.4627,1.0000,0.4142,0.9019,0.0637,Failing,1
failing_calm_long,2262,24.5833,0.4681,1.0000,0.4151,0.9028,0.0640,Failing,1
failing_calm_long,2263,24.6000,0.4735,1.0000,0.4160,0.9036,0.0643,Failing,1
failing_calm_long,2264,24.6167,0.4788,1.0000,0.4171,0.9044,0.0646,Failing,1
failing_calm_long,2265,24.6333,0.4839,1.0000,0.4182,0.9052,0.0649,Failing,1
failing_calm_long,2266,24.6500,0.4890,1.0000,0.4193,0.9059,0.0652,Failing,1
failing_calm_long,2267,24.6667,0.4940,1.0000,0.4206,0.9067,0.0656,Failing,1
failing_calm_long,2268,24.6833,0.4988,1.0000,0.4219,0.9075,0.0659,Failing,1
failing_calm_long,2269,24.7000,0.5036,1.0000,0.4232,0.9083,0.0662,Failing,1
failing_calm_long,2270,24.7167,0.5082,1.0000,0.4246,0.9090,0.0665,Failing,1
failing_calm_long,2271,24.7333,0.5126,1.0000,0.4261,0.9098,0.0668,Failing,1
failing_calm_long,2272,24.7500,0.5169,1.0000,0.4276,0.9105,0.0671,Failing,1
failing_calm_long,2273,24.7667,0.5210,1.0000,0.4291,0.9113,0.0673,Failing,1
failing_calm_long,2274,24.7833,0.5250,1.0000,0.4307,0.9120,0.0676,Failing,1
failing_calm_long,2275,24.8000,0.5288,1.0000,0.4323,0.9127,0.0679,Failing,1
failing_calm_long,2276,24.8167,0.5324,1.0000,0.4340,0.9135,0.0682,Failing,1
failing_calm_long,2277,24.8333,0.5359,1.0000,0.4357,0.9142,0.0685,Failing,1
failing_calm_long,2278,24.8500,0.5392,1.0000,0.4374,0.9149,0.0687,Failing,1
failing_calm_long,2279,24.8667,0.5423,1.0000,0.4391,0.9156,0.0689,Failing,1
failing_calm_long,2280,24.8833,0.5452,1.0000,0.4409,0.9163,0.0692,Failing,1
failing_calm_long,2281,24.9000,0.5479,1.0000,0.4426,0.9170,0.0694,Failing,1
failing_calm_long,2282,24.9167,0.5504,1.0000,0.4444,0.9177,0.0697,Failing,1
failing_calm_long,2283,24.9333,0.5528,1.0000,0.4462,0.9184,0.0699,Failing,1
failing_calm_long,2284,24.9500,0.5549,1.0000,0.4480,0.9190,0.0701,Failing,1
failing_calm_long,2285,24.9667,0.5568,1.0000,0.4498,0.9197,0.0703,Failing,1
failing_calm_long,2286,24.9833,0.5586,1.0000,0.4516,0.9204,0.0705,Failing,1
failing_calm_long,2287,25.0000,0.5601,1.0000,0.4534,0.9210,0.0707,Failing,1
failing_calm_long,2288,25.0167,0.5614,1.0000,0.4552,0.9217,0.0709,Failing,1
failing_calm_long,2289,25.0333,0.5626,1.0000,0.4570,0.9224,0.0710,Failing,1
failing_calm_long,2290,25.0500,0.5635,1.0000,0.4587,0.9230,0.0712,Failing,1
failing_calm_long,2291,25.0667,0.5642,1.0000,0.4605,0.9236,0.0713,Failing,1
failing_calm_long,2292,25.0833,0.5647,1.0000,0.4622,0.9243,0.0714,Failing,1
failing_calm_long,2293,25.1000,0.5649,1.0000,0.4639,0.9249,0.0716,Failing,1
failing_calm_long,2294,25.1167,0.5650,1.0000,0.4655,0.9255,0.0717,Failing,1
failing_calm_long,2295,25.1333,0.5649,1.0000,0.4672,0.9261,0.0718,Failing,1
failing_calm_long,2296,25.1500,0.5645,1.0000,0.4688,0.9268,0.0719,Failing,1
failing_calm_long,2297,25.1667,0.5640,1.0000,0.4704,0.9274,0.0720,Failing,1
failing_calm_long,2298,25.1833,0.5632,1.0000,0.4719,0.9280,0.0721,Failing,1
failing_calm_long,2299,25.2000,0.5622,1.0000,0.4734,0.9286,0.0721,Failing,1
failing_calm_long,2300,25.2167,0.5611,1.0000,0.4749,0.9292,0.0722,Failing,1
failing_calm_long,2301,25.2333,0.5597,1.0000,0.4763,0.9297,0.0723,Failing,1
failing_calm_long,2302,25.2500,0.5581,1.0000,0.4776,0.9303,0.0723,Failing,1
failing_calm_long,2303,25.2667,0.5563,1.0000,0.4789,0.9309,0.0723,Failing,1
failing_calm_long,2304,25.2833,0.5542,1.0000,0.4802,0.9315,0.0724,Failing,1
failing_calm_long,2305,25.3000,0.5520,1.0000,0.4813,0.9320,0.0724,Failing,1
failing_calm_long,2306,25.3167,0.5496,1.0000,0.4825,0.9326,0.0724,Failing,1
failing_calm_long,2307,25.3333,0.5470,1.0000,0.4835,0.9332,0.0724,Failing,1
failing_calm_long,2308,25.3500,0.5442,1.0000,0.4845,0.9337,0.0724,Failing,1
failing_calm_long,2309,25.3667,0.5411,1.0000,0.4855,0.9343,0.0724,Failing,1
failing_calm_long,2310,25.3833,0.5379,1.0000,0.4863,0.9348,0.0724,Failing,1
failing_calm_long,2311,25.4000,0.5345,1.0000,0.4871,0.9354,0.0724,Failing,1
failing_calm_long,2312,25.4167,0.5310,1.0000,0.4879,0.9359,0.0724,Failing,1
failing_calm_long,2313,25.4333,0.5272,1.0000,0.4885,0.9364,0.0724,Failing,1
failing_calm_long,2314,25.4500,0.5232,1.0000,0.4891,0.9370,0.0724,Failing,1
failing_calm_long,2315,25.4667,0.5191,1.0000,0.4896,0.9375,0.0724,Failing,1
failing_calm_long,2316,25.4833,0.5149,1.0000,0.4900,0.9380,0.0724,Failing,1
failing_calm_long,2317,25.5000,0.5104,1.0000,0.4903,0.9385,0.0724,Failing,1
failing_calm_long,2318,25.5167,0.5058,1.0000,0.4906,0.9390,0.0724,Failing,1
failing_calm_long,2319,25.5333,0.5011,1.0000,0.4908,0.9395,0.0724,Failing,1
failing_calm_long,2320,25.5500,0.4962,1.0000,0.4909,0.9400,0.0724,Failing,1
failing_calm_long,2321,25.5667,0.4912,1.0000,0.4909,0.9405,0.0724,Failing,1
failing_calm_long,2322,25.5833,0.4861,1.0000,0.4908,0.9410,0.0724,Failing,1
failing_calm_long,2323,25.6000,0.4808,1.0000,0.4906,0.9415,0.0724,Failing,1
failing_calm_long,2324,25.6167,0.4755,1.0000,0.4904,0.9420,0.0724,Failing,1
failing_calm_long,2325,25.6333,0.4701,1.0000,0.4900,0.9425,0.0724,Failing,1
failing_calm_long,2326,25.6500,0.4645,1.0000,0.4896,0.9430,0.0724,Failing,1
failing_calm_long,2327,25.6667,0.4589,1.0000,0.4891,0.9434,0.0724,Failing,1
failing_calm_long,2328,25.6833,0.4533,1.0000,0.4885,0.9439,0.0724,Failing,1
failing_calm_long,2329,25.7000,0.4476,1.0000,0.4878,0.9444,0.0724,Failing,1
failing_calm_long,2330,25.7167,0.4419,1.0000,0.4871,0.9448,0.0724,Failing,1
failing_calm_long,2331,25.7333,0.4361,1.0000,0.4862,0.9453,0.0724,Failing,1
failing_calm_long,2332,25.7500,0.4304,1.0000,0.4853,0.9457,0.0724,Failing,1
failing_calm_long,2333,25.7667,0.4247,1.0000,0.4843,0.9462,0.0724,Failing,1
failing_calm_long,2334,25.7833,0.4189,1.0000,0.4832,0.9466,0.0724,Failing,1
failing_calm_long,2335,25.8000,0.4133,0.9919,0.4821,0.9470,0.0724,Failing,1
failing_calm_long,2336,25.8167,0.4077,0.9862,0.4808,0.9473,0.0724,Failing,1
failing_calm_long,2337,25.8333,0.4021,1.0000,0.4795,0.9478,0.0724,Failing,1
failing_calm_long,2338,25.8500,0.3967,0.9819,0.4782,0.9481,0.0724,Failing,1
failing_calm_long,2339,25.8667,0.3913,0.9654,0.4767,0.9482,0.0724,Failing,1
failing_calm_long,2340,25.8833,0.3861,0.9807,0.4752,0.9485,0.0724,Failing,1
failing_calm_long,2341,25.9000,0.3810,0.9729,0.4737,0.9487,0.0724,Failing,1
failing_calm_long,2342,25.9167,0.3761,0.9502,0.4721,0.9487,0.0724,Failing,1
failing_calm_long,2343,25.9333,0.3714,0.9595,0.4704,0.9488,0.0724,Failing,1
failing_calm_long,2344,25.9500,0.3668,0.9624,0.4687,0.9489,0.0724,Failing,1
failing_calm_long,2345,25.9667,0.3625,0.9405,0.4669,0.9470,0.0724,Failing,1
failing_calm_long,2346,25.9833,0.3584,0.9407,0.4651,0.9452,0.0724,Failing,1
failing_calm_long,2347,26.0000,0.3545,0.9495,0.4633,0.9452,0.0724,Failing,1
failing_calm_long,2348,26.0167,0.3509,0.9345,0.4615,0.9433,0.0724,Failing,1
failing_calm_long,2349,26.0333,0.3475,0.9275,0.4596,0.9415,0.0724,Failing,1
failing_calm_long,2350,26.0500,0.3445,0.9357,0.4577,0.9396,0.0724,Failing,1
failing_calm_long,2351,26.0667,0.3417,0.9295,0.4558,0.9378,0.0724,Failing,1
failing_calm_long,2352,26.0833,0.3393,0.9208,0.4538,0.9360,0.0724,Failing,1
failing_calm_long,2353,26.1000,0.3372,0.9241,0.4519,0.9341,0.0724,Failing,1
failing_calm_long,2354,26.1167,0.3355,0.9238,0.4500,0.9323,0.0724,Failing,1
failing_calm_long,2355,26.1333,0.3341,0.9192,0.4481,0.9305,0.0724,Failing,1
failing_calm_long,2356,26.1500,0.3331,0.9180,0.4462,0.9287,0.0724,Failing,1
failing_calm_long,2357,26.1667,0.3325,0.9180,0.4443,0.9269,0.0724,Failing,1
failing_calm_long,2358,26.1833,0.3322,0.9203,0.4424,0.9251,0.0724,Failing,1
failing_calm_long,2359,26.2000,0.3324,0.9191,0.4406,0.9234,0.0724,Failing,1
failing_calm_long,2360,26.2167,0.3330,0.9148,0.4388,0.9216,0.0724,Failing,1
failing_calm_long,2361,26.2333,0.3340,0.9218,0.4371,0.9216,0.0724,Failing,1
failing_calm_long,2362,26.2500,0.3354,0.9263,0.4354,0.9216,0.0724,Failing,1
failing_calm_long,2363,26.2667,0.3372,0.9174,0.4338,0.9199,0.0724,Failing,1
failing_calm_long,2364,26.2833,0.3395,0.9235,0.4322,0.9199,0.0724,Failing,1
failing_calm_long,2365,26.3000,0.3422,0.9370,0.4307,0.9200,0.0724,Failing,1
failing_calm_long,2366,26.3167,0.3454,0.9276,0.4293,0.9201,0.0726,Failing,1
failing_calm_long,2367,26.3333,0.3489,0.9273,0.4280,0.9202,0.0728,Failing,1
failing_calm_long,2368,26.3500,0.3529,0.9484,0.4268,0.9204,0.0731,Failing,1
failing_calm_long,2369,26.3667,0.3573,0.9452,0.4256,0.9206,0.0734,Failing,1
failing_calm_long,2370,26.3833,0.3621,0.9364,0.4246,0.9207,0.0737,Failing,1
failing_calm_long,2371,26.4000,0.3673,0.9594,0.4236,0.9211,0.0740,Failing,1
failing_calm_long,2372,26.4167,0.3730,0.9673,0.4228,0.9214,0.0743,Failing,1
failing_calm_long,2373,26.4333,0.3790,0.9531,0.4221,0.9217,0.0746,Failing,1
failing_calm_long,2374,26.4500,0.3854,0.9708,0.4215,0.9221,0.0749,Failing,1
failing_calm_long,2375,26.4667,0.3922,0.9906,0.4210,0.9227,0.0753,Failing,1
failing_calm_long,2376,26.4833,0.3993,0.9775,0.4206,0.9231,0.0756,Failing,1
failing_calm_long,2377,26.5000,0.4067,0.9855,0.4204,0.9237,0.0760,Failing,1
failing_calm_long,2378,26.5167,0.4145,1.0000,0.4203,0.9243,0.0763,Failing,1
failing_calm_long,2379,26.5333,0.4225,1.0000,0.4203,0.9249,0.0767,Failing,1
failing_calm_long,2380,26.5500,0.4309,1.0000,0.4205,0.9255,0.0771,Failing,1
failing_calm_long,2381,26.5667,0.4395,1.0000,0.4208,0.9262,0.0774,Failing,1
failing_calm_long,2382,26.5833,0.4483,1.0000,0.4213,0.9268,0.0778,Failing,1
failing_calm_long,2383,26.6000,0.4574,1.0000,0.4219,0.9274,0.0782,Failing,1
failing_calm_long,2384,26.6167,0.4666,1.0000,0.4226,0.9280,0.0785,Failing,1
failing_calm_long,2385,26.6333,0.4760,1.0000,0.4235,0.9286,0.0789,Failing,1
failing_calm_long,2386,26.6500,0.4855,1.0000,0.4245,0.9292,0.0793,Failing,1
failing_calm_long,2387,26.6667,0.4951,1.0000,0.4257,0.9298,0.0796,Failing,1
failing_calm_long,2388,26.6833,0.5048,1.0000,0.4270,0.9303,0.0800,Failing,1
failing_calm_long,2389,26.7000,0.5146,1.0000,0.4284,0.9309,0.0804,Failing,1
failing_calm_long,2390,26.7167,0.5244,1.0000,0.4300,0.9315,0.0807,Failing,1
failing_calm_long,2391,26.7333,0.5341,1.0000,0.4317,0.9321,0.0811,Failing,1
failing_calm_long,2392,26.7500,0.5439,1.0000,0.4336,0.9326,0.0814,Failing,1
failing_calm_long,2393,26.7667,0.5535,1.0000,0.4356,0.9332,0.0817,Failing,1
failing_calm_long,2394,26.7833,0.5631,1.0000,0.4377,0.9337,0.0821,Failing,1
failing_calm_long,2395,26.8000,0.5725,1.0000,0.4399,0.9343,0.0824,Failing,1
failing_calm_long,2396,26.8167,0.5818,1.0000,0.4423,0.9348,0.0827,Failing,1
failing_calm_long,2397,26.8333,0.5908,1.0000,0.4447,0.9354,0.0830,Failing,1
failing_calm_long,2398,26.8500,0.5997,1.0000,0.4473,0.9359,0.0833,Failing,1
failing_calm_long,2399,26.8667,0.6083,1.0000,0.4499,0.9364,0.0836,Failing,1
failing_calm_long,2400,26.8833,0.6166,1.0000,0.4527,0.9370,0.0839,Failing,1
failing_calm_long,2401,26.9000,0.6246,1.0000,0.4555,0.9375,0.0842,Failing,1
failing_calm_long,2402,26.9167,0.6322,1.0000,0.4584,0.9380,0.0845,Failing,1
failing_calm_long,2403,26.9333,0.6395,1.0000,0.4614,0.9385,0.0847,Failing,1
failing_calm_long,2404,26.9500,0.6464,1.0000,0.4645,0.9390,0.0849,Failing,1
failing_calm_long,2405,26.9667,0.6529,1.0000,0.4676,0.9395,0.0852,Failing,1
failing_calm_long,2406,26.9833,0.6589,1.0000,0.4708,0.9400,0.0854,Failing,1
failing_calm_long,2407,27.0000,0.6645,1.0000,0.4740,0.9405,0.0856,Failing,1
failing_calm_long,2408,27.0167,0.6696,1.0000,0.4772,0.9410,0.0858,Failing,1
failing_calm_long,2409,27.0333,0.6741,1.0000,0.4805,0.9415,0.0860,Failing,1
failing_calm_long,2410,27.0500,0.6782,1.0000,0.4837,0.9420,0.0862,Failing,1
failing_calm_long,2411,27.0667,0.6817,1.0000,0.4870,0.9425,0.0863,Failing,1
failing_calm_long,2412,27.0833,0.6847,1.0000,0.4903,0.9430,0.0865,Failing,1
failing_calm_long,2413,27.1000,0.6870,1.0000,0.4935,0.9434,0.0866,Failing,1
failing_calm_long,2414,27.1167,0.6889,1.0000,0.4968,0.9439,0.0868,Failing,1
failing_calm_long,2415,27.1333,0.6901,1.0000,0.4999,0.9444,0.0869,Failing,1
failing_calm_long,2416,27.1500,0.6907,1.0000,0.5031,0.9448,0.0870,Failing,1
failing_calm_long,2417,27.1667,0.6907,1.0000,0.5062,0.9453,0.0870,Failing,1
failing_calm_long,2418,27.1833,0.6901,1.0000,0.5092,0.9457,0.0871,Failing,1
failing_calm_long,2419,27.2000,0.6889,1.0000,0.5122,0.9462,0.0872,Failing,1
failing_calm_long,2420,27.2167,0.6871,1.0000,0.5151,0.9466,0.0873,Failing,1
failing_calm_long,2421,27.2333,0.6847,1.0000,0.5179,0.9471,0.0873,Failing,1
failing_calm_long,2422,27.2500,0.6816,1.0000,0.5206,0.9475,0.0873,Failing,1
failing_calm_long,2423,27.2667,0.6780,1.0000,0.5232,0.9480,0.0873,Failing,1
failing_calm_long,2424,27.2833,0.6738,1.0000,0.5257,0.9484,0.0874,Failing,1
failing_calm_long,2425,27.3000,0.6690,1.0000,0.5281,0.9488,0.0874,Failing,1
failing_calm_long,2426,27.3167,0.6636,1.0000,0.5303,0.9492,0.0874,Failing,1
failing_calm_long,2427,27.3333,0.6577,1.0000,0.5324,0.9497,0.0874,Failing,1
failing_calm_long,2428,27.3500,0.6513,1.0000,0.5344,0.9501,0.0874,Failing,1
failing_calm_long,2429,27.3667,0.6443,1.0000,0.5362,0.9505,0.0874,Failing,1
failing_calm_long,2430,27.3833,0.6369,1.0000,0.5379,0.9509,0.0874,Failing,1
failing_calm_long,2431,27.4000,0.6289,1.0000,0.5394,0.9513,0.0874,Failing,1
failing_calm_long,2432,27.4167,0.6205,1.0000,0.5407,0.9517,0.0874,Failing,1
failing_calm_long,2433,27.4333,0.6117,1.0000,0.5419,0.9521,0.0874,Failing,1
failing_calm_long,2434,27.4500,0.6025,1.0000,0.5429,0.9525,0.0874,Failing,1
failing_calm_long,2435,27.4667,0.5929,1.0000,0.5437,0.9529,0.0874,Failing,1
failing_calm_long,2436,27.4833,0.5830,1.0000,0.5444,0.9533,0.0874,Failing,1
failing_calm_long,2437,27.5000,0.5727,1.0000,0.5448,0.9537,0.0874,Failing,1
failing_calm_long,2438,27.5167,0.5622,1.0000,0.5451,0.9541,0.0874,Failing,1
failing_calm_long,2439,27.5333,0.5514,1.0000,0.5452,0.9545,0.0874,Failing,1
failing_calm_long,2440,27.5500,0.5403,1.0000,0.5451,0.9548,0.0874,Failing,1
failing_calm_long,2441,27.5667,0.5291,1.0000,0.5449,0.9552,0.0874,Failing,1
failing_calm_long,2442,27.5833,0.5178,1.0000,0.5444,0.9556,0.0874,Failing,1
failing_calm_long,2443,27.6000,0.5063,1.0000,0.5438,0.9560,0.0874,Failing,1
failing_calm_long,2444,27.6167,0.4948,1.0000,0.5430,0.9563,0.0874,Failing,1
failing_calm_long,2445,27.6333,0.4832,1.0000,0.5420,0.9567,0.0874,Failing,1
failing_calm_long,2446,27.6500,0.4716,1.0000,0.5408,0.9570,0.0874,Failing,1
failing_calm_long,2447,27.6667,0.4600,1.0000,0.5395,0.9574,0.0874,Failing,1
failing_calm_long,2448,27.6833,0.4485,1.0000,0.5380,0.9577,0.0874,Failing,1
failing_calm_long,2449,27.7000,0.4370,1.0000,0.5363,0.9581,0.0874,Failing,1
failing_calm_long,2450,27.7167,0.4257,1.0000,0.5345,0.9584,0.0874,Failing,1
failing_calm_long,2451,27.7333,0.4146,1.0000,0.5325,0.9588,0.0874,Failing,1
failing_calm_long,2452,27.7500,0.4037,0.9770,0.5304,0.9589,0.0874,Failing,1
failing_calm_long,2453,27.7667,0.3930,0.9857,0.5281,0.9592,0.0874,Failing,1
failing_calm_long,2454,27.7833,0.3825,0.9764,0.5257,0.9593,0.0874,Failing,1
failing_calm_long,2455,27.8000,0.3724,0.9470,0.5232,0.9574,0.0874,Failing,1
failing_calm_long,2456,27.8167,0.3626,0.9485,0.5205,0.9555,0.0874,Failing,1
failing_calm_long,2457,27.8333,0.3531,0.9497,0.5178,0.9536,0.0874,Failing,1
failing_calm_long,2458,27.8500,0.3441,0.9235,0.5149,0.9517,0.0874,Failing,1
failing_calm_long,2459,27.8667,0.3354,0.9161,0.5119,0.9498,0.0874,Failing,1
failing_calm_long,2460,27.8833,0.3272,0.9221,0.5089,0.9479,0.0874,Failing,1
failing_calm_long,2461,27.9000,0.3194,0.9046,0.5057,0.9461,0.0874,Failing,1
failing_calm_long,2462,27.9167,0.3121,0.8913,0.5025,0.9442,0.0874,Failing,1
failing_calm_long,2463,27.9333,0.3053,0.8958,0.4993,0.9424,0.0874,Failing,1
failing_calm_long,2464,27.9500,0.2990,0.8877,0.4960,0.9405,0.0874,Failing,1
failing_calm_long,2465,27.9667,0.2932,0.8747,0.4926,0.9387,0.0874,Failing,1
failing_calm_long,2466,27.9833,0.2880,0.8743,0.4892,0.9368,0.0874,Failing,1
failing_calm_long,2467,28.0000,0.2834,0.8719,0.4858,0.9350,0.0874,Failing,1
failing_calm_long,2468,28.0167,0.2793,0.8646,0.4824,0.9332,0.0874,Failing,1
failing_calm_long,2469,28.0333,0.2758,0.8607,0.4790,0.9314,0.0874,Failing,1
failing_calm_long,2470,28.0500,0.2729,0.8583,0.4756,0.9296,0.0874,Failing,1
failing_calm_long,2471,28.0667,0.2706,0.8584,0.4722,0.9278,0.0874,Failing,1
failing_calm_long,2472,28.0833,0.2688,0.8560,0.4688,0.9260,0.0874,Failing,1
failing_calm_long,2473,28.1000,0.2677,0.8496,0.4655,0.9242,0.0874,Failing,1
failing_calm_long,2474,28.1167,0.2671,0.8540,0.4622,0.9224,0.0874,Failing,1
failing_calm_long,2475,28.1333,0.2672,0.8585,0.4590,0.9207,0.0874,Failing,1
failing_calm_long,2476,28.1500,0.2678,0.8488,0.4558,0.9189,0.0874,Failing,1
failing_calm_long,2477,28.1667,0.2690,0.8515,0.4528,0.9171,0.0874,Failing,1
failing_calm_long,2478,28.1833,0.2707,0.8654,0.4498,0.9154,0.0874,Failing,1
failing_calm_long,2479,28.2000,0.2730,0.8571,0.4468,0.9137,0.0874,Failing,1
failing_calm_long,2480,28.2167,0.2759,0.8532,0.4440,0.9119,0.0874,Failing,1
failing_calm_long,2481,28.2333,0.2793,0.8737,0.4413,0.9102,0.0874,Failing,1
failing_calm_long,2482,28.2500,0.2832,0.8731,0.4387,0.9085,0.0874,Failing,1
failing_calm_long,2483,28.2667,0.2876,0.8617,0.4362,0.9068,0.0874,Failing,1
failing_calm_long,2484,28.2833,0.2925,0.8824,0.4338,0.9050,0.0874,Failing,1
failing_calm_long,2485,28.3000,0.2978,0.8938,0.4316,0.9033,0.0874,Failing,1
failing_calm_long,2486,28.3167,0.3036,0.8788,0.4294,0.9016,0.0874,Failing,1
failing_calm_long,2487,28.3333,0.3098,0.8928,0.4275,0.9000,0.0874,Failing,1
failing_calm_long,2488,28.3500,0.3164,0.9153,0.4256,0.9001,0.0874,Failing,1
failing_calm_long,2489,28.3667,0.3233,0.9037,0.4239,0.9001,0.0874,Failing,1
failing_calm_long,2490,28.3833,0.3306,0.9075,0.4224,0.9002,0.0874,Failing,1
failing_calm_long,2491,28.4000,0.3382,0.9356,0.4210,0.9005,0.0874,Failing,1
failing_calm_long,2492,28.4167,0.3461,0.9334,0.4198,0.9007,0.0874,Failing,1
failing_calm_long,2493,28.4333,0.3542,0.9285,0.4187,0.9010,0.0874,Failing,1
failing_calm_long,2494,28.4500,0.3626,0.9548,0.4177,0.9014,0.0874,Failing,1
failing_calm_long,2495,28.4667,0.3711,0.9639,0.4170,0.9019,0.0874,Failing,1
failing_calm_long,2496,28.4833,0.3799,0.9561,0.4164,0.9024,0.0874,Failing,1
failing_calm_long,2497,28.5000,0.3888,0.9748,0.4159,0.9030,0.0874,Failing,1
failing_calm_long,2498,28.5167,0.3978,0.9922,0.4156,0.9037,0.0874,Failing,1
failing_calm_long,2499,28.5333,0.4069,0.9879,0.4155,0.9044,0.0874,Failing,1
failing_calm_long,2500,28.5500,0.4160,0.9981,0.4155,0.9052,0.0874,Failing,1
failing_calm_long,2501,28.5667,0.4252,1.0000,0.4156,0.9060,0.0874,Failing,1
failing_calm_long,2502,28.5833,0.4344,1.0000,0.4159,0.9068,0.0874,Failing,1
failing_calm_long,2503,28.6000,0.4435,1.0000,0.4164,0.9075,0.0874,Failing,1
failing_calm_long,2504,28.6167,0.4526,1.0000,0.4170,0.9083,0.0874,Failing,1
failing_calm_long,2505,28.6333,0.4616,1.0000,0.4177,0.9091,0.0874,Failing,1
failing_calm_long,2506,28.6500,0.4705,1.0000,0.4186,0.9098,0.0874,Failing,1
failing_calm_long,2507,28.6667,0.4793,1.0000,0.4196,0.9106,0.0874,Failing,1
failing_calm_long,2508,28.6833,0.4879,1.0000,0.4207,0.9113,0.0874,Failing,1
failing_calm_long,2509,28.7000,0.4963,1.0000,0.4220,0.9121,0.0874,Failing,1
failing_calm_long,2510,28.7167,0.5046,1.0000,0.4234,0.9128,0.0874,Failing,1
failing_calm_long,2511,28.7333,0.5126,1.0000,0.4248,0.9135,0.0874,Failing,1
failing_calm_long,2512,28.7500,0.5203,1.0000,0.4264,0.9142,0.0874,Failing,1
failing_calm_long,2513,28.7667,0.5278,1.0000,0.4281,0.9149,0.0874,Failing,1
failing_calm_long,2514,28.7833,0.5351,1.0000,0.4299,0.9156,0.0874,Failing,1
failing_calm_long,2515,28.8000,0.5420,1.0000,0.4317,0.9163,0.0874,Failing,1
failing_calm_long,2516,28.8167,0.5486,1.0000,0.4336,0.9170,0.0874,Failing,1
failing_calm_long,2517,28.8333,0.5549,1.0000,0.4356,0.9177,0.0836,Failing,1
failing_calm_long,2518,28.8500,0.5608,1.0000,0.4377,0.9184,0.0838,Failing,1
failing_calm_long,2519,28.8667,0.5664,1.0000,0.4398,0.9191,0.0840,Failing,1
failing_calm_long,2520,28.8833,0.5716,1.0000,0.4420,0.9198,0.0842,Failing,1
failing_calm_long,2521,28.9000,0.5765,1.0000,0.4442,0.9204,0.0844,Failing,1
failing_calm_long,2522,28.9167,0.5810,1.0000,0.4465,0.9211,0.0846,Failing,1
failing_calm_long,2523,28.9333,0.5851,1.0000,0.4488,0.9217,0.0847,Failing,1
failing_calm_long,2524,28.9500,0.5888,1.0000,0.4511,0.9224,0.0849,Failing,1
failing_calm_long,2525,28.9667,0.5922,1.0000,0.4534,0.9230,0.0850,Failing,1
failing_calm_long,2526,28.9833,0.5951,1.0000,0.4558,0.9237,0.0851,Failing,1
failing_calm_long,2527,29.0000,0.5977,1.0000,0.4581,0.9243,0.0853,Failing,1
failing_calm_long,2528,29.0167,0.5998,1.0000,0.4605,0.9249,0.0854,Failing,1
failing_calm_long,2529,29.0333,0.6016,1.0000,0.4628,0.9256,0.0855,Failing,1
failing_calm_long,2530,29.0500,0.6030,1.0000,0.4651,0.9262,0.0856,Failing,1
failing_calm_long,2531,29.0667,0.6040,1.0000,0.4674,0.9268,0.0857,Failing,1
failing_calm_long,2532,29.0833,0.6046,1.0000,0.4697,0.9274,0.0858,Failing,1
failing_calm_long,2533,29.1000,0.6049,1.0000,0.4719,0.9280,0.0858,Failing,1
failing_calm_long,2534,29.1167,0.6048,1.0000,0.4741,0.9286,0.0859,Failing,1
failing_calm_long,2535,29.1333,0.6043,1.0000,0.4763,0.9292,0.0860,Failing,1
failing_calm_long,2536,29.1500,0.6035,1.0000,0.4784,0.9298,0.0860,Failing,1
failing_calm_long,2537,29.1667,0.6024,1.0000,0.4804,0.9304,0.0860,Failing,1
failing_calm_long,2538,29.1833,0.6009,1.0000,0.4824,0.9309,0.0861,Failing,1
failing_calm_long,2539,29.2000,0.5991,1.0000,0.4843,0.9315,0.0861,Failing,1
failing_calm_long,2540,29.2167,0.5970,1.0000,0.4862,0.9321,0.0861,Failing,1
failing_calm_long,2541,29.2333,0.5946,1.0000,0.4880,0.9326,0.0861,Failing,1
failing_calm_long,2542,29.2500,0.5920,1.0000,0.4897,0.9332,0.0861,Failing,1
failing_calm_long,2543,29.2667,0.4123,0.9988,0.4884,0.9337,0.0861,Failing,1
failing_calm_long,2544,29.2833,0.4101,0.9949,0.4871,0.9342,0.0861,Failing,1
failing_calm_long,2545,29.3000,0.4077,0.9929,0.4858,0.9347,0.0861,Failing,1
failing_calm_long,2546,29.3167,0.4052,0.9918,0.4845,0.9352,0.0861,Failing,1
failing_calm_long,2547,29.3333,0.4025,0.9909,0.4831,0.9357,0.0861,Failing,1
failing_calm_long,2548,29.3500,0.3997,0.9833,0.4818,0.9361,0.0861,Failing,1
failing_calm_long,2549,29.3667,0.3968,0.9802,0.4803,0.9364,0.0861,Failing,1
failing_calm_long,2550,29.3833,0.3937,0.9852,0.4789,0.9368,0.0861,Failing,1
failing_calm_long,2551,29.4000,0.3905,0.9763,0.4775,0.9372,0.0861,Failing,1
failing_calm_long,2552,29.4167,0.3873,0.9662,0.4760,0.9374,0.0861,Failing,1
failing_calm_long,2553,29.4333,0.3839,0.9753,0.4744,0.9377,0.0861,Failing,1
failing_calm_long,2554,29.4500,0.3805,0.9713,0.4729,0.9380,0.0861,Failing,1
failing_calm_long,2555,29.4667,0.3770,0.9533,0.4713,0.9381,0.0861,Failing,1
failing_calm_long,2556,29.4833,0.3735,0.9608,0.4697,0.9383,0.0861,Failing,1
failing_calm_long,2557,29.5000,0.3699,0.9660,0.4680,0.9385,0.0861,Failing,1
failing_calm_long,2558,29.5167,0.3663,0.9440,0.4664,0.9386,0.0861,Failing,1
failing_calm_long,2559,29.5333,0.3627,0.9435,0.4646,0.9386,0.0861,Failing,1
failing_calm_long,2560,29.5500,0.3590,0.9574,0.4629,0.9388,0.0861,Failing,1
failing_calm_long,2561,29.5667,0.3553,0.9383,0.4611,0.9370,0.0861,Failing,1
failing_calm_long,2562,29.5833,0.3517,0.9268,0.4593,0.9351,0.0861,Failing,1
failing_calm_long,2563,29.6000,0.3480,0.9443,0.4575,0.9352,0.0861,Failing,1
failing_calm_long,2564,29.6167,0.4920,1.0000,0.4580,0.9357,0.0861,Failing,1
failing_calm_long,2565,29.6333,0.4868,1.0000,0.4585,0.9363,0.0861,Failing,1
failing_calm_long,2566,29.6500,0.4817,1.0000,0.4589,0.9368,0.0861,Failing,1
failing_calm_long,2567,29.6667,0.4766,1.0000,0.4592,0.9373,0.0861,Failing,1
failing_calm_long,2568,29.6833,0.4716,1.0000,0.4594,0.9378,0.0861,Failing,1
failing_calm_long,2569,29.7000,0.4666,1.0000,0.4595,0.9384,0.0861,Failing,1
failing_calm_long,2570,29.7167,0.4618,1.0000,0.4596,0.9389,0.0861,Failing,1
failing_calm_long,2571,29.7333,0.4570,1.0000,0.4595,0.9394,0.0861,Failing,1
failing_calm_long,2572,29.7500,0.4523,1.0000,0.4594,0.9399,0.0861,Failing,1
failing_calm_long,2573,29.7667,0.4478,1.0000,0.4592,0.9404,0.0861,Failing,1
failing_calm_long,2574,29.7833,0.4433,1.0000,0.4589,0.9409,0.0861,Failing,1
failing_calm_long,2575,29.8000,0.4390,1.0000,0.4586,0.9414,0.0861,Failing,1
failing_calm_long,2576,29.8167,0.4348,1.0000,0.4582,0.9419,0.0861,Failing,1
failing_calm_long,2577,29.8333,0.4307,1.0000,0.4578,0.9423,0.0861,Failing,1
failing_calm_long,2578,29.8500,0.4268,1.0000,0.4573,0.9428,0.0861,Failing,1
failing_calm_long,2579,29.8667,0.4230,1.0000,0.4567,0.9433,0.0861,Failing,1
failing_calm_long,2580,29.8833,0.4193,1.0000,0.4561,0.9438,0.0861,Failing,1
failing_calm_long,2581,29.9000,0.4159,1.0000,0.4554,0.9442,0.0861,Failing,1
failing_calm_long,2582,29.9167,0.4125,0.9974,0.4547,0.9447,0.0861,Failing,1
failing_calm_long,2583,29.9333,0.4094,0.9946,0.4539,0.9451,0.0861,Failing,1
failing_calm_long,2584,29.9500,0.4063,0.9939,0.4532,0.9455,0.0861,Failing,1
failing_calm_long,2585,29.9667,0.4035,0.9911,0.4523,0.9459,0.0861,Failing,1
failing_calm_long,2586,29.9833,0.4009,0.9830,0.4515,0.9462,0.0861,Failing,1
failing_calm_long,2587,30.0000,0.3984,0.9843,0.4506,0.9465,0.0861,Failing,1
failing_calm_long_back,2588,0.0167,0.9978,1.0000,0.4597,0.9469,0.0861,Failing,1
failing_calm_long_back,2589,0.0333,0.9665,1.0000,0.4680,0.9474,0.0861,Failing,1
failing_calm_long_back,2590,0.0500,0.9692,1.0000,0.4763,0.9478,0.0861,Failing,1
failing_calm_long_back,2591,0.0667,0.9991,1.0000,0.4850,0.9482,0.0861,Failing,1
failing_calm_long_back,2592,0.0833,0.9809,1.0000,0.4932,0.9487,0.0861,Failing,1
failing_calm_long_back,2593,0.1000,0.9605,1.0000,0.5009,0.9491,0.0861,Failing,1
failing_calm_long_back,2594,0.1167,0.9892,1.0000,0.5089,0.9495,0.0861,Failing,1
failing_calm_long_back,2595,0.1333,0.9947,1.0000,0.5170,0.9499,0.0861,Failing,1
failing_calm_long_back,2596,0.1500,0.9631,1.0000,0.5244,0.9504,0.0861,Failing,1
failing_calm_long_back,2597,0.1667,0.9740,1.0000,0.5318,0.9508,0.0861,Failing,1
failing_calm_long_back,2598,0.1833,1.0000,1.0000,0.5395,0.9512,0.0861,Failing,1
failing_calm_long_back,2599,0.2000,0.9756,1.0000,0.5467,0.9516,0.0861,Failing,1
failing_calm_long_back,2600,0.2167,0.9623,1.0000,0.5536,0.9520,0.0861,Failing,1
failing_calm_long_back,2601,0.2333,0.9936,1.0000,0.5609,0.9524,0.0861,Failing,1
failing_calm_long_back,2602,0.2500,0.9906,1.0000,0.5680,0.9528,0.0861,Failing,1
failing_calm_long_back,2603,0.2667,0.9609,1.0000,0.5745,0.9532,0.0861,Failing,1
failing_calm_long_back,2604,0.2833,0.9793,1.0000,0.5812,0.9536,0.0861,Failing,1
failing_calm_long_back,2605,0.3000,0.9995,1.0000,0.5881,0.9539,0.0861,Failing,1
failing_calm_long_back,2606,0.3167,0.9706,1.0000,0.5944,0.9543,0.0861,Failing,1
failing_calm_long_back,2607,0.3333,0.9654,1.0000,0.6005,0.9547,0.0861,Failing,1
failing_calm_long_back,2608,0.3500,0.9970,1.0000,0.6071,0.9551,0.0861,Failing,1
failing_calm_long_back,2609,0.3667,0.9858,1.0000,0.6133,0.9555,0.0861,Failing,1
failing_calm_long_back,2610,0.3833,0.9600,1.0000,0.6191,0.9558,0.0861,Failing,1
failing_calm_long_back,2611,0.4000,0.9846,1.0000,0.6251,0.9562,0.0861,Failing,1
failing_calm_long_back,2612,0.4167,0.9976,1.0000,0.6313,0.9566,0.0861,Failing,1
failing_calm_long_back,2613,0.4333,0.9663,1.0000,0.6368,0.9569,0.0861,Failing,1
failing_calm_long_back,2614,0.4500,0.9695,1.0000,0.6423,0.9573,0.0861,Failing,1
failing_calm_long_back,2615,0.4667,0.9992,1.0000,0.6482,0.9576,0.0861,Failing,1
failing_calm_long_back,2616,0.4833,0.9805,1.0000,0.6537,0.9580,0.0861,Failing,1
failing_calm_long_back,2617,0.5000,0.9606,1.0000,0.6588,0.9583,0.0861,Failing,1
failing_calm_long_back,2618,0.5167,0.9895,1.0000,0.6642,0.9587,0.0861,Failing,1
failing_calm_long_back,2619,0.5333,0.9945,1.0000,0.6697,0.9590,0.0861,Failing,1
failing_calm_long_back,2620,0.5500,0.9629,1.0000,0.6745,0.9594,0.0861,Failing,1
failing_calm_long_back,2621,0.5667,0.9744,1.0000,0.6795,0.9597,0.0861,Failing,1
failing_calm_long_back,2622,0.5833,1.0000,1.0000,0.6848,0.9600,0.0861,Failing,1
failing_calm_long_back,2623,0.6000,0.9753,1.0000,0.6896,0.9604,0.0861,Failing,1
failing_calm_long_back,2624,0.6167,0.9625,1.0000,0.6941,0.9607,0.0861,Failing,1
failing_calm_long_back,2625,0.6333,0.9938,1.0000,0.6991,0.9610,0.0861,Failing,1
failing_calm_long_back,2626,0.6500,0.9903,1.0000,0.7039,0.9613,0.0861,Failing,1
failing_calm_long_back,2627,0.6667,0.9608,1.0000,0.7081,0.9617,0.0861,Failing,1
failing_calm_long_back,2628,0.6833,0.9796,1.0000,0.7126,0.9620,0.0861,Failing,1
failing_calm_long_back,2629,0.7000,0.9994,1.0000,0.7173,0.9623,0.0861,Failing,1
failing_calm_long_back,2630,0.7167,0.9703,1.0000,0.7215,0.9626,0.0861,Failing,1
failing_calm_long_back,2631,0.7333,0.9656,1.0000,0.7256,0.9629,0.0778,Failing,1
failing_calm_long_back,2632,0.7500,0.9972,1.0000,0.7301,0.9632,0.0758,Failing,1
failing_calm_long_back,2633,0.7667,0.9855,1.0000,0.7343,0.9635,0.0753,Failing,1
failing_calm_long_back,2634,0.7833,0.9600,1.0000,0.7380,0.9638,0.0748,Failing,1
failing_calm_long_back,2635,0.8000,0.9849,1.0000,0.7421,0.9641,0.0743,Failing,1
failing_calm_long_back,2636,0.8167,0.9974,1.0000,0.7463,0.9644,0.0738,Failing,1
failing_calm_long_back,2637,0.8333,0.9660,1.0000,0.7499,0.9647,0.0732,Failing,1
failing_calm_long_back,2638,0.8500,0.9698,1.0000,0.7536,0.9650,0.0726,Failing,1
failing_calm_long_back,2639,0.8667,0.9993,1.0000,0.7576,0.9653,0.0720,Failing,1
failing_calm_long_back,2640,0.8833,0.9802,1.0000,0.7613,0.9656,0.0714,Failing,1
failing_calm_long_back,2641,0.9000,0.9606,1.0000,0.7646,0.9659,0.0708,Failing,1
failing_calm_long_back,2642,0.9167,0.9899,1.0000,0.7683,0.9662,0.0625,Steady,1
failing_calm_long_back,2643,0.9333,0.9943,1.0000,0.7721,0.9664,0.0541,Steady,1
failing_calm_long_back,2644,0.9500,0.9628,1.0000,0.7752,0.9667,0.0458,Steady,1
failing_calm_long_back,2645,0.9667,0.9747,1.0000,0.7785,0.9670,0.0375,Steady,1
failing_calm_long_back,2646,0.9833,1.0000,1.0000,0.7822,0.9673,0.0291,Steady,1
failing_calm_long_back,2647,1.0000,0.9749,1.0000,0.7854,0.9675,0.0208,Steady,1
failing_calm_long_back,2648,1.0167,0.9626,1.0000,0.7883,0.9678,0.0125,Steady,1
failing_calm_long_back,2649,1.0333,0.9941,1.0000,0.7917,0.9681,0.0041,Steady,1
failing_calm_long_back,2650,1.0500,0.9900,1.0000,0.7950,0.9683,0.0000,Steady,1
failing_calm_long_back,2651,1.0667,0.9607,1.0000,0.7977,0.9686,0.0000,Steady,1
failing_calm_long_back,2652,1.0833,0.9800,1.0000,0.8007,0.9689,0.0000,Steady,1
failing_calm_long_back,2653,1.1000,0.9993,1.0000,0.8040,0.9691,0.0000,Steady,1
failing_calm_long_back,2654,1.1167,0.9700,1.0000,0.8067,0.9694,0.0000,Steady,1
failing_calm_long_back,2655,1.1333,0.9659,1.0000,0.8094,0.9696,0.0000,Steady,1
failing_calm_long_back,2656,1.1500,0.9973,1.0000,0.8125,0.9699,0.0000,Steady,1
failing_calm_long_back,2657,1.1667,0.9851,1.0000,0.8153,0.9701,0.0000,Steady,1
failing_calm_long_back,2658,1.1833,0.9600,1.0000,0.8177,0.9704,0.0000,Steady,1
failing_calm_long_back,2659,1.2000,0.9852,1.0000,0.8205,0.9706,0.0000,Steady,1
failing_calm_long_back,2660,1.2167,0.9973,1.0000,0.8234,0.9709,0.0000,Steady,1
failing_calm_long_back,2661,1.2333,0.9658,1.0000,0.8258,0.9711,0.0000,Steady,1
failing_calm_long_back,2662,1.2500,0.9701,1.0000,0.8282,0.9714,0.0000,Steady,1
failing_calm_long_back,2663,1.2667,0.9994,1.0000,0.8310,0.9716,0.0000,Steady,1
failing_calm_long_back,2664,1.2833,0.9799,1.0000,0.8334,0.9718,0.0000,Steady,1
failing_calm_long_back,2665,1.3000,0.9607,1.0000,0.8356,0.9721,0.0000,Steady,1
failing_calm_long_back,2666,1.3167,0.9901,1.0000,0.8381,0.9723,0.0000,Steady,1
failing_calm_long_back,2667,1.3333,0.9940,1.0000,0.8407,0.9725,0.0000,Steady,1
failing_calm_long_back,2668,1.3500,0.9626,1.0000,0.8427,0.9728,0.0000,Steady,1
failing_calm_long_back,2669,1.3667,0.9750,1.0000,0.8449,0.9730,0.0000,Steady,1
failing_calm_long_back,2670,1.3833,1.0000,1.0000,0.8475,0.9732,0.0000,Steady,1
failing_calm_long_back,2671,1.4000,0.9746,1.0000,0.8496,0.9734,0.0000,Steady,1
failing_calm_long_back,2672,1.4167,0.9628,1.0000,0.8514,0.9736,0.0000,Steady,1
failing_calm_long_back,2673,1.4333,0.9943,1.0000,0.8538,0.9739,0.0000,Steady,1
failing_calm_long_back,2674,1.4500,0.9898,1.0000,0.8560,0.9741,0.0000,Steady,1
failing_calm_long_back,2675,1.4667,0.9606,1.0000,0.8578,0.9743,0.0000,Steady,1
failing_calm_long_back,2676,1.4833,0.9803,1.0000,0.8598,0.9745,0.0000,Steady,1
failing_calm_long_back,2677,1.5000,0.9992,1.0000,0.8621,0.9747,0.0000,Steady,1
failing_calm_long_back,2678,1.5167,0.9697,1.0000,0.8639,0.9749,0.0000,Steady,1
failing_calm_long_back,2679,1.5333,0.9661,1.0000,0.8656,0.9751,0.0000,Steady,1
failing_calm_long_back,2680,1.5500,0.9975,1.0000,0.8677,0.9753,0.0000,Steady,1
failing_calm_long_back,2681,1.5667,0.9848,1.0000,0.8697,0.9756,0.0000,Steady,1
failing_calm_long_back,2682,1.5833,0.9600,1.0000,0.8712,0.9758,0.0000,Steady,1
failing_calm_long_back,2683,1.6000,0.9856,1.0000,0.8731,0.9760,0.0000,Steady,1
failing_calm_long_back,2684,1.6167,0.9971,1.0000,0.8751,0.9762,0.0000,Steady,1
failing_calm_long_back,2685,1.6333,0.9656,1.0000,0.8766,0.9764,0.0000,Steady,1
failing_calm_long_back,2686,1.6500,0.9704,1.0000,0.8782,0.9766,0.0000,Steady,1
failing_calm_long_back,2687,1.6667,0.9994,1.0000,0.8802,0.9767,0.0000,Steady,1
failing_calm_long_back,2688,1.6833,0.9795,1.0000,0.8818,0.9769,0.0000,Steady,1
failing_calm_long_back,2689,1.7000,0.9608,1.0000,0.8831,0.9771,0.0000,Steady,1
failing_calm_long_back,2690,1.7167,0.9904,1.0000,0.8849,0.9773,0.0000,Steady,1
failing_calm_long_back,2691,1.7333,0.9938,1.0000,0.8867,0.9775,0.0000,Steady,1
failing_calm_long_back,2692,1.7500,0.9624,1.0000,0.8879,0.9777,0.0000,Steady,1
failing_calm_long_back,2693,1.7667,0.9754,1.0000,0.8894,0.9779,0.0000,Steady,1
failing_calm_long_back,2694,1.7833,1.0000,1.0000,0.8912,0.9781,0.0000,Steady,1
failing_calm_long_back,2695,1.8000,0.9743,1.0000,0.8926,0.9782,0.0000,Steady,1
failing_calm_long_back,2696,1.8167,0.9630,1.0000,0.8937,0.9784,0.0000,Steady,1
failing_calm_long_back,2697,1.8333,0.9946,1.0000,0.8954,0.9786,0.0000,Steady,1
failing_calm_long_back,2698,1.8500,0.9895,1.0000,0.8970,0.9788,0.0000,Steady,1
failing_calm_long_back,2699,1.8667,0.9605,1.0000,0.8980,0.9790,0.0000,Steady,1
failing_calm_long_back,2700,1.8833,0.9806,1.0000,0.8994,0.9791,0.0000,Steady,1
failing_calm_long_back,2701,1.9000,0.9991,1.0000,0.9010,0.9793,0.0000,Steady,1
failing_calm_long_back,2702,1.9167,0.9694,1.0000,0.9022,0.9795,0.0000,Steady,1
failing_calm_long_back,2703,1.9333,0.9664,1.0000,0.9032,0.9796,0.0000,Steady,1
failing_calm_long_back,2704,1.9500,0.9977,1.0000,0.9048,0.9798,0.0000,Steady,1
failing_calm_long_back,2705,1.9667,0.9845,1.0000,0.9061,0.9800,0.0000,Steady,1
failing_calm_long_back,2706,1.9833,0.9600,1.0000,0.9070,0.9802,0.0000,Steady,1
failing_calm_long_back,2707,2.0000,0.9859,1.0000,0.9083,0.9803,0.0000,Steady,1
failing_calm_long_back,2708,2.0167,0.9969,1.0000,0.9098,0.9805,0.0000,Steady,1
failing_calm_long_back,2709,2.0333,0.9653,1.0000,0.9107,0.9806,0.0000,Steady,1
failing_calm_long_back,2710,2.0500,0.9707,1.0000,0.9117,0.9808,0.0000,Steady,1
failing_calm_long_back,2711,2.0667,0.9995,1.0000,0.9131,0.9810,0.0000,Steady,1
failing_calm_long_back,2712,2.0833,0.9792,1.0000,0.9142,0.9811,0.0000,Steady,1
failing_calm_long_back,2713,2.1000,0.9609,1.0000,0.9150,0.9813,0.0000,Steady,1
failing_calm_long_back,2714,2.1167,0.9907,1.0000,0.9162,0.9814,0.0000,Steady,1
failing_calm_long_back,2715,2.1333,0.9935,1.0000,0.9175,0.9816,0.0000,Steady,1
failing_calm_long_back,2716,2.1500,0.9623,1.0000,0.9183,0.9817,0.0000,Steady,1
failing_calm_long_back,2717,2.1667,0.9757,1.0000,0.9192,0.9819,0.0000,Steady,1
failing_calm_long_back,2718,2.1833,1.0000,1.0000,0.9205,0.9820,0.0000,Steady,1
failing_calm_long_back,2719,2.2000,0.9739,1.0000,0.9214,0.9822,0.0000,Steady,1
failing_calm_long_back,2720,2.2167,0.9632,1.0000,0.9221,0.9823,0.0000,Steady,1
failing_calm_long_back,2721,2.2333,0.9948,1.0000,0.9233,0.9825,0.0000,Steady,1
failing_calm_long_back,2722,2.2500,0.9892,1.0000,0.9244,0.9826,0.0000,Steady,1
failing_calm_long_back,2723,2.2667,0.9605,1.0000,0.9250,0.9828,0.0000,Steady,1
failing_calm_long_back,2724,2.2833,0.9810,1.0000,0.9259,0.9829,0.0000,Steady,1
failing_calm_long_back,2725,2.3000,0.9990,1.0000,0.9271,0.9831,0.0000,Steady,1
failing_calm_long_back,2726,2.3167,0.9691,1.0000,0.9278,0.9832,0.0000,Steady,1
failing_calm_long_back,2727,2.3333,0.9666,1.0000,0.9285,0.9833,0.0000,Steady,1
failing_calm_long_back,2728,2.3500,0.9978,1.0000,0.9296,0.9835,0.0000,Steady,1
failing_calm_long_back,2729,2.3667,0.9841,1.0000,0.9305,0.9836,0.0000,Steady,1
failing_calm_long_back,2730,2.3833,0.9600,1.0000,0.9310,0.9837,0.0000,Steady,1
failing_calm_long_back,2731,2.4000,0.9862,1.0000,0.9319,0.9839,0.0000,Steady,1
failing_calm_long_back,2732,2.4167,0.9967,1.0000,0.9330,0.9840,0.0000,Steady,1
failing_calm_long_back,2733,2.4333,0.9651,1.0000,0.9335,0.9842,0.0000,Steady,1
failing_calm_long_back,2734,2.4500,0.9710,1.0000,0.9341,0.9843,0.0000,Steady,1
failing_calm_long_back,2735,2.4667,0.9996,1.0000,0.9352,0.9844,0.0000,Steady,1
failing_calm_long_back,2736,2.4833,0.9788,1.0000,0.9359,0.9845,0.0000,Steady,1
failing_calm_long_back,2737,2.5000,0.9610,1.0000,0.9364,0.9847,0.0000,Steady,1
failing_calm_long_back,2738,2.5167,0.9910,1.0000,0.9373,0.9848,0.0000,Steady,1
failing_calm_long_back,2739,2.5333,0.9933,1.0000,0.9382,0.9849,0.0000,Steady,1
failing_calm_long_back,2740,2.5500,0.9621,1.0000,0.9386,0.9850,0.0000,Steady,1
failing_calm_long_back,2741,2.5667,0.9760,1.0000,0.9392,0.9852,0.0000,Steady,1
failing_calm_long_back,2742,2.5833,1.0000,1.0000,0.9402,0.9853,0.0000,Steady,1
failing_calm_long_back,2743,2.6000,0.9736,1.0000,0.9408,0.9854,0.0000,Steady,1
failing_calm_long_back,2744,2.6167,0.9634,1.0000,0.9411,0.9855,0.0000,Steady,1
failing_calm_long_back,2745,2.6333,0.9950,1.0000,0.9420,0.9857,0.0000,Steady,1
failing_calm_long_back,2746,2.6500,0.9889,1.0000,0.9428,0.9858,0.0000,Steady,1
failing_calm_long_back,2747,2.6667,0.9604,1.0000,0.9431,0.9859,0.0000,Steady,1
failing_calm_long_back,2748,2.6833,0.9813,1.0000,0.9437,0.9860,0.0000,Steady,1
failing_calm_long_back,2749,2.7000,0.9989,1.0000,0.9446,0.9861,0.0000,Steady,1
failing_calm_long_back,2750,2.7167,0.9688,1.0000,0.9450,0.9862,0.0000,Steady,1
failing_calm_long_back,2751,2.7333,0.9669,1.0000,0.9454,0.9864,0.0000,Steady,1
failing_calm_long_back,2752,2.7500,0.9980,1.0000,0.9463,0.9865,0.0000,Steady,1
failing_calm_long_back,2753,2.7667,0.9838,1.0000,0.9469,0.9866,0.0000,Steady,1
failing_calm_long_back,2754,2.7833,0.9601,1.0000,0.9471,0.9867,0.0000,Steady,1
failing_calm_long_back,2755,2.8000,0.9865,1.0000,0.9477,0.9868,0.0000,Steady,1
failing_calm_long_back,2756,2.8167,0.9966,1.0000,0.9486,0.9869,0.0000,Steady,1
failing_calm_long_back,2757,2.8333,0.9649,1.0000,0.9488,0.9870,0.0000,Steady,1
failing_calm_long_back,2758,2.8500,0.9713,1.0000,0.9492,0.9871,0.0000,Steady,1
failing_calm_long_back,2759,2.8667,0.9996,1.0000,0.9500,0.9872,0.0000,Steady,1
failing_calm_long_back,2760,2.8833,0.9785,1.0000,0.9505,0.9873,0.0000,Steady,1
failing_calm_long_back,2761,2.9000,0.9611,1.0000,0.9507,0.9874,0.0000,Steady,1
failing_calm_long_back,2762,2.9167,0.9913,1.0000,0.9513,0.9876,0.0000,Steady,1
failing_calm_long_back,2763,2.9333,0.9930,1.0000,0.9520,0.9877,0.0000,Steady,1
failing_calm_long_back,2764,2.9500,0.9620,1.0000,0.9522,0.9878,0.0000,Steady,1
failing_calm_long_back,2765,2.9667,0.9764,1.0000,0.9526,0.9879,0.0000,Steady,1
failing_calm_long_back,2766,2.9833,0.9999,1.0000,0.9534,0.9880,0.0000,Steady,1
failing_calm_long_back,2767,3.0000,0.9733,1.0000,0.9537,0.9881,0.0000,Steady,1
failing_calm_long_back,2768,3.0167,0.9635,1.0000,0.9539,0.9882,0.0000,Steady,1
failing_calm_long_back,2769,3.0333,0.9952,1.0000,0.9546,0.9883,0.0000,Steady,1
failing_calm_long_back,2770,3.0500,0.9885,1.0000,0.9551,0.9884,0.0000,Steady,1
failing_calm_long_back,2771,3.0667,0.9603,1.0000,0.9552,0.9885,0.0000,Steady,1
failing_calm_long_back,2772,3.0833,0.9817,1.0000,0.9556,0.9885,0.0000,Steady,1
failing_calm_long_back,2773,3.1000,0.9988,1.0000,0.9564,0.9886,0.0000,Steady,1
failing_calm_long_back,2774,3.1167,0.9686,1.0000,0.9566,0.9887,0.0000,Steady,1
failing_calm_long_back,2775,3.1333,0.9671,1.0000,0.9567,0.9888,0.0000,Steady,1
failing_calm_long_back,2776,3.1500,0.9981,1.0000,0.9574,0.9889,0.0000,Steady,1
failing_calm_long_back,2777,3.1667,0.9835,1.0000,0.9578,0.9890,0.0000,Steady,1
failing_calm_long_back,2778,3.1833,0.9601,1.0000,0.9579,0.9891,0.0000,Steady,1
failing_calm_long_back,2779,3.2000,0.9869,1.0000,0.9584,0.9892,0.0000,Steady,1
failing_calm_long_back,2780,3.2167,0.9964,1.0000,0.9590,0.9893,0.0000,Steady,1
failing_calm_long_back,2781,3.2333,0.9646,1.0000,0.9591,0.9894,0.0000,Steady,1
failing_calm_long_back,2782,3.2500,0.9716,1.0000,0.9593,0.9895,0.0000,Steady,1
failing_calm_long_back,2783,3.2667,0.9997,1.0000,0.9600,0.9896,0.0000,Steady,1
failing_calm_long_back,2784,3.2833,0.9782,1.0000,0.9603,0.9896,0.0000,Steady,1
failing_calm_long_back,2785,3.3000,0.9612,1.0000,0.9603,0.9897,0.0000,Steady,1
failing_calm_long_back,2786,3.3167,0.9916,1.0000,0.9608,0.9898,0.0000,Steady,1
failing_calm_long_back,2787,3.3333,0.9928,1.0000,0.9613,0.9899,0.0000,Steady,1
failing_calm_long_back,2788,3.3500,0.9618,1.0000,0.9613,0.9900,0.0000,Steady,1
failing_calm_long_back,2789,3.3667,0.9767,1.0000,0.9616,0.9901,0.0000,Steady,1
failing_calm_long_back,2790,3.3833,0.9999,1.0000,0.9622,0.9901,0.0000,Steady,1
failing_calm_long_back,2791,3.4000,0.9730,1.0000,0.9624,0.9902,0.0000,Steady,1
failing_calm_long_back,2792,3.4167,0.9637,1.0000,0.9624,0.9903,0.0000,Steady,1
failing_calm_long_back,2793,3.4333,0.9955,1.0000,0.9630,0.9904,0.0000,Steady,1
failing_calm_long_back,2794,3.4500,0.9882,1.0000,0.9634,0.9905,0.0000,Steady,1
failing_calm_long_back,2795,3.4667,0.9603,1.0000,0.9633,0.9905,0.0000,Steady,1
failing_calm_long_back,2796,3.4833,0.9820,1.0000,0.9636,0.9906,0.0000,Steady,1
failing_calm_long_back,2797,3.5000,0.9987,1.0000,0.9642,0.9907,0.0000,Steady,1
failing_calm_long_back,2798,3.5167,0.9683,1.0000,0.9643,0.9908,0.0000,Steady,1
failing_calm_long_back,2799,3.5333,0.9674,1.0000,0.9643,0.9909,0.0000,Steady,1
failing_calm_long_back,2800,3.5500,0.9983,1.0000,0.9649,0.9909,0.0000,Steady,1
failing_calm_long_back,2801,3.5667,0.9831,1.0000,0.9652,0.9910,0.0000,Steady,1
failing_calm_long_back,2802,3.5833,0.9601,1.0000,0.9651,0.9911,0.0000,Steady,1
failing_calm_long_back,2803,3.6000,0.9872,1.0000,0.9655,0.9912,0.0000,Steady,1
failing_calm_long_back,2804,3.6167,0.9962,1.0000,0.9660,0.9912,0.0000,Steady,1
failing_calm_long_back,2805,3.6333,0.9644,1.0000,0.9660,0.9913,0.0000,Steady,1
failing_calm_long_back,2806,3.6500,0.9719,1.0000,0.9661,0.9914,0.0000,Steady,1
failing_calm_long_back,2807,3.6667,0.9998,1.0000,0.9666,0.9914,0.0000,Steady,1
failing_calm_long_back,2808,3.6833,0.9778,1.0000,0.9668,0.9915,0.0000,Steady,1
failing_calm_long_back,2809,3.7000,0.9614,1.0000,0.9667,0.9916,0.0000,Steady,1
failing_calm_long_back,2810,3.7167,0.9918,1.0000,0.9671,0.9917,0.0000,Steady,1
failing_calm_long_back,2811,3.7333,0.9925,1.0000,0.9675,0.9917,0.0000,Steady,1
failing_calm_long_back,2812,3.7500,0.9617,1.0000,0.9674,0.9918,0.0000,Steady,1
failing_calm_long_back,2813,3.7667,0.9770,1.0000,0.9676,0.9919,0.0000,Steady,1
failing_calm_long_back,2814,3.7833,0.9999,1.0000,0.9681,0.9919,0.0000,Steady,1
failing_calm_long_back,2815,3.8000,0.9727,1.0000,0.9682,0.9920,0.0000,Steady,1
failing_calm_long_back,2816,3.8167,0.9639,1.0000,0.9681,0.9921,0.0000,Steady,1
failing_calm_long_back,2817,3.8333,0.9957,1.0000,0.9686,0.9921,0.0000,Steady,1
failing_calm_long_back,2818,3.8500,0.9879,1.0000,0.9689,0.9922,0.0000,Steady,1
failing_calm_long_back,2819,3.8667,0.9602,1.0000,0.9688,0.9923,0.0000,Steady,1
failing_calm_long_back,2820,3.8833,0.9823,1.0000,0.9690,0.9923,0.0000,Steady,1
failing_calm_long_back,2821,3.9000,0.9986,1.0000,0.9695,0.9924,0.0000,Steady,1
failing_calm_long_back,2822,3.9167,0.9680,1.0000,0.9695,0.9925,0.0000,Steady,1
failing_calm_long_back,2823,3.9333,0.9676,1.0000,0.9694,0.9925,0.0000,Steady,1
failing_calm_long_back,2824,3.9500,0.9984,1.0000,0.9699,0.9926,0.0000,Steady,1
failing_calm_long_back,2825,3.9667,0.9828,1.0000,0.9701,0.9926,0.0000,Steady,1
failing_calm_long_back,2826,3.9833,0.9601,1.0000,0.9700,0.9927,0.0000,Steady,1
failing_calm_long_back,2827,4.0000,0.9875,1.0000,0.9703,0.9928,0.0000,Steady,1
failing_calm_long_back,2828,4.0167,0.9960,1.0000,0.9707,0.9928,0.0000,Steady,1
failing_calm_long_back,2829,4.0333,0.9642,1.0000,0.9706,0.9929,0.0000,Steady,1
failing_calm_long_back,2830,4.0500,0.9722,1.0000,0.9706,0.9929,0.0000,Steady,1
failing_calm_long_back,2831,4.0667,0.9998,1.0000,0.9711,0.9930,0.0000,Steady,1
failing_calm_long_back,2832,4.0833,0.9775,1.0000,0.9712,0.9931,0.0000,Steady,1
failing_calm_long_back,2833,4.1000,0.9615,1.0000,0.9710,0.9931,0.0000,Steady,1
failing_calm_long_back,2834,4.1167,0.9921,1.0000,0.9714,0.9932,0.0000,Steady,1
failing_calm_long_back,2835,4.1333,0.9922,1.0000,0.9717,0.9932,0.0000,Steady,1
failing_calm_long_back,2836,4.1500,0.9615,1.0000,0.9715,0.9933,0.0000,Steady,1
failing_calm_long_back,2837,4.1667,0.9774,1.0000,0.9716,0.9933,0.0000,Steady,1
failing_calm_long_back,2838,4.1833,0.9998,1.0000,0.9721,0.9934,0.0000,Steady,1
failing_calm_long_back,2839,4.2000,0.9723,1.0000,0.9721,0.9934,0.0000,Steady,1
failing_calm_long_back,2840,4.2167,0.9641,1.0000,0.9720,0.9935,0.0000,Steady,1
failing_calm_long_back,2841,4.2333,0.9959,1.0000,0.9724,0.9936,0.0000,Steady,1
failing_calm_long_back,2842,4.2500,0.9876,1.0000,0.9726,0.9936,0.0000,Steady,1
failing_calm_long_back,2843,4.2667,0.9602,1.0000,0.9724,0.9937,0.0000,Steady,1
failing_calm_long_back,2844,4.2833,0.9827,1.0000,0.9726,0.9937,0.0000,Steady,1
failing_calm_long_back,2845,4.3000,0.9984,1.0000,0.9730,0.9938,0.0000,Steady,1
failing_calm_long_back,2846,4.3167,0.9677,1.0000,0.9729,0.9938,0.0000,Steady,1
failing_calm_long_back,2847,4.3333,0.9679,1.0000,0.9729,0.9939,0.0000,Steady,1
failing_calm_long_back,2848,4.3500,0.9985,1.0000,0.9733,0.9939,0.0000,Steady,1
failing_calm_long_back,2849,4.3667,0.9825,1.0000,0.9734,0.9940,0.0000,Steady,1
failing_calm_long_back,2850,4.3833,0.9602,1.0000,0.9732,0.9940,0.0000,Steady,1
failing_calm_long_back,2851,4.4000,0.9878,1.0000,0.9735,0.9941,0.0000,Steady,1
failing_calm_long_back,2852,4.4167,0.9958,1.0000,0.9738,0.9941,0.0000,Steady,1
failing_calm_long_back,2853,4.4333,0.9640,1.0000,0.9737,0.9942,0.0000,Steady,1
failing_calm_long_back,2854,4.4500,0.9725,1.0000,0.9736,0.9942,0.0000,Steady,1
failing_calm_long_back,2855,4.4667,0.9999,1.0000,0.9741,0.9943,0.0000,Steady,1
failing_calm_long_back,2856,4.4833,0.9771,1.0000,0.9741,0.9943,0.0000,Steady,1
failing_calm_long_back,2857,4.5000,0.9616,1.0000,0.9739,0.9944,0.0000,Steady,1
failing_calm_long_back,2858,4.5167,0.9924,1.0000,0.9742,0.9944,0.0000,Steady,1
failing_calm_long_back,2859,4.5333,0.9919,1.0000,0.9745,0.9945,0.0000,Steady,1
failing_calm_long_back,2860,4.5500,0.9614,1.0000,0.9743,0.9945,0.0000,Steady,1
failing_calm_long_back,2861,4.5667,0.9777,1.0000,0.9744,0.9945,0.0000,Steady,1
failing_calm_long_back,2862,4.5833,0.9998,1.0000,0.9748,0.9946,0.0000,Steady,1
failing_calm_long_back,2863,4.6000,0.9720,1.0000,0.9747,0.9946,0.0000,Steady,1
failing_calm_long_back,2864,4.6167,0.9644,1.0000,0.9746,0.9947,0.0000,Steady,1
failing_calm_long_back,2865,4.6333,0.9961,1.0000,0.9749,0.9947,0.0000,Steady,1
failing_calm_long_back,2866,4.6500,0.9873,1.0000,0.9751,0.9948,0.0000,Steady,1
failing_calm_long_back,2867,4.6667,0.9601,1.0000,0.9749,0.9948,0.0000,Steady,1
failing_calm_long_back,2868,4.6833,0.9830,1.0000,0.9750,0.9949,0.0000,Steady,1
failing_calm_long_back,2869,4.7000,0.9983,1.0000,0.9754,0.9949,0.0000,Steady,1
failing_calm_long_back,2870,4.7167,0.9675,1.0000,0.9753,0.9949,0.0000,Steady,1
failing_calm_long_back,2871,4.7333,0.9682,1.0000,0.9751,0.9950,0.0000,Steady,1
failing_calm_long_back,2872,4.7500,0.9987,1.0000,0.9755,0.9950,0.0000,Steady,1
failing_calm_long_back,2873,4.7667,0.9821,1.0000,0.9756,0.9951,0.0000,Steady,1
failing_calm_long_back,2874,4.7833,0.9602,1.0000,0.9754,0.9951,0.0000,Steady,1
failing_calm_long_back,2875,4.8000,0.9881,1.0000,0.9756,0.9951,0.0000,Steady,1
failing_calm_long_back,2876,4.8167,0.9955,1.0000,0.9759,0.9952,0.0000,Steady,1
failing_calm_long_back,2877,4.8333,0.9638,1.0000,0.9757,0.9952,0.0000,Steady,1
failing_calm_long_back,2878,4.8500,0.9729,1.0000,0.9757,0.9953,0.0000,Steady,1
failing_calm_long_back,2879,4.8667,0.9999,1.0000,0.9761,0.9953,0.0000,Steady,1
failing_calm_long_back,2880,4.8833,0.9768,1.0000,0.9761,0.9953,0.0000,Steady,1
failing_calm_long_back,2881,4.9000,0.9618,1.0000,0.9759,0.9954,0.0000,Steady,1
failing_calm_long_back,2882,4.9167,0.9927,1.0000,0.9761,0.9954,0.0000,Steady,1
failing_calm_long_back,2883,4.9333,0.9917,1.0000,0.9764,0.9955,0.0000,Steady,1
failing_calm_long_back,2884,4.9500,0.9613,1.0000,0.9761,0.9955,0.0000,Steady,1
failing_calm_long_back,2885,4.9667,0.9780,1.0000,0.9762,0.9955,0.0000,Steady,1
failing_calm_long_back,2886,4.9833,0.9997,1.0000,0.9766,0.9956,0.0000,Steady,1
failing_calm_long_back,2887,5.0000,0.9717,1.0000,0.9765,0.9956,0.0000,Steady,1
failing_calm_long_back,2888,5.0167,0.9646,1.0000,0.9763,0.9956,0.0000,Steady,1
failing_calm_long_back,2889,5.0333,0.9963,1.0000,0.9766,0.9957,0.0000,Steady,1
failing_calm_long_back,2890,5.0500,0.9870,1.0000,0.9768,0.9957,0.0000,Steady,1
failing_calm_long_back,2891,5.0667,0.9601,1.0000,0.9765,0.9958,0.0000,Steady,1
failing_calm_long_back,2892,5.0833,0.9834,1.0000,0.9766,0.9958,0.0000,Steady,1
failing_calm_long_back,2893,5.1000,0.9982,1.0000,0.9770,0.9958,0.0000,Steady,1
failing_calm_long_back,2894,5.1167,0.9672,1.0000,0.9768,0.9959,0.0000,Steady,1
failing_calm_long_back,2895,5.1333,0.9685,1.0000,0.9767,0.9959,0.0000,Steady,1
failing_calm_long_back,2896,5.1500,0.9988,1.0000,0.9770,0.9959,0.0000,Steady,1
failing_calm_long_back,2897,5.1667,0.9818,1.0000,0.9771,0.9960,0.0000,Steady,1
failing_calm_long_back,2898,5.1833,0.9603,1.0000,0.9768,0.9960,0.0000,Steady,1
failing_calm_long_back,2899,5.2000,0.9884,1.0000,0.9770,0.9960,0.0000,Steady,1
failing_calm_long_back,2900,5.2167,0.9953,1.0000,0.9773,0.9961,0.0000,Steady,1
failing_calm_long_back,2901,5.2333,0.9636,1.0000,0.9771,0.9961,0.0000,Steady,1
failing_calm_long_back,2902,5.2500,0.9732,1.0000,0.9770,0.9961,0.0000,Steady,1
failing_calm_long_back,2903,5.2667,0.9999,1.0000,0.9774,0.9962,0.0000,Steady,1
failing_calm_long_back,2904,5.2833,0.9765,1.0000,0.9774,0.9962,0.0000,Steady,1
failing_calm_long_back,2905,5.3000,0.9619,1.0000,0.9772,0.9962,0.0000,Steady,1
failing_calm_long_back,2906,5.3167,0.9929,1.0000,0.9774,0.9963,0.0000,Steady,1
failing_calm_long_back,2907,5.3333,0.9914,1.0000,0.9776,0.9963,0.0000,Steady,1
failing_calm_long_back,2908,5.3500,0.9612,1.0000,0.9774,0.9963,0.0000,Steady,1
failing_calm_long_back,2909,5.3667,0.9784,1.0000,0.9774,0.9963,0.0000,Steady,1
failing_calm_long_back,2910,5.3833,0.9997,1.0000,0.9778,0.9964,0.0000,Steady,1
failing_calm_long_back,2911,5.4000,0.9714,1.0000,0.9777,0.9964,0.0000,Steady,1
failing_calm_long_back,2912,5.4167,0.9648,1.0000,0.9774,0.9964,0.0000,Steady,1
failing_calm_long_back,2913,5.4333,0.9965,1.0000,0.9778,0.9965,0.0000,Steady,1
failing_calm_long_back,2914,5.4500,0.9867,1.0000,0.9779,0.9965,0.0000,Steady,1
failing_calm_long_back,2915,5.4667,0.9601,1.0000,0.9776,0.9965,0.0000,Steady,1
failing_calm_long_back,2916,5.4833,0.9837,1.0000,0.9777,0.9966,0.0000,Steady,1
failing_calm_long_back,2917,5.5000,0.9980,1.0000,0.9780,0.9966,0.0000,Steady,1
failing_calm_long_back,2918,5.5167,0.9670,1.0000,0.9779,0.9966,0.0000,Steady,1
failing_calm_long_back,2919,5.5333,0.9688,1.0000,0.9777,0.9966,0.0000,Steady,1
failing_calm_long_back,2920,5.5500,0.9989,1.0000,0.9781,0.9967,0.0000,Steady,1
failing_calm_long_back,2921,5.5667,0.9814,1.0000,0.9781,0.9967,0.0000,Steady,1
failing_calm_long_back,2922,5.5833,0.9604,1.0000,0.9778,0.9967,0.0000,Steady,1
failing_calm_long_back,2923,5.6000,0.9887,1.0000,0.9780,0.9967,0.0000,Steady,1
failing_calm_long_back,2924,5.6167,0.9951,1.0000,0.9783,0.9968,0.0000,Steady,1
failing_calm_long_back,2925,5.6333,0.9634,1.0000,0.9780,0.9968,0.0000,Steady,1
failing_calm_long_back,2926,5.6500,0.9735,1.0000,0.9780,0.9968,0.0000,Steady,1
failing_calm_long_back,2927,5.6667,1.0000,1.0000,0.9783,0.9969,0.0000,Steady,1
failing_calm_long_back,2928,5.6833,0.9761,1.0000,0.9783,0.9969,0.0000,Steady,1
failing_calm_long_back,2929,5.7000,0.9621,1.0000,0.9780,0.9969,0.0000,Steady,1
failing_calm_long_back,2930,5.7167,0.9932,1.0000,0.9783,0.9969,0.0000,Steady,1
failing_calm_long_back,2931,5.7333,0.9911,1.0000,0.9785,0.9970,0.0000,Steady,1
failing_calm_long_back,2932,5.7500,0.9611,1.0000,0.9782,0.9970,0.0000,Steady,1
failing_calm_long_back,2933,5.7667,0.9787,1.0000,0.9782,0.9970,0.0000,Steady,1
failing_calm_long_back,2934,5.7833,0.9996,1.0000,0.9786,0.9970,0.0000,Steady,1
failing_calm_long_back,2935,5.8000,0.9711,1.0000,0.9784,0.9971,0.0000,Steady,1
failing_calm_long_back,2936,5.8167,0.9650,1.0000,0.9782,0.9971,0.0000,Steady,1
failing_calm_long_back,2937,5.8333,0.9967,1.0000,0.9785,0.9971,0.0000,Steady,1
failing_calm_long_back,2938,5.8500,0.9863,1.0000,0.9786,0.9971,0.0000,Steady,1
failing_calm_long_back,2939,5.8667,0.9600,1.0000,0.9783,0.9972,0.0000,Steady,1
failing_calm_long_back,2940,5.8833,0.9840,1.0000,0.9784,0.9972,0.0000,Steady,1
failing_calm_long_back,2941,5.9000,0.9979,1.0000,0.9788,0.9972,0.0000,Steady,1
failing_calm_long_back,2942,5.9167,0.9667,1.0000,0.9786,0.9972,0.0000,Steady,1
failing_calm_long_back,2943,5.9333,0.9690,1.0000,0.9784,0.9972,0.0000,Steady,1
failing_calm_long_back,2944,5.9500,0.9990,1.0000,0.9787,0.9973,0.0000,Steady,1
failing_calm_long_back,2945,5.9667,0.9811,1.0000,0.9788,0.9973,0.0000,Steady,1
failing_calm_long_back,2946,5.9833,0.9604,1.0000,0.9785,0.9973,0.0000,Steady,1
failing_calm_long_back,2947,6.0000,0.9891,1.0000,0.9787,0.9973,0.0000,Steady,1
failing_normal_long,2948,0.0167,0.3728,0.9538,0.9505,0.9953,0.0000,Steady,0
failing_normal_long,2949,0.0333,0.3669,0.9461,0.9233,0.9932,0.0000,Steady,0
failing_normal_long,2950,0.0500,0.3612,0.9556,0.8972,0.9912,0.0000,Steady,0
failing_normal_long,2951,0.0667,0.3558,0.9425,0.8720,0.9891,0.0000,Steady,0
failing_normal_long,2952,0.0833,0.3505,0.9292,0.8478,0.9871,0.0000,Steady,0
failing_normal_long,2953,0.1000,0.3456,0.9351,0.8244,0.9851,0.0000,Steady,0
failing_normal_long,2954,0.1167,0.3409,0.9305,0.8019,0.9830,0.0000,Steady,0
failing_normal_long,2955,0.1333,0.3365,0.9181,0.7803,0.9810,0.0000,Steady,0
failing_normal_long,2956,0.1500,0.3324,0.9180,0.7595,0.9790,0.0000,Steady,0
failing_normal_long,2957,0.1667,0.3286,0.9173,0.7394,0.9770,0.0000,Steady,0
failing_normal_long,2958,0.1833,0.3252,0.9107,0.7202,0.9751,0.0000,Steady,0
failing_normal_long,2959,0.2000,0.3221,0.9070,0.7016,0.9731,0.0000,Steady,0
failing_normal_long,2960,0.2167,0.3194,0.9047,0.6839,0.9711,0.0000,Steady,0
failing_normal_long,2961,0.2333,0.3172,0.9047,0.6668,0.9691,0.0000,Steady,0
failing_normal_long,2962,0.2500,0.3153,0.9029,0.6505,0.9672,0.0000,Steady,0
failing_normal_long,2963,0.2667,0.3138,0.8960,0.6348,0.9652,0.0000,Steady,0
failing_normal_long,2964,0.2833,0.3128,0.8988,0.6198,0.9633,0.0000,Steady,0
failing_normal_long,2965,0.3000,0.3122,0.9040,0.6055,0.9614,0.0000,Steady,0
failing_normal_long,2966,0.3167,0.3121,0.8942,0.5919,0.9595,0.0000,Steady,0
failing_normal_long,2967,0.3333,0.3125,0.8939,0.5789,0.9575,0.0000,Steady,0
failing_normal_long,2968,0.3500,0.3133,0.9075,0.5665,0.9556,0.0000,Steady,0
failing_normal_long,2969,0.3667,0.3146,0.9003,0.5548,0.9537,0.0000,Steady,0
failing_normal_long,2970,0.3833,0.3164,0.8929,0.5437,0.9518,0.0007,Steady,0
failing_normal_long,2971,0.4000,0.3186,0.9116,0.5333,0.9500,0.0048,Steady,0
failing_normal_long,2972,0.4167,0.3214,0.9132,0.5234,0.9481,0.0120,Steady,0
failing_normal_long,2973,0.4333,0.3246,0.8990,0.5142,0.9462,0.0214,Steady,0
failing_normal_long,2974,0.4500,0.3283,0.9160,0.5055,0.9444,0.0324,Steady,0
failing_normal_long,2975,0.4667,0.3325,0.9297,0.4975,0.9425,0.0445,Steady,0
failing_normal_long,2976,0.4833,0.3372,0.9138,0.4900,0.9407,0.0571,Steady,0
failing_normal_long,2977,0.5000,0.3423,0.9231,0.4832,0.9388,0.0699,Steady,0
failing_normal_long,2978,0.5167,0.3479,0.9469,0.4769,0.9389,0.0827,Steady,0
failing_normal_long,2979,0.5333,0.3539,0.9365,0.4712,0.9371,0.0949,Steady,0
failing_normal_long,2980,0.5500,0.3604,0.9358,0.4660,0.9352,0.1064,Steady,0
failing_normal_long,2981,0.5667,0.3673,0.9635,0.4614,0.9355,0.1173,Steady,0
failing_normal_long,2982,0.5833,0.3745,0.9641,0.4574,0.9357,0.1273,Steady,0
failing_normal_long,2983,0.6000,0.3822,0.9562,0.4539,0.9359,0.1362,Steady,0
failing_normal_long,2984,0.6167,0.3903,0.9806,0.4509,0.9362,0.1439,Steady,0
failing_normal_long,2985,0.6333,0.3986,0.9929,0.4485,0.9367,0.1504,Steady,0
failing_normal_long,2986,0.6500,0.4074,0.9843,0.4466,0.9371,0.1555,Steady,0
failing_normal_long,2987,0.6667,0.4164,1.0000,0.4452,0.9376,0.1594,Steady,0
failing_normal_long,2988,0.6833,0.4257,1.0000,0.4443,0.9381,0.1620,Steady,0
failing_normal_long,2989,0.7000,0.4352,1.0000,0.4438,0.9387,0.1632,Steady,0
failing_normal_long,2990,0.7167,0.4450,1.0000,0.4439,0.9392,0.1632,Steady,0
failing_normal_long,2991,0.7333,0.4550,1.0000,0.4444,0.9397,0.1632,Steady,0
failing_normal_long,2992,0.7500,0.4651,1.0000,0.4454,0.9402,0.1632,Steady,0
failing_normal_long,2993,0.7667,0.4755,1.0000,0.4468,0.9407,0.1632,Steady,0
failing_normal_long,2994,0.7833,0.4859,1.0000,0.4486,0.9412,0.1632,Steady,0
failing_normal_long,2995,0.8000,0.4964,1.0000,0.4508,0.9416,0.1632,Steady,0
failing_normal_long,2996,0.8167,0.5069,1.0000,0.4534,0.9421,0.1632,Steady,0
failing_normal_long,2997,0.8333,0.5175,1.0000,0.4564,0.9426,0.1632,Steady,0
failing_normal_long,2998,0.8500,0.5280,1.0000,0.4597,0.9431,0.1632,Steady,0
failing_normal_long,2999,0.8667,0.5385,1.0000,0.4634,0.9436,0.1632,Steady,0
failing_normal_long,3000,0.8833,0.5489,1.0000,0.4674,0.9440,0.1632,Steady,0
failing_normal_long,3001,0.9000,0.5592,1.0000,0.4716,0.9445,0.1632,Steady,0
failing_normal_long,3002,0.9167,0.5694,1.0000,0.4762,0.9450,0.1632,Steady,0
failing_normal_long,3003,0.9333,0.5794,1.0000,0.4810,0.9454,0.1632,Steady,0
failing_normal_long,3004,0.9500,0.5891,1.0000,0.4860,0.9459,0.1632,Steady,0
failing_normal_long,3005,0.9667,0.5987,1.0000,0.4913,0.9463,0.1632,Steady,0
failing_normal_long,3006,0.9833,0.6079,1.0000,0.4967,0.9468,0.1632,Steady,0
failing_normal_long,3007,1.0000,0.6169,1.0000,0.5023,0.9472,0.1632,Steady,0
failing_normal_long,3008,1.0167,0.6255,1.0000,0.5080,0.9476,0.1632,Failing,0
failing_normal_long,3009,1.0333,0.6337,1.0000,0.5138,0.9481,0.1632,Failing,0
failing_normal_long,3010,1.0500,0.6416,1.0000,0.5198,0.9485,0.1632,Failing,0
failing_normal_long,3011,1.0667,0.6490,1.0000,0.5258,0.9489,0.1632,Failing,0
failing_normal_long,3012,1.0833,0.0328,0.6269,0.5029,0.9471,0.1632,Failing,0
failing_normal_long,3013,1.1000,0.0331,0.6254,0.4810,0.9452,0.1632,Failing,0
failing_normal_long,3014,1.1167,0.0334,0.6068,0.4602,0.9433,0.1632,Failing,0
failing_normal_long,3015,1.1333,0.0337,0.6218,0.4404,0.9415,0.1734,Failing,0
failing_normal_long,3016,1.1500,0.0340,0.6314,0.4215,0.9396,0.2067,Failing,0
failing_normal_long,3017,1.1667,0.0342,0.6105,0.4035,0.9378,0.2400,Failing,0
failing_normal_long,3018,1.1833,0.0344,0.6154,0.3863,0.9360,0.2734,Failing,0
failing_normal_long,3019,1.2000,0.0345,0.6331,0.3699,0.9342,0.3067,Failing,0
failing_normal_long,3020,1.2167,0.0347,0.6172,0.3544,0.9323,0.3400,Failing,0
failing_normal_long,3021,1.2333,0.0348,0.6111,0.3395,0.9305,0.3734,Failing,0
failing_normal_long,3022,1.2500,0.0349,0.6302,0.3253,0.9287,0.4067,Failing,0
failing_normal_long,3023,1.2667,0.0349,0.6239,0.3118,0.9269,0.4400,Failing,0
failing_normal_long,3024,1.2833,0.0349,0.6107,0.2989,0.9252,0.4734,Failing,0
failing_normal_long,3025,1.3000,0.0349,0.6245,0.2867,0.9234,0.5067,Failing,0
failing_normal_long,3026,1.3167,0.0348,0.6274,0.2750,0.9216,0.5400,Failing,0
failing_normal_long,3027,1.3333,0.0348,0.6139,0.2638,0.9198,0.5734,Failing,0
failing_normal_long,3028,1.3500,0.0346,0.6193,0.2531,0.9181,0.6067,Failing,0
failing_normal_long,3029,1.3667,0.0345,0.6266,0.2430,0.9163,0.6400,Failing,0
failing_normal_long,3030,1.3833,0.0343,0.6181,0.2333,0.9146,0.6734,Failing,0
failing_normal_long,3031,1.4000,0.0341,0.6170,0.2240,0.9128,0.7067,Failing,0
failing_normal_long,3032,1.4167,0.6779,1.0000,0.2451,0.9136,0.7400,Failing,0
failing_normal_long,3033,1.4333,0.6726,1.0000,0.2650,0.9143,0.7734,Failing,0
failing_normal_long,3034,1.4500,0.6668,1.0000,0.2837,0.9150,0.8067,Failing,0
failing_normal_long,3035,1.4667,0.6605,1.0000,0.3012,0.9157,0.8307,Failing,0
failing_normal_long,3036,1.4833,0.6537,1.0000,0.3176,0.9164,0.8307,Failing,0
failing_normal_long,3037,1.5000,0.6463,1.0000,0.3329,0.9171,0.8307,Failing,0
failing_normal_long,3038,1.5167,0.6385,1.0000,0.3471,0.9178,0.8307,Failing,0
failing_normal_long,3039,1.5333,0.6302,1.0000,0.3603,0.9185,0.8307,Failing,0
failing_normal_long,3040,1.5500,0.6216,1.0000,0.3724,0.9191,0.8307,Failing,0
failing_normal_long,3041,1.5667,0.6125,1.0000,0.3836,0.9198,0.8307,Failing,0
failing_normal_long,3042,1.5833,0.6030,1.0000,0.3938,0.9205,0.8307,Failing,0
failing_normal_long,3043,1.6000,0.5932,1.0000,0.4031,0.9211,0.8307,Failing,0
failing_normal_long,3044,1.6167,0.5831,1.0000,0.4114,0.9218,0.8307,Failing,0
failing_normal_long,3045,1.6333,0.5727,1.0000,0.4189,0.9224,0.8307,Failing,0
failing_normal_long,3046,1.6500,0.5621,1.0000,0.4256,0.9231,0.8307,Failing,0
failing_normal_long,3047,1.6667,0.5512,1.0000,0.4314,0.9237,0.8307,Failing,0
failing_normal_long,3048,1.6833,0.5402,1.0000,0.4365,0.9244,0.8307,Failing,0
failing_normal_long,3049,1.7000,0.5291,1.0000,0.4408,0.9250,0.8307,Failing,0
failing_normal_long,3050,1.7167,0.5178,1.0000,0.4444,0.9256,0.8307,Failing,0
failing_normal_long,3051,1.7333,0.5064,1.0000,0.4473,0.9262,0.8307,Failing,0
failing_normal_long,3052,1.7500,0.4951,1.0000,0.4495,0.9268,0.8307,Failing,0
failing_normal_long,3053,1.7667,0.4837,1.0000,0.4511,0.9274,0.8307,Failing,0
failing_normal_long,3054,1.7833,0.4723,1.0000,0.4521,0.9280,0.8307,Failing,0
failing_normal_long,3055,1.8000,0.4610,1.0000,0.4525,0.9286,0.8307,Failing,0
failing_normal_long,3056,1.8167,0.4498,1.0000,0.4523,0.9292,0.8307,Failing,0
failing_normal_long,3057,1.8333,0.4388,1.0000,0.4517,0.9298,0.8307,Failing,0
failing_normal_long,3058,1.8500,0.4279,1.0000,0.4506,0.9304,0.8307,Failing,0
failing_normal_long,3059,1.8667,0.4172,0.9989,0.4491,0.9310,0.8307,Failing,0
failing_normal_long,3060,1.8833,0.4068,1.0000,0.4471,0.9315,0.8307,Failing,0
failing_normal_long,3061,1.9000,0.3966,0.9794,0.4447,0.9319,0.8307,Failing,0
failing_normal_long,3062,1.9167,0.3867,0.9646,0.4420,0.9322,0.8307,Failing,0
failing_normal_long,3063,1.9333,0.3771,0.9707,0.4390,0.9325,0.8307,Failing,0
failing_normal_long,3064,1.9500,0.3678,0.9561,0.4357,0.9327,0.8307,Failing,0
failing_normal_long,3065,1.9667,0.3590,0.9373,0.4321,0.9328,0.8307,Failing,0
failing_normal_long,3066,1.9833,0.3505,0.9390,0.4283,0.9328,0.8307,Failing,0
failing_normal_long,3067,2.0000,0.3425,0.9329,0.4244,0.9328,0.7973,Failing,0
failing_normal_long,3068,2.0167,0.3349,0.9168,0.4202,0.9310,0.7640,Failing,0
failing_normal_long,3069,2.0333,0.3277,0.9126,0.4159,0.9292,0.7307,Failing,0
failing_normal_long,3070,2.0500,0.3211,0.9099,0.4115,0.9274,0.6973,Failing,0
failing_normal_long,3071,2.0667,0.3149,0.9007,0.4070,0.9256,0.6640,Failing,0
failing_normal_long,3072,2.0833,0.3092,0.8941,0.4024,0.9238,0.6307,Failing,0
failing_normal_long,3073,2.1000,0.3041,0.8893,0.3979,0.9221,0.5973,Failing,0
failing_normal_long,3074,2.1167,0.2995,0.8867,0.3933,0.9203,0.5640,Failing,0
failing_normal_long,3075,2.1333,0.2954,0.8834,0.3887,0.9185,0.5307,Failing,0
failing_normal_long,3076,2.1500,0.2919,0.8744,0.3842,0.9168,0.4973,Failing,0
failing_normal_long,3077,2.1667,0.2889,0.8740,0.3798,0.9150,0.4640,Failing,0
failing_normal_long,3078,2.1833,0.2865,0.8784,0.3755,0.9133,0.4307,Failing,0
failing_normal_long,3079,2.2000,0.2847,0.8678,0.3712,0.9116,0.3973,Failing,0
failing_normal_long,3080,2.2167,0.2834,0.8637,0.3672,0.9098,0.3965,Failing,0
failing_normal_long,3081,2.2333,0.2826,0.8762,0.3632,0.9081,0.4091,Failing,0
failing_normal_long,3082,2.2500,0.2824,0.8699,0.3595,0.9064,0.4211,Failing,0
failing_normal_long,3083,2.2667,0.2828,0.8589,0.3559,0.9047,0.4323,Failing,0
failing_normal_long,3084,2.2833,0.2837,0.8749,0.3525,0.9030,0.4429,Failing,0
failing_normal_long,3085,2.3000,0.2851,0.8786,0.3494,0.9013,0.4527,Failing,0
failing_normal_long,3086,2.3167,0.2870,0.8621,0.3465,0.8996,0.4616,Failing,0
failing_normal_long,3087,2.3333,0.2894,0.8748,0.3438,0.8979,0.4697,Failing,0
failing_normal_long,3088,2.3500,0.2923,0.8904,0.3414,0.8962,0.4768,Failing,0
failing_normal_long,3089,2.3667,0.2957,0.8742,0.3393,0.8946,0.4831,Failing,0
failing_normal_long,3090,2.3833,0.2996,0.8782,0.3375,0.8929,0.4883,Failing,0
failing_normal_long,3091,2.4000,0.3039,0.9025,0.3359,0.8930,0.4936,Failing,0
failing_normal_long,3092,2.4167,0.3086,0.8936,0.3346,0.8930,0.4978,Failing,0
failing_normal_long,3093,2.4333,0.3137,0.8879,0.3337,0.8913,0.5001,Failing,0
failing_normal_long,3094,2.4500,0.3192,0.9139,0.3330,0.8915,0.5025,Failing,0
failing_normal_long,3095,2.4667,0.3250,0.9168,0.3326,0.8917,0.5038,Failing,0
failing_normal_long,3096,2.4833,0.3312,0.9053,0.3326,0.8918,0.5041,Failing,0
failing_normal_long,3097,2.5000,0.3377,0.9260,0.3328,0.8921,0.5041,Failing,0
failing_normal_long,3098,2.5167,0.3445,0.9400,0.3333,0.8925,0.5041,Failing,0
failing_normal_long,3099,2.5333,0.3515,0.9295,0.3342,0.8928,0.5041,Failing,0
failing_normal_long,3100,2.5500,0.3588,0.9412,0.3353,0.8932,0.5041,Failing,0
failing_normal_long,3101,2.5667,0.3662,0.9613,0.3368,0.8938,0.5041,Failing,0
failing_normal_long,3102,2.5833,0.3739,0.9575,0.3385,0.8943,0.5041,Failing,0
failing_normal_long,3103,2.6000,0.3817,0.9617,0.3405,0.8949,0.5041,Failing,0
failing_normal_long,3104,2.6167,0.3896,0.9809,0.3428,0.8956,0.5041,Failing,0
failing_normal_long,3105,2.6333,0.3977,0.9854,0.3453,0.8963,0.5041,Failing,0
failing_normal_long,3106,2.6500,0.4058,0.9873,0.3482,0.8971,0.5041,Failing,0
failing_normal_long,3107,2.6667,0.4140,1.0000,0.3512,0.8980,0.5041,Failing,0
failing_normal_long,3108,2.6833,0.4222,1.0000,0.3545,0.8988,0.5041,Failing,0
failing_normal_long,3109,2.7000,0.4304,1.0000,0.3580,0.8996,0.5041,Failing,0
failing_normal_long,3110,2.7167,0.4386,1.0000,0.3618,0.9005,0.5041,Failing,0
failing_normal_long,3111,2.7333,0.4467,1.0000,0.3657,0.9013,0.5041,Failing,0
failing_normal_long,3112,2.7500,0.4548,1.0000,0.3699,0.9021,0.5041,Failing,0
failing_normal_long,3113,2.7667,0.4627,1.0000,0.3742,0.9029,0.5041,Failing,0
failing_normal_long,3114,2.7833,0.4706,1.0000,0.3787,0.9037,0.5041,Failing,0
failing_normal_long,3115,2.8000,0.4783,1.0000,0.3833,0.9045,0.5041,Failing,0
failing_normal_long,3116,2.8167,0.4859,1.0000,0.3881,0.9053,0.5041,Failing,0
failing_normal_long,3117,2.8333,0.4933,1.0000,0.3930,0.9061,0.5041,Failing,0
failing_normal_long,3118,2.8500,0.5005,1.0000,0.3980,0.9069,0.5041,Failing,0
failing_normal_long,3119,2.8667,0.5075,1.0000,0.4031,0.9077,0.5041,Failing,0
failing_normal_long,3120,2.8833,0.5142,1.0000,0.4082,0.9084,0.5041,Failing,0
failing_normal_long,3121,2.9000,0.5208,1.0000,0.4135,0.9092,0.5041,Failing,0
failing_normal_long,3122,2.9167,0.5270,1.0000,0.4187,0.9099,0.5041,Failing,0
failing_normal_long,3123,2.9333,0.5330,1.0000,0.4241,0.9107,0.5041,Failing,0
failing_normal_long,3124,2.9500,0.5388,1.0000,0.4294,0.9114,0.5041,Failing,0
failing_normal_long,3125,2.9667,0.5442,1.0000,0.4347,0.9122,0.5041,Failing,0
failing_normal_long,3126,2.9833,0.5493,1.0000,0.4401,0.9129,0.5041,Failing,0
failing_normal_long,3127,3.0000,0.5542,1.0000,0.4454,0.9136,0.5041,Failing,0
failing_normal_long,3128,3.0167,0.5587,1.0000,0.4506,0.9143,0.5041,Failing,0
failing_normal_long,3129,3.0333,0.5629,1.0000,0.4559,0.9150,0.5041,Failing,0
failing_normal_long,3130,3.0500,0.5668,1.0000,0.4610,0.9158,0.5041,Failing,0
failing_normal_long,3131,3.0667,0.5703,1.0000,0.4661,0.9164,0.5041,Failing,0
failing_normal_long,3132,3.0833,0.5735,1.0000,0.4711,0.9171,0.4708,Failing,0
failing_normal_long,3133,3.1000,0.5764,1.0000,0.4760,0.9178,0.4374,Failing,0
failing_normal_long,3134,3.1167,0.5789,1.0000,0.4808,0.9185,0.4041,Failing,0
failing_normal_long,3135,3.1333,0.5812,1.0000,0.4854,0.9192,0.3708,Failing,0
failing_normal_long,3136,3.1500,0.5830,1.0000,0.4900,0.9199,0.3374,Failing,0
failing_normal_long,3137,3.1667,0.5846,1.0000,0.4944,0.9205,0.3041,Failing,0
failing_normal_long,3138,3.1833,0.5858,1.0000,0.4986,0.9212,0.2708,Failing,0
failing_normal_long,3139,3.2000,0.5867,1.0000,0.5027,0.9218,0.2374,Failing,0
failing_normal_long,3140,3.2167,0.5873,1.0000,0.5067,0.9225,0.2041,Failing,0
failing_normal_long,3141,3.2333,0.5876,1.0000,0.5104,0.9231,0.1708,Failing,0
failing_normal_long,3142,3.2500,0.5876,1.0000,0.5140,0.9238,0.1374,Failing,0
failing_normal_long,3143,3.2667,0.5872,1.0000,0.5174,0.9244,0.1041,Failing,0
failing_normal_long,3144,3.2833,0.5866,1.0000,0.5206,0.9250,0.0708,Failing,0
failing_normal_long,3145,3.3000,0.5857,1.0000,0.5237,0.9256,0.0374,Failing,0
failing_normal_long,3146,3.3167,0.5845,1.0000,0.5265,0.9263,0.0092,Failing,0
failing_normal_long,3147,3.3333,0.5831,1.0000,0.5291,0.9269,0.0073,Failing,0
failing_normal_long,3148,3.3500,0.5814,1.0000,0.5316,0.9275,0.0057,Failing,0
failing_normal_long,3149,3.3667,0.5795,1.0000,0.5338,0.9281,0.0045,Failing,0
failing_normal_long,3150,3.3833,0.5773,1.0000,0.5358,0.9287,0.0034,Failing,0
failing_normal_long,3151,3.4000,0.5749,1.0000,0.5376,0.9293,0.0026,Failing,0
failing_normal_long,3152,3.4167,0.5723,1.0000,0.5392,0.9299,0.0020,Failing,0
failing_normal_long,3153,3.4333,0.5694,1.0000,0.5406,0.9304,0.0015,Failing,0
failing_normal_long,3154,3.4500,0.5664,1.0000,0.5418,0.9310,0.0011,Failing,0
failing_normal_long,3155,3.4667,0.5632,1.0000,0.5428,0.9316,0.0009,Failing,0
failing_normal_long,3156,3.4833,0.5598,1.0000,0.5436,0.9322,0.0007,Failing,0
failing_normal_long,3157,3.5000,0.5563,1.0000,0.5442,0.9327,0.0006,Failing,0
failing_normal_long,3158,3.5167,0.5526,1.0000,0.5446,0.9333,0.0005,Failing,0
failing_normal_long,3159,3.5333,0.5488,1.0000,0.5448,0.9338,0.0005,Failing,0
failing_normal_long,3160,3.5500,0.5448,1.0000,0.5448,0.9344,0.0005,Failing,0
failing_normal_long,3161,3.5667,0.5407,1.0000,0.5446,0.9349,0.0005,Failing,0
failing_normal_long,3162,3.5833,0.5366,1.0000,0.5442,0.9355,0.0006,Failing,0
failing_normal_long,3163,3.6000,0.5323,1.0000,0.5437,0.9360,0.0007,Failing,0
failing_normal_long,3164,3.6167,0.5279,1.0000,0.5429,0.9365,0.0009,Failing,0
failing_normal_long,3165,3.6333,0.5234,1.0000,0.5420,0.9371,0.0011,Failing,0
failing_normal_long,3166,3.6500,0.5189,1.0000,0.5410,0.9376,0.0014,Failing,0
failing_normal_long,3167,3.6667,0.5144,1.0000,0.5397,0.9381,0.0018,Failing,0
failing_normal_long,3168,3.6833,0.5097,1.0000,0.5383,0.9386,0.0023,Failing,0
failing_normal_long,3169,3.7000,0.5051,1.0000,0.5368,0.9391,0.0030,Failing,0
failing_normal_long,3170,3.7167,0.5004,1.0000,0.5351,0.9396,0.0038,Failing,0
failing_normal_long,3171,3.7333,0.4957,1.0000,0.5333,0.9401,0.0048,Failing,0
failing_normal_long,3172,3.7500,0.4909,1.0000,0.5313,0.9406,0.0060,Failing,0
failing_normal_long,3173,3.7667,0.4862,1.0000,0.5292,0.9411,0.0074,Failing,0
failing_normal_long,3174,3.7833,0.4815,1.0000,0.5270,0.9416,0.0090,Failing,0
failing_normal_long,3175,3.8000,0.4768,1.0000,0.5246,0.9421,0.0109,Failing,0
failing_normal_long,3176,3.8167,0.4721,1.0000,0.5222,0.9426,0.0130,Failing,0
failing_normal_long,3177,3.8333,0.4674,1.0000,0.5196,0.9431,0.0155,Failing,0
failing_normal_long,3178,3.8500,0.4628,1.0000,0.5170,0.9435,0.0182,Failing,0
failing_normal_long,3179,3.8667,0.4582,1.0000,0.5143,0.9440,0.0213,Failing,0
failing_normal_long,3180,3.8833,0.4537,1.0000,0.5114,0.9445,0.0246,Failing,0
failing_normal_long,3181,3.9000,0.4492,1.0000,0.5086,0.9449,0.0283,Failing,0
failing_normal_long,3182,3.9167,0.4448,1.0000,0.5056,0.9454,0.0324,Failing,0
failing_normal_long,3183,3.9333,0.4405,1.0000,0.5026,0.9458,0.0368,Failing,0
failing_normal_long,3184,3.9500,0.4362,1.0000,0.4995,0.9463,0.0415,Failing,0
failing_normal_long,3185,3.9667,0.4320,1.0000,0.4963,0.9467,0.0465,Failing,0
failing_normal_long,3186,3.9833,0.4280,1.0000,0.4932,0.9472,0.0519,Failing,0
failing_normal_long,3187,4.0000,0.4240,1.0000,0.4899,0.9476,0.0577,Failing,0
failing_normal_long,3188,4.0167,0.4201,1.0000,0.4867,0.9480,0.0637,Failing,0
failing_normal_long,3189,4.0333,0.4164,0.9994,0.4834,0.9485,0.0701,Failing,0
failing_normal_long,3190,4.0500,0.4128,0.9970,0.4801,0.9489,0.0767,Failing,0
failing_normal_long,3191,4.0667,0.4093,1.0000,0.4768,0.9493,0.0836,Failing,0
failing_normal_long,3192,4.0833,0.4059,0.9903,0.4735,0.9496,0.0908,Failing,0
failing_normal_long,3193,4.1000,0.4027,0.9823,0.4703,0.9499,0.0982,Failing,0
failing_normal_long,3194,4.1167,0.3997,0.9923,0.4670,0.9503,0.1058,Failing,0
failing_normal_long,3195,4.1333,0.3968,0.9859,0.4637,0.9506,0.1136,Failing,0
failing_normal_long,3196,4.1500,0.3940,0.9700,0.4605,0.9507,0.1216,Failing,0
failing_normal_long,3197,4.1667,0.3915,0.9808,0.4573,0.9510,0.1297,Failing,0
failing_normal_long,3198,4.1833,0.3891,0.9840,0.4541,0.9512,0.1378,Failing,0
failing_normal_long,3199,4.2000,0.3869,0.9630,0.4510,0.9513,0.1461,Failing,0
failing_normal_long,3200,4.2167,0.3849,0.9680,0.4479,0.9515,0.1544,Failing,0
failing_normal_long,3201,4.2333,0.3831,0.9815,0.4449,0.9517,0.1627,Failing,0
failing_normal_long,3202,4.2500,0.3814,0.9620,0.4419,0.9518,0.1709,Failing,0
failing_normal_long,3203,4.2667,0.3800,0.9568,0.4390,0.9519,0.1791,Failing,0
failing_normal_long,3204,4.2833,0.3789,0.9766,0.4362,0.9521,0.1872,Failing,0
failing_normal_long,3205,4.3000,0.3779,0.9654,0.4335,0.9522,0.1952,Failing,0
failing_normal_long,3206,4.3167,0.3772,0.9506,0.4309,0.9503,0.2025,Failing,0
failing_normal_long,3207,4.3333,0.3767,0.9695,0.4284,0.9504,0.2101,Failing,0
failing_normal_long,3208,4.3500,0.3764,0.9702,0.4260,0.9506,0.2175,Failing,0
failing_normal_long,3209,4.3667,0.3764,0.9510,0.4237,0.9506,0.2246,Failing,0
failing_normal_long,3210,4.3833,0.3767,0.9628,0.4215,0.9507,0.2313,Failing,0
failing_normal_long,3211,4.4000,0.3772,0.9737,0.4194,0.9509,0.2378,Failing,0
failing_normal_long,3212,4.4167,0.3779,0.9573,0.4175,0.9510,0.2439,Failing,0
failing_normal_long,3213,4.4333,0.3790,0.9598,0.4157,0.9510,0.2496,Failing,0
failing_normal_long,3214,4.4500,0.3803,0.9752,0.4141,0.9512,0.2549,Failing,0
failing_normal_long,3215,4.4667,0.3818,0.9669,0.4126,0.9514,0.2598,Failing,0
failing_normal_long,3216,4.4833,0.3836,0.9629,0.4112,0.9515,0.2641,Failing,0
failing_normal_long,3217,4.5000,0.3857,0.9763,0.4100,0.9517,0.2680,Failing,0
failing_normal_long,3218,4.5167,0.3881,0.9768,0.4090,0.9519,0.2714,Failing,0
failing_normal_long,3219,4.5333,0.3907,0.9722,0.4082,0.9520,0.2742,Failing,0
failing_normal_long,3220,4.5500,0.3937,0.9800,0.4075,0.9523,0.2765,Failing,0
failing_normal_long,3221,4.5667,0.3968,0.9854,0.4070,0.9525,0.2782,Failing,0
failing_normal_long,3222,4.5833,0.4003,0.9856,0.4067,0.9528,0.2793,Failing,0
failing_normal_long,3223,4.6000,0.4040,0.9889,0.4066,0.9531,0.2798,Failing,0
failing_normal_long,3224,4.6167,0.4080,0.9934,0.4066,0.9535,0.2798,Failing,0
failing_normal_long,3225,4.6333,0.4122,1.0000,0.4069,0.9538,0.2798,Failing,0
failing_normal_long,3226,4.6500,0.4167,1.0000,0.4073,0.9542,0.2798,Failing,0
failing_normal_long,3227,4.6667,0.4215,1.0000,0.4080,0.9546,0.2798,Failing,0
failing_normal_long,3228,4.6833,0.4265,1.0000,0.4089,0.9550,0.2798,Failing,0
failing_normal_long,3229,4.7000,0.4317,1.0000,0.4099,0.9554,0.2798,Failing,0
failing_normal_long,3230,4.7167,0.4371,1.0000,0.4112,0.9557,0.2798,Failing,0
failing_normal_long,3231,4.7333,0.4428,1.0000,0.4127,0.9561,0.2798,Failing,0
failing_normal_long,3232,4.7500,0.4486,1.0000,0.4143,0.9565,0.2798,Failing,0
failing_normal_long,3233,4.7667,0.4547,1.0000,0.4162,0.9568,0.2798,Failing,0
failing_normal_long,3234,4.7833,0.4609,1.0000,0.4183,0.9572,0.2798,Failing,0
failing_normal_long,3235,4.8000,0.4673,1.0000,0.4206,0.9575,0.2798,Failing,0
failing_normal_long,3236,4.8167,0.4738,1.0000,0.4230,0.9579,0.2798,Failing,0
failing_normal_long,3237,4.8333,0.4805,1.0000,0.4257,0.9582,0.2798,Failing,0
failing_normal_long,3238,4.8500,0.4873,1.0000,0.4286,0.9586,0.2798,Failing,0
failing_normal_long,3239,4.8667,0.4942,1.0000,0.4316,0.9589,0.2798,Failing,0
failing_normal_long,3240,4.8833,0.5012,1.0000,0.4349,0.9593,0.2798,Failing,0
failing_normal_long,3241,4.9000,0.5082,1.0000,0.4383,0.9596,0.2798,Failing,0
failing_normal_long,3242,4.9167,0.5153,1.0000,0.4418,0.9599,0.2798,Failing,0
failing_normal_long,3243,4.9333,0.5224,1.0000,0.4456,0.9603,0.2798,Failing,0
failing_normal_long,3244,4.9500,0.5296,1.0000,0.4495,0.9606,0.2798,Failing,0
failing_normal_long,3245,4.9667,0.5367,1.0000,0.4536,0.9609,0.2798,Failing,0
failing_normal_long,3246,4.9833,0.5438,1.0000,0.4578,0.9612,0.2798,Failing,0
failing_normal_long,3247,5.0000,0.5508,1.0000,0.4621,0.9616,0.2798,Failing,0
failing_normal_long,3248,5.0167,0.5578,1.0000,0.4665,0.9619,0.2798,Failing,0
failing_normal_long,3249,5.0333,0.5646,1.0000,0.4711,0.9622,0.2798,Failing,0
failing_normal_long,3250,5.0500,0.5714,1.0000,0.4758,0.9625,0.2798,Failing,0
failing_normal_long,3251,5.0667,0.5780,1.0000,0.4805,0.9628,0.2798,Failing,0
failing_normal_long,3252,5.0833,0.5844,1.0000,0.4853,0.9631,0.2798,Failing,0
failing_normal_long,3253,5.1000,0.5907,1.0000,0.4902,0.9634,0.2798,Failing,0
failing_normal_long,3254,5.1167,0.5967,1.0000,0.4952,0.9637,0.2798,Failing,0
failing_normal_long,3255,5.1333,0.6025,1.0000,0.5002,0.9640,0.2798,Failing,0
failing_normal_long,3256,5.1500,0.6080,1.0000,0.5052,0.9643,0.2798,Failing,0
failing_normal_long,3257,5.1667,0.6133,1.0000,0.5102,0.9646,0.2798,Failing,0
failing_normal_long,3258,5.1833,0.6182,1.0000,0.5152,0.9649,0.2798,Failing,0
failing_normal_long,3259,5.2000,0.6229,1.0000,0.5202,0.9652,0.2465,Failing,0
failing_normal_long,3260,5.2167,0.6272,1.0000,0.5252,0.9655,0.2131,Failing,0
failing_normal_long,3261,5.2333,0.6311,1.0000,0.5301,0.9658,0.1798,Failing,0
failing_normal_long,3262,5.2500,0.6347,1.0000,0.5350,0.9661,0.1465,Failing,0
failing_normal_long,3263,5.2667,0.6379,1.0000,0.5398,0.9664,0.1131,Failing,0
failing_normal_long,3264,5.2833,0.6406,1.0000,0.5445,0.9666,0.0798,Failing,0
failing_normal_long,3265,5.3000,0.6430,1.0000,0.5491,0.9669,0.0465,Failing,0
failing_normal_long,3266,5.3167,0.6449,1.0000,0.5535,0.9672,0.0131,Failing,0
failing_normal_long,3267,5.3333,0.6463,1.0000,0.5578,0.9675,0.0000,Failing,0
failing_normal_long,3268,5.3500,0.6473,1.0000,0.5620,0.9677,0.0000,Failing,0
failing_normal_long,3269,5.3667,0.6478,1.0000,0.5660,0.9680,0.0000,Failing,0
failing_normal_long,3270,5.3833,0.6478,1.0000,0.5698,0.9683,0.0000,Failing,0
failing_normal_long,3271,5.4000,0.6473,1.0000,0.5734,0.9685,0.0000,Failing,0
failing_normal_long,3272,5.4167,0.6463,1.0000,0.5768,0.9688,0.0000,Failing,0
failing_normal_long,3273,5.4333,0.6448,1.0000,0.5799,0.9691,0.0000,Failing,0
failing_normal_long,3274,5.4500,0.6428,1.0000,0.5829,0.9693,0.0000,Failing,0
failing_normal_long,3275,5.4667,0.6403,1.0000,0.5855,0.9696,0.0000,Failing,0
failing_normal_long,3276,5.4833,0.6373,1.0000,0.5879,0.9698,0.0000,Failing,0
failing_normal_long,3277,5.5000,0.6338,1.0000,0.5901,0.9701,0.0000,Failing,0
failing_normal_long,3278,5.5167,0.6297,1.0000,0.5919,0.9703,0.0000,Failing,0
failing_normal_long,3279,5.5333,0.6252,1.0000,0.5935,0.9706,0.0000,Failing,0
failing_normal_long,3280,5.5500,0.6202,1.0000,0.5947,0.9708,0.0000,Failing,0
failing_normal_long,3281,5.5667,0.6147,1.0000,0.5956,0.9711,0.0000,Failing,0
failing_normal_long,3282,5.5833,0.6087,1.0000,0.5962,0.9713,0.0000,Failing,0
failing_normal_long,3283,5.6000,0.6023,1.0000,0.5965,0.9715,0.0000,Failing,0
failing_normal_long,3284,5.6167,0.5954,1.0000,0.5965,0.9718,0.0000,Failing,0
failing_normal_long,3285,5.6333,0.5881,1.0000,0.5961,0.9720,0.0000,Failing,0
failing_normal_long,3286,5.6500,0.5804,1.0000,0.5954,0.9722,0.0000,Failing,0
failing_normal_long,3287,5.6667,0.5723,1.0000,0.5943,0.9725,0.0000,Failing,0
failing_normal_long,3288,5.6833,0.5638,1.0000,0.5929,0.9727,0.0000,Failing,0
failing_normal_long,3289,5.7000,0.5550,1.0000,0.5911,0.9729,0.0000,Failing,0
failing_normal_long,3290,5.7167,0.5459,1.0000,0.5890,0.9731,0.0000,Failing,0
failing_normal_long,3291,5.7333,0.5364,1.0000,0.5866,0.9734,0.0000,Failing,0
failing_normal_long,3292,5.7500,0.5267,1.0000,0.5838,0.9736,0.0000,Failing,0
failing_normal_long,3293,5.7667,0.5167,1.0000,0.5807,0.9738,0.0000,Failing,0
failing_normal_long,3294,5.7833,0.5065,1.0000,0.5772,0.9740,0.0000,Failing,0
failing_normal_long,3295,5.8000,0.4961,1.0000,0.5734,0.9742,0.0000,Failing,0
failing_normal_long,3296,5.8167,0.4855,1.0000,0.5693,0.9745,0.0000,Failing,0
failing_normal_long,3297,5.8333,0.4749,1.0000,0.5650,0.9747,0.0000,Failing,0
failing_normal_long,3298,5.8500,0.4641,1.0000,0.5603,0.9749,0.0000,Failing,0
failing_normal_long,3299,5.8667,0.4532,1.0000,0.5553,0.9751,0.0000,Failing,0
failing_normal_long,3300,5.8833,0.4423,1.0000,0.5500,0.9753,0.0000,Failing,0
failing_normal_long,3301,5.9000,0.4315,1.0000,0.5445,0.9755,0.0005,Failing,0
failing_normal_long,3302,5.9167,0.4206,1.0000,0.5388,0.9757,0.0023,Failing,0
failing_normal_long,3303,5.9333,0.4098,0.9933,0.5328,0.9758,0.0053,Failing,0
failing_normal_long,3304,5.9500,0.3992,0.9907,0.5266,0.9760,0.0097,Failing,0
failing_normal_long,3305,5.9667,0.3886,0.9743,0.5201,0.9740,0.0155,Failing,0
failing_normal_long,3306,5.9833,0.3783,0.9572,0.5135,0.9720,0.0228,Failing,0
failing_normal_long,3307,6.0000,0.3681,0.9595,0.5068,0.9701,0.0315,Failing,0
failing_normal_long,3308,6.0167,0.3582,0.9489,0.4999,0.9681,0.0418,Failing,0
failing_normal_long,3309,6.0333,0.3485,0.9248,0.4928,0.9661,0.0536,Failing,0
failing_normal_long,3310,6.0500,0.3391,0.9265,0.4857,0.9642,0.0668,Failing,0
failing_normal_long,3311,6.0667,0.3301,0.9261,0.4784,0.9623,0.0814,Failing,0
failing_normal_long,3312,6.0833,0.3214,0.8990,0.4711,0.9603,0.0973,Failing,0
failing_normal_long,3313,6.1000,0.3131,0.8941,0.4638,0.9584,0.1144,Failing,0
failing_normal_long,3314,6.1167,0.3052,0.9037,0.4564,0.9565,0.1326,Failing,0
failing_normal_long,3315,6.1333,0.2978,0.8806,0.4490,0.9546,0.1517,Failing,0
failing_normal_long,3316,6.1500,0.2908,0.8661,0.4417,0.9527,0.1718,Failing,0
failing_normal_long,3317,6.1667,0.2843,0.8808,0.4344,0.9508,0.1924,Failing,0
failing_normal_long,3318,6.1833,0.2784,0.8683,0.4271,0.9490,0.2137,Failing,0
failing_normal_long,3319,6.2000,0.2729,0.8460,0.4199,0.9471,0.2353,Failing,0
failing_normal_long,3320,6.2167,0.2680,0.8587,0.4129,0.9452,0.2571,Failing,0
failing_normal_long,3321,6.2333,0.2637,0.8592,0.4059,0.9434,0.2789,Failing,0
failing_normal_long,3322,6.2500,0.2600,0.8354,0.3992,0.9415,0.3007,Failing,0
failing_normal_long,3323,6.2667,0.2568,0.8407,0.3925,0.9397,0.3222,Failing,0
failing_normal_long,3324,6.2833,0.2543,0.8513,0.3861,0.9378,0.3433,Failing,0
failing_normal_long,3325,6.3000,0.2523,0.8333,0.3799,0.9360,0.3639,Failing,0
failing_normal_long,3326,6.3167,0.2510,0.8303,0.3739,0.9342,0.3838,Failing,0
failing_normal_long,3327,6.3333,0.2503,0.8448,0.3681,0.9324,0.4029,Failing,0
failing_normal_long,3328,6.3500,0.2503,0.8370,0.3627,0.9306,0.4211,Failing,0
failing_normal_long,3329,6.3667,0.2509,0.8295,0.3575,0.9288,0.4384,Failing,0
failing_normal_long,3330,6.3833,0.2521,0.8417,0.3526,0.9270,0.4546,Failing,0
failing_normal_long,3331,6.4000,0.2539,0.8435,0.3480,0.9252,0.4696,Failing,0
failing_normal_long,3332,6.4167,0.2564,0.8380,0.3437,0.9234,0.4835,Failing,0
failing_normal_long,3333,6.4333,0.2594,0.8451,0.3398,0.9216,0.4960,Failing,0
failing_normal_long,3334,6.4500,0.2631,0.8518,0.3362,0.9199,0.5074,Failing,0
failing_normal_long,3335,6.4667,0.2673,0.8529,0.3330,0.9181,0.5173,Failing,0
failing_normal_long,3336,6.4833,0.2722,0.8571,0.3302,0.9163,0.5260,Failing,0
failing_normal_long,3337,6.5000,0.2776,0.8629,0.3277,0.9146,0.5333,Failing,0
failing_normal_long,3338,6.5167,0.2835,0.8711,0.3257,0.9129,0.5392,Failing,0
failing_normal_long,3339,6.5333,0.2900,0.8776,0.3240,0.9111,0.5438,Failing,0
failing_normal_long,3340,6.5500,0.2970,0.8791,0.3228,0.9094,0.5470,Failing,0
failing_normal_long,3341,6.5667,0.3044,0.8904,0.3219,0.9077,0.5488,Failing,0
failing_normal_long,3342,6.5833,0.3123,0.9041,0.3215,0.9060,0.5492,Failing,0
failing_normal_long,3343,6.6000,0.3207,0.9027,0.3214,0.9043,0.5492,Failing,0
failing_normal_long,3344,6.6167,0.3294,0.9109,0.3218,0.9043,0.5492,Failing,0
failing_normal_long,3345,6.6333,0.3386,0.9328,0.3226,0.9046,0.5492,Failing,0
failing_normal_long,3346,6.6500,0.3481,0.9337,0.3238,0.9048,0.5492,Failing,0
failing_normal_long,3347,6.6667,0.3579,0.9344,0.3254,0.9050,0.5492,Failing,0
failing_normal_long,3348,6.6833,0.3679,0.9609,0.3273,0.9055,0.5492,Failing,0
failing_normal_long,3349,6.7000,0.3783,0.9700,0.3297,0.9060,0.5492,Failing,0
failing_normal_long,3350,6.7167,0.3889,0.9632,0.3325,0.9065,0.5492,Failing,0
failing_normal_long,3351,6.7333,0.3996,0.9874,0.3356,0.9072,0.5492,Failing,0
failing_normal_long,3352,6.7500,0.4105,1.0000,0.3391,0.9080,0.5492,Failing,0
failing_normal_long,3353,6.7667,0.4215,0.9981,0.3429,0.9087,0.5492,Failing,0
failing_normal_long,3354,6.7833,0.4327,1.0000,0.3471,0.9095,0.5492,Failing,0
failing_normal_long,3355,6.8000,0.4438,1.0000,0.3516,0.9102,0.5492,Failing,0
failing_normal_long,3356,6.8167,0.4550,1.0000,0.3564,0.9110,0.5492,Failing,0
failing_normal_long,3357,6.8333,0.4662,1.0000,0.3615,0.9117,0.5492,Failing,0
failing_normal_long,3358,6.8500,0.4773,1.0000,0.3669,0.9124,0.5492,Failing,0
failing_normal_long,3359,6.8667,0.4883,1.0000,0.3725,0.9132,0.5492,Failing,0
failing_normal_long,3360,6.8833,0.4992,1.0000,0.3784,0.9139,0.5492,Failing,0
failing_normal_long,3361,6.9000,0.5100,1.0000,0.3845,0.9146,0.5492,Failing,0
failing_normal_long,3362,6.9167,0.5206,1.0000,0.3909,0.9153,0.5492,Failing,0
failing_normal_long,3363,6.9333,0.5310,1.0000,0.3974,0.9160,0.5492,Failing,0
failing_normal_long,3364,6.9500,0.5411,1.0000,0.4041,0.9167,0.5492,Failing,0
failing_normal_long,3365,6.9667,0.5509,1.0000,0.4109,0.9174,0.5492,Failing,0
failing_normal_long,3366,6.9833,0.5605,1.0000,0.4178,0.9181,0.5492,Failing,0
failing_normal_long,3367,7.0000,0.5697,1.0000,0.4249,0.9188,0.5492,Failing,0
failing_normal_long,3368,7.0167,0.5786,1.0000,0.4321,0.9194,0.5492,Failing,0
failing_normal_long,3369,7.0333,0.5871,1.0000,0.4393,0.9201,0.5492,Failing,0
failing_normal_long,3370,7.0500,0.5952,1.0000,0.4465,0.9208,0.5492,Failing,0
failing_normal_long,3371,7.0667,0.6028,1.0000,0.4538,0.9214,0.5492,Failing,0
failing_normal_long,3372,7.0833,0.6101,1.0000,0.4611,0.9221,0.5492,Failing,0
failing_normal_long,3373,7.1000,0.6169,1.0000,0.4683,0.9227,0.5492,Failing,0
failing_normal_long,3374,7.1167,0.6232,1.0000,0.4755,0.9234,0.5492,Failing,0
failing_normal_long,3375,7.1333,0.6290,1.0000,0.4826,0.9240,0.5492,Failing,0
failing_normal_long,3376,7.1500,0.6343,1.0000,0.4897,0.9246,0.5492,Failing,0
failing_normal_long,3377,7.1667,0.6391,1.0000,0.4966,0.9253,0.5492,Failing,0
failing_normal_long,3378,7.1833,0.6434,1.0000,0.5035,0.9259,0.5159,Failing,0
failing_normal_long,3379,7.2000,0.6472,1.0000,0.5101,0.9265,0.4826,Failing,0
failing_normal_long,3380,7.2167,0.6504,1.0000,0.5167,0.9271,0.4492,Failing,0
failing_normal_long,3381,7.2333,0.6531,1.0000,0.5230,0.9277,0.4159,Failing,0
failing_normal_long,3382,7.2500,0.6553,1.0000,0.5292,0.9283,0.3826,Failing,0
failing_normal_long,3383,7.2667,0.6569,1.0000,0.5351,0.9289,0.3492,Failing,0
failing_normal_long,3384,7.2833,0.6580,1.0000,0.5408,0.9295,0.3159,Failing,0
failing_normal_long,3385,7.3000,0.6586,1.0000,0.5463,0.9301,0.2826,Failing,0
failing_normal_long,3386,7.3167,0.6586,1.0000,0.5515,0.9307,0.2492,Failing,0
failing_normal_long,3387,7.3333,0.6581,1.0000,0.5565,0.9312,0.2159,Failing,0
failing_normal_long,3388,7.3500,0.6572,1.0000,0.5612,0.9318,0.1826,Failing,0
failing_normal_long,3389,7.3667,0.6557,1.0000,0.5656,0.9324,0.1492,Failing,0
failing_normal_long,3390,7.3833,0.6537,1.0000,0.5697,0.9329,0.1159,Failing,0
failing_normal_long,3391,7.4000,0.6513,1.0000,0.5734,0.9335,0.0826,Failing,0
failing_normal_long,3392,7.4167,0.6484,1.0000,0.5769,0.9340,0.0492,Failing,0
failing_normal_long,3393,7.4333,0.6450,1.0000,0.5801,0.9346,0.0159,Failing,0
failing_normal_long,3394,7.4500,0.6412,1.0000,0.5829,0.9351,0.0000,Failing,0
failing_normal_long,3395,7.4667,0.6371,1.0000,0.5855,0.9357,0.0000,Failing,0
failing_normal_long,3396,7.4833,0.6325,1.0000,0.5876,0.9362,0.0000,Failing,0
failing_normal_long,3397,7.5000,0.6275,1.0000,0.5895,0.9367,0.0000,Failing,0
failing_normal_long,3398,7.5167,0.6223,1.0000,0.5910,0.9373,0.0000,Failing,0
failing_normal_long,3399,7.5333,0.6166,1.0000,0.5922,0.9378,0.0000,Failing,0
failing_normal_long,3400,7.5500,0.6107,1.0000,0.5931,0.9383,0.0000,Failing,0
failing_normal_long,3401,7.5667,0.6045,1.0000,0.5936,0.9388,0.0000,Failing,0
failing_normal_long,3402,7.5833,0.5981,1.0000,0.5938,0.9393,0.0000,Failing,0
failing_normal_long,3403,7.6000,0.5914,1.0000,0.5937,0.9398,0.0000,Failing,0
failing_normal_long,3404,7.6167,0.5845,1.0000,0.5933,0.9403,0.0000,Failing,0
failing_normal_long,3405,7.6333,0.5774,1.0000,0.5925,0.9408,0.0000,Failing,0
failing_normal_long,3406,7.6500,0.5701,1.0000,0.5915,0.9413,0.0000,Failing,0
failing_normal_long,3407,7.6667,0.5628,1.0000,0.5902,0.9418,0.0000,Failing,0
failing_normal_long,3408,7.6833,0.5553,1.0000,0.5885,0.9423,0.0000,Failing,0
failing_normal_long,3409,7.7000,0.5477,1.0000,0.5866,0.9428,0.0000,Failing,0
failing_normal_long,3410,7.7167,0.5400,1.0000,0.5845,0.9432,0.0000,Failing,0
failing_normal_long,3411,7.7333,0.5323,1.0000,0.5820,0.9437,0.0000,Failing,0
failing_normal_long,3412,7.7500,0.5246,1.0000,0.5794,0.9442,0.0000,Failing,0
failing_normal_long,3413,7.7667,0.5169,1.0000,0.5765,0.9446,0.0000,Failing,0
failing_normal_long,3414,7.7833,0.5093,1.0000,0.5733,0.9451,0.0000,Failing,0
failing_normal_long,3415,7.8000,0.5017,1.0000,0.5700,0.9455,0.0000,Failing,0
failing_normal_long,3416,7.8167,0.4941,1.0000,0.5665,0.9460,0.0000,Failing,0
failing_normal_long,3417,7.8333,0.4867,1.0000,0.5628,0.9464,0.0000,Failing,0
failing_normal_long,3418,7.8500,0.4793,1.0000,0.5589,0.9469,0.0000,Failing,0
failing_normal_long,3419,7.8667,0.4721,1.0000,0.5549,0.9473,0.0000,Failing,0
failing_normal_long,3420,7.8833,0.4651,1.0000,0.5507,0.9478,0.0000,Failing,0
failing_normal_long,3421,7.9000,0.4582,1.0000,0.5464,0.9482,0.0002,Failing,0
failing_normal_long,3422,7.9167,0.4515,1.0000,0.5420,0.9486,0.0011,Failing,0
failing_normal_long,3423,7.9333,0.4449,1.0000,0.5375,0.9491,0.0027,Failing,0
failing_normal_long,3424,7.9500,0.4386,1.0000,0.5329,0.9495,0.0051,Failing,0
failing_normal_long,3425,7.9667,0.4326,1.0000,0.5282,0.9499,0.0082,Failing,0
failing_normal_long,3426,7.9833,0.4267,1.0000,0.5235,0.9503,0.0120,Failing,0
failing_normal_long,3427,8.0000,0.4211,1.0000,0.5187,0.9507,0.0165,Failing,0
failing_normal_long,3428,8.0167,0.4158,1.0000,0.5139,0.9511,0.0218,Failing,0
failing_normal_long,3429,8.0333,0.4107,0.9848,0.5091,0.9514,0.0278,Failing,0
failing_normal_long,3430,8.0500,0.4060,1.0000,0.5043,0.9518,0.0344,Failing,0
failing_normal_long,3431,8.0667,0.4015,0.9936,0.4996,0.9522,0.0416,Failing,0
failing_normal_long,3432,8.0833,0.3972,0.9704,0.4948,0.9523,0.0494,Failing,0
failing_normal_long,3433,8.1000,0.3933,0.9817,0.4901,0.9526,0.0577,Failing,0
failing_normal_long,3434,8.1167,0.3897,0.9866,0.4854,0.9528,0.0665,Failing,0
failing_normal_long,3435,8.1333,0.3864,0.9631,0.4808,0.9529,0.0757,Failing,0
failing_normal_long,3436,8.1500,0.3834,0.9651,0.4763,0.9530,0.0852,Failing,0
failing_normal_long,3437,8.1667,0.3806,0.9779,0.4718,0.9532,0.0950,Failing,0
failing_normal_long,3438,8.1833,0.3782,0.9610,0.4675,0.9533,0.1050,Failing,0
failing_normal_long,3439,8.2000,0.3761,0.9541,0.4632,0.9533,0.1151,Failing,0
failing_normal_long,3440,8.2167,0.3743,0.9680,0.4591,0.9534,0.1254,Failing,0
failing_normal_long,3441,8.2333,0.0186,0.6069,0.4386,0.9515,0.1587,Failing,0
failing_normal_long,3442,8.2500,0.0186,0.5969,0.4191,0.9497,0.1920,Failing,0
failing_normal_long,3443,8.2667,0.0185,0.6071,0.4004,0.9478,0.2254,Failing,0
failing_normal_long,3444,8.2833,0.0185,0.6089,0.3827,0.9459,0.2587,Failing,0
failing_normal_long,3445,8.3000,0.0185,0.6004,0.3657,0.9441,0.2920,Failing,0
failing_normal_long,3446,8.3167,0.0185,0.6034,0.3496,0.9422,0.3254,Failing,0
failing_normal_long,3447,8.3333,0.0185,0.6073,0.3342,0.9404,0.3587,Failing,0
failing_normal_long,3448,8.3500,0.0185,0.6043,0.3195,0.9385,0.3920,Failing,0
failing_normal_long,3449,8.3667,0.0186,0.6034,0.3055,0.9367,0.4254,Failing,0
failing_normal_long,3450,8.3833,0.0186,0.6038,0.2922,0.9349,0.4587,Failing,0
failing_normal_long,3451,8.4000,0.0187,0.6059,0.2795,0.9330,0.4920,Failing,0
failing_normal_long,3452,8.4167,0.0187,0.6067,0.2673,0.9312,0.5254,Failing,0
failing_normal_long,3453,8.4333,0.0188,0.6013,0.2558,0.9294,0.5587,Failing,0
failing_normal_long,3454,8.4500,0.0189,0.6040,0.2448,0.9276,0.5920,Failing,0
failing_normal_long,3455,8.4667,0.0190,0.6109,0.2343,0.9258,0.6254,Failing,0
failing_normal_long,3456,8.4833,0.0191,0.6023,0.2243,0.9241,0.6587,Failing,0
failing_normal_long,3457,8.5000,0.0193,0.5997,0.2147,0.9223,0.6920,Failing,0
failing_normal_long,3458,8.5167,0.0194,0.6130,0.2057,0.9205,0.7254,Failing,0
failing_normal_long,3459,8.5333,0.0196,0.6070,0.1970,0.9188,0.7587,Failing,0
failing_normal_long,3460,8.5500,0.3942,0.9703,0.2062,0.9192,0.7920,Failing,0
failing_normal_long,3461,8.5667,0.3974,0.9887,0.2151,0.9198,0.8254,Failing,0
failing_normal_long,3462,8.5833,0.4008,0.9942,0.2237,0.9204,0.8587,Failing,0
failing_normal_long,3463,8.6000,0.4043,0.9794,0.2321,0.9209,0.8837,Failing,0
failing_normal_long,3464,8.6167,0.4080,0.9935,0.2403,0.9215,0.8837,Failing,0
failing_normal_long,3465,8.6333,0.4118,1.0000,0.2483,0.9221,0.8837,Failing,0
failing_normal_long,3466,8.6500,0.4157,0.9941,0.2560,0.9227,0.8837,Failing,0
failing_normal_long,3467,8.6667,0.4197,0.9984,0.2637,0.9233,0.8837,Failing,0
failing_normal_long,3468,8.6833,0.4238,1.0000,0.2711,0.9240,0.8837,Failing,0
failing_normal_long,3469,8.7000,0.4280,1.0000,0.2784,0.9246,0.8837,Failing,0
failing_normal_long,3470,8.7167,0.4323,1.0000,0.2856,0.9252,0.8837,Failing,0
failing_normal_long,3471,8.7333,0.4366,1.0000,0.2926,0.9259,0.8837,Failing,0
failing_normal_long,3472,8.7500,0.4411,1.0000,0.2995,0.9265,0.8837,Failing,0
failing_normal_long,3473,8.7667,0.4455,1.0000,0.3063,0.9271,0.8837,Failing,0
failing_normal_long,3474,8.7833,0.4501,1.0000,0.3130,0.9277,0.8837,Failing,0
failing_normal_long,3475,8.8000,0.4546,1.0000,0.3195,0.9283,0.8837,Failing,0
failing_normal_long,3476,8.8167,0.4592,1.0000,0.3260,0.9289,0.8837,Failing,0
failing_normal_long,3477,8.8333,0.4638,1.0000,0.3324,0.9295,0.8837,Failing,0
failing_normal_long,3478,8.8500,0.4685,1.0000,0.3388,0.9301,0.8837,Failing,0
failing_normal_long,3479,8.8667,0.4731,1.0000,0.3450,0.9306,0.8837,Failing,0
failing_normal_long,3480,8.8833,0.4778,1.0000,0.3512,0.9312,0.8837,Failing,0
failing_normal_long,3481,8.9000,0.4824,1.0000,0.3573,0.9318,0.8837,Failing,0
failing_normal_long,3482,8.9167,0.4870,1.0000,0.3633,0.9324,0.8837,Failing,0
failing_normal_long,3483,8.9333,0.4917,1.0000,0.3693,0.9329,0.8837,Failing,0
failing_normal_long,3484,8.9500,0.4962,1.0000,0.3752,0.9335,0.8837,Failing,0
failing_normal_long,3485,8.9667,0.5008,1.0000,0.3810,0.9340,0.8837,Failing,0
failing_normal_long,3486,8.9833,0.5053,1.0000,0.3868,0.9346,0.8837,Failing,0
failing_normal_long,3487,9.0000,0.5097,1.0000,0.3925,0.9351,0.8837,Failing,0
failing_normal_long,3488,9.0167,0.5141,1.0000,0.3982,0.9357,0.8837,Failing,0
failing_normal_long,3489,9.0333,0.5184,1.0000,0.4038,0.9362,0.8837,Failing,0
failing_normal_long,3490,9.0500,0.5226,1.0000,0.4093,0.9367,0.8837,Failing,0
failing_normal_long,3491,9.0667,0.5268,1.0000,0.4148,0.9372,0.8837,Failing,0
failing_normal_long,3492,9.0833,0.5309,1.0000,0.4202,0.9378,0.8837,Failing,0
failing_normal_long,3493,9.1000,0.5348,1.0000,0.4255,0.9383,0.8837,Failing,0
failing_normal_long,3494,9.1167,0.5387,1.0000,0.4308,0.9388,0.8837,Failing,0
failing_normal_long,3495,9.1333,0.5424,1.0000,0.4360,0.9393,0.8504,Failing,0
failing_normal_long,3496,9.1500,0.5460,1.0000,0.4411,0.9398,0.8170,Failing,0
failing_normal_long,3497,9.1667,0.5495,1.0000,0.4461,0.9403,0.7837,Failing,0
failing_normal_long,3498,9.1833,0.5528,1.0000,0.4511,0.9408,0.7504,Failing,0
failing_normal_long,3499,9.2000,0.5560,1.0000,0.4559,0.9413,0.7170,Failing,0
failing_normal_long,3500,9.2167,0.5590,1.0000,0.4607,0.9418,0.6837,Failing,0
failing_normal_long,3501,9.2333,0.5618,1.0000,0.4654,0.9423,0.6504,Failing,0
failing_normal_long,3502,9.2500,0.5645,1.0000,0.4700,0.9427,0.6170,Failing,0
failing_normal_long,3503,9.2667,0.5669,1.0000,0.4745,0.9432,0.5837,Failing,0
failing_normal_long,3504,9.2833,0.5692,1.0000,0.4790,0.9437,0.5504,Failing,0
failing_normal_long,3505,9.3000,0.5713,1.0000,0.4832,0.9442,0.5170,Failing,0
failing_normal_long,3506,9.3167,0.5731,1.0000,0.4874,0.9446,0.4837,Failing,0
failing_normal_long,3507,9.3333,0.5748,1.0000,0.4915,0.9451,0.4504,Failing,0
failing_normal_long,3508,9.3500,0.5762,1.0000,0.4954,0.9455,0.4170,Failing,0
failing_normal_long,3509,9.3667,0.5773,1.0000,0.4992,0.9460,0.3837,Failing,0
failing_normal_long,3510,9.3833,0.5783,1.0000,0.5029,0.9464,0.3504,Failing,0
failing_normal_long,3511,9.4000,0.5789,1.0000,0.5064,0.9469,0.3170,Failing,0
failing_normal_long,3512,9.4167,0.5793,1.0000,0.5098,0.9473,0.2837,Failing,0
failing_normal_long,3513,9.4333,0.5795,1.0000,0.5131,0.9478,0.2504,Failing,0
failing_normal_long,3514,9.4500,0.5794,1.0000,0.5162,0.9482,0.2170,Failing,0
failing_normal_long,3515,9.4667,0.5789,1.0000,0.5191,0.9486,0.1837,Failing,0
failing_normal_long,3516,9.4833,0.5783,1.0000,0.5218,0.9490,0.1504,Failing,0
failing_normal_long,3517,9.5000,0.5773,1.0000,0.5244,0.9495,0.1170,Failing,0
failing_normal_long,3518,9.5167,0.5760,1.0000,0.5268,0.9499,0.0837,Failing,0
failing_normal_long,3519,9.5333,0.5745,1.0000,0.5290,0.9503,0.0504,Failing,0
failing_normal_long,3520,9.5500,0.5726,1.0000,0.5310,0.9507,0.0170,Failing,0
failing_normal_long,3521,9.5667,0.5705,1.0000,0.5329,0.9511,0.0051,Failing,0
failing_normal_long,3522,9.5833,0.5680,1.0000,0.5345,0.9515,0.0042,Failing,0
failing_normal_long,3523,9.6000,0.5652,1.0000,0.5359,0.9519,0.0034,Failing,0
failing_normal_long,3524,9.6167,0.5622,1.0000,0.5372,0.9523,0.0029,Failing,0
failing_normal_long,3525,9.6333,0.5588,1.0000,0.5382,0.9527,0.0025,Failing,0
failing_normal_long,3526,9.6500,0.5552,1.0000,0.5390,0.9531,0.0021,Failing,0
failing_normal_long,3527,9.6667,0.5512,1.0000,0.5395,0.9535,0.0019,Failing,0
failing_normal_long,3528,9.6833,0.5470,1.0000,0.5399,0.9539,0.0018,Failing,0
failing_normal_long,3529,9.7000,0.5425,1.0000,0.5400,0.9543,0.0018,Failing,0
failing_normal_long,3530,9.7167,0.5377,1.0000,0.5399,0.9547,0.0018,Failing,0
failing_normal_long,3531,9.7333,0.5326,1.0000,0.5396,0.9550,0.0019,Failing,0
failing_normal_long,3532,9.7500,0.5273,1.0000,0.5390,0.9554,0.0021,Failing,0
failing_normal_long,3533,9.7667,0.5217,1.0000,0.5382,0.9558,0.0025,Failing,0
failing_normal_long,3534,9.7833,0.5159,1.0000,0.5371,0.9561,0.0029,Failing,0
failing_normal_long,3535,9.8000,0.5098,1.0000,0.5359,0.9565,0.0035,Failing,0
failing_normal_long,3536,9.8167,0.5035,1.0000,0.5344,0.9569,0.0043,Failing,0
failing_normal_long,3537,9.8333,0.4971,1.0000,0.5326,0.9572,0.0053,Failing,0
failing_normal_long,3538,9.8500,0.4904,1.0000,0.5307,0.9576,0.0065,Failing,0
failing_normal_long,3539,9.8667,0.4835,1.0000,0.5285,0.9579,0.0080,Failing,0
failing_normal_long,3540,9.8833,0.4765,1.0000,0.5261,0.9583,0.0099,Failing,0
failing_normal_long,3541,9.9000,0.4693,1.0000,0.5234,0.9586,0.0121,Failing,0
failing_normal_long,3542,9.9167,0.4620,1.0000,0.5206,0.9590,0.0148,Failing,0
failing_normal_long,3543,9.9333,0.4546,1.0000,0.5175,0.9593,0.0180,Failing,0
failing_normal_long,3544,9.9500,0.4471,1.0000,0.5142,0.9596,0.0216,Failing,0
failing_normal_long,3545,9.9667,0.4396,1.0000,0.5108,0.9600,0.0259,Failing,0
failing_normal_long,3546,9.9833,0.4320,1.0000,0.5071,0.9603,0.0308,Failing,0
failing_normal_long,3547,10.0000,0.4243,1.0000,0.5032,0.9606,0.0363,Failing,0
failing_normal_long,3548,10.0167,0.4167,0.9951,0.4992,0.9609,0.0425,Failing,0
failing_normal_long,3549,10.0333,0.4091,0.9888,0.4950,0.9612,0.0495,Failing,0
failing_normal_long,3550,10.0500,0.4015,0.9985,0.4907,0.9615,0.0572,Failing,0
failing_normal_long,3551,10.0667,0.3940,0.9788,0.4862,0.9616,0.0656,Failing,0
failing_normal_long,3552,10.0833,0.3866,0.9635,0.4816,0.9616,0.0748,Failing,0
failing_normal_long,3553,10.1000,0.3793,0.9719,0.4768,0.9617,0.0848,Failing,0
failing_normal_long,3554,10.1167,0.3721,0.9619,0.4719,0.9617,0.0956,Failing,0
failing_normal_long,3555,10.1333,0.3651,0.9435,0.4670,0.9598,0.1069,Failing,0
failing_normal_long,3556,10.1500,0.3583,0.9457,0.4619,0.9579,0.1189,Failing,0
failing_normal_long,3557,10.1667,0.3517,0.9429,0.4568,0.9560,0.1315,Failing,0
failing_normal_long,3558,10.1833,0.3453,0.9277,0.4516,0.9541,0.1448,Failing,0
failing_normal_long,3559,10.2000,0.3392,0.9235,0.4464,0.9522,0.1586,Failing,0
failing_normal_long,3560,10.2167,0.3334,0.9223,0.4411,0.9503,0.1729,Failing,0
failing_normal_long,3561,10.2333,0.3279,0.9140,0.4359,0.9484,0.1876,Failing,0
failing_normal_long,3562,10.2500,0.3227,0.9075,0.4306,0.9465,0.2027,Failing,0
failing_normal_long,3563,10.2667,0.3178,0.9030,0.4254,0.9447,0.2180,Failing,0
failing_normal_long,3564,10.2833,0.3134,0.9003,0.4201,0.9428,0.2336,Failing,0
failing_normal_long,3565,10.3000,0.3093,0.8975,0.4150,0.9410,0.2492,Failing,0
failing_normal_long,3566,10.3167,0.3056,0.8886,0.4099,0.9391,0.2649,Failing,0
failing_normal_long,3567,10.3333,0.3023,0.8866,0.4049,0.9373,0.2805,Failing,0
failing_normal_long,3568,10.3500,0.2995,0.8913,0.4000,0.9355,0.2960,Failing,0
failing_normal_long,3569,10.3667,0.2972,0.8815,0.3952,0.9337,0.3112,Failing,0
failing_normal_long,3570,10.3833,0.2953,0.8749,0.3906,0.9318,0.3261,Failing,0
failing_normal_long,3571,10.4000,0.2939,0.8865,0.3861,0.9300,0.3406,Failing,0
failing_normal_long,3572,10.4167,0.2930,0.8821,0.3817,0.9282,0.3545,Failing,0
failing_normal_long,3573,10.4333,0.0146,0.5906,0.3647,0.9264,0.3879,Failing,0
failing_normal_long,3574,10.4500,0.0146,0.6041,0.3484,0.9247,0.4212,Failing,0
failing_normal_long,3575,10.4667,0.0147,0.6095,0.3329,0.9229,0.4545,Failing,0
failing_normal_long,3576,10.4833,0.0147,0.5908,0.3181,0.9211,0.4879,Failing,0
failing_normal_long,3577,10.5000,0.0148,0.5980,0.3040,0.9194,0.5212,Failing,0
failing_normal_long,3578,10.5167,0.0149,0.6134,0.2905,0.9176,0.5545,Failing,0
failing_normal_long,3579,10.5333,0.3012,0.8817,0.2910,0.9158,0.5879,Failing,0
failing_normal_long,3580,10.5500,0.3045,0.8814,0.2917,0.9141,0.6212,Failing,0
failing_normal_long,3581,10.5667,0.3084,0.9061,0.2924,0.9124,0.6545,Failing,0
failing_normal_long,3582,10.5833,0.3127,0.9001,0.2934,0.9106,0.6574,Failing,0
failing_normal_long,3583,10.6000,0.3176,0.8910,0.2945,0.9089,0.6574,Failing,0
failing_normal_long,3584,10.6167,0.3229,0.9158,0.2958,0.9090,0.6574,Failing,0
failing_normal_long,3585,10.6333,0.3288,0.9225,0.2974,0.9091,0.6574,Failing,0
failing_normal_long,3586,10.6500,0.3352,0.9097,0.2991,0.9091,0.6574,Failing,0
failing_normal_long,3587,10.6667,0.3420,0.9281,0.3011,0.9092,0.6574,Failing,0
failing_normal_long,3588,10.6833,0.3492,0.9457,0.3034,0.9095,0.6574,Failing,0
failing_normal_long,3589,10.7000,0.3569,0.9363,0.3058,0.9098,0.6574,Failing,0
failing_normal_long,3590,10.7167,0.3651,0.9459,0.3086,0.9101,0.6574,Failing,0
failing_normal_long,3591,10.7333,0.3736,0.9685,0.3116,0.9105,0.6574,Failing,0
failing_normal_long,3592,10.7500,0.3825,0.9675,0.3149,0.9110,0.6574,Failing,0
failing_normal_long,3593,10.7667,0.3917,0.9709,0.3185,0.9115,0.6574,Failing,0
failing_normal_long,3594,10.7833,0.4013,0.9918,0.3223,0.9122,0.6574,Failing,0
failing_normal_long,3595,10.8000,0.4111,0.9998,0.3265,0.9129,0.6574,Failing,0
failing_normal_long,3596,10.8167,0.4212,1.0000,0.3309,0.9136,0.6574,Failing,0
failing_normal_long,3597,10.8333,0.4316,1.0000,0.3356,0.9144,0.6574,Failing,0
failing_normal_long,3598,10.8500,0.4422,1.0000,0.3405,0.9151,0.6574,Failing,0
failing_normal_long,3599,10.8667,0.4529,1.0000,0.3457,0.9158,0.6574,Failing,0
failing_normal_long,3600,10.8833,0.4638,1.0000,0.3512,0.9165,0.6574,Failing,0
failing_normal_long,3601,10.9000,0.4748,1.0000,0.3570,0.9172,0.6574,Failing,0
failing_normal_long,3602,10.9167,0.4859,1.0000,0.3630,0.9178,0.6574,Failing,0
failing_normal_long,3603,10.9333,0.4971,1.0000,0.3692,0.9185,0.6574,Failing,0
failing_normal_long,3604,10.9500,0.5082,1.0000,0.3757,0.9192,0.6574,Failing,0
failing_normal_long,3605,10.9667,0.5193,1.0000,0.3824,0.9199,0.6574,Failing,0
failing_normal_long,3606,10.9833,0.5304,1.0000,0.3892,0.9205,0.6574,Failing,0
failing_normal_long,3607,11.0000,0.5414,1.0000,0.3963,0.9212,0.6574,Failing,0
failing_normal_long,3608,11.0167,0.5523,1.0000,0.4036,0.9219,0.6574,Failing,0
failing_normal_long,3609,11.0333,0.5630,1.0000,0.4110,0.9225,0.6574,Failing,0
failing_normal_long,3610,11.0500,0.5735,1.0000,0.4185,0.9231,0.6574,Failing,0
failing_normal_long,3611,11.0667,0.5838,1.0000,0.4262,0.9238,0.6574,Failing,0
failing_normal_long,3612,11.0833,0.5938,1.0000,0.4340,0.9244,0.6574,Failing,0
failing_normal_long,3613,11.1000,0.6035,1.0000,0.4419,0.9250,0.6574,Failing,0
failing_normal_long,3614,11.1167,0.6130,1.0000,0.4499,0.9257,0.6240,Failing,0
failing_normal_long,3615,11.1333,0.6220,1.0000,0.4579,0.9263,0.5907,Failing,0
failing_normal_long,3616,11.1500,0.6307,1.0000,0.4659,0.9269,0.5574,Failing,0
failing_normal_long,3617,11.1667,0.6390,1.0000,0.4739,0.9275,0.5240,Failing,0
failing_normal_long,3618,11.1833,0.6468,1.0000,0.4820,0.9281,0.4907,Failing,0
failing_normal_long,3619,11.2000,0.6542,1.0000,0.4900,0.9287,0.4574,Failing,0
failing_normal_long,3620,11.2167,0.6611,1.0000,0.4980,0.9293,0.4240,Failing,0
failing_normal_long,3621,11.2333,0.6675,1.0000,0.5058,0.9299,0.3907,Failing,0
failing_normal_long,3622,11.2500,0.6734,1.0000,0.5136,0.9305,0.3574,Failing,0
failing_normal_long,3623,11.2667,0.6787,1.0000,0.5213,0.9310,0.3240,Failing,0
failing_normal_long,3624,11.2833,0.6834,1.0000,0.5288,0.9316,0.2907,Failing,0
failing_normal_long,3625,11.3000,0.6876,1.0000,0.5362,0.9322,0.2574,Failing,0
failing_normal_long,3626,11.3167,0.6912,1.0000,0.5434,0.9327,0.2240,Failing,0
failing_normal_long,3627,11.3333,0.6941,1.0000,0.5504,0.9333,0.1907,Failing,0
failing_normal_long,3628,11.3500,0.6965,1.0000,0.5572,0.9338,0.1574,Failing,0
failing_normal_long,3629,11.3667,0.6982,1.0000,0.5638,0.9344,0.1240,Failing,0
failing_normal_long,3630,11.3833,0.6994,1.0000,0.5701,0.9349,0.0907,Failing,0
failing_normal_long,3631,11.4000,0.6998,1.0000,0.5761,0.9355,0.0574,Failing,0
failing_normal_long,3632,11.4167,0.6997,1.0000,0.5819,0.9360,0.0240,Failing,0
failing_normal_long,3633,11.4333,0.6989,1.0000,0.5873,0.9365,0.0000,Failing,0
failing_normal_long,3634,11.4500,0.6975,1.0000,0.5924,0.9371,0.0000,Failing,0
failing_normal_long,3635,11.4667,0.6955,1.0000,0.5972,0.9376,0.0000,Failing,0
failing_normal_long,3636,11.4833,0.6929,1.0000,0.6017,0.9381,0.0000,Failing,0
failing_normal_long,3637,11.5000,0.6896,1.0000,0.6058,0.9386,0.0000,Failing,0
failing_normal_long,3638,11.5167,0.6858,1.0000,0.6095,0.9391,0.0000,Failing,0
failing_normal_long,3639,11.5333,0.6814,1.0000,0.6128,0.9396,0.0000,Failing,0
failing_normal_long,3640,11.5500,0.6764,1.0000,0.6158,0.9401,0.0000,Failing,0
failing_normal_long,3641,11.5667,0.6709,1.0000,0.6183,0.9406,0.0000,Failing,0
failing_normal_long,3642,11.5833,0.6648,1.0000,0.6205,0.9411,0.0000,Failing,0
failing_normal_long,3643,11.6000,0.6582,1.0000,0.6223,0.9416,0.0000,Failing,0
failing_normal_long,3644,11.6167,0.6512,1.0000,0.6236,0.9421,0.0000,Failing,0
failing_normal_long,3645,11.6333,0.6437,1.0000,0.6245,0.9426,0.0000,Failing,0
failing_normal_long,3646,11.6500,0.6357,1.0000,0.6251,0.9431,0.0000,Failing,0
failing_normal_long,3647,11.6667,0.6273,1.0000,0.6252,0.9435,0.0000,Failing,0
failing_normal_long,3648,11.6833,0.6186,1.0000,0.6249,0.9440,0.0000,Failing,0
failing_normal_long,3649,11.7000,0.6095,1.0000,0.6241,0.9445,0.0000,Failing,0
failing_normal_long,3650,11.7167,0.6000,1.0000,0.6230,0.9449,0.0000,Failing,0
failing_normal_long,3651,11.7333,0.5903,1.0000,0.6215,0.9454,0.0000,Failing,0
failing_normal_long,3652,11.7500,0.5803,1.0000,0.6196,0.9458,0.0000,Failing,0
failing_normal_long,3653,11.7667,0.5701,1.0000,0.6173,0.9463,0.0000,Failing,0
failing_normal_long,3654,11.7833,0.5596,1.0000,0.6146,0.9467,0.0000,Failing,0
failing_normal_long,3655,11.8000,0.5491,1.0000,0.6116,0.9472,0.0000,Failing,0
failing_normal_long,3656,11.8167,0.5383,1.0000,0.6081,0.9476,0.0000,Failing,0
failing_normal_long,3657,11.8333,0.5275,1.0000,0.6044,0.9481,0.0000,Failing,0
failing_normal_long,3658,11.8500,0.5166,1.0000,0.6003,0.9485,0.0000,Failing,0
failing_normal_long,3659,11.8667,0.5057,1.0000,0.5959,0.9489,0.0000,Failing,0
failing_normal_long,3660,11.8833,0.4948,1.0000,0.5912,0.9493,0.0000,Failing,0
failing_normal_long,3661,11.9000,0.4839,1.0000,0.5862,0.9498,0.0000,Failing,0
failing_normal_long,3662,11.9167,0.4731,1.0000,0.5810,0.9502,0.0000,Failing,0
failing_normal_long,3663,11.9333,0.4624,1.0000,0.5754,0.9506,0.0000,Failing,0
failing_normal_long,3664,11.9500,0.4518,1.0000,0.5697,0.9510,0.0000,Failing,0
failing_normal_long,3665,11.9667,0.4414,1.0000,0.5637,0.9514,0.0000,Failing,0
failing_normal_long,3666,11.9833,0.4312,1.0000,0.5576,0.9518,0.0000,Failing,0
failing_normal_long,3667,12.0000,0.4212,1.0000,0.5512,0.9522,0.0000,Failing,0
failing_normal_long,3668,12.0167,0.4114,0.9900,0.5447,0.9525,0.0005,Failing,0
failing_normal_long,3669,12.0333,0.4020,0.9880,0.5381,0.9528,0.0025,Failing,0
failing_normal_long,3670,12.0500,0.3928,0.9845,0.5313,0.9531,0.0060,Failing,0
failing_normal_long,3671,12.0667,0.3840,0.9670,0.5245,0.9532,0.0111,Failing,0
failing_normal_long,3672,12.0833,0.3755,0.9591,0.5176,0.9532,0.0178,Failing,0
failing_normal_long,3673,12.1000,0.3675,0.9563,0.5106,0.9533,0.0260,Failing,0
failing_normal_long,3674,12.1167,0.3598,0.9462,0.5036,0.9514,0.0355,Failing,0
failing_normal_long,3675,12.1333,0.3525,0.9373,0.4965,0.9495,0.0464,Failing,0
failing_normal_long,3676,12.1500,0.3456,0.9308,0.4895,0.9476,0.0584,Failing,0
failing_normal_long,3677,12.1667,0.3392,0.9259,0.4825,0.9458,0.0716,Failing,0
failing_normal_long,3678,12.1833,0.3333,0.9217,0.4756,0.9439,0.0858,Failing,0
failing_normal_long,3679,12.2000,0.3279,0.9114,0.4687,0.9420,0.1009,Failing,0
failing_normal_long,3680,12.2167,0.3229,0.9064,0.4619,0.9402,0.1166,Failing,0
failing_normal_long,3681,12.2333,0.3184,0.9099,0.4553,0.9384,0.1330,Failing,0
failing_normal_long,3682,12.2500,0.3144,0.9001,0.4487,0.9365,0.1497,Failing,0
failing_normal_long,3683,12.2667,0.3110,0.8900,0.4423,0.9347,0.1668,Failing,0
failing_normal_long,3684,12.2833,0.3080,0.8995,0.4361,0.9329,0.1839,Failing,0
failing_normal_long,3685,12.3000,0.3056,0.8962,0.4300,0.9311,0.2011,Failing,0
failing_normal_long,3686,12.3167,0.3036,0.8799,0.4241,0.9293,0.2182,Failing,0
failing_normal_long,3687,12.3333,0.3022,0.8897,0.4185,0.9275,0.2350,Failing,0
failing_normal_long,3688,12.3500,0.3013,0.8973,0.4130,0.9257,0.2514,Failing,0
failing_normal_long,3689,12.3667,0.3009,0.8784,0.4078,0.9239,0.2673,Failing,0
failing_normal_long,3690,12.3833,0.3010,0.8820,0.4028,0.9221,0.2826,Failing,0
failing_normal_long,3691,12.4000,0.3016,0.9000,0.3981,0.9204,0.2973,Failing,0
failing_normal_long,3692,12.4167,0.3026,0.8854,0.3937,0.9186,0.3113,Failing,0
failing_normal_long,3693,12.4333,0.3041,0.8794,0.3895,0.9168,0.3244,Failing,0
failing_normal_long,3694,12.4500,0.3061,0.9026,0.3856,0.9151,0.3366,Failing,0
failing_normal_long,3695,12.4667,0.3085,0.8984,0.3820,0.9134,0.3479,Failing,0
failing_normal_long,3696,12.4833,0.3114,0.8844,0.3788,0.9116,0.3582,Failing,0
failing_normal_long,3697,12.5000,0.3146,0.9054,0.3758,0.9099,0.3675,Failing,0
failing_normal_long,3698,12.5167,0.3183,0.9137,0.3731,0.9099,0.3765,Failing,0
failing_normal_long,3699,12.5333,0.3223,0.8977,0.3707,0.9082,0.3837,Failing,0
failing_normal_long,3700,12.5500,0.3267,0.9107,0.3687,0.9082,0.3906,Failing,0
failing_normal_long,3701,12.5667,0.3315,0.9285,0.3670,0.9084,0.3965,Failing,0
failing_normal_long,3702,12.5833,0.3365,0.9175,0.3655,0.9085,0.4014,Failing,0
failing_normal_long,3703,12.6000,0.3419,0.9212,0.3644,0.9086,0.4051,Failing,0
failing_normal_long,3704,12.6167,0.3475,0.9420,0.3637,0.9089,0.4079,Failing,0
failing_normal_long,3705,12.6333,0.3534,0.9400,0.3632,0.9091,0.4097,Failing,0
failing_normal_long,3706,12.6500,0.3595,0.9382,0.3630,0.9094,0.4104,Failing,0
failing_normal_long,3707,12.6667,0.3658,0.9555,0.3631,0.9097,0.4104,Failing,0
failing_normal_long,3708,12.6833,0.3723,0.9619,0.3636,0.9102,0.4104,Failing,0
failing_normal_long,3709,12.7000,0.3790,0.9606,0.3643,0.9106,0.4104,Failing,0
failing_normal_long,3710,12.7167,0.3858,0.9715,0.3653,0.9111,0.4104,Failing,0
failing_normal_long,3711,12.7333,0.3928,0.9815,0.3666,0.9117,0.4104,Failing,0
failing_normal_long,3712,12.7500,0.3998,0.9854,0.3681,0.9123,0.4104,Failing,0
failing_normal_long,3713,12.7667,0.4069,0.9918,0.3699,0.9129,0.4104,Failing,0
failing_normal_long,3714,12.7833,0.4141,0.9994,0.3720,0.9137,0.4104,Failing,0
failing_normal_long,3715,12.8000,0.4213,1.0000,0.3743,0.9144,0.4104,Failing,0
failing_normal_long,3716,12.8167,0.4285,1.0000,0.3768,0.9151,0.4104,Failing,0
failing_normal_long,3717,12.8333,0.4357,1.0000,0.3795,0.9158,0.4104,Failing,0
failing_normal_long,3718,12.8500,0.4428,1.0000,0.3825,0.9165,0.4104,Failing,0
failing_normal_long,3719,12.8667,0.4500,1.0000,0.3856,0.9172,0.4104,Failing,0
failing_normal_long,3720,12.8833,0.4570,1.0000,0.3889,0.9179,0.4104,Failing,0
failing_normal_long,3721,12.9000,0.4639,1.0000,0.3924,0.9186,0.4104,Failing,0
failing_normal_long,3722,12.9167,0.4708,1.0000,0.3961,0.9192,0.4104,Failing,0
failing_normal_long,3723,12.9333,0.4775,1.0000,0.3998,0.9199,0.4104,Failing,0
failing_normal_long,3724,12.9500,0.4841,1.0000,0.4038,0.9206,0.4104,Failing,0
failing_normal_long,3725,12.9667,0.4905,1.0000,0.4078,0.9212,0.4104,Failing,0
failing_normal_long,3726,12.9833,0.4967,1.0000,0.4119,0.9219,0.4104,Failing,0
failing_normal_long,3727,13.0000,0.5028,1.0000,0.4162,0.9225,0.4104,Failing,0
failing_normal_long,3728,13.0167,0.5087,1.0000,0.4205,0.9232,0.4104,Failing,0
failing_normal_long,3729,13.0333,0.5143,1.0000,0.4248,0.9238,0.4104,Failing,0
failing_normal_long,3730,13.0500,0.5198,1.0000,0.4292,0.9244,0.4104,Failing,0
failing_normal_long,3731,13.0667,0.5250,1.0000,0.4337,0.9251,0.4104,Failing,0
failing_normal_long,3732,13.0833,0.5300,1.0000,0.4382,0.9257,0.4104,Failing,0
failing_normal_long,3733,13.1000,0.5347,1.0000,0.4427,0.9263,0.4104,Failing,0
failing_normal_long,3734,13.1167,0.5392,1.0000,0.4471,0.9269,0.4104,Failing,0
failing_normal_long,3735,13.1333,0.5434,1.0000,0.4516,0.9275,0.4104,Failing,0
failing_normal_long,3736,13.1500,0.5474,1.0000,0.4561,0.9281,0.4104,Failing,0
failing_normal_long,3737,13.1667,0.5511,1.0000,0.4605,0.9287,0.4104,Failing,0
failing_normal_long,3738,13.1833,0.5545,1.0000,0.4649,0.9293,0.4104,Failing,0
failing_normal_long,3739,13.2000,0.5576,1.0000,0.4692,0.9299,0.4104,Failing,0
failing_normal_long,3740,13.2167,0.5605,1.0000,0.4734,0.9305,0.4104,Failing,0
failing_normal_long,3741,13.2333,0.5631,1.0000,0.4776,0.9311,0.4104,Failing,0
failing_normal_long,3742,13.2500,0.5655,1.0000,0.4817,0.9316,0.3770,Failing,0
failing_normal_long,3743,13.2667,0.5675,1.0000,0.4857,0.9322,0.3437,Failing,0
failing_normal_long,3744,13.2833,0.5693,1.0000,0.4896,0.9328,0.3104,Failing,0
failing_normal_long,3745,13.3000,0.5708,1.0000,0.4933,0.9333,0.2770,Failing,0
failing_normal_long,3746,13.3167,0.5720,1.0000,0.4970,0.9339,0.2437,Failing,0
failing_normal_long,3747,13.3333,0.5730,1.0000,0.5005,0.9344,0.2104,Failing,0
failing_normal_long,3748,13.3500,0.5737,1.0000,0.5039,0.9350,0.1770,Failing,0
failing_normal_long,3749,13.3667,0.5741,1.0000,0.5072,0.9355,0.1437,Failing,0
failing_normal_long,3750,13.3833,0.5743,1.0000,0.5103,0.9360,0.1104,Failing,0
failing_normal_long,3751,13.4000,0.5742,1.0000,0.5133,0.9366,0.0770,Failing,0
failing_normal_long,3752,13.4167,0.5739,1.0000,0.5161,0.9371,0.0437,Failing,0
failing_normal_long,3753,13.4333,0.5733,1.0000,0.5188,0.9376,0.0163,Failing,0
failing_normal_long,3754,13.4500,0.5725,1.0000,0.5213,0.9381,0.0138,Failing,0
failing_normal_long,3755,13.4667,0.5715,1.0000,0.5236,0.9387,0.0117,Failing,0
failing_normal_long,3756,13.4833,0.5703,1.0000,0.5258,0.9392,0.0099,Failing,0
failing_normal_long,3757,13.5000,0.5688,1.0000,0.5278,0.9397,0.0084,Failing,0
failing_normal_long,3758,13.5167,0.5671,1.0000,0.5296,0.9402,0.0071,Failing,0
failing_normal_long,3759,13.5333,0.5652,1.0000,0.5313,0.9407,0.0060,Failing,0
failing_normal_long,3760,13.5500,0.5631,1.0000,0.5327,0.9412,0.0051,Failing,0
failing_normal_long,3761,13.5667,0.5609,1.0000,0.5341,0.9416,0.0044,Failing,0
failing_normal_long,3762,13.5833,0.5584,1.0000,0.5352,0.9421,0.0038,Failing,0
failing_normal_long,3763,13.6000,0.5558,1.0000,0.5361,0.9426,0.0033,Failing,0
failing_normal_long,3764,13.6167,0.5530,1.0000,0.5369,0.9431,0.0030,Failing,0
failing_normal_long,3765,13.6333,0.5500,1.0000,0.5375,0.9436,0.0027,Failing,0
failing_normal_long,3766,13.6500,0.5469,1.0000,0.5380,0.9440,0.0025,Failing,0
failing_normal_long,3767,13.6667,0.5436,1.0000,0.5382,0.9445,0.0024,Failing,0
failing_normal_long,3768,13.6833,0.5402,1.0000,0.5383,0.9450,0.0024,Failing,0
failing_normal_long,3769,13.7000,0.5367,1.0000,0.5382,0.9454,0.0024,Failing,0
failing_normal_long,3770,13.7167,0.5330,1.0000,0.5380,0.9459,0.0025,Failing,0
failing_normal_long,3771,13.7333,0.5292,1.0000,0.5376,0.9463,0.0027,Failing,0
failing_normal_long,3772,13.7500,0.5253,1.0000,0.5370,0.9468,0.0029,Failing,0
failing_normal_long,3773,13.7667,0.5213,1.0000,0.5363,0.9472,0.0033,Failing,0
failing_normal_long,3774,13.7833,0.5172,1.0000,0.5354,0.9476,0.0037,Failing,0
failing_normal_long,3775,13.8000,0.5130,1.0000,0.5344,0.9481,0.0042,Failing,0
failing_normal_long,3776,13.8167,0.5087,1.0000,0.5332,0.9485,0.0049,Failing,0
failing_normal_long,3777,13.8333,0.5044,1.0000,0.5318,0.9489,0.0057,Failing,0
failing_normal_long,3778,13.8500,0.4999,1.0000,0.5304,0.9494,0.0066,Failing,0
failing_normal_long,3779,13.8667,0.4955,1.0000,0.5287,0.9498,0.0078,Failing,0
failing_normal_long,3780,13.8833,0.4909,1.0000,0.5270,0.9502,0.0091,Failing,0
failing_normal_long,3781,13.9000,0.4863,1.0000,0.5251,0.9506,0.0106,Failing,0
failing_normal_long,3782,13.9167,0.4817,1.0000,0.5231,0.9510,0.0124,Failing,0
failing_normal_long,3783,13.9333,0.4770,1.0000,0.5209,0.9514,0.0144,Failing,0
failing_normal_long,3784,13.9500,0.4723,1.0000,0.5187,0.9518,0.0166,Failing,0
failing_normal_long,3785,13.9667,0.4676,1.0000,0.5163,0.9522,0.0191,Failing,0
failing_normal_long,3786,13.9833,0.4629,1.0000,0.5138,0.9526,0.0220,Failing,0
failing_normal_long,3787,14.0000,0.4582,1.0000,0.5112,0.9530,0.0251,Failing,0
failing_normal_long,3788,14.0167,0.4535,1.0000,0.5085,0.9534,0.0286,Failing,0
failing_normal_long,3789,14.0333,0.4488,1.0000,0.5058,0.9538,0.0324,Failing,0
failing_normal_long,3790,14.0500,0.4442,1.0000,0.5029,0.9542,0.0366,Failing,0
failing_normal_long,3791,14.0667,0.4395,1.0000,0.5000,0.9546,0.0411,Failing,0
failing_normal_long,3792,14.0833,0.4350,1.0000,0.4969,0.9549,0.0460,Failing,0
failing_normal_long,3793,14.1000,0.4304,1.0000,0.4938,0.9553,0.0512,Failing,0
failing_normal_long,3794,14.1167,0.4260,1.0000,0.4907,0.9557,0.0568,Failing,0
failing_normal_long,3795,14.1333,0.4216,1.0000,0.4875,0.9560,0.0628,Failing,0
failing_normal_long,3796,14.1500,0.4172,0.9959,0.4842,0.9564,0.0691,Failing,0
failing_normal_long,3797,14.1667,0.4130,1.0000,0.4809,0.9567,0.0758,Failing,0
failing_normal_long,3798,14.1833,0.4089,1.0000,0.4775,0.9571,0.0828,Failing,0
failing_normal_long,3799,14.2000,0.4049,0.9817,0.4742,0.9573,0.0902,Failing,0
failing_normal_long,3800,14.2167,0.4010,0.9864,0.4708,0.9575,0.0978,Failing,0
failing_normal_long,3801,14.2333,0.3972,0.9939,0.4673,0.9578,0.1058,Failing,0
failing_normal_long,3802,14.2500,0.3936,0.9728,0.4639,0.9580,0.1140,Failing,0
failing_normal_long,3803,14.2667,0.3901,0.9692,0.4605,0.9581,0.1225,Failing,0
failing_normal_long,3804,14.2833,0.3868,0.9848,0.4571,0.9583,0.1312,Failing,0
failing_normal_long,3805,14.3000,0.3837,0.9689,0.4536,0.9584,0.1400,Failing,0
failing_normal_long,3806,14.3167,0.3807,0.9549,0.4503,0.9565,0.1488,Failing,0
failing_normal_long,3807,14.3333,0.3780,0.9728,0.4469,0.9566,0.1579,Failing,0
failing_normal_long,3808,14.3500,0.3755,0.9676,0.4436,0.9567,0.1671,Failing,0
failing_normal_long,3809,14.3667,0.3731,0.9463,0.4403,0.9548,0.1761,Failing,0
failing_normal_long,3810,14.3833,0.3710,0.9594,0.4371,0.9548,0.1853,Failing,0
failing_normal_long,3811,14.4000,0.3692,0.9660,0.4339,0.9549,0.1946,Failing,0
failing_normal_long,3812,14.4167,0.3675,0.9442,0.4308,0.9530,0.2034,Failing,0
failing_normal_long,3813,14.4333,0.3662,0.9480,0.4278,0.9511,0.2120,Failing,0
failing_normal_long,3814,14.4500,0.3651,0.9623,0.4249,0.9512,0.2209,Failing,0
failing_normal_long,3815,14.4667,0.3642,0.9470,0.4221,0.9493,0.2292,Failing,0
failing_normal_long,3816,14.4833,0.3637,0.9417,0.4194,0.9475,0.2372,Failing,0
failing_normal_long,3817,14.5000,0.3634,0.9571,0.4168,0.9475,0.2453,Failing,0
failing_normal_long,3818,14.5167,0.3635,0.9517,0.4143,0.9476,0.2532,Failing,0
failing_normal_long,3819,14.5333,0.3638,0.9422,0.4119,0.9457,0.2602,Failing,0
failing_normal_long,3820,14.5500,0.3645,0.9530,0.4097,0.9458,0.2673,Failing,0
failing_normal_long,3821,14.5667,0.3654,0.9558,0.4077,0.9459,0.2740,Failing,0
failing_normal_long,3822,14.5833,0.3667,0.9486,0.4058,0.9459,0.2803,Failing,0
failing_normal_long,3823,14.6000,0.3683,0.9533,0.4040,0.9459,0.2860,Failing,0
failing_normal_long,3824,14.6167,0.3702,0.9591,0.4025,0.9461,0.2912,Failing,0
failing_normal_long,3825,14.6333,0.3725,0.9583,0.4011,0.9462,0.2958,Failing,0
failing_normal_long,3826,14.6500,0.3751,0.9599,0.3999,0.9463,0.2999,Failing,0
failing_normal_long,3827,14.6667,0.3780,0.9632,0.3988,0.9464,0.3033,Failing,0
failing_normal_long,3828,14.6833,0.3813,0.9685,0.3980,0.9466,0.3061,Failing,0
failing_normal_long,3829,14.7000,0.3848,0.9728,0.3974,0.9468,0.3082,Failing,0
failing_normal_long,3830,14.7167,0.3887,0.9712,0.3970,0.9470,0.3097,Failing,0
failing_normal_long,3831,14.7333,0.3929,0.9780,0.3968,0.9473,0.3104,Failing,0
failing_normal_long,3832,14.7500,0.3975,0.9893,0.3968,0.9476,0.3104,Failing,0
failing_normal_long,3833,14.7667,0.4023,0.9854,0.3971,0.9479,0.3104,Failing,0
failing_normal_long,3834,14.7833,0.4075,0.9879,0.3976,0.9483,0.3104,Failing,0
failing_normal_long,3835,14.8000,0.4129,1.0000,0.3983,0.9487,0.3104,Failing,0
failing_normal_long,3836,14.8167,0.4186,1.0000,0.3992,0.9491,0.3104,Failing,0
failing_normal_long,3837,14.8333,0.4246,1.0000,0.4004,0.9495,0.3104,Failing,0
failing_normal_long,3838,14.8500,0.4309,1.0000,0.4018,0.9500,0.3104,Failing,0
failing_normal_long,3839,14.8667,0.4374,1.0000,0.4035,0.9504,0.3104,Failing,0
failing_normal_long,3840,14.8833,0.4441,1.0000,0.4054,0.9508,0.3104,Failing,0
failing_normal_long,3841,14.9000,0.4511,1.0000,0.4075,0.9512,0.3104,Failing,0
failing_normal_long,3842,14.9167,0.4583,1.0000,0.4099,0.9516,0.3104,Failing,0
failing_normal_long,3843,14.9333,0.4656,0.8625,0.4125,0.9497,0.3104,Failing,0
failing_normal_long,3844,14.9500,0.4732,0.8718,0.4153,0.9478,0.3104,Failing,0
failing_normal_long,3845,14.9667,0.4809,1.0000,0.4183,0.9483,0.3104,Failing,0
failing_normal_long,3846,14.9833,0.4887,1.0000,0.4216,0.9487,0.3104,Failing,0
failing_normal_long,3847,15.0000,0.4966,1.0000,0.4251,0.9491,0.3104,Failing,0
failing_normal_long,3848,15.0167,0.5046,1.0000,0.4288,0.9496,0.3104,Failing,0
failing_normal_long,3849,15.0333,0.5127,1.0000,0.4327,0.9500,0.3104,Failing,0
failing_normal_long,3850,15.0500,0.5208,1.0000,0.4368,0.9504,0.3104,Failing,0
failing_normal_long,3851,15.0667,0.5289,0.9294,0.4411,0.9485,0.3104,Failing,0
failing_normal_long,3852,15.0833,0.5371,1.0000,0.4455,0.9489,0.3104,Failing,0
failing_normal_long,3853,15.1000,0.5452,1.0000,0.4502,0.9494,0.3104,Failing,0
failing_normal_long,3854,15.1167,0.5532,0.9492,0.4550,0.9475,0.3104,Failing,0
failing_normal_long,3855,15.1333,0.5612,0.9683,0.4599,0.9477,0.3104,Failing,0
failing_normal_long,3856,15.1500,0.5690,1.0000,0.4650,0.9481,0.3104,Failing,0
failing_normal_long,3857,15.1667,0.5768,1.0000,0.4702,0.9485,0.3104,Failing,0
failing_normal_long,3858,15.1833,0.5843,0.9866,0.4755,0.9488,0.3104,Failing,0
failing_normal_long,3859,15.2000,0.5917,1.0000,0.4809,0.9493,0.3104,Failing,0
failing_normal_long,3860,15.2167,0.5989,1.0000,0.4864,0.9497,0.3104,Failing,0
failing_normal_long,3861,15.2333,0.6058,1.0000,0.4919,0.9501,0.3104,Failing,0
failing_normal_long,3862,15.2500,0.6125,1.0000,0.4975,0.9505,0.3104,Failing,0
failing_normal_long,3863,15.2667,0.6189,1.0000,0.5032,0.9509,0.3104,Failing,0
failing_normal_long,3864,15.2833,0.6250,1.0000,0.5088,0.9513,0.3104,Failing,0
failing_normal_long,3865,15.3000,0.6307,1.0000,0.5145,0.9517,0.3104,Failing,0
failing_normal_long,3866,15.3167,0.6361,1.0000,0.5202,0.9521,0.3104,Failing,0
failing_normal_long,3867,15.3333,0.6412,1.0000,0.5258,0.9525,0.3104,Failing,0
failing_normal_long,3868,15.3500,0.6458,1.0000,0.5314,0.9529,0.2770,Failing,0
failing_normal_long,3869,15.3667,0.6500,1.0000,0.5369,0.9533,0.2437,Failing,0
failing_normal_long,3870,15.3833,0.6537,1.0000,0.5423,0.9537,0.2104,Failing,0
failing_normal_long,3871,15.4000,0.6570,1.0000,0.5477,0.9541,0.1770,Failing,0
failing_normal_long,3872,15.4167,0.0330,0.4388,0.5237,0.9522,0.1437,Failing,0
failing_normal_long,3873,15.4333,0.0331,0.6279,0.5009,0.9503,0.1104,Failing,0
failing_normal_long,3874,15.4500,0.0332,0.6153,0.4792,0.9484,0.0787,Failing,0
failing_normal_long,3875,15.4667,0.0333,0.6118,0.4584,0.9466,0.1120,Failing,0
failing_normal_long,3876,15.4833,0.0333,0.6290,0.4387,0.9447,0.1454,Failing,0
failing_normal_long,3877,15.5000,0.0333,0.6209,0.4198,0.9428,0.1787,Failing,0
failing_normal_long,3878,15.5167,0.0333,0.6076,0.4018,0.9410,0.2120,Failing,0
failing_normal_long,3879,15.5333,0.0333,0.6256,0.3847,0.9392,0.2454,Failing,0
failing_normal_long,3880,15.5500,0.0332,0.6273,0.3683,0.9373,0.2787,Failing,0
failing_normal_long,3881,15.5667,0.0331,0.6071,0.3528,0.9355,0.3120,Failing,0
failing_normal_long,3882,15.5833,0.0330,0.6187,0.3379,0.9337,0.3454,Failing,0
failing_normal_long,3883,15.6000,0.0328,0.6312,0.3237,0.9319,0.3787,Failing,0
failing_normal_long,3884,15.6167,0.0326,0.6107,0.3102,0.9301,0.4120,Failing,0
failing_normal_long,3885,15.6333,0.0324,0.6115,0.2973,0.9283,0.4454,Failing,0
failing_normal_long,3886,15.6500,0.0322,0.6305,0.2849,0.9265,0.4787,Failing,0
failing_normal_long,3887,15.6667,0.0319,0.6166,0.2732,0.9247,0.5120,Failing,0
failing_normal_long,3888,15.6833,0.0317,0.6069,0.2619,0.9229,0.5454,Failing,0
failing_normal_long,3889,15.7000,0.0314,0.6254,0.2512,0.9211,0.5787,Failing,0
failing_normal_long,3890,15.7167,0.0310,0.6218,0.2410,0.9194,0.6120,Failing,0
failing_normal_long,3891,15.7333,0.0307,0.6064,0.2312,0.9176,0.6454,Failing,0
failing_normal_long,3892,15.7500,0.6055,1.0000,0.2486,0.9183,0.6787,Failing,0
failing_normal_long,3893,15.7667,0.5974,1.0000,0.2648,0.9190,0.7120,Failing,0
failing_normal_long,3894,15.7833,0.5889,1.0000,0.2799,0.9196,0.7454,Failing,0
failing_normal_long,3895,15.8000,0.5800,1.0000,0.2938,0.9203,0.7787,Failing,0
failing_normal_long,3896,15.8167,0.5708,1.0000,0.3067,0.9210,0.8120,Failing,0
failing_normal_long,3897,15.8333,0.5612,1.0000,0.3186,0.9216,0.8196,Failing,0
failing_normal_long,3898,15.8500,0.5512,1.0000,0.3294,0.9223,0.8196,Failing,0
failing_normal_long,3899,15.8667,0.5410,1.0000,0.3392,0.9229,0.8196,Failing,0
failing_normal_long,3900,15.8833,0.5306,1.0000,0.3481,0.9236,0.8196,Failing,0
failing_normal_long,3901,15.9000,0.5199,1.0000,0.3561,0.9242,0.8196,Failing,0
failing_normal_long,3902,15.9167,0.5090,1.0000,0.3632,0.9248,0.8196,Failing,0
failing_normal_long,3903,15.9333,0.4980,1.0000,0.3695,0.9255,0.8196,Failing,0
failing_normal_long,3904,15.9500,0.4868,1.0000,0.3749,0.9261,0.8196,Failing,0
failing_normal_long,3905,15.9667,0.4755,1.0000,0.3796,0.9267,0.8196,Failing,0
failing_normal_long,3906,15.9833,0.4642,1.0000,0.3835,0.9273,0.8196,Failing,0
failing_normal_long,3907,16.0000,0.4528,1.0000,0.3868,0.9279,0.8196,Failing,0
failing_normal_long,3908,16.0167,0.4415,1.0000,0.3893,0.9285,0.8196,Failing,0
failing_normal_long,3909,16.0333,0.4301,1.0000,0.3912,0.9291,0.8196,Failing,0
failing_normal_long,3910,16.0500,0.4189,1.0000,0.3925,0.9297,0.8196,Failing,0
failing_normal_long,3911,16.0667,0.4078,1.0000,0.3932,0.9303,0.8196,Failing,0
failing_normal_long,3912,16.0833,0.3968,0.9746,0.3934,0.9306,0.8196,Failing,0
failing_normal_long,3913,16.1000,0.3860,0.9695,0.3930,0.9310,0.8196,Failing,0
failing_normal_long,3914,16.1167,0.3754,0.9724,0.3922,0.9313,0.8196,Failing,0
failing_normal_long,3915,16.1333,0.3651,0.9462,0.3910,0.9314,0.8196,Failing,0
failing_normal_long,3916,16.1500,0.3550,0.9324,0.3893,0.9314,0.8196,Failing,0
failing_normal_long,3917,16.1667,0.3453,0.9424,0.3872,0.9315,0.8196,Failing,0
failing_normal_long,3918,16.1833,0.3359,0.9234,0.3848,0.9297,0.8196,Failing,0
failing_normal_long,3919,16.2000,0.3268,0.9002,0.3821,0.9279,0.8196,Failing,0
failing_normal_long,3920,16.2167,0.3182,0.9111,0.3792,0.9261,0.8196,Failing,0
failing_normal_long,3921,16.2333,0.3100,0.9041,0.3760,0.9243,0.8196,Failing,0
failing_normal_long,3922,16.2500,0.3023,0.8760,0.3725,0.9226,0.8196,Failing,0
failing_normal_long,3923,16.2667,0.2950,0.8811,0.3689,0.9208,0.8196,Failing,0
failing_normal_long,3924,16.2833,0.2882,0.8860,0.3652,0.9190,0.8196,Failing,0
failing_normal_long,3925,16.3000,0.2820,0.8602,0.3613,0.9173,0.8196,Failing,0
failing_normal_long,3926,16.3167,0.2763,0.8561,0.3573,0.9155,0.8196,Failing,0
failing_normal_long,3927,16.3333,0.2711,0.8682,0.3533,0.9138,0.7862,Failing,0
failing_normal_long,3928,16.3500,0.2666,0.8512,0.3493,0.9120,0.7529,Failing,0
failing_normal_long,3929,16.3667,0.2626,0.8396,0.3453,0.9103,0.7196,Failing,0
failing_normal_long,3930,16.3833,0.2592,0.8519,0.3413,0.9086,0.6862,Failing,0
failing_normal_long,3931,16.4000,0.2564,0.8461,0.3373,0.9069,0.6529,Failing,0
failing_normal_long,3932,16.4167,0.2542,0.8326,0.3335,0.9052,0.6196,Failing,0
failing_normal_long,3933,16.4333,0.2527,0.8402,0.3297,0.9035,0.5862,Failing,0
failing_normal_long,3934,16.4500,0.2518,0.8429,0.3261,0.9018,0.5529,Failing,0
failing_normal_long,3935,16.4667,0.2515,0.8339,0.3226,0.9001,0.5419,Failing,0
failing_normal_long,3936,16.4833,0.2519,0.8362,0.3193,0.8984,0.5517,Failing,0
failing_normal_long,3937,16.5000,0.2528,0.8417,0.3162,0.8967,0.5608,Failing,0
failing_normal_long,3938,16.5167,0.2544,0.8405,0.3134,0.8950,0.5691,Failing,0
failing_normal_long,3939,16.5333,0.2566,0.8414,0.3107,0.8934,0.5766,Failing,0
failing_normal_long,3940,16.5500,0.2594,0.8446,0.3083,0.8917,0.5832,Failing,0
failing_normal_long,3941,16.5667,0.2628,0.8498,0.3062,0.8901,0.5888,Failing,0
failing_normal_long,3942,16.5833,0.2668,0.8550,0.3044,0.8884,0.5935,Failing,0
failing_normal_long,3943,16.6000,0.2713,0.8543,0.3028,0.8868,0.5973,Failing,0
failing_normal_long,3944,16.6167,0.2764,0.8608,0.3016,0.8851,0.6000,Failing,0
failing_normal_long,3945,16.6333,0.2821,0.8739,0.3007,0.8835,0.6018,Failing,0
failing_normal_long,3946,16.6500,0.2882,0.8724,0.3001,0.8819,0.6025,Failing,0
failing_normal_long,3947,16.6667,0.2948,0.8745,0.2999,0.8803,0.6025,Failing,0
failing_normal_long,3948,16.6833,0.3019,0.8947,0.3000,0.8804,0.6025,Failing,0
failing_normal_long,3949,16.7000,0.3094,0.8983,0.3004,0.8805,0.6025,Failing,0
failing_normal_long,3950,16.7167,0.3174,0.8934,0.3012,0.8806,0.6025,Failing,0
failing_normal_long,3951,16.7333,0.3257,0.9154,0.3023,0.8809,0.6025,Failing,0
failing_normal_long,3952,16.7500,0.3344,0.9291,0.3038,0.8813,0.6025,Failing,0
failing_normal_long,3953,16.7667,0.3435,0.9194,0.3057,0.8816,0.6025,Failing,0
failing_normal_long,3954,16.7833,0.3528,0.9363,0.3079,0.8821,0.6025,Failing,0
failing_normal_long,3955,16.8000,0.3624,0.9608,0.3104,0.8828,0.6025,Failing,0
failing_normal_long,3956,16.8167,0.3722,0.9524,0.3133,0.8833,0.6025,Failing,0
failing_normal_long,3957,16.8333,0.3823,0.9593,0.3165,0.8840,0.6025,Failing,0
failing_normal_long,3958,16.8500,0.3925,0.9904,0.3200,0.8848,0.6025,Failing,0
failing_normal_long,3959,16.8667,0.4029,0.9899,0.3239,0.8857,0.6025,Failing,0
failing_normal_long,3960,16.8833,0.4134,0.9869,0.3280,0.8866,0.6025,Failing,0
failing_normal_long,3961,16.9000,0.4239,1.0000,0.3325,0.8875,0.6025,Failing,0
failing_normal_long,3962,16.9167,0.4345,1.0000,0.3372,0.8884,0.6025,Failing,0
failing_normal_long,3963,16.9333,0.4451,1.0000,0.3423,0.8894,0.6025,Failing,0
failing_normal_long,3964,16.9500,0.4557,1.0000,0.3475,0.8903,0.6025,Failing,0
failing_normal_long,3965,16.9667,0.4662,1.0000,0.3531,0.8912,0.6025,Failing,0
failing_normal_long,3966,16.9833,0.4767,1.0000,0.3588,0.8921,0.6025,Failing,0
failing_normal_long,3967,17.0000,0.4870,1.0000,0.3648,0.8930,0.6025,Failing,0
failing_normal_long,3968,17.0167,0.4972,1.0000,0.3709,0.8939,0.6025,Failing,0
failing_normal_long,3969,17.0333,0.5072,1.0000,0.3773,0.8948,0.6025,Failing,0
failing_normal_long,3970,17.0500,0.5170,1.0000,0.3838,0.8956,0.6025,Failing,0
failing_normal_long,3971,17.0667,0.5266,1.0000,0.3904,0.8965,0.6025,Failing,0
failing_normal_long,3972,17.0833,0.5359,1.0000,0.3972,0.8974,0.6025,Failing,0
failing_normal_long,3973,17.1000,0.5449,1.0000,0.4040,0.8982,0.6025,Failing,0
failing_normal_long,3974,17.1167,0.5536,1.0000,0.4110,0.8991,0.6025,Failing,0
failing_normal_long,3975,17.1333,0.5620,1.0000,0.4180,0.8999,0.6025,Failing,0
failing_normal_long,3976,17.1500,0.5700,1.0000,0.4251,0.9007,0.6025,Failing,0
failing_normal_long,3977,17.1667,0.5777,1.0000,0.4322,0.9015,0.6025,Failing,0
failing_normal_long,3978,17.1833,0.5849,1.0000,0.4393,0.9024,0.6025,Failing,0
failing_normal_long,3979,17.2000,0.5918,1.0000,0.4464,0.9032,0.6025,Failing,0
failing_normal_long,3980,17.2167,0.5982,1.0000,0.4534,0.9040,0.6025,Failing,0
failing_normal_long,3981,17.2333,0.6042,1.0000,0.4604,0.9048,0.6025,Failing,0
failing_normal_long,3982,17.2500,0.6097,1.0000,0.4674,0.9056,0.5691,Failing,0
failing_normal_long,3983,17.2667,0.6148,1.0000,0.4742,0.9063,0.5358,Failing,0
failing_normal_long,3984,17.2833,0.6194,1.0000,0.4810,0.9071,0.5025,Failing,0
failing_normal_long,3985,17.3000,0.6236,1.0000,0.4876,0.9079,0.4691,Failing,0
failing_normal_long,3986,17.3167,0.6272,1.0000,0.4941,0.9087,0.4358,Failing,0
failing_normal_long,3987,17.3333,0.6304,1.0000,0.5005,0.9094,0.4025,Failing,0
failing_normal_long,3988,17.3500,0.6331,1.0000,0.5066,0.9102,0.3691,Failing,0
failing_normal_long,3989,17.3667,0.6353,1.0000,0.5126,0.9109,0.3358,Failing,0
failing_normal_long,3990,17.3833,0.6370,1.0000,0.5184,0.9117,0.3025,Failing,0
failing_normal_long,3991,17.4000,0.6382,1.0000,0.5240,0.9124,0.2691,Failing,0
failing_normal_long,3992,17.4167,0.6390,1.0000,0.5293,0.9131,0.2358,Failing,0
failing_normal_long,3993,17.4333,0.6392,1.0000,0.5344,0.9138,0.2025,Failing,0
failing_normal_long,3994,17.4500,0.6390,1.0000,0.5393,0.9145,0.1691,Failing,0
failing_normal_long,3995,17.4667,0.6384,1.0000,0.5439,0.9153,0.1358,Failing,0
failing_normal_long,3996,17.4833,0.6373,1.0000,0.5482,0.9160,0.1025,Failing,0
failing_normal_long,3997,17.5000,0.6357,1.0000,0.5523,0.9167,0.0691,Failing,0
failing_normal_long,3998,17.5167,0.6338,1.0000,0.5561,0.9174,0.0358,Failing,0
failing_normal_long,3999,17.5333,0.6314,1.0000,0.5596,0.9180,0.0025,Failing,0
failing_normal_long,4000,17.5500,0.6286,1.0000,0.5628,0.9187,0.0000,Failing,0
failing_normal_long,4001,17.5667,0.6255,1.0000,0.5657,0.9194,0.0000,Failing,0
failing_normal_long,4002,17.5833,0.6219,1.0000,0.5683,0.9201,0.0000,Failing,0
failing_normal_long,4003,17.6000,0.6181,1.0000,0.5706,0.9207,0.0000,Failing,0
failing_normal_long,4004,17.6167,0.6139,1.0000,0.5727,0.9214,0.0000,Failing,0
failing_normal_long,4005,17.6333,0.6094,1.0000,0.5744,0.9220,0.0000,Failing,0
failing_normal_long,4006,17.6500,0.6046,1.0000,0.5758,0.9227,0.0000,Failing,0
failing_normal_long,4007,17.6667,0.5995,1.0000,0.5769,0.9233,0.0000,Failing,0
failing_normal_long,4008,17.6833,0.5942,1.0000,0.5777,0.9240,0.0000,Failing,0
failing_normal_long,4009,17.7000,0.5886,1.0000,0.5782,0.9246,0.0000,Failing,0
failing_normal_long,4010,17.7167,0.5829,1.0000,0.5784,0.9252,0.0000,Failing,0
failing_normal_long,4011,17.7333,0.5769,1.0000,0.5783,0.9258,0.0000,Failing,0
failing_normal_long,4012,17.7500,0.5708,1.0000,0.5780,0.9265,0.0000,Failing,0
failing_normal_long,4013,17.7667,0.5645,1.0000,0.5774,0.9271,0.0000,Failing,0
failing_normal_long,4014,17.7833,0.5581,1.0000,0.5765,0.9277,0.0000,Failing,0
failing_normal_long,4015,17.8000,0.5516,1.0000,0.5753,0.9283,0.0000,Failing,0
failing_normal_long,4016,17.8167,0.5451,1.0000,0.5739,0.9289,0.0000,Failing,0
failing_normal_long,4017,17.8333,0.5384,1.0000,0.5723,0.9295,0.0000,Failing,0
failing_normal_long,4018,17.8500,0.5317,1.0000,0.5704,0.9300,0.0000,Failing,0
failing_normal_long,4019,17.8667,0.5250,1.0000,0.5683,0.9306,0.0000,Failing,0
failing_normal_long,4020,17.8833,0.5183,1.0000,0.5659,0.9312,0.0000,Failing,0
failing_normal_long,4021,17.9000,0.5116,1.0000,0.5634,0.9318,0.0000,Failing,0
failing_normal_long,4022,17.9167,0.5050,1.0000,0.5607,0.9323,0.0000,Failing,0
failing_normal_long,4023,17.9333,0.4983,1.0000,0.5578,0.9329,0.0000,Failing,0
failing_normal_long,4024,17.9500,0.4918,1.0000,0.5547,0.9335,0.0000,Failing,0
failing_normal_long,4025,17.9667,0.4853,1.0000,0.5515,0.9340,0.0000,Failing,0
failing_normal_long,4026,17.9833,0.4790,1.0000,0.5481,0.9346,0.0001,Failing,0
failing_normal_long,4027,18.0000,0.4727,1.0000,0.5446,0.9351,0.0005,Failing,0
failing_normal_long,4028,18.0167,0.4666,1.0000,0.5410,0.9356,0.0014,Failing,0
failing_normal_long,4029,18.0333,0.4606,1.0000,0.5372,0.9362,0.0028,Failing,0
failing_normal_long,4030,18.0500,0.4548,1.0000,0.5334,0.9367,0.0047,Failing,0
failing_normal_long,4031,18.0667,0.4491,1.0000,0.5295,0.9372,0.0071,Failing,0
failing_normal_long,4032,18.0833,0.4436,1.0000,0.5255,0.9377,0.0101,Failing,0
failing_normal_long,4033,18.1000,0.4384,1.0000,0.5214,0.9383,0.0137,Failing,0
failing_normal_long,4034,18.1167,0.4333,1.0000,0.5173,0.9388,0.0177,Failing,0
failing_normal_long,4035,18.1333,0.4284,1.0000,0.5132,0.9393,0.0224,Failing,0
failing_normal_long,4036,18.1500,0.4237,1.0000,0.5090,0.9398,0.0275,Failing,0
failing_normal_long,4037,18.1667,0.4192,1.0000,0.5049,0.9403,0.0332,Failing,0
failing_normal_long,4038,18.1833,0.4150,0.9946,0.5007,0.9407,0.0394,Failing,0
failing_normal_long,4039,18.2000,0.4110,0.9895,0.4965,0.9411,0.0460,Failing,0
failing_normal_long,4040,18.2167,0.4073,1.0000,0.4924,0.9416,0.0530,Failing,0
failing_normal_long,4041,18.2333,0.4037,0.9899,0.4882,0.9420,0.0604,Failing,0
failing_normal_long,4042,18.2500,0.4005,0.9769,0.4842,0.9423,0.0682,Failing,0
failing_normal_long,4043,18.2667,0.3974,0.9892,0.4801,0.9427,0.0762,Failing,0
failing_normal_long,4044,18.2833,0.3946,0.9854,0.4762,0.9431,0.0846,Failing,0
failing_normal_long,4045,18.3000,0.3921,0.9706,0.4722,0.9433,0.0931,Failing,0
failing_normal_long,4046,18.3167,0.3898,0.9763,0.4684,0.9436,0.1017,Failing,0
failing_normal_long,4047,18.3333,0.3878,0.9793,0.4647,0.9439,0.1105,Failing,0
failing_normal_long,4048,18.3500,0.3860,0.9688,0.4610,0.9441,0.1194,Failing,0
failing_normal_long,4049,18.3667,0.3845,0.9683,0.4575,0.9443,0.1283,Failing,0
failing_normal_long,4050,18.3833,0.3832,0.9720,0.4540,0.9445,0.1371,Failing,0
failing_normal_long,4051,18.4000,0.3822,0.9685,0.4507,0.9447,0.1459,Failing,0
failing_normal_long,4052,18.4167,0.3814,0.9662,0.4474,0.9449,0.1545,Failing,0
failing_normal_long,4053,18.4333,0.3808,0.9659,0.4443,0.9450,0.1630,Failing,0
failing_normal_long,4054,18.4500,0.3805,0.9672,0.4414,0.9452,0.1713,Failing,0
failing_normal_long,4055,18.4667,0.3804,0.9687,0.4385,0.9454,0.1793,Failing,0
failing_normal_long,4056,18.4833,0.3805,0.9638,0.4358,0.9456,0.1871,Failing,0
failing_normal_long,4057,18.5000,0.3809,0.9647,0.4333,0.9457,0.1946,Failing,0
failing_normal_long,4058,18.5167,0.3815,0.9731,0.4309,0.9460,0.2017,Failing,0
failing_normal_long,4059,18.5333,0.3823,0.9675,0.4286,0.9461,0.2085,Failing,0
failing_normal_long,4060,18.5500,0.3833,0.9625,0.4265,0.9463,0.2149,Failing,0
failing_normal_long,4061,18.5667,0.3846,0.9765,0.4246,0.9465,0.2209,Failing,0
failing_normal_long,4062,18.5833,0.3860,0.9761,0.4228,0.9468,0.2264,Failing,0
failing_normal_long,4063,18.6000,0.3877,0.9638,0.4211,0.9469,0.2315,Failing,0
failing_normal_long,4064,18.6167,0.3895,0.9777,0.4197,0.9472,0.2362,Failing,0
failing_normal_long,4065,18.6333,0.3915,0.9871,0.4184,0.9475,0.2403,Failing,0
failing_normal_long,4066,18.6500,0.3937,0.9707,0.4172,0.9477,0.2440,Failing,0
failing_normal_long,4067,18.6667,0.3961,0.9780,0.4162,0.9479,0.2472,Failing,0
failing_normal_long,4068,18.6833,0.3987,0.9972,0.4154,0.9484,0.2498,Failing,0
failing_normal_long,4069,18.7000,0.4014,0.9833,0.4148,0.9486,0.2520,Failing,0
failing_normal_long,4070,18.7167,0.4043,0.9802,0.4143,0.9489,0.2536,Failing,0
failing_normal_long,4071,18.7333,0.4074,1.0000,0.4140,0.9493,0.2547,Failing,0
failing_normal_long,4072,18.7500,0.4106,0.9995,0.4138,0.9497,0.2554,Failing,0
failing_normal_long,4073,18.7667,0.4140,0.9871,0.4138,0.9501,0.2554,Failing,0
failing_normal_long,4074,18.7833,0.4175,1.0000,0.4140,0.9505,0.2554,Failing,0
failing_normal_long,4075,18.8000,0.4211,1.0000,0.4143,0.9509,0.2554,Failing,0
failing_normal_long,4076,18.8167,0.4249,0.9999,0.4148,0.9513,0.2554,Failing,0
failing_normal_long,4077,18.8333,0.4287,1.0000,0.4154,0.9517,0.2554,Failing,0
failing_normal_long,4078,18.8500,0.4327,1.0000,0.4163,0.9521,0.2554,Failing,0
failing_normal_long,4079,18.8667,0.4369,1.0000,0.4172,0.9525,0.2554,Failing,0
failing_normal_long,4080,18.8833,0.4411,1.0000,0.4183,0.9529,0.2554,Failing,0
failing_normal_long,4081,18.9000,0.4454,1.0000,0.4196,0.9533,0.2554,Failing,0
failing_normal_long,4082,18.9167,0.4498,1.0000,0.4210,0.9537,0.2554,Failing,0
failing_normal_long,4083,18.9333,0.4543,1.0000,0.4225,0.9541,0.2554,Failing,0
failing_normal_long,4084,18.9500,0.4589,1.0000,0.4242,0.9544,0.2554,Failing,0
failing_normal_long,4085,18.9667,0.4635,1.0000,0.4261,0.9548,0.2554,Failing,0
failing_normal_long,4086,18.9833,0.4682,1.0000,0.4280,0.9552,0.2554,Failing,0
failing_normal_long,4087,19.0000,0.4730,1.0000,0.4301,0.9556,0.2554,Failing,0
failing_normal_long,4088,19.0167,0.4778,1.0000,0.4323,0.9559,0.2554,Failing,0
failing_normal_long,4089,19.0333,0.4826,1.0000,0.4347,0.9563,0.2554,Failing,0
failing_normal_long,4090,19.0500,0.4875,1.0000,0.4371,0.9567,0.2554,Failing,0
failing_normal_long,4091,19.0667,0.4924,1.0000,0.4397,0.9570,0.2554,Failing,0
failing_normal_long,4092,19.0833,0.4973,1.0000,0.4424,0.9574,0.2554,Failing,0
failing_normal_long,4093,19.1000,0.5022,1.0000,0.4451,0.9577,0.2554,Failing,0
failing_normal_long,4094,19.1167,0.5071,1.0000,0.4480,0.9581,0.2554,Failing,0
failing_normal_long,4095,19.1333,0.5120,1.0000,0.4510,0.9584,0.2554,Failing,0
failing_normal_long,4096,19.1500,0.5168,1.0000,0.4541,0.9588,0.2554,Failing,0
failing_normal_long,4097,19.1667,0.5216,1.0000,0.4572,0.9591,0.2554,Failing,0
failing_normal_long,4098,19.1833,0.5264,1.0000,0.4604,0.9595,0.2554,Failing,0
failing_normal_long,4099,19.2000,0.5311,1.0000,0.4637,0.9598,0.2554,Failing,0
failing_normal_long,4100,19.2167,0.5357,1.0000,0.4671,0.9601,0.2554,Failing,0
failing_normal_long,4101,19.2333,0.5402,1.0000,0.4705,0.9605,0.2554,Failing,0
failing_normal_long,4102,19.2500,0.5447,1.0000,0.4739,0.9608,0.2554,Failing,0
failing_normal_long,4103,19.2667,0.5490,1.0000,0.4774,0.9611,0.2554,Failing,0
failing_normal_long,4104,19.2833,0.5533,1.0000,0.4809,0.9614,0.2554,Failing,0
failing_normal_long,4105,19.3000,0.5573,1.0000,0.4845,0.9617,0.2554,Failing,0
failing_normal_long,4106,19.3167,0.5613,1.0000,0.4881,0.9621,0.2554,Failing,0
failing_normal_long,4107,19.3333,0.5651,1.0000,0.4916,0.9624,0.2554,Failing,0
failing_normal_long,4108,19.3500,0.5687,1.0000,0.4952,0.9627,0.2554,Failing,0
failing_normal_long,4109,19.3667,0.5721,1.0000,0.4988,0.9630,0.2221,Failing,0
failing_normal_long,4110,19.3833,0.5753,1.0000,0.5024,0.9633,0.1887,Failing,0
failing_normal_long,4111,19.4000,0.5784,1.0000,0.5059,0.9636,0.1554,Failing,0
failing_normal_long,4112,19.4167,0.5812,1.0000,0.5094,0.9639,0.1221,Failing,0
failing_normal_long,4113,19.4333,0.5838,1.0000,0.5128,0.9642,0.0887,Failing,0
failing_normal_long,4114,19.4500,0.5861,1.0000,0.5163,0.9645,0.0554,Failing,0
failing_normal_long,4115,19.4667,0.5882,1.0000,0.5196,0.9648,0.0221,Failing,0
failing_normal_long,4116,19.4833,0.5900,1.0000,0.5229,0.9651,0.0127,Failing,0
failing_normal_long,4117,19.5000,0.5915,1.0000,0.5261,0.9654,0.0100,Failing,0
failing_normal_long,4118,19.5167,0.5928,1.0000,0.5292,0.9657,0.0076,Failing,0
failing_normal_long,4119,19.5333,0.5937,1.0000,0.5322,0.9660,0.0056,Failing,0
failing_normal_long,4120,19.5500,0.5943,1.0000,0.5351,0.9662,0.0039,Failing,0
failing_normal_long,4121,19.5667,0.5947,1.0000,0.5378,0.9665,0.0026,Failing,0
failing_normal_long,4122,19.5833,0.5947,1.0000,0.5405,0.9668,0.0016,Failing,0
failing_normal_long,4123,19.6000,0.5943,1.0000,0.5430,0.9671,0.0009,Failing,0
failing_normal_long,4124,19.6167,0.5937,1.0000,0.5453,0.9673,0.0004,Failing,0
failing_normal_long,4125,19.6333,0.5927,1.0000,0.5475,0.9676,0.0001,Failing,0
failing_normal_long,4126,19.6500,0.5913,1.0000,0.5496,0.9679,0.0000,Failing,0
failing_normal_long,4127,19.6667,0.5896,1.0000,0.5514,0.9682,0.0000,Failing,0
failing_normal_long,4128,19.6833,0.5875,1.0000,0.5531,0.9684,0.0000,Failing,0
failing_normal_long,4129,19.7000,0.5851,1.0000,0.5546,0.9687,0.0000,Failing,0
failing_normal_long,4130,19.7167,0.5823,1.0000,0.5559,0.9689,0.0000,Failing,0
failing_normal_long,4131,19.7333,0.5792,1.0000,0.5570,0.9692,0.0000,Failing,0
failing_normal_long,4132,19.7500,0.5757,1.0000,0.5578,0.9695,0.0000,Failing,0
failing_normal_long,4133,19.7667,0.5718,1.0000,0.5585,0.9697,0.0000,Failing,0
failing_normal_long,4134,19.7833,0.5676,1.0000,0.5589,0.9700,0.0000,Failing,0
failing_normal_long,4135,19.8000,0.5630,1.0000,0.5591,0.9702,0.0000,Failing,0
failing_normal_long,4136,19.8167,0.5582,1.0000,0.5591,0.9705,0.0000,Failing,0
failing_normal_long,4137,19.8333,0.5529,1.0000,0.5588,0.9707,0.0000,Failing,0
failing_normal_long,4138,19.8500,0.5474,1.0000,0.5582,0.9709,0.0000,Failing,0
failing_normal_long,4139,19.8667,0.5415,1.0000,0.5575,0.9712,0.0000,Failing,0
failing_normal_long,4140,19.8833,0.5353,1.0000,0.5564,0.9714,0.0000,Failing,0
failing_normal_long,4141,19.9000,0.5289,1.0000,0.5552,0.9717,0.0000,Failing,0
failing_normal_long,4142,19.9167,0.5221,1.0000,0.5536,0.9719,0.0000,Failing,0
failing_normal_long,4143,19.9333,0.5151,1.0000,0.5518,0.9721,0.0000,Failing,0
failing_normal_long,4144,19.9500,0.5079,1.0000,0.5498,0.9724,0.0000,Failing,0
failing_normal_long,4145,19.9667,0.5004,1.0000,0.5475,0.9726,0.0001,Failing,0
failing_normal_long,4146,19.9833,0.4927,1.0000,0.5449,0.9728,0.0005,Failing,0
failing_normal_long,4147,20.0000,0.4848,1.0000,0.5421,0.9730,0.0011,Failing,0
failing_normal_long,4148,20.0167,0.4768,1.0000,0.5391,0.9733,0.0021,Failing,0
failing_normal_long,4149,20.0333,0.4685,1.0000,0.5358,0.9735,0.0036,Failing,0
failing_normal_long,4150,20.0500,0.4602,1.0000,0.5323,0.9737,0.0055,Failing,0
failing_normal_long,4151,20.0667,0.4517,1.0000,0.5286,0.9739,0.0081,Failing,0
failing_normal_long,4152,20.0833,0.4432,1.0000,0.5246,0.9741,0.0113,Failing,0
failing_normal_long,4153,20.1000,0.4346,1.0000,0.5204,0.9744,0.0152,Failing,0
failing_normal_long,4154,20.1167,0.4260,1.0000,0.5160,0.9746,0.0199,Failing,0
failing_normal_long,4155,20.1333,0.4173,0.9933,0.5114,0.9747,0.0254,Failing,0
failing_normal_long,4156,20.1500,0.4087,0.9994,0.5067,0.9749,0.0319,Failing,0
failing_normal_long,4157,20.1667,0.4002,0.9919,0.5017,0.9751,0.0392,Failing,0
failing_normal_long,4158,20.1833,0.3917,0.9704,0.4966,0.9731,0.0474,Failing,0
failing_normal_long,4159,20.2000,0.3833,0.9688,0.4913,0.9711,0.0566,Failing,0
failing_normal_long,4160,20.2167,0.3750,0.9668,0.4859,0.9692,0.0667,Failing,0
failing_normal_long,4161,20.2333,0.3669,0.9502,0.4804,0.9672,0.0777,Failing,0
failing_normal_long,4162,20.2500,0.3589,0.9423,0.4747,0.9653,0.0897,Failing,0
failing_normal_long,4163,20.2667,0.3512,0.9400,0.4690,0.9633,0.1026,Failing,0
failing_normal_long,4164,20.2833,0.3437,0.9303,0.4631,0.9614,0.1163,Failing,0
failing_normal_long,4165,20.3000,0.3365,0.9213,0.4573,0.9595,0.1308,Failing,0
failing_normal_long,4166,20.3167,0.3295,0.9146,0.4513,0.9576,0.1461,Failing,0
failing_normal_long,4167,20.3333,0.3229,0.9095,0.4453,0.9557,0.1620,Failing,0
failing_normal_long,4168,20.3500,0.3166,0.9051,0.4394,0.9538,0.1785,Failing,0
failing_normal_long,4169,20.3667,0.3107,0.8944,0.4334,0.9519,0.1956,Failing,0
failing_normal_long,4170,20.3833,0.3052,0.8884,0.4274,0.9500,0.2130,Failing,0
failing_normal_long,4171,20.4000,0.3000,0.8914,0.4215,0.9481,0.2307,Failing,0
failing_normal_long,4172,20.4167,0.2953,0.8814,0.4156,0.9462,0.2486,Failing,0
failing_normal_long,4173,20.4333,0.2911,0.8700,0.4098,0.9444,0.2666,Failing,0
failing_normal_long,4174,20.4500,0.2873,0.8783,0.4041,0.9425,0.2846,Failing,0
failing_normal_long,4175,20.4667,0.2840,0.8752,0.3986,0.9407,0.3024,Failing,0
failing_normal_long,4176,20.4833,0.2813,0.8577,0.3931,0.9388,0.3200,Failing,0
failing_normal_long,4177,20.5000,0.2790,0.8657,0.3878,0.9370,0.3373,Failing,0
failing_normal_long,4178,20.5167,0.2772,0.8735,0.3827,0.9352,0.3541,Failing,0
failing_normal_long,4179,20.5333,0.2761,0.8541,0.3777,0.9334,0.3704,Failing,0
failing_normal_long,4180,20.5500,0.2754,0.8557,0.3729,0.9315,0.3860,Failing,0
failing_normal_long,4181,20.5667,0.2753,0.8737,0.3684,0.9297,0.4009,Failing,0
failing_normal_long,4182,20.5833,0.2758,0.8594,0.3641,0.9279,0.4150,Failing,0
failing_normal_long,4183,20.6000,0.2769,0.8517,0.3600,0.9262,0.4282,Failing,0
failing_normal_long,4184,20.6167,0.2785,0.8745,0.3562,0.9244,0.4405,Failing,0
failing_normal_long,4185,20.6333,0.2807,0.8713,0.3527,0.9226,0.4518,Failing,0
failing_normal_long,4186,20.6500,0.2835,0.8565,0.3495,0.9208,0.4621,Failing,0
failing_normal_long,4187,20.6667,0.2868,0.8768,0.3466,0.9191,0.4713,Failing,0
failing_normal_long,4188,20.6833,0.2907,0.8866,0.3440,0.9173,0.4793,Failing,0
failing_normal_long,4189,20.7000,0.2952,0.8710,0.3417,0.9156,0.4862,Failing,0
failing_normal_long,4190,20.7167,0.3002,0.8835,0.3398,0.9138,0.4918,Failing,0
failing_normal_long,4191,20.7333,0.3058,0.9029,0.3382,0.9121,0.4963,Failing,0
failing_normal_long,4192,20.7500,0.3118,0.8933,0.3370,0.9103,0.4995,Failing,0
failing_normal_long,4193,20.7667,0.3184,0.8973,0.3361,0.9086,0.5015,Failing,0
failing_normal_long,4194,20.7833,0.3255,0.9198,0.3356,0.9087,0.5032,Failing,0
failing_normal_long,4195,20.8000,0.3331,0.9202,0.3355,0.9088,0.5037,Failing,0
failing_normal_long,4196,20.8167,0.3411,0.9196,0.3358,0.9089,0.5037,Failing,0
failing_normal_long,4197,20.8333,0.3495,0.9388,0.3364,0.9092,0.5037,Failing,0
failing_normal_long,4198,20.8500,0.3584,0.9482,0.3374,0.9095,0.5037,Failing,0
failing_normal_long,4199,20.8667,0.3676,0.9493,0.3388,0.9098,0.5037,Failing,0
failing_normal_long,4200,20.8833,0.3772,0.9627,0.3406,0.9102,0.5037,Failing,0
failing_normal_long,4201,20.9000,0.3872,0.9759,0.3428,0.9108,0.5037,Failing,0
failing_normal_long,4202,20.9167,0.3974,0.9830,0.3453,0.9114,0.5037,Failing,0
failing_normal_long,4203,20.9333,0.4079,0.9928,0.3482,0.9121,0.5037,Failing,0
failing_normal_long,4204,20.9500,0.4187,1.0000,0.3515,0.9128,0.5037,Failing,0
failing_normal_long,4205,20.9667,0.4296,1.0000,0.3551,0.9135,0.5037,Failing,0
failing_normal_long,4206,20.9833,0.4408,1.0000,0.3591,0.9142,0.5037,Failing,0
failing_normal_long,4207,21.0000,0.4521,1.0000,0.3634,0.9149,0.5037,Failing,0
failing_normal_long,4208,21.0167,0.4634,1.0000,0.3681,0.9157,0.5037,Failing,0
failing_normal_long,4209,21.0333,0.4749,1.0000,0.3731,0.9164,0.5037,Failing,0
failing_normal_long,4210,21.0500,0.4864,1.0000,0.3783,0.9170,0.5037,Failing,0
failing_normal_long,4211,21.0667,0.0249,0.6061,0.3619,0.9153,0.5037,Failing,0
failing_normal_long,4212,21.0833,0.0255,0.6196,0.3463,0.9136,0.5037,Failing,0
failing_normal_long,4213,21.1000,0.0260,0.6121,0.3314,0.9118,0.5195,Failing,0
failing_normal_long,4214,21.1167,0.0266,0.6030,0.3172,0.9101,0.5528,Failing,0
failing_normal_long,4215,21.1333,0.0272,0.6198,0.3037,0.9084,0.5861,Failing,0
failing_normal_long,4216,21.1500,0.0277,0.6199,0.2909,0.9067,0.6195,Failing,0
failing_normal_long,4217,21.1667,0.0283,0.6028,0.2787,0.9049,0.6528,Failing,0
failing_normal_long,4218,21.1833,0.0288,0.6161,0.2670,0.9032,0.6861,Failing,0
failing_normal_long,4219,21.2000,0.0293,0.6267,0.2560,0.9015,0.7195,Failing,0
failing_normal_long,4220,21.2167,0.0298,0.6068,0.2455,0.8999,0.7528,Failing,0
failing_normal_long,4221,21.2333,0.0303,0.6106,0.2355,0.8982,0.7861,Failing,0
failing_normal_long,4222,21.2500,0.0307,0.6297,0.2259,0.8965,0.8118,Failing,0
failing_normal_long,4223,21.2667,0.0312,0.6142,0.2169,0.8948,0.8281,Failing,0
failing_normal_long,4224,21.2833,0.0316,0.6067,0.2083,0.8932,0.8418,Failing,0
failing_normal_long,4225,21.3000,0.0320,0.6280,0.2001,0.8915,0.8531,Failing,0
failing_normal_long,4226,21.3167,0.0324,0.6223,0.1923,0.8898,0.8621,Failing,0
failing_normal_long,4227,21.3333,0.0328,0.6067,0.1849,0.8882,0.8691,Failing,0
failing_normal_long,4228,21.3500,0.0331,0.6231,0.1778,0.8866,0.8743,Failing,0
failing_normal_long,4229,21.3667,0.0334,0.6279,0.1711,0.8849,0.8778,Failing,0
failing_normal_long,4230,21.3833,0.0337,0.6107,0.1647,0.8833,0.8798,Failing,0
failing_normal_long,4231,21.4000,0.0339,0.6179,0.1586,0.8817,0.8805,Failing,0
failing_normal_long,4232,21.4167,0.0341,0.6290,0.1528,0.8801,0.8805,Failing,0
failing_normal_long,4233,21.4333,0.0343,0.6167,0.1473,0.8784,0.8805,Failing,0
failing_normal_long,4234,21.4500,0.0345,0.6153,0.1421,0.8768,0.8805,Failing,0
failing_normal_long,4235,21.4667,0.0346,0.6263,0.1371,0.8752,0.8805,Failing,0
failing_normal_long,4236,21.4833,0.6936,1.0000,0.1629,0.8763,0.8805,Failing,0
failing_normal_long,4237,21.5000,0.6949,1.0000,0.1877,0.8773,0.8805,Failing,0
failing_normal_long,4238,21.5167,0.6956,1.0000,0.2113,0.8783,0.8805,Failing,0
failing_normal_long,4239,21.5333,0.6956,1.0000,0.2338,0.8793,0.8805,Failing,0
failing_normal_long,4240,21.5500,0.6950,1.0000,0.2553,0.8803,0.8805,Failing,0
failing_normal_long,4241,21.5667,0.6938,1.0000,0.2757,0.8813,0.8805,Failing,0
failing_normal_long,4242,21.5833,0.6920,1.0000,0.2950,0.8823,0.8805,Failing,0
failing_normal_long,4243,21.6000,0.6896,1.0000,0.3134,0.8833,0.8805,Failing,0
failing_normal_long,4244,21.6167,0.6866,1.0000,0.3307,0.8843,0.8805,Failing,0
failing_normal_long,4245,21.6333,0.6831,1.0000,0.3471,0.8852,0.8805,Failing,0
failing_normal_long,4246,21.6500,0.6790,1.0000,0.3625,0.8862,0.8805,Failing,0
failing_normal_long,4247,21.6667,0.6743,1.0000,0.3770,0.8871,0.8805,Failing,0
failing_normal_long,4248,21.6833,0.6691,1.0000,0.3906,0.8881,0.8805,Failing,0
failing_normal_long,4249,21.7000,0.6634,1.0000,0.4033,0.8890,0.8805,Failing,0
failing_normal_long,4250,21.7167,0.6572,1.0000,0.4151,0.8899,0.8805,Failing,0
failing_normal_long,4251,21.7333,0.6506,1.0000,0.4261,0.8908,0.8805,Failing,0
failing_normal_long,4252,21.7500,0.6435,1.0000,0.4362,0.8917,0.8805,Failing,0
failing_normal_long,4253,21.7667,0.6360,1.0000,0.4455,0.8926,0.8805,Failing,0
failing_normal_long,4254,21.7833,0.6281,1.0000,0.4540,0.8935,0.8805,Failing,0
failing_normal_long,4255,21.8000,0.6198,1.0000,0.4617,0.8944,0.8805,Failing,0
failing_normal_long,4256,21.8167,0.6112,1.0000,0.4686,0.8953,0.8805,Failing,0
failing_normal_long,4257,21.8333,0.6023,1.0000,0.4748,0.8961,0.8805,Failing,0
failing_normal_long,4258,21.8500,0.5931,1.0000,0.4803,0.8970,0.8805,Failing,0
failing_normal_long,4259,21.8667,0.5837,1.0000,0.4851,0.8979,0.8805,Failing,0
failing_normal_long,4260,21.8833,0.5741,1.0000,0.4893,0.8987,0.8805,Failing,0
failing_normal_long,4261,21.9000,0.5642,1.0000,0.4928,0.8995,0.8805,Failing,0
failing_normal_long,4262,21.9167,0.5543,1.0000,0.4956,0.9004,0.8805,Failing,0
failing_normal_long,4263,21.9333,0.5442,1.0000,0.4979,0.9012,0.8805,Failing,0
failing_normal_long,4264,21.9500,0.5340,1.0000,0.4996,0.9020,0.8805,Failing,0
failing_normal_long,4265,21.9667,0.5238,1.0000,0.5007,0.9028,0.8805,Failing,0
failing_normal_long,4266,21.9833,0.5136,1.0000,0.5013,0.9036,0.8805,Failing,0
failing_normal_long,4267,22.0000,0.5033,1.0000,0.5014,0.9044,0.8471,Failing,0
failing_normal_long,4268,22.0167,0.4931,1.0000,0.5010,0.9052,0.8138,Failing,0
failing_normal_long,4269,22.0333,0.4830,1.0000,0.5002,0.9060,0.7805,Failing,0
failing_normal_long,4270,22.0500,0.4730,1.0000,0.4989,0.9068,0.7471,Failing,0
failing_normal_long,4271,22.0667,0.4631,1.0000,0.4972,0.9076,0.7138,Failing,0
failing_normal_long,4272,22.0833,0.4534,1.0000,0.4952,0.9083,0.6805,Failing,0
failing_normal_long,4273,22.1000,0.4438,1.0000,0.4928,0.9091,0.6471,Failing,0
failing_normal_long,4274,22.1167,0.4345,1.0000,0.4901,0.9099,0.6138,Failing,0
failing_normal_long,4275,22.1333,0.4254,1.0000,0.4871,0.9106,0.5805,Failing,0
failing_normal_long,4276,22.1500,0.4166,1.0000,0.4838,0.9113,0.5471,Failing,0
failing_normal_long,4277,22.1667,0.4081,0.9949,0.4803,0.9120,0.5138,Failing,0
failing_normal_long,4278,22.1833,0.3998,0.9846,0.4765,0.9126,0.4805,Failing,0
failing_normal_long,4279,22.2000,0.3919,0.9770,0.4726,0.9132,0.4471,Failing,0
failing_normal_long,4280,22.2167,0.3844,0.9708,0.4685,0.9137,0.4138,Failing,0
failing_normal_long,4281,22.2333,0.3772,0.9657,0.4643,0.9141,0.3805,Failing,0
failing_normal_long,4282,22.2500,0.3704,0.9546,0.4599,0.9144,0.3471,Failing,0
failing_normal_long,4283,22.2667,0.3640,0.9468,0.4554,0.9147,0.3138,Failing,0
failing_normal_long,4284,22.2833,0.3580,0.9490,0.4509,0.9150,0.2805,Failing,0
failing_normal_long,4285,22.3000,0.3525,0.9394,0.4463,0.9152,0.2471,Failing,0
failing_normal_long,4286,22.3167,0.3473,0.9260,0.4417,0.9153,0.2138,Failing,0
failing_normal_long,4287,22.3333,0.3427,0.9327,0.4371,0.9154,0.1805,Failing,0
failing_normal_long,4288,22.3500,0.3384,0.9305,0.4325,0.9155,0.1905,Failing,0
failing_normal_long,4289,22.3667,0.3346,0.9116,0.4280,0.9138,0.2032,Failing,0
failing_normal_long,4290,22.3833,0.3313,0.9166,0.4235,0.9138,0.2164,Failing,0
failing_normal_long,4291,22.4000,0.3284,0.9252,0.4191,0.9139,0.2297,Failing,0
failing_normal_long,4292,22.4167,0.3260,0.9054,0.4147,0.9122,0.2424,Failing,0
failing_normal_long,4293,22.4333,0.3241,0.9030,0.4105,0.9104,0.2549,Failing,0
failing_normal_long,4294,22.4500,0.3226,0.9206,0.4064,0.9105,0.2677,Failing,0
failing_normal_long,4295,22.4667,0.3216,0.9069,0.4025,0.9088,0.2796,Failing,0
failing_normal_long,4296,22.4833,0.3210,0.8951,0.3987,0.9071,0.2911,Failing,0
failing_normal_long,4297,22.5000,0.3209,0.9156,0.3951,0.9072,0.3028,Failing,0
failing_normal_long,4298,22.5167,0.3212,0.9134,0.3916,0.9072,0.3140,Failing,0
failing_normal_long,4299,22.5333,0.3219,0.8951,0.3884,0.9055,0.3239,Failing,0
failing_normal_long,4300,22.5500,0.3230,0.9113,0.3854,0.9056,0.3339,Failing,0
failing_normal_long,4301,22.5667,0.3246,0.9215,0.3825,0.9057,0.3433,Failing,0
failing_normal_long,4302,22.5833,0.3265,0.9033,0.3799,0.9040,0.3513,Failing,0
failing_normal_long,4303,22.6000,0.3288,0.9105,0.3776,0.9040,0.3592,Failing,0
failing_normal_long,4304,22.6167,0.3315,0.9288,0.3754,0.9042,0.3664,Failing,0
failing_normal_long,4305,22.6333,0.3346,0.9174,0.3735,0.9043,0.3728,Failing,0
failing_normal_long,4306,22.6500,0.3379,0.9159,0.3719,0.9044,0.3784,Failing,0
failing_normal_long,4307,22.6667,0.3416,0.9352,0.3705,0.9047,0.3832,Failing,0
failing_normal_long,4308,22.6833,0.3456,0.9339,0.3693,0.9049,0.3872,Failing,0
failing_normal_long,4309,22.7000,0.3498,0.9282,0.3684,0.9051,0.3903,Failing,0
failing_normal_long,4310,22.7167,0.3544,0.9429,0.3677,0.9054,0.3926,Failing,0
failing_normal_long,4311,22.7333,0.3592,0.9496,0.3673,0.9058,0.3942,Failing,0
failing_normal_long,4312,22.7500,0.3642,0.9461,0.3672,0.9061,0.3948,Failing,0
failing_normal_long,4313,22.7667,0.3694,0.9543,0.3673,0.9065,0.3948,Failing,0
failing_normal_long,4314,22.7833,0.3748,0.9636,0.3676,0.9070,0.3948,Failing,0
failing_normal_long,4315,22.8000,0.3803,0.9662,0.3682,0.9075,0.3948,Failing,0
failing_normal_long,4316,22.8167,0.3861,0.9709,0.3691,0.9080,0.3948,Failing,0
failing_normal_long,4317,22.8333,0.3919,0.9771,0.3701,0.9086,0.3948,Failing,0
failing_normal_long,4318,22.8500,0.3979,0.9851,0.3714,0.9092,0.3948,Failing,0
failing_normal_long,4319,22.8667,0.4039,0.9919,0.3729,0.9099,0.3948,Failing,0
failing_normal_long,4320,22.8833,0.4100,0.9926,0.3747,0.9106,0.3948,Failing,0
failing_normal_long,4321,22.9000,0.4162,1.0000,0.3766,0.9114,0.3948,Failing,0
failing_normal_long,4322,22.9167,0.4224,1.0000,0.3787,0.9121,0.3948,Failing,0
failing_normal_long,4323,22.9333,0.4287,1.0000,0.3810,0.9128,0.3948,Failing,0
failing_normal_long,4324,22.9500,0.4349,1.0000,0.3835,0.9135,0.3948,Failing,0
failing_normal_long,4325,22.9667,0.4412,1.0000,0.3862,0.9143,0.3948,Failing,0
failing_normal_long,4326,22.9833,0.4474,1.0000,0.3891,0.9150,0.3948,Failing,0
failing_normal_long,4327,23.0000,0.4535,1.0000,0.3921,0.9157,0.3948,Failing,0
failing_normal_long,4328,23.0167,0.4596,1.0000,0.3952,0.9164,0.3948,Failing,0
failing_normal_long,4329,23.0333,0.4656,1.0000,0.3985,0.9171,0.3948,Failing,0
failing_normal_long,4330,23.0500,0.4715,1.0000,0.4019,0.9178,0.3948,Failing,0
failing_normal_long,4331,23.0667,0.4774,1.0000,0.4054,0.9184,0.3948,Failing,0
failing_normal_long,4332,23.0833,0.4831,1.0000,0.4090,0.9191,0.3948,Failing,0
failing_normal_long,4333,23.1000,0.4887,1.0000,0.4127,0.9198,0.3948,Failing,0
failing_normal_long,4334,23.1167,0.4941,1.0000,0.4165,0.9205,0.3948,Failing,0
failing_normal_long,4335,23.1333,0.4994,1.0000,0.4203,0.9211,0.3948,Failing,0
failing_normal_long,4336,23.1500,0.5045,1.0000,0.4243,0.9218,0.3948,Failing,0
failing_normal_long,4337,23.1667,0.5095,1.0000,0.4282,0.9224,0.3948,Failing,0
failing_normal_long,4338,23.1833,0.5143,1.0000,0.4322,0.9231,0.3948,Failing,0
failing_normal_long,4339,23.2000,0.5189,1.0000,0.4363,0.9237,0.3948,Failing,0
failing_normal_long,4340,23.2167,0.5233,1.0000,0.4403,0.9243,0.3948,Failing,0
failing_normal_long,4341,23.2333,0.5276,1.0000,0.4444,0.9250,0.3948,Failing,0
failing_normal_long,4342,23.2500,0.5316,1.0000,0.4484,0.9256,0.3948,Failing,0
failing_normal_long,4343,23.2667,0.5354,1.0000,0.4525,0.9262,0.3948,Failing,0
failing_normal_long,4344,23.2833,0.5390,1.0000,0.4565,0.9268,0.3948,Failing,0
failing_normal_long,4345,23.3000,0.5424,1.0000,0.4605,0.9274,0.3948,Failing,0
failing_normal_long,4346,23.3167,0.5456,1.0000,0.4644,0.9280,0.3948,Failing,0
failing_normal_long,4347,23.3333,0.5485,1.0000,0.4684,0.9286,0.3948,Failing,0
failing_normal_long,4348,23.3500,0.5513,1.0000,0.4722,0.9292,0.3615,Failing,0
failing_normal_long,4349,23.3667,0.5538,1.0000,0.4760,0.9298,0.3281,Failing,0
failing_normal_long,4350,23.3833,0.5561,1.0000,0.4797,0.9304,0.2948,Failing,0
failing_normal_long,4351,23.4000,0.5581,1.0000,0.4834,0.9310,0.2615,Failing,0
failing_normal_long,4352,23.4167,0.5599,1.0000,0.4869,0.9315,0.2281,Failing,0
failing_normal_long,4353,23.4333,0.5616,1.0000,0.4904,0.9321,0.1948,Failing,0
failing_normal_long,4354,23.4500,0.5629,1.0000,0.4938,0.9327,0.1615,Failing,0
failing_normal_long,4355,23.4667,0.5641,1.0000,0.4970,0.9332,0.1281,Failing,0
failing_normal_long,4356,23.4833,0.5650,1.0000,0.5002,0.9338,0.0948,Failing,0
failing_normal_long,4357,23.5000,0.5657,1.0000,0.5033,0.9343,0.0615,Failing,0
failing_normal_long,4358,23.5167,0.5662,1.0000,0.5062,0.9349,0.0312,Failing,0
failing_normal_long,4359,23.5333,0.5664,1.0000,0.5090,0.9354,0.0275,Failing,0
failing_normal_long,4360,23.5500,0.5665,1.0000,0.5117,0.9360,0.0242,Failing,0
failing_normal_long,4361,23.5667,0.5663,1.0000,0.5142,0.9365,0.0212,Failing,0
failing_normal_long,4362,23.5833,0.5659,1.0000,0.5166,0.9370,0.0185,Failing,0
failing_normal_long,4363,23.6000,0.5653,1.0000,0.5189,0.9375,0.0162,Failing,0
failing_normal_long,4364,23.6167,0.5645,1.0000,0.5210,0.9381,0.0141,Failing,0
failing_normal_long,4365,23.6333,0.5635,1.0000,0.5230,0.9386,0.0123,Failing,0
failing_normal_long,4366,23.6500,0.5623,1.0000,0.5248,0.9391,0.0107,Failing,0
failing_normal_long,4367,23.6667,0.5608,1.0000,0.5265,0.9396,0.0094,Failing,0
failing_normal_long,4368,23.6833,0.5592,1.0000,0.5280,0.9401,0.0082,Failing,0
failing_normal_long,4369,23.7000,0.5574,1.0000,0.5294,0.9406,0.0073,Failing,0
failing_normal_long,4370,23.7167,0.5554,1.0000,0.5306,0.9411,0.0064,Failing,0
failing_normal_long,4371,23.7333,0.5532,1.0000,0.5316,0.9416,0.0058,Failing,0
failing_normal_long,4372,23.7500,0.5508,1.0000,0.5325,0.9420,0.0052,Failing,0
failing_normal_long,4373,23.7667,0.5483,1.0000,0.5333,0.9425,0.0048,Failing,0
failing_normal_long,4374,23.7833,0.5456,1.0000,0.5338,0.9430,0.0045,Failing,0
failing_normal_long,4375,23.8000,0.5427,1.0000,0.5342,0.9435,0.0043,Failing,0
failing_normal_long,4376,23.8167,0.5396,1.0000,0.5345,0.9439,0.0041,Failing,0
failing_normal_long,4377,23.8333,0.5364,1.0000,0.5346,0.9444,0.0041,Failing,0
failing_normal_long,4378,23.8500,0.5330,1.0000,0.5345,0.9449,0.0041,Failing,0
failing_normal_long,4379,23.8667,0.5294,1.0000,0.5343,0.9453,0.0043,Failing,0
failing_normal_long,4380,23.8833,0.5257,1.0000,0.5339,0.9458,0.0045,Failing,0
failing_normal_long,4381,23.9000,0.5219,1.0000,0.5333,0.9462,0.0048,Failing,0
failing_normal_long,4382,23.9167,0.5179,1.0000,0.5326,0.9467,0.0052,Failing,0
failing_normal_long,4383,23.9333,0.5138,1.0000,0.5317,0.9471,0.0058,Failing,0
failing_normal_long,4384,23.9500,0.5096,1.0000,0.5307,0.9476,0.0064,Failing,0
failing_normal_long,4385,23.9667,0.5052,1.0000,0.5295,0.9480,0.0072,Failing,0
failing_normal_long,4386,23.9833,0.5007,1.0000,0.5282,0.9484,0.0082,Failing,0
failing_normal_long,4387,24.0000,0.4961,1.0000,0.5267,0.9489,0.0093,Failing,0
failing_normal_long,4388,24.0167,0.4915,1.0000,0.5250,0.9493,0.0106,Failing,0
failing_normal_long,4389,24.0333,0.4867,1.0000,0.5233,0.9497,0.0122,Failing,0
failing_normal_long,4390,24.0500,0.4818,1.0000,0.5213,0.9501,0.0139,Failing,0
failing_normal_long,4391,24.0667,0.4769,1.0000,0.5193,0.9505,0.0160,Failing,0
failing_normal_long,4392,24.0833,0.4719,1.0000,0.5171,0.9509,0.0183,Failing,0
failing_normal_long,4393,24.1000,0.4669,1.0000,0.5147,0.9514,0.0209,Failing,0
failing_normal_long,4394,24.1167,0.4617,1.0000,0.5123,0.9518,0.0238,Failing,0
failing_normal_long,4395,24.1333,0.4566,1.0000,0.5097,0.9522,0.0271,Failing,0
failing_normal_long,4396,24.1500,0.4514,1.0000,0.5070,0.9526,0.0307,Failing,0
failing_normal_long,4397,24.1667,0.4462,1.0000,0.5041,0.9529,0.0347,Failing,0
failing_normal_long,4398,24.1833,0.4410,1.0000,0.5012,0.9533,0.0391,Failing,0
failing_normal_long,4399,24.2000,0.4359,1.0000,0.4982,0.9537,0.0439,Failing,0
failing_normal_long,4400,24.2167,0.4307,1.0000,0.4950,0.9541,0.0491,Failing,0
failing_normal_long,4401,24.2333,0.4255,1.0000,0.4918,0.9545,0.0547,Failing,0
failing_normal_long,4402,24.2500,0.4204,0.9980,0.4885,0.9549,0.0608,Failing,0
failing_normal_long,4403,24.2667,0.4154,0.9992,0.4851,0.9552,0.0673,Failing,0
failing_normal_long,4404,24.2833,0.4104,1.0000,0.4816,0.9556,0.0743,Failing,0
failing_normal_long,4405,24.3000,0.4055,0.9863,0.4781,0.9558,0.0816,Failing,0
failing_normal_long,4406,24.3167,0.4007,0.9784,0.4745,0.9560,0.0894,Failing,0
failing_normal_long,4407,24.3333,0.3960,0.9933,0.4708,0.9563,0.0976,Failing,0
failing_normal_long,4408,24.3500,0.3915,0.9786,0.4671,0.9565,0.1061,Failing,0
failing_normal_long,4409,24.3667,0.3870,0.9605,0.4634,0.9566,0.1151,Failing,0
failing_normal_long,4410,24.3833,0.3827,0.9760,0.4597,0.9567,0.1244,Failing,0
failing_normal_long,4411,24.4000,0.3786,0.9724,0.4559,0.9569,0.1340,Failing,0
failing_normal_long,4412,24.4167,0.3747,0.9483,0.4521,0.9549,0.1436,Failing,0
failing_normal_long,4413,24.4333,0.3710,0.9575,0.4483,0.9550,0.1537,Failing,0
failing_normal_long,4414,24.4500,0.3675,0.9651,0.4446,0.9551,0.1640,Failing,0
failing_normal_long,4415,24.4667,0.3642,0.9421,0.4408,0.9532,0.1742,Failing,0
failing_normal_long,4416,24.4833,0.3611,0.9413,0.4371,0.9513,0.1845,Failing,0
failing_normal_long,4417,24.5000,0.3583,0.9554,0.4335,0.9513,0.1952,Failing,0
failing_normal_long,4418,24.5167,0.3557,0.9400,0.4299,0.9494,0.2055,Failing,0
failing_normal_long,4419,24.5333,0.3535,0.9306,0.4263,0.9475,0.2158,Failing,0
failing_normal_long,4420,24.5500,0.3515,0.9444,0.4228,0.9457,0.2260,Failing,0
failing_normal_long,4421,24.5667,0.3498,0.9392,0.4194,0.9438,0.2361,Failing,0
failing_normal_long,4422,24.5833,0.3485,0.9268,0.4161,0.9420,0.2459,Failing,0
failing_normal_long,4423,24.6000,0.3474,0.9351,0.4129,0.9401,0.2555,Failing,0
failing_normal_long,4424,24.6167,0.3468,0.9377,0.4099,0.9383,0.2648,Failing,0
failing_normal_long,4425,24.6333,0.3464,0.9287,0.4069,0.9365,0.2738,Failing,0
failing_normal_long,4426,24.6500,0.3464,0.9308,0.4041,0.9346,0.2824,Failing,0
failing_normal_long,4427,24.6667,0.3468,0.9356,0.4014,0.9346,0.2910,Failing,0
failing_normal_long,4428,24.6833,0.3475,0.9335,0.3989,0.9328,0.2987,Failing,0
failing_normal_long,4429,24.7000,0.3486,0.9334,0.3966,0.9328,0.3064,Failing,0
failing_normal_long,4430,24.7167,0.3501,0.9353,0.3944,0.9328,0.3136,Failing,0
failing_normal_long,4431,24.7333,0.3520,0.9390,0.3924,0.9329,0.3202,Failing,0
failing_normal_long,4432,24.7500,0.3542,0.9424,0.3907,0.9330,0.3262,Failing,0
failing_normal_long,4433,24.7667,0.3569,0.9397,0.3891,0.9330,0.3315,Failing,0
failing_normal_long,4434,24.7833,0.3599,0.9444,0.3877,0.9331,0.3361,Failing,0
failing_normal_long,4435,24.8000,0.3633,0.9551,0.3866,0.9333,0.3400,Failing,0
failing_normal_long,4436,24.8167,0.3671,0.9511,0.3857,0.9335,0.3431,Failing,0
failing_normal_long,4437,24.8333,0.3713,0.9511,0.3850,0.9336,0.3454,Failing,0
failing_normal_long,4438,24.8500,0.3759,0.9688,0.3846,0.9339,0.3470,Failing,0
failing_normal_long,4439,24.8667,0.3808,0.9694,0.3844,0.9342,0.3477,Failing,0
failing_normal_long,4440,24.8833,0.3861,0.9621,0.3845,0.9344,0.3477,Failing,0
failing_normal_long,4441,24.9000,0.3918,0.9817,0.3848,0.9348,0.3477,Failing,0
failing_normal_long,4442,24.9167,0.3978,0.9922,0.3854,0.9353,0.3477,Failing,0
failing_normal_long,4443,24.9333,0.4041,0.9798,0.3863,0.9357,0.3477,Failing,0
failing_normal_long,4444,24.9500,0.4107,0.9946,0.3874,0.9362,0.3477,Failing,0
failing_normal_long,4445,24.9667,0.4177,1.0000,0.3889,0.9367,0.3477,Failing,0
failing_normal_long,4446,24.9833,0.4249,1.0000,0.3905,0.9372,0.3477,Failing,0
failing_normal_long,4447,25.0000,0.4324,1.0000,0.3925,0.9377,0.3477,Failing,0
failing_normal_long,4448,25.0167,0.4402,1.0000,0.3947,0.9382,0.3477,Failing,0
failing_normal_long,4449,25.0333,0.4482,1.0000,0.3972,0.9388,0.3477,Failing,0
failing_normal_long,4450,25.0500,0.4565,1.0000,0.3999,0.9393,0.3477,Failing,0
failing_normal_long,4451,25.0667,0.4649,1.0000,0.4030,0.9398,0.3477,Failing,0
failing_normal_long,4452,25.0833,0.4735,1.0000,0.4062,0.9403,0.3477,Failing,0
failing_normal_long,4453,25.1000,0.4822,1.0000,0.4098,0.9408,0.3477,Failing,0
failing_normal_long,4454,25.1167,0.4911,1.0000,0.4136,0.9413,0.3477,Failing,0
failing_normal_long,4455,25.1333,0.5001,1.0000,0.4176,0.9417,0.3477,Failing,0
failing_normal_long,4456,25.1500,0.5091,1.0000,0.4218,0.9422,0.3477,Failing,0
failing_normal_long,4457,25.1667,0.5182,1.0000,0.4263,0.9427,0.3477,Failing,0
failing_normal_long,4458,25.1833,0.5273,1.0000,0.4310,0.9432,0.3477,Failing,0
failing_normal_long,4459,25.2000,0.5364,1.0000,0.4359,0.9437,0.3477,Failing,0
failing_normal_long,4460,25.2167,0.5455,1.0000,0.4410,0.9441,0.3477,Failing,0
failing_normal_long,4461,25.2333,0.5545,1.0000,0.4463,0.9446,0.3477,Failing,0
failing_normal_long,4462,25.2500,0.5634,1.0000,0.4517,0.9450,0.3477,Failing,0
failing_normal_long,4463,25.2667,0.5722,1.0000,0.4573,0.9455,0.3477,Failing,0
failing_normal_long,4464,25.2833,0.5809,1.0000,0.4631,0.9460,0.3477,Failing,0
failing_normal_long,4465,25.3000,0.5894,1.0000,0.4690,0.9464,0.3477,Failing,0
failing_normal_long,4466,25.3167,0.5976,1.0000,0.4749,0.9468,0.3477,Failing,0
failing_normal_long,4467,25.3333,0.6056,1.0000,0.4810,0.9473,0.3477,Failing,0
failing_normal_long,4468,25.3500,0.6134,1.0000,0.4872,0.9477,0.3477,Failing,0
failing_normal_long,4469,25.3667,0.6209,1.0000,0.4934,0.9482,0.3477,Failing,0
failing_normal_long,4470,25.3833,0.6280,1.0000,0.4997,0.9486,0.3477,Failing,0
failing_normal_long,4471,25.4000,0.6348,1.0000,0.5059,0.9490,0.3477,Failing,0
failing_normal_long,4472,25.4167,0.6413,1.0000,0.5122,0.9494,0.3477,Failing,0
failing_normal_long,4473,25.4333,0.6473,1.0000,0.5185,0.9499,0.3477,Failing,0
failing_normal_long,4474,25.4500,0.6529,1.0000,0.5248,0.9503,0.3477,Failing,0
failing_normal_long,4475,25.4667,0.6581,1.0000,0.5310,0.9507,0.3143,Failing,0
failing_normal_long,4476,25.4833,0.6629,1.0000,0.5371,0.9511,0.2810,Failing,0
failing_normal_long,4477,25.5000,0.6671,1.0000,0.5432,0.9515,0.2477,Failing,0
failing_normal_long,4478,25.5167,0.6708,1.0000,0.5491,0.9519,0.2143,Failing,0
failing_normal_long,4479,25.5333,0.6741,1.0000,0.5549,0.9523,0.1810,Failing,0
failing_normal_long,4480,25.5500,0.6768,1.0000,0.5606,0.9527,0.1477,Failing,0
failing_normal_long,4481,25.5667,0.6789,1.0000,0.5661,0.9531,0.1143,Failing,0
failing_normal_long,4482,25.5833,0.6805,1.0000,0.5714,0.9535,0.0810,Failing,0
failing_normal_long,4483,25.6000,0.6816,1.0000,0.5765,0.9539,0.0477,Failing,0
failing_normal_long,4484,25.6167,0.6820,1.0000,0.5814,0.9543,0.0143,Failing,0
failing_normal_long,4485,25.6333,0.6819,1.0000,0.5861,0.9546,0.0000,Failing,0
failing_normal_long,4486,25.6500,0.6812,1.0000,0.5905,0.9550,0.0000,Failing,0
failing_normal_long,4487,25.6667,0.6799,1.0000,0.5947,0.9554,0.0000,Failing,0
failing_normal_long,4488,25.6833,0.6780,1.0000,0.5985,0.9558,0.0000,Failing,0
failing_normal_long,4489,25.7000,0.6755,1.0000,0.6021,0.9561,0.0000,Failing,0
failing_normal_long,4490,25.7167,0.6724,1.0000,0.6054,0.9565,0.0000,Failing,0
failing_normal_long,4491,25.7333,0.6688,1.0000,0.6083,0.9568,0.0000,Failing,0
failing_normal_long,4492,25.7500,0.6645,1.0000,0.6110,0.9572,0.0000,Failing,0
failing_normal_long,4493,25.7667,0.6597,1.0000,0.6132,0.9576,0.0000,Failing,0
failing_normal_long,4494,25.7833,0.6544,1.0000,0.6151,0.9579,0.0000,Failing,0
failing_normal_long,4495,25.8000,0.6485,1.0000,0.6167,0.9583,0.0000,Failing,0
failing_normal_long,4496,25.8167,0.6421,1.0000,0.6179,0.9586,0.0000,Failing,0
failing_normal_long,4497,25.8333,0.6351,1.0000,0.6187,0.9589,0.0000,Failing,0
failing_normal_long,4498,25.8500,0.6277,1.0000,0.6191,0.9593,0.0000,Failing,0
failing_normal_long,4499,25.8667,0.6198,1.0000,0.6191,0.9596,0.0000,Failing,0
failing_normal_long,4500,25.8833,0.6115,1.0000,0.6188,0.9600,0.0000,Failing,0
failing_normal_long,4501,25.9000,0.6027,1.0000,0.6180,0.9603,0.0000,Failing,0
failing_normal_long,4502,25.9167,0.5936,1.0000,0.6169,0.9606,0.0000,Failing,0
failing_normal_long,4503,25.9333,0.5840,1.0000,0.6154,0.9610,0.0000,Failing,0
failing_normal_long,4504,25.9500,0.5741,1.0000,0.6134,0.9613,0.0000,Failing,0
failing_normal_long,4505,25.9667,0.5639,1.0000,0.6111,0.9616,0.0000,Failing,0
failing_normal_long,4506,25.9833,0.5534,1.0000,0.6085,0.9619,0.0000,Failing,0
failing_normal_long,4507,26.0000,0.5427,1.0000,0.6054,0.9622,0.0000,Failing,0
failing_normal_long,4508,26.0167,0.5317,1.0000,0.6020,0.9625,0.0000,Failing,0
failing_normal_long,4509,26.0333,0.5205,1.0000,0.5982,0.9629,0.0000,Failing,0
failing_normal_long,4510,26.0500,0.5092,1.0000,0.5940,0.9632,0.0000,Failing,0
failing_normal_long,4511,26.0667,0.4977,1.0000,0.5896,0.9635,0.0000,Failing,0
failing_normal_long,4512,26.0833,0.4862,1.0000,0.5848,0.9638,0.0000,Failing,0
failing_normal_long,4513,26.1000,0.4746,1.0000,0.5796,0.9641,0.0000,Failing,0
failing_normal_long,4514,26.1167,0.4630,1.0000,0.5742,0.9644,0.0000,Failing,0
failing_normal_long,4515,26.1333,0.4514,1.0000,0.5685,0.9647,0.0000,Failing,0
failing_normal_long,4516,26.1500,0.4399,1.0000,0.5625,0.9650,0.0000,Failing,0
failing_normal_long,4517,26.1667,0.4285,1.0000,0.5563,0.9653,0.0000,Failing,0
failing_normal_long,4518,26.1833,0.4171,0.9994,0.5498,0.9655,0.0000,Failing,0
failing_normal_long,4519,26.2000,0.4060,0.9825,0.5431,0.9657,0.0008,Failing,0
failing_normal_long,4520,26.2167,0.3950,0.9915,0.5362,0.9659,0.0034,Failing,0
failing_normal_long,4521,26.2333,0.3843,0.9732,0.5292,0.9659,0.0076,Failing,0
failing_normal_long,4522,26.2500,0.3738,0.9470,0.5219,0.9640,0.0136,Failing,0
failing_normal_long,4523,26.2667,0.3636,0.9553,0.5146,0.9621,0.0213,Failing,0
failing_normal_long,4524,26.2833,0.3538,0.9490,0.5071,0.9602,0.0308,Failing,0
failing_normal_long,4525,26.3000,0.3443,0.9185,0.4995,0.9582,0.0419,Failing,0
failing_normal_long,4526,26.3167,0.3352,0.9199,0.4919,0.9563,0.0547,Failing,0
failing_normal_long,4527,26.3333,0.3265,0.9247,0.4842,0.9544,0.0690,Failing,0
failing_normal_long,4528,26.3500,0.3182,0.8975,0.4765,0.9525,0.0847,Failing,0
failing_normal_long,4529,26.3667,0.3104,0.8892,0.4688,0.9506,0.1017,Failing,0
failing_normal_long,4530,26.3833,0.3030,0.8998,0.4610,0.9488,0.1199,Failing,0
failing_normal_long,4531,26.4000,0.2962,0.8820,0.4534,0.9469,0.1391,Failing,0
failing_normal_long,4532,26.4167,0.2899,0.8664,0.4458,0.9450,0.1590,Failing,0
failing_normal_long,4533,26.4333,0.2841,0.8761,0.4383,0.9432,0.1797,Failing,0
failing_normal_long,4534,26.4500,0.2789,0.8694,0.4309,0.9413,0.2008,Failing,0
failing_normal_long,4535,26.4667,0.2743,0.8527,0.4236,0.9395,0.2222,Failing,0
failing_normal_long,4536,26.4833,0.2702,0.8570,0.4164,0.9376,0.2438,Failing,0
failing_normal_long,4537,26.5000,0.2668,0.8582,0.4095,0.9358,0.2653,Failing,0
failing_normal_long,4538,26.5167,0.2639,0.8466,0.4027,0.9340,0.2866,Failing,0
failing_normal_long,4539,26.5333,0.2617,0.8456,0.3962,0.9322,0.3076,Failing,0
failing_normal_long,4540,26.5500,0.2600,0.8489,0.3898,0.9304,0.3281,Failing,0
failing_normal_long,4541,26.5667,0.2590,0.8453,0.3837,0.9286,0.3479,Failing,0
failing_normal_long,4542,26.5833,0.2586,0.8434,0.3779,0.9268,0.3670,Failing,0
failing_normal_long,4543,26.6000,0.2588,0.8439,0.3724,0.9250,0.3852,Failing,0
failing_normal_long,4544,26.6167,0.2596,0.8464,0.3671,0.9232,0.4024,Failing,0
failing_normal_long,4545,26.6333,0.2610,0.8493,0.3622,0.9214,0.4186,Failing,0
failing_normal_long,4546,26.6500,0.2629,0.8462,0.3576,0.9197,0.4337,Failing,0
failing_normal_long,4547,26.6667,0.2655,0.8494,0.3533,0.9179,0.4476,Failing,0
failing_normal_long,4548,26.6833,0.2686,0.8603,0.3494,0.9162,0.4603,Failing,0
failing_normal_long,4549,26.7000,0.2723,0.8573,0.3458,0.9144,0.4717,Failing,0
failing_normal_long,4550,26.7167,0.2766,0.8558,0.3426,0.9127,0.4818,Failing,0
failing_normal_long,4551,26.7333,0.2813,0.8734,0.3397,0.9110,0.4906,Failing,0
failing_normal_long,4552,26.7500,0.2865,0.8764,0.3372,0.9092,0.4981,Failing,0
failing_normal_long,4553,26.7667,0.2923,0.8684,0.3351,0.9075,0.5042,Failing,0
failing_normal_long,4554,26.7833,0.2985,0.8870,0.3334,0.9058,0.5090,Failing,0
failing_normal_long,4555,26.8000,0.3051,0.9005,0.3321,0.9041,0.5125,Failing,0
failing_normal_long,4556,26.8167,0.3122,0.8888,0.3312,0.9024,0.5146,Failing,0
failing_normal_long,4557,26.8333,0.3196,0.9018,0.3307,0.9007,0.5155,Failing,0
failing_normal_long,4558,26.8500,0.3274,0.9259,0.3305,0.9009,0.5161,Failing,0
failing_normal_long,4559,26.8667,0.3355,0.9170,0.3307,0.9010,0.5161,Failing,0
failing_normal_long,4560,26.8833,0.3439,0.9201,0.3314,0.9012,0.5161,Failing,0
failing_normal_long,4561,26.9000,0.3527,0.9499,0.3323,0.9016,0.5161,Failing,0
failing_normal_long,4562,26.9167,0.3616,0.9501,0.3337,0.9020,0.5161,Failing,0
failing_normal_long,4563,26.9333,0.3708,0.9440,0.3354,0.9024,0.5161,Failing,0
failing_normal_long,4564,26.9500,0.3802,0.9722,0.3375,0.9029,0.5161,Failing,0
failing_normal_long,4565,26.9667,0.3897,0.9841,0.3399,0.9036,0.5161,Failing,0
failing_normal_long,4566,26.9833,0.3993,0.9742,0.3427,0.9042,0.5161,Failing,0
failing_normal_long,4567,27.0000,0.4091,0.9943,0.3458,0.9049,0.5161,Failing,0
failing_normal_long,4568,27.0167,0.4189,1.0000,0.3492,0.9057,0.5161,Failing,0
failing_normal_long,4569,27.0333,0.4287,1.0000,0.3529,0.9065,0.5161,Failing,0
failing_normal_long,4570,27.0500,0.4385,1.0000,0.3569,0.9073,0.5161,Failing,0
failing_normal_long,4571,27.0667,0.4483,1.0000,0.3611,0.9081,0.5161,Failing,0
failing_normal_long,4572,27.0833,0.4581,1.0000,0.3656,0.9088,0.5161,Failing,0
failing_normal_long,4573,27.1000,0.4677,1.0000,0.3704,0.9096,0.5161,Failing,0
failing_normal_long,4574,27.1167,0.4773,1.0000,0.3753,0.9103,0.5161,Failing,0
failing_normal_long,4575,27.1333,0.4867,1.0000,0.3805,0.9111,0.5161,Failing,0
failing_normal_long,4576,27.1500,0.4959,1.0000,0.3859,0.9118,0.5161,Failing,0
failing_normal_long,4577,27.1667,0.5050,1.0000,0.3914,0.9125,0.5161,Failing,0
failing_normal_long,4578,27.1833,0.5138,1.0000,0.3971,0.9133,0.5161,Failing,0
failing_normal_long,4579,27.2000,0.5224,1.0000,0.4029,0.9140,0.5161,Failing,0
failing_normal_long,4580,27.2167,0.5307,1.0000,0.4089,0.9147,0.5161,Failing,0
failing_normal_long,4581,27.2333,0.5387,1.0000,0.4149,0.9154,0.5161,Failing,0
failing_normal_long,4582,27.2500,0.5464,1.0000,0.4210,0.9161,0.5161,Failing,0
failing_normal_long,4583,27.2667,0.5538,1.0000,0.4272,0.9168,0.5161,Failing,0
failing_normal_long,4584,27.2833,0.5609,1.0000,0.4334,0.9175,0.5161,Failing,0
failing_normal_long,4585,27.3000,0.5676,1.0000,0.4397,0.9182,0.5161,Failing,0
failing_normal_long,4586,27.3167,0.5739,1.0000,0.4459,0.9189,0.5161,Failing,0
failing_normal_long,4587,27.3333,0.5799,1.0000,0.4521,0.9195,0.5161,Failing,0
failing_normal_long,4588,27.3500,0.5854,1.0000,0.4583,0.9202,0.5161,Failing,0
failing_normal_long,4589,27.3667,0.5906,1.0000,0.4645,0.9209,0.5161,Failing,0
failing_normal_long,4590,27.3833,0.5953,1.0000,0.4706,0.9215,0.5161,Failing,0
failing_normal_long,4591,27.4000,0.5996,1.0000,0.4766,0.9222,0.5161,Failing,0
failing_normal_long,4592,27.4167,0.6035,1.0000,0.4825,0.9228,0.5161,Failing,0
failing_normal_long,4593,27.4333,0.6069,1.0000,0.4883,0.9235,0.5161,Failing,0
failing_normal_long,4594,27.4500,0.6100,1.0000,0.4939,0.9241,0.4828,Failing,0
failing_normal_long,4595,27.4667,0.6125,1.0000,0.4994,0.9247,0.4494,Failing,0
failing_normal_long,4596,27.4833,0.6147,1.0000,0.5048,0.9253,0.4161,Failing,0
failing_normal_long,4597,27.5000,0.6164,1.0000,0.5100,0.9260,0.3828,Failing,0
failing_normal_long,4598,27.5167,0.6177,1.0000,0.5150,0.9266,0.3494,Failing,0
failing_normal_long,4599,27.5333,0.6186,1.0000,0.5198,0.9272,0.3161,Failing,0
failing_normal_long,4600,27.5500,0.6190,1.0000,0.5244,0.9278,0.2828,Failing,0
failing_normal_long,4601,27.5667,0.6191,1.0000,0.5288,0.9284,0.2494,Failing,0
failing_normal_long,4602,27.5833,0.6187,1.0000,0.5330,0.9290,0.2161,Failing,0
failing_normal_long,4603,27.6000,0.6179,1.0000,0.5370,0.9296,0.1828,Failing,0
failing_normal_long,4604,27.6167,0.6168,1.0000,0.5407,0.9302,0.1494,Failing,0
failing_normal_long,4605,27.6333,0.6153,1.0000,0.5441,0.9307,0.1161,Failing,0
failing_normal_long,4606,27.6500,0.6134,1.0000,0.5474,0.9313,0.0828,Failing,0
failing_normal_long,4607,27.6667,0.6112,1.0000,0.5503,0.9319,0.0494,Failing,0
failing_normal_long,4608,27.6833,0.6086,1.0000,0.5530,0.9325,0.0161,Failing,0
failing_normal_long,4609,27.7000,0.6057,1.0000,0.5555,0.9330,0.0000,Failing,0
failing_normal_long,4610,27.7167,0.6026,1.0000,0.5577,0.9336,0.0000,Failing,0
failing_normal_long,4611,27.7333,0.5991,1.0000,0.5596,0.9341,0.0000,Failing,0
failing_normal_long,4612,27.7500,0.5953,1.0000,0.5613,0.9347,0.0000,Failing,0
failing_normal_long,4613,27.7667,0.5913,1.0000,0.5627,0.9352,0.0000,Failing,0
failing_normal_long,4614,27.7833,0.5871,1.0000,0.5638,0.9357,0.0000,Failing,0
failing_normal_long,4615,27.8000,0.5826,1.0000,0.5647,0.9363,0.0000,Failing,0
failing_normal_long,4616,27.8167,0.5780,1.0000,0.5653,0.9368,0.0000,Failing,0
failing_normal_long,4617,27.8333,0.5731,1.0000,0.5657,0.9373,0.0000,Failing,0
failing_normal_long,4618,27.8500,0.5681,1.0000,0.5658,0.9379,0.0000,Failing,0
failing_normal_long,4619,27.8667,0.5629,1.0000,0.5656,0.9384,0.0000,Failing,0
failing_normal_long,4620,27.8833,0.5576,1.0000,0.5653,0.9389,0.0000,Failing,0
failing_normal_long,4621,27.9000,0.5521,1.0000,0.5646,0.9394,0.0000,Failing,0
failing_normal_long,4622,27.9167,0.5466,1.0000,0.5638,0.9399,0.0000,Failing,0
failing_normal_long,4623,27.9333,0.5410,1.0000,0.5627,0.9404,0.0000,Failing,0
failing_normal_long,4624,27.9500,0.5353,1.0000,0.5615,0.9409,0.0000,Failing,0
failing_normal_long,4625,27.9667,0.5295,1.0000,0.5600,0.9414,0.0000,Failing,0
failing_normal_long,4626,27.9833,0.5237,1.0000,0.5583,0.9419,0.0000,Failing,0
failing_normal_long,4627,28.0000,0.5179,1.0000,0.5564,0.9423,0.0000,Failing,0
failing_normal_long,4628,28.0167,0.5121,1.0000,0.5544,0.9428,0.0000,Failing,0
failing_normal_long,4629,28.0333,0.5064,1.0000,0.5521,0.9433,0.0000,Failing,0
failing_normal_long,4630,28.0500,0.5006,1.0000,0.5497,0.9438,0.0000,Failing,0
failing_normal_long,4631,28.0667,0.4948,1.0000,0.5472,0.9442,0.0001,Failing,0
failing_normal_long,4632,28.0833,0.4892,1.0000,0.5445,0.9447,0.0005,Failing,0
failing_normal_long,4633,28.1000,0.4836,1.0000,0.5416,0.9452,0.0012,Failing,0
failing_normal_long,4634,28.1167,0.4780,1.0000,0.5387,0.9456,0.0022,Failing,0
failing_normal_long,4635,28.1333,0.4726,1.0000,0.5356,0.9461,0.0036,Failing,0
failing_normal_long,4636,28.1500,0.4672,1.0000,0.5324,0.9465,0.0053,Failing,0
failing_normal_long,4637,28.1667,0.4620,1.0000,0.5292,0.9470,0.0074,Failing,0
failing_normal_long,4638,28.1833,0.4568,1.0000,0.5258,0.9474,0.0100,Failing,0
failing_normal_long,4639,28.2000,0.4518,1.0000,0.5224,0.9478,0.0130,Failing,0
failing_normal_long,4640,28.2167,0.4470,1.0000,0.5188,0.9483,0.0164,Failing,0
failing_normal_long,4641,28.2333,0.4423,1.0000,0.5153,0.9487,0.0202,Failing,0
failing_normal_long,4642,28.2500,0.4377,1.0000,0.5117,0.9491,0.0245,Failing,0
failing_normal_long,4643,28.2667,0.4333,1.0000,0.5080,0.9495,0.0292,Failing,0
failing_normal_long,4644,28.2833,0.4291,1.0000,0.5044,0.9500,0.0343,Failing,0
failing_normal_long,4645,28.3000,0.4250,1.0000,0.5007,0.9504,0.0398,Failing,0
failing_normal_long,4646,28.3167,0.4211,1.0000,0.4970,0.9508,0.0457,Failing,0
failing_normal_long,4647,28.3333,0.4174,1.0000,0.4933,0.9512,0.0520,Failing,0
failing_normal_long,4648,28.3500,0.4139,0.9925,0.4896,0.9515,0.0586,Failing,0
failing_normal_long,4649,28.3667,0.4105,0.9963,0.4859,0.9519,0.0655,Failing,0
failing_normal_long,4650,28.3833,0.4074,0.9992,0.4823,0.9523,0.0727,Failing,0
failing_normal_long,4651,28.4000,0.4045,0.9876,0.4786,0.9526,0.0801,Failing,0
failing_normal_long,4652,28.4167,0.4017,0.9852,0.4751,0.9529,0.0878,Failing,0
failing_normal_long,4653,28.4333,0.3992,0.9880,0.4715,0.9532,0.0956,Failing,0
failing_normal_long,4654,28.4500,0.3968,0.9834,0.4681,0.9534,0.1036,Failing,0
failing_normal_long,4655,28.4667,0.3947,0.9795,0.4646,0.9536,0.1117,Failing,0
failing_normal_long,4656,28.4833,0.3928,0.9779,0.4613,0.9538,0.1199,Failing,0
failing_normal_long,4657,28.5000,0.3911,0.9777,0.4580,0.9540,0.1281,Failing,0
failing_normal_long,4658,28.5167,0.3896,0.9780,0.4549,0.9542,0.1363,Failing,0
failing_normal_long,4659,28.5333,0.3883,0.9719,0.4518,0.9544,0.1444,Failing,0
failing_normal_long,4660,28.5500,0.3872,0.9705,0.4488,0.9545,0.1525,Failing,0
failing_normal_long,4661,28.5667,0.3863,0.9777,0.4459,0.9547,0.1605,Failing,0
failing_normal_long,4662,28.5833,0.3857,0.9715,0.4431,0.9548,0.1683,Failing,0
failing_normal_long,4663,28.6000,0.3852,0.9641,0.4404,0.9549,0.1759,Failing,0
failing_normal_long,4664,28.6167,0.3850,0.9762,0.4378,0.9551,0.1833,Failing,0
failing_normal_long,4665,28.6333,0.3849,0.9759,0.4353,0.9553,0.1905,Failing,0
failing_normal_long,4666,28.6500,0.3851,0.9615,0.4330,0.9553,0.1974,Failing,0
failing_normal_long,4667,28.6667,0.3855,0.9726,0.4308,0.9555,0.2040,Failing,0
failing_normal_long,4668,28.6833,0.3861,0.9822,0.4287,0.9557,0.2103,Failing,0
failing_normal_long,4669,28.7000,0.3869,0.9647,0.4268,0.9558,0.2163,Failing,0
failing_normal_long,4670,28.7167,0.3879,0.9686,0.4250,0.9559,0.2218,Failing,0
failing_normal_long,4671,28.7333,0.3891,0.9876,0.4233,0.9561,0.2270,Failing,0
failing_normal_long,4672,28.7500,0.3906,0.9738,0.4218,0.9563,0.2318,Failing,0
failing_normal_long,4673,28.7667,0.3922,0.9672,0.4204,0.9564,0.2361,Failing,0
failing_normal_long,4674,28.7833,0.3940,0.9903,0.4192,0.9566,0.2401,Failing,0
failing_normal_long,4675,28.8000,0.3961,0.9863,0.4181,0.9569,0.2435,Failing,0
failing_normal_long,4676,28.8167,0.3983,0.9713,0.4172,0.9570,0.2465,Failing,0
failing_normal_long,4677,28.8333,0.4007,0.9911,0.4164,0.9573,0.2490,Failing,0
failing_normal_long,4678,28.8500,0.4033,0.9990,0.4158,0.9576,0.2510,Failing,0
failing_normal_long,4679,28.8667,0.4061,0.9817,0.4153,0.9578,0.2525,Failing,0
failing_normal_long,4680,28.8833,0.4091,0.9927,0.4151,0.9581,0.2536,Failing,0
failing_normal_long,4681,28.9000,0.4123,1.0000,0.4149,0.9585,0.2541,Failing,0
failing_normal_long,4682,28.9167,0.4156,0.9968,0.4150,0.9588,0.2541,Failing,0
failing_normal_long,4683,28.9333,0.4192,0.9983,0.4152,0.9591,0.2541,Failing,0
failing_normal_long,4684,28.9500,0.4228,1.0000,0.4155,0.9595,0.2541,Failing,0
failing_normal_long,4685,28.9667,0.4267,1.0000,0.4160,0.9598,0.2541,Failing,0
failing_normal_long,4686,28.9833,0.0215,0.6002,0.3977,0.9579,0.2874,Failing,0
failing_normal_long,4687,29.0000,0.0217,0.6112,0.3802,0.9560,0.3207,Failing,0
failing_normal_long,4688,29.0167,0.0220,0.6117,0.3635,0.9541,0.3541,Failing,0
failing_normal_long,4689,29.0333,0.0222,0.6038,0.3477,0.9522,0.3874,Failing,0
failing_normal_long,4690,29.0500,0.0224,0.6080,0.3325,0.9503,0.4207,Failing,0
failing_normal_long,4691,29.0667,0.0227,0.6114,0.3181,0.9484,0.4541,Failing,0
failing_normal_long,4692,29.0833,0.0229,0.6085,0.3044,0.9465,0.4874,Failing,0
failing_normal_long,4693,29.1000,0.0231,0.6080,0.2913,0.9447,0.5207,Failing,0
failing_normal_long,4694,29.1167,0.0234,0.6087,0.2789,0.9428,0.5541,Failing,0
failing_normal_long,4695,29.1333,0.0237,0.6112,0.2670,0.9410,0.5874,Failing,0
failing_normal_long,4696,29.1500,0.0239,0.6115,0.2557,0.9391,0.6207,Failing,0
failing_normal_long,4697,29.1667,0.0242,0.6064,0.2449,0.9373,0.6541,Failing,0
failing_normal_long,4698,29.1833,0.0245,0.6104,0.2347,0.9355,0.6874,Failing,0
failing_normal_long,4699,29.2000,0.0247,0.6165,0.2249,0.9337,0.7207,Failing,0
failing_normal_long,4700,29.2167,0.0250,0.6071,0.2156,0.9318,0.7541,Failing,0
failing_normal_long,4701,29.2333,0.0253,0.6066,0.2068,0.9300,0.7874,Failing,0
failing_normal_long,4702,29.2500,0.0256,0.6198,0.1983,0.9282,0.8207,Failing,0
failing_normal_long,4703,29.2667,0.0258,0.6116,0.1903,0.9264,0.8541,Failing,0
failing_normal_long,4704,29.2833,0.0261,0.6026,0.1827,0.9247,0.8874,Failing,0
failing_normal_long,4705,29.3000,0.0264,0.6193,0.1754,0.9229,0.9122,Failing,0
failing_normal_long,4706,29.3167,0.5334,1.0000,0.1921,0.9235,0.9122,Failing,0
failing_normal_long,4707,29.3333,0.5389,1.0000,0.2082,0.9242,0.9122,Failing,0
failing_normal_long,4708,29.3500,0.5442,1.0000,0.2238,0.9248,0.9122,Failing,0
failing_normal_long,4709,29.3667,0.5495,1.0000,0.2390,0.9254,0.9122,Failing,0
failing_normal_long,4710,29.3833,0.5547,1.0000,0.2536,0.9260,0.9122,Failing,0
failing_normal_long,4711,29.4000,0.5598,1.0000,0.2679,0.9266,0.9122,Failing,0
failing_normal_long,4712,29.4167,0.5647,1.0000,0.2817,0.9273,0.9122,Failing,0
failing_normal_long,4713,29.4333,0.5695,1.0000,0.2951,0.9279,0.9122,Failing,0
failing_normal_long,4714,29.4500,0.5741,1.0000,0.3080,0.9285,0.9122,Failing,0
failing_normal_long,4715,29.4667,0.5785,1.0000,0.3206,0.9291,0.9122,Failing,0
failing_normal_long,4716,29.4833,0.5828,1.0000,0.3328,0.9296,0.9122,Failing,0
failing_normal_long,4717,29.5000,0.5868,1.0000,0.3446,0.9302,0.9122,Failing,0
failing_normal_long,4718,29.5167,0.5906,1.0000,0.3561,0.9308,0.9122,Failing,0
failing_normal_long,4719,29.5333,0.5942,1.0000,0.3671,0.9314,0.9122,Failing,0
failing_normal_long,4720,29.5500,0.5975,1.0000,0.3779,0.9319,0.9122,Failing,0
failing_normal_long,4721,29.5667,0.6005,1.0000,0.3882,0.9325,0.9122,Failing,0
failing_normal_long,4722,29.5833,0.6033,1.0000,0.3982,0.9331,0.9122,Failing,0
failing_normal_long,4723,29.6000,0.6057,1.0000,0.4079,0.9336,0.9122,Failing,0
failing_normal_long,4724,29.6167,0.6078,1.0000,0.4172,0.9342,0.9122,Failing,0
failing_normal_long,4725,29.6333,0.6096,1.0000,0.4261,0.9347,0.9122,Failing,0
failing_normal_long,4726,29.6500,0.6110,1.0000,0.4347,0.9353,0.9122,Failing,0
failing_normal_long,4727,29.6667,0.6121,1.0000,0.4429,0.9358,0.9122,Failing,0
failing_normal_long,4728,29.6833,0.6128,1.0000,0.4508,0.9363,0.9122,Failing,0
failing_normal_long,4729,29.7000,0.6131,1.0000,0.4584,0.9369,0.9122,Failing,0
failing_normal_long,4730,29.7167,0.6131,1.0000,0.4656,0.9374,0.9122,Failing,0
failing_normal_long,4731,29.7333,0.6127,1.0000,0.4724,0.9379,0.9122,Failing,0
failing_normal_long,4732,29.7500,0.6118,1.0000,0.4789,0.9384,0.9122,Failing,0
failing_normal_long,4733,29.7667,0.6106,1.0000,0.4850,0.9389,0.9122,Failing,0
failing_normal_long,4734,29.7833,0.6089,1.0000,0.4908,0.9394,0.9122,Failing,0
failing_normal_long,4735,29.8000,0.6068,1.0000,0.4962,0.9399,0.9122,Failing,0
failing_normal_long,4736,29.8167,0.6044,1.0000,0.5012,0.9404,0.9122,Failing,0
failing_normal_long,4737,29.8333,0.6015,1.0000,0.5059,0.9409,0.9122,Failing,0
failing_normal_long,4738,29.8500,0.5981,1.0000,0.5102,0.9414,0.9122,Failing,0
failing_normal_long,4739,29.8667,0.5944,1.0000,0.5141,0.9419,0.9122,Failing,0
failing_normal_long,4740,29.8833,0.5903,1.0000,0.5176,0.9424,0.9122,Failing,0
failing_normal_long,4741,29.9000,0.5857,1.0000,0.5208,0.9429,0.8788,Failing,0
failing_normal_long,4742,29.9167,0.5808,1.0000,0.5236,0.9433,0.8455,Failing,0
failing_normal_long,4743,29.9333,0.5754,1.0000,0.5260,0.9438,0.8122,Failing,0
failing_normal_long,4744,29.9500,0.5697,1.0000,0.5280,0.9443,0.7788,Failing,0
failing_normal_long,4745,29.9667,0.5636,1.0000,0.5297,0.9447,0.7455,Failing,0
failing_normal_long,4746,29.9833,0.5571,1.0000,0.5310,0.9452,0.7122,Failing,0
failing_normal_long,4747,30.0000,0.5503,1.0000,0.5319,0.9457,0.6788,Failing,0
failing_normal_long_back,4748,0.0167,0.9658,1.0000,0.5520,0.9461,0.6455,Failing,0
failing_normal_long_back,4749,0.0333,0.9701,1.0000,0.5715,0.9466,0.6122,Failing,0
failing_normal_long_back,4750,0.0500,0.9994,1.0000,0.5914,0.9470,0.5788,Failing,0
failing_normal_long_back,4751,0.0667,0.9798,1.0000,0.6094,0.9474,0.5455,Failing,0
failing_normal_long_back,4752,0.0833,0.9607,1.0000,0.6258,0.9479,0.5122,Failing,0
failing_normal_long_back,4753,0.1000,0.9902,1.0000,0.6427,0.9483,0.4788,Failing,0
failing_normal_long_back,4754,0.1167,0.9940,1.0000,0.6591,0.9487,0.4455,Failing,0
failing_normal_long_back,4755,0.1333,0.9625,1.0000,0.6732,0.9492,0.4122,Failing,0
failing_normal_long_back,4756,0.1500,0.9751,1.0000,0.6872,0.9496,0.3788,Failing,0
failing_normal_long_back,4757,0.1667,1.0000,1.0000,0.7018,0.9500,0.3455,Failing,0
failing_normal_long_back,4758,0.1833,0.9745,1.0000,0.7144,0.9504,0.3122,Failing,0
failing_normal_long_back,4759,0.2000,0.9629,1.0000,0.7260,0.9508,0.2788,Failing,0
failing_normal_long_back,4760,0.2167,0.9944,1.0000,0.7385,0.9512,0.2455,Failing,0
failing_normal_long_back,4761,0.2333,0.9897,1.0000,0.7502,0.9516,0.2122,Failing,0
failing_normal_long_back,4762,0.2500,0.9606,1.0000,0.7599,0.9520,0.1788,Failing,0
failing_normal_long_back,4763,0.2667,0.9805,1.0000,0.7702,0.9524,0.1455,Failing,0
failing_normal_long_back,4764,0.2833,0.9992,1.0000,0.7808,0.9528,0.1122,Failing,0
failing_normal_long_back,4765,0.3000,0.9696,1.0000,0.7896,0.9532,0.0788,Failing,0
failing_normal_long_back,4766,0.3167,0.9662,1.0000,0.7978,0.9536,0.0455,Failing,0
failing_normal_long_back,4767,0.3333,0.9976,1.0000,0.8071,0.9540,0.0122,Failing,0
failing_normal_long_back,4768,0.3500,0.9846,1.0000,0.8154,0.9544,0.0000,Failing,0
failing_normal_long_back,4769,0.3667,0.9600,1.0000,0.8221,0.9548,0.0000,Failing,0
failing_normal_long_back,4770,0.3833,0.9858,1.0000,0.8297,0.9551,0.0000,Failing,0
failing_normal_long_back,4771,0.4000,0.9970,1.0000,0.8375,0.9555,0.0000,Failing,0
failing_normal_long_back,4772,0.4167,0.9654,1.0000,0.8434,0.9559,0.0000,Failing,0
failing_normal_long_back,4773,0.4333,0.9706,1.0000,0.8494,0.9562,0.0000,Failing,0
failing_normal_long_back,4774,0.4500,0.9995,1.0000,0.8563,0.9566,0.0000,Failing,0
failing_normal_long_back,4775,0.4667,0.9793,1.0000,0.8621,0.9570,0.0000,Failing,0
failing_normal_long_back,4776,0.4833,0.9609,1.0000,0.8666,0.9573,0.0000,Failing,0
failing_normal_long_back,4777,0.5000,0.9907,1.0000,0.8724,0.9577,0.0000,Steady,0
failing_normal_long_back,4778,0.5167,0.9936,1.0000,0.8780,0.9580,0.0000,Steady,0
failing_normal_long_back,4779,0.5333,0.9623,1.0000,0.8820,0.9584,0.0000,Steady,0
failing_normal_long_back,4780,0.5500,0.9756,1.0000,0.8863,0.9587,0.0000,Steady,0
failing_normal_long_back,4781,0.5667,1.0000,1.0000,0.8916,0.9591,0.0000,Steady,0
failing_normal_long_back,4782,0.5833,0.9740,1.0000,0.8954,0.9594,0.0000,Steady,0
failing_normal_long_back,4783,0.6000,0.9631,1.0000,0.8986,0.9597,0.0000,Steady,0
failing_normal_long_back,4784,0.6167,0.9948,1.0000,0.9031,0.9601,0.0000,Steady,0
failing_normal_long_back,4785,0.6333,0.9892,1.0000,0.9071,0.9604,0.0000,Steady,0
failing_normal_long_back,4786,0.6500,0.9605,1.0000,0.9095,0.9607,0.0000,Steady,0
failing_normal_long_back,4787,0.6667,0.9810,1.0000,0.9129,0.9611,0.0000,Steady,0
failing_normal_long_back,4788,0.6833,0.9990,1.0000,0.9169,0.9614,0.0000,Steady,0
failing_normal_long_back,4789,0.7000,0.9691,1.0000,0.9193,0.9617,0.0000,Steady,0
failing_normal_long_back,4790,0.7167,0.9666,1.0000,0.9215,0.9620,0.0000,Steady,0
failing_normal_long_back,4791,0.7333,0.9978,1.0000,0.9251,0.9623,0.0000,Steady,0
failing_normal_long_back,4792,0.7500,0.9841,1.0000,0.9278,0.9627,0.0000,Steady,0
failing_normal_long_back,4793,0.7667,0.9600,1.0000,0.9293,0.9630,0.0000,Steady,0
failing_normal_long_back,4794,0.7833,0.9863,1.0000,0.9319,0.9633,0.0000,Steady,0
failing_normal_long_back,4795,0.8000,0.9967,1.0000,0.9350,0.9636,0.0000,Steady,0
failing_normal_long_back,4796,0.8167,0.9650,1.0000,0.9364,0.9639,0.0000,Steady,0
failing_normal_long_back,4797,0.8333,0.9711,1.0000,0.9380,0.9642,0.0000,Steady,0
failing_normal_long_back,4798,0.8500,0.9996,1.0000,0.9408,0.9645,0.0000,Steady,0
failing_normal_long_back,4799,0.8667,0.9787,1.0000,0.9426,0.9648,0.0000,Steady,0
failing_normal_long_back,4800,0.8833,0.9611,1.0000,0.9435,0.9651,0.0000,Steady,0
failing_normal_long_back,4801,0.9000,0.9911,1.0000,0.9457,0.9654,0.0000,Steady,0
failing_normal_long_back,4802,0.9167,0.9932,1.0000,0.9479,0.9656,0.0000,Steady,0
failing_normal_long_back,4803,0.9333,0.9620,1.0000,0.9485,0.9659,0.0000,Steady,0
failing_normal_long_back,4804,0.9500,0.9762,1.0000,0.9498,0.9662,0.0000,Steady,0
failing_normal_long_back,4805,0.9667,1.0000,1.0000,0.9522,0.9665,0.0000,Steady,0
failing_normal_long_back,4806,0.9833,0.9735,1.0000,0.9531,0.9668,0.0000,Steady,0
failing_normal_long_back,4807,1.0000,0.9634,1.0000,0.9536,0.9670,0.0000,Steady,0
failing_normal_long_back,4808,1.0167,0.9951,1.0000,0.9556,0.9673,0.0000,Steady,0
failing_normal_long_back,4809,1.0333,0.9887,1.0000,0.9571,0.9676,0.0000,Steady,0
failing_normal_long_back,4810,1.0500,0.9603,1.0000,0.9573,0.9679,0.0000,Steady,0
failing_normal_long_back,4811,1.0667,0.9815,1.0000,0.9584,0.9681,0.0000,Steady,0
failing_normal_long_back,4812,1.0833,0.9989,1.0000,0.9603,0.9684,0.0000,Steady,0
failing_normal_long_back,4813,1.1000,0.9687,1.0000,0.9607,0.9686,0.0000,Steady,0
failing_normal_long_back,4814,1.1167,0.9670,1.0000,0.9609,0.9689,0.0000,Steady,0
failing_normal_long_back,4815,1.1333,0.9981,1.0000,0.9627,0.9692,0.0000,Steady,0
failing_normal_long_back,4816,1.1500,0.9836,1.0000,0.9636,0.9694,0.0000,Steady,0
failing_normal_long_back,4817,1.1667,0.9601,1.0000,0.9635,0.9697,0.0000,Steady,0
failing_normal_long_back,4818,1.1833,0.9868,1.0000,0.9646,0.9699,0.0000,Steady,0
failing_normal_long_back,4819,1.2000,0.9964,1.0000,0.9660,0.9702,0.0000,Steady,0
failing_normal_long_back,4820,1.2167,0.9647,1.0000,0.9660,0.9704,0.0000,Steady,0
failing_normal_long_back,4821,1.2333,0.9716,1.0000,0.9662,0.9707,0.0000,Steady,0
failing_normal_long_back,4822,1.2500,0.9997,1.0000,0.9678,0.9709,0.0000,Steady,0
failing_normal_long_back,4823,1.2667,0.9782,1.0000,0.9683,0.9712,0.0000,Steady,0
failing_normal_long_back,4824,1.2833,0.9612,1.0000,0.9680,0.9714,0.0000,Steady,0
failing_normal_long_back,4825,1.3000,0.9916,1.0000,0.9691,0.9716,0.0000,Steady,0
failing_normal_long_back,4826,1.3167,0.9928,1.0000,0.9702,0.9719,0.0000,Steady,0
failing_normal_long_back,4827,1.3333,0.9618,1.0000,0.9698,0.9721,0.0000,Steady,0
failing_normal_long_back,4828,1.3500,0.9767,1.0000,0.9701,0.9723,0.0000,Steady,0
failing_normal_long_back,4829,1.3667,0.9999,1.0000,0.9715,0.9726,0.0000,Steady,0
failing_normal_long_back,4830,1.3833,0.9730,1.0000,0.9715,0.9728,0.0000,Steady,0
failing_normal_long_back,4831,1.4000,0.9637,1.0000,0.9712,0.9730,0.0000,Steady,0
failing_normal_long_back,4832,1.4167,0.9955,1.0000,0.9723,0.9732,0.0000,Steady,0
failing_normal_long_back,4833,1.4333,0.9882,1.0000,0.9730,0.9735,0.0000,Steady,0
failing_normal_long_back,4834,1.4500,0.9603,1.0000,0.9725,0.9737,0.0000,Steady,0
failing_normal_long_back,4835,1.4667,0.9821,1.0000,0.9729,0.9739,0.0000,Steady,0
failing_normal_long_back,4836,1.4833,0.9987,1.0000,0.9741,0.9741,0.0000,Steady,0
failing_normal_long_back,4837,1.5000,0.9682,1.0000,0.9738,0.9743,0.0000,Steady,0
failing_normal_long_back,4838,1.5167,0.9675,1.0000,0.9735,0.9745,0.0000,Steady,0
failing_normal_long_back,4839,1.5333,0.9983,1.0000,0.9747,0.9748,0.0000,Steady,0
failing_normal_long_back,4840,1.5500,0.9830,1.0000,0.9751,0.9750,0.0000,Steady,0
failing_normal_long_back,4841,1.5667,0.9601,1.0000,0.9744,0.9752,0.0000,Steady,0
failing_normal_long_back,4842,1.5833,0.9873,1.0000,0.9750,0.9754,0.0000,Steady,0
failing_normal_long_back,4843,1.6000,0.9961,1.0000,0.9760,0.9756,0.0000,Steady,0
failing_normal_long_back,4844,1.6167,0.9643,1.0000,0.9754,0.9758,0.0000,Steady,0
failing_normal_long_back,4845,1.6333,0.9721,1.0000,0.9753,0.9760,0.0000,Steady,0
failing_normal_long_back,4846,1.6500,0.9998,1.0000,0.9764,0.9762,0.0000,Steady,0
failing_normal_long_back,4847,1.6667,0.9777,1.0000,0.9765,0.9764,0.0000,Steady,0
failing_normal_long_back,4848,1.6833,0.9614,1.0000,0.9758,0.9766,0.0000,Steady,0
failing_normal_long_back,4849,1.7000,0.9920,1.0000,0.9765,0.9768,0.0000,Steady,0
failing_normal_long_back,4850,1.7167,0.9923,1.0000,0.9773,0.9770,0.0000,Steady,0
failing_normal_long_back,4851,1.7333,0.9616,1.0000,0.9765,0.9772,0.0000,Steady,0
failing_normal_long_back,4852,1.7500,0.9772,1.0000,0.9766,0.9773,0.0000,Steady,0
failing_normal_long_back,4853,1.7667,0.9998,1.0000,0.9776,0.9775,0.0000,Steady,0
failing_normal_long_back,4854,1.7833,0.9725,1.0000,0.9774,0.9777,0.0000,Steady,0
failing_normal_long_back,4855,1.8000,0.9641,1.0000,0.9768,0.9779,0.0000,Steady,0
failing_normal_long_back,4856,1.8167,0.9958,1.0000,0.9777,0.9781,0.0000,Steady,0
failing_normal_long_back,4857,1.8333,0.9877,1.0000,0.9781,0.9783,0.0000,Steady,0
failing_normal_long_back,4858,1.8500,0.9602,1.0000,0.9773,0.9785,0.0000,Steady,0
failing_normal_long_back,4859,1.8667,0.9826,1.0000,0.9775,0.9786,0.0000,Steady,0
failing_normal_long_back,4860,1.8833,0.9985,1.0000,0.9785,0.9788,0.0000,Steady,0
failing_normal_long_back,4861,1.9000,0.9678,1.0000,0.9780,0.9790,0.0000,Steady,0
failing_normal_long_back,4862,1.9167,0.9679,1.0000,0.9775,0.9792,0.0000,Steady,0
failing_normal_long_back,4863,1.9333,0.9985,1.0000,0.9785,0.9793,0.0000,Steady,0
failing_normal_long_back,4864,1.9500,0.9825,1.0000,0.9787,0.9795,0.0000,Steady,0
failing_normal_long_back,4865,1.9667,0.9602,1.0000,0.9778,0.9797,0.0000,Steady,0
failing_normal_long_back,4866,1.9833,0.9878,1.0000,0.9783,0.9798,0.0000,Steady,0
failing_normal_long_back,4867,2.0000,0.9958,1.0000,0.9791,0.9800,0.0000,Steady,0
failing_normal_long_back,4868,2.0167,0.9640,1.0000,0.9784,0.9802,0.0000,Steady,0
failing_normal_long_back,4869,2.0333,0.9725,1.0000,0.9781,0.9803,0.0000,Steady,0
failing_normal_long_back,4870,2.0500,0.9999,1.0000,0.9792,0.9805,0.0000,Steady,0
failing_normal_long_back,4871,2.0667,0.9771,1.0000,0.9791,0.9807,0.0000,Steady,0
failing_normal_long_back,4872,2.0833,0.9616,1.0000,0.9782,0.9808,0.0000,Steady,0
failing_normal_long_back,4873,2.1000,0.9924,1.0000,0.9789,0.9810,0.0000,Steady,0
failing_normal_long_back,4874,2.1167,0.9919,1.0000,0.9795,0.9811,0.0000,Steady,0
failing_normal_long_back,4875,2.1333,0.9614,1.0000,0.9787,0.9813,0.0000,Steady,0
failing_normal_long_back,4876,2.1500,0.9778,1.0000,0.9786,0.9815,0.0000,Steady,0
failing_normal_long_back,4877,2.1667,0.9998,1.0000,0.9796,0.9816,0.0000,Steady,0
failing_normal_long_back,4878,2.1833,0.9720,1.0000,0.9793,0.9818,0.0000,Steady,0
failing_normal_long_back,4879,2.2000,0.9644,1.0000,0.9786,0.9819,0.0000,Steady,0
failing_normal_long_back,4880,2.2167,0.9961,1.0000,0.9794,0.9821,0.0000,Steady,0
failing_normal_long_back,4881,2.2333,0.9872,1.0000,0.9797,0.9822,0.0000,Steady,0
failing_normal_long_back,4882,2.2500,0.9601,1.0000,0.9788,0.9824,0.0000,Steady,0
failing_normal_long_back,4883,2.2667,0.9831,1.0000,0.9790,0.9825,0.0000,Steady,0
failing_normal_long_back,4884,2.2833,0.9983,1.0000,0.9799,0.9826,0.0000,Steady,0
failing_normal_long_back,4885,2.3000,0.9674,1.0000,0.9793,0.9828,0.0000,Steady,0
failing_normal_long_back,4886,2.3167,0.9683,1.0000,0.9788,0.9829,0.0000,Steady,0
failing_normal_long_back,4887,2.3333,0.9987,1.0000,0.9798,0.9831,0.0000,Steady,0
failing_normal_long_back,4888,2.3500,0.9820,1.0000,0.9799,0.9832,0.0000,Steady,0
failing_normal_long_back,4889,2.3667,0.9603,1.0000,0.9789,0.9834,0.0000,Steady,0
failing_normal_long_back,4890,2.3833,0.9883,1.0000,0.9794,0.9835,0.0000,Steady,0
failing_normal_long_back,4891,2.4000,0.9954,1.0000,0.9801,0.9836,0.0000,Steady,0
failing_normal_long_back,4892,2.4167,0.9637,1.0000,0.9794,0.9838,0.0000,Steady,0
failing_normal_long_back,4893,2.4333,0.9731,1.0000,0.9791,0.9839,0.0000,Steady,0
failing_normal_long_back,4894,2.4500,0.9999,1.0000,0.9800,0.9840,0.0000,Steady,0
failing_normal_long_back,4895,2.4667,0.9766,1.0000,0.9799,0.9842,0.0000,Steady,0
failing_normal_long_back,4896,2.4833,0.9619,1.0000,0.9790,0.9843,0.0000,Steady,0
failing_normal_long_back,4897,2.5000,0.9928,1.0000,0.9797,0.9844,0.0000,Steady,0
failing_normal_long_back,4898,2.5167,0.9915,1.0000,0.9802,0.9846,0.0000,Steady,0
failing_normal_long_back,4899,2.5333,0.9612,1.0000,0.9793,0.9847,0.0000,Steady,0
failing_normal_long_back,4900,2.5500,0.9783,1.0000,0.9793,0.9848,0.0000,Steady,0
failing_normal_long_back,4901,2.5667,0.9997,1.0000,0.9802,0.9849,0.0000,Steady,0
failing_normal_long_back,4902,2.5833,0.9715,1.0000,0.9798,0.9851,0.0000,Steady,0
failing_normal_long_back,4903,2.6000,0.9647,1.0000,0.9791,0.9852,0.0000,Steady,0
failing_normal_long_back,4904,2.6167,0.9965,1.0000,0.9799,0.9853,0.0000,Steady,0
failing_normal_long_back,4905,2.6333,0.9867,1.0000,0.9803,0.9854,0.0000,Steady,0
failing_normal_long_back,4906,2.6500,0.9601,1.0000,0.9793,0.9856,0.0000,Steady,0
failing_normal_long_back,4907,2.6667,0.9837,1.0000,0.9795,0.9857,0.0000,Steady,0
failing_normal_long_back,4908,2.6833,0.9980,1.0000,0.9804,0.9858,0.0000,Steady,0
failing_normal_long_back,4909,2.7000,0.9670,1.0000,0.9798,0.9859,0.0000,Steady,0
failing_normal_long_back,4910,2.7167,0.9688,1.0000,0.9792,0.9860,0.0000,Steady,0
failing_normal_long_back,4911,2.7333,0.9989,1.0000,0.9802,0.9861,0.0000,Steady,0
failing_normal_long_back,4912,2.7500,0.9814,1.0000,0.9802,0.9863,0.0000,Steady,0
failing_normal_long_back,4913,2.7667,0.9604,1.0000,0.9793,0.9864,0.0000,Steady,0
failing_normal_long_back,4914,2.7833,0.9888,1.0000,0.9797,0.9865,0.0000,Steady,0
failing_normal_long_back,4915,2.8000,0.9951,1.0000,0.9804,0.9866,0.0000,Steady,0
failing_normal_long_back,4916,2.8167,0.9634,1.0000,0.9797,0.9867,0.0000,Steady,0
failing_normal_long_back,4917,2.8333,0.9736,1.0000,0.9794,0.9868,0.0000,Steady,0
failing_normal_long_back,4918,2.8500,1.0000,1.0000,0.9803,0.9869,0.0000,Steady,0
failing_normal_long_back,4919,2.8667,0.9761,1.0000,0.9801,0.9870,0.0000,Steady,0
failing_normal_long_back,4920,2.8833,0.9621,1.0000,0.9793,0.9871,0.0000,Steady,0
failing_normal_long_back,4921,2.9000,0.9933,1.0000,0.9799,0.9873,0.0000,Steady,0
failing_normal_long_back,4922,2.9167,0.9910,1.0000,0.9805,0.9874,0.0000,Steady,0
failing_normal_long_back,4923,2.9333,0.9610,1.0000,0.9796,0.9875,0.0000,Steady,0
failing_normal_long_back,4924,2.9500,0.9788,1.0000,0.9795,0.9876,0.0000,Steady,0
failing_normal_long_back,4925,2.9667,0.9996,1.0000,0.9805,0.9877,0.0000,Steady,0
failing_normal_long_back,4926,2.9833,0.9710,1.0000,0.9800,0.9878,0.0000,Steady,0
failing_normal_long_back,4927,3.0000,0.9651,1.0000,0.9793,0.9879,0.0000,Steady,0
failing_normal_long_back,4928,3.0167,0.9968,1.0000,0.9801,0.9880,0.0000,Steady,0
failing_normal_long_back,4929,3.0333,0.9862,1.0000,0.9804,0.9881,0.0000,Steady,0
failing_normal_long_back,4930,3.0500,0.9600,1.0000,0.9795,0.9882,0.0000,Steady,0
failing_normal_long_back,4931,3.0667,0.9842,1.0000,0.9797,0.9883,0.0000,Steady,0
failing_normal_long_back,4932,3.0833,0.9978,1.0000,0.9805,0.9884,0.0000,Steady,0
failing_normal_long_back,4933,3.1000,0.9666,1.0000,0.9799,0.9885,0.0000,Steady,0
failing_normal_long_back,4934,3.1167,0.9692,1.0000,0.9794,0.9886,0.0000,Steady,0
failing_normal_long_back,4935,3.1333,0.9991,1.0000,0.9803,0.9887,0.0000,Steady,0
failing_normal_long_back,4936,3.1500,0.9809,1.0000,0.9803,0.9888,0.0000,Steady,0
failing_normal_long_back,4937,3.1667,0.9605,1.0000,0.9794,0.9888,0.0000,Steady,0
failing_normal_long_back,4938,3.1833,0.9893,1.0000,0.9799,0.9889,0.0000,Steady,0
failing_normal_long_back,4939,3.2000,0.9947,1.0000,0.9805,0.9890,0.0000,Steady,0
failing_normal_long_back,4940,3.2167,0.9631,1.0000,0.9797,0.9891,0.0000,Steady,0
failing_normal_long_back,4941,3.2333,0.9741,1.0000,0.9795,0.9892,0.0000,Steady,0
failing_normal_long_back,4942,3.2500,1.0000,1.0000,0.9804,0.9893,0.0000,Steady,0
failing_normal_long_back,4943,3.2667,0.9755,1.0000,0.9802,0.9894,0.0000,Steady,0
failing_normal_long_back,4944,3.2833,0.9623,1.0000,0.9794,0.9895,0.0000,Steady,0
failing_normal_long_back,4945,3.3000,0.9936,1.0000,0.9800,0.9896,0.0000,Steady,0
failing_normal_long_back,4946,3.3167,0.9906,1.0000,0.9805,0.9897,0.0000,Steady,0
failing_normal_long_back,4947,3.3333,0.9609,1.0000,0.9796,0.9897,0.0000,Steady,0
failing_normal_long_back,4948,3.3500,0.9794,1.0000,0.9796,0.9898,0.0000,Steady,0
failing_normal_long_back,4949,3.3667,0.9995,1.0000,0.9805,0.9899,0.0000,Steady,0
failing_normal_long_back,4950,3.3833,0.9705,1.0000,0.9801,0.9900,0.0000,Steady,0
failing_normal_long_back,4951,3.4000,0.9655,1.0000,0.9794,0.9901,0.0000,Steady,0
failing_normal_long_back,4952,3.4167,0.9970,1.0000,0.9802,0.9902,0.0000,Steady,0
failing_normal_long_back,4953,3.4333,0.9857,1.0000,0.9805,0.9902,0.0000,Steady,0
failing_normal_long_back,4954,3.4500,0.9600,1.0000,0.9795,0.9903,0.0000,Steady,0
failing_normal_long_back,4955,3.4667,0.9847,1.0000,0.9797,0.9904,0.0000,Steady,0
failing_normal_long_back,4956,3.4833,0.9975,1.0000,0.9806,0.9905,0.0000,Steady,0
failing_normal_long_back,4957,3.5000,0.9662,1.0000,0.9799,0.9906,0.0000,Steady,0
failing_normal_long_back,4958,3.5167,0.9697,1.0000,0.9794,0.9906,0.0000,Steady,0
failing_normal_long_back,4959,3.5333,0.9992,1.0000,0.9803,0.9907,0.0000,Steady,0
failing_normal_long_back,4960,3.5500,0.9803,1.0000,0.9803,0.9908,0.0000,Steady,0
failing_normal_long_back,4961,3.5667,0.9606,1.0000,0.9794,0.9909,0.0000,Steady,0
failing_normal_long_back,4962,3.5833,0.9897,1.0000,0.9799,0.9909,0.0000,Steady,0
failing_normal_long_back,4963,3.6000,0.9943,1.0000,0.9806,0.9910,0.0000,Steady,0
failing_normal_long_back,4964,3.6167,0.9628,1.0000,0.9798,0.9911,0.0000,Steady,0
failing_normal_long_back,4965,3.6333,0.9746,1.0000,0.9795,0.9912,0.0000,Steady,0
failing_normal_long_back,4966,3.6500,1.0000,1.0000,0.9805,0.9912,0.0000,Steady,0
failing_normal_long_back,4967,3.6667,0.9750,1.0000,0.9802,0.9913,0.0000,Steady,0
failing_normal_long_back,4968,3.6833,0.9626,1.0000,0.9794,0.9914,0.0000,Steady,0
failing_normal_long_back,4969,3.7000,0.9940,1.0000,0.9801,0.9915,0.0000,Steady,0
failing_normal_long_back,4970,3.7167,0.9901,1.0000,0.9805,0.9915,0.0000,Steady,0
failing_normal_long_back,4971,3.7333,0.9607,1.0000,0.9796,0.9916,0.0000,Steady,0
failing_normal_long_back,4972,3.7500,0.9799,1.0000,0.9796,0.9917,0.0000,Steady,0
failing_normal_long_back,4973,3.7667,0.9993,1.0000,0.9805,0.9917,0.0000,Steady,0
failing_normal_long_back,4974,3.7833,0.9700,1.0000,0.9801,0.9918,0.0000,Steady,0
failing_normal_long_back,4975,3.8000,0.9659,1.0000,0.9794,0.9919,0.0000,Steady,0
failing_normal_long_back,4976,3.8167,0.9973,1.0000,0.9802,0.9919,0.0000,Steady,0
failing_normal_long_back,4977,3.8333,0.9851,1.0000,0.9805,0.9920,0.0000,Steady,0
failing_normal_long_back,4978,3.8500,0.9600,1.0000,0.9795,0.9921,0.0000,Steady,0
failing_normal_long_back,4979,3.8667,0.9853,1.0000,0.9798,0.9921,0.0000,Steady,0
failing_normal_long_back,4980,3.8833,0.9973,1.0000,0.9806,0.9922,0.0000,Steady,0
failing_normal_long_back,4981,3.9000,0.9658,1.0000,0.9799,0.9923,0.0000,Steady,0
failing_normal_long_back,4982,3.9167,0.9701,1.0000,0.9794,0.9923,0.0000,Steady,0
failing_normal_long_back,4983,3.9333,0.9994,1.0000,0.9804,0.9924,0.0000,Steady,0
failing_normal_long_back,4984,3.9500,0.9798,1.0000,0.9803,0.9925,0.0000,Steady,0
failing_normal_long_back,4985,3.9667,0.9607,1.0000,0.9794,0.9925,0.0000,Steady,0
failing_normal_long_back,4986,3.9833,0.9902,1.0000,0.9799,0.9926,0.0000,Steady,0
failing_normal_long_back,4987,4.0000,0.9940,1.0000,0.9806,0.9926,0.0000,Steady,0
failing_normal_long_back,4988,4.0167,0.9625,1.0000,0.9797,0.9927,0.0000,Steady,0
failing_normal_long_back,4989,4.0333,0.9751,1.0000,0.9795,0.9928,0.0000,Steady,0
failing_normal_long_back,4990,4.0500,1.0000,1.0000,0.9805,0.9928,0.0000,Steady,0
failing_normal_long_back,4991,4.0667,0.9745,1.0000,0.9802,0.9929,0.0000,Steady,0
failing_normal_long_back,4992,4.0833,0.9629,1.0000,0.9794,0.9929,0.0000,Steady,0
failing_normal_long_back,4993,4.1000,0.9944,1.0000,0.9801,0.9930,0.0000,Steady,0
failing_normal_long_back,4994,4.1167,0.9896,1.0000,0.9805,0.9931,0.0000,Steady,0
failing_normal_long_back,4995,4.1333,0.9606,1.0000,0.9796,0.9931,0.0000,Steady,0
failing_normal_long_back,4996,4.1500,0.9805,1.0000,0.9797,0.9932,0.0000,Steady,0
failing_normal_long_back,4997,4.1667,0.9992,1.0000,0.9806,0.9932,0.0000,Steady,0
failing_normal_long_back,4998,4.1833,0.9696,1.0000,0.9800,0.9933,0.0000,Steady,0
failing_normal_long_back,4999,4.2000,0.9662,1.0000,0.9794,0.9933,0.0000,Steady,0
failing_normal_long_back,5000,4.2167,0.9976,1.0000,0.9803,0.9934,0.0000,Steady,0
failing_normal_long_back,5001,4.2333,0.9846,1.0000,0.9805,0.9935,0.0000,Steady,0
failing_normal_long_back,5002,4.2500,0.9600,1.0000,0.9795,0.9935,0.0000,Steady,0
failing_normal_long_back,5003,4.2667,0.9858,1.0000,0.9798,0.9936,0.0000,Steady,0
failing_normal_long_back,5004,4.2833,0.9970,1.0000,0.9806,0.9936,0.0000,Steady,0
failing_normal_long_back,5005,4.3000,0.9654,1.0000,0.9799,0.9937,0.0000,Steady,0
failing_normal_long_back,5006,4.3167,0.9706,1.0000,0.9795,0.9937,0.0000,Steady,0
failing_normal_long_back,5007,4.3333,0.9995,1.0000,0.9804,0.9938,0.0000,Steady,0
failing_normal_long_back,5008,4.3500,0.9793,1.0000,0.9803,0.9938,0.0000,Steady,0
failing_normal_long_back,5009,4.3667,0.9609,1.0000,0.9794,0.9939,0.0000,Steady,0
failing_normal_long_back,5010,4.3833,0.9907,1.0000,0.9800,0.9939,0.0000,Steady,0
failing_normal_long_back,5011,4.4000,0.9936,1.0000,0.9806,0.9940,0.0000,Steady,0
failing_normal_long_back,5012,4.4167,0.9623,1.0000,0.9797,0.9940,0.0000,Steady,0
failing_normal_long_back,5013,4.4333,0.9756,1.0000,0.9795,0.9941,0.0000,Steady,0
failing_normal_long_back,5014,4.4500,1.0000,1.0000,0.9805,0.9941,0.0000,Steady,0
failing_normal_long_back,5015,4.4667,0.9740,1.0000,0.9802,0.9942,0.0000,Steady,0
failing_normal_long_back,5016,4.4833,0.9632,1.0000,0.9794,0.9942,0.0000,Steady,0
failing_normal_long_back,5017,4.5000,0.9948,1.0000,0.9801,0.9943,0.0000,Steady,0
failing_normal_long_back,5018,4.5167,0.9891,1.0000,0.9805,0.9943,0.0000,Steady,0
failing_normal_long_back,5019,4.5333,0.9604,1.0000,0.9796,0.9944,0.0000,Steady,0
failing_normal_long_back,5020,4.5500,0.9810,1.0000,0.9797,0.9944,0.0000,Steady,0
failing_normal_long_back,5021,4.5667,0.9990,1.0000,0.9806,0.9945,0.0000,Steady,0
failing_normal_long_back,5022,4.5833,0.9691,1.0000,0.9800,0.9945,0.0000,Steady,0
failing_normal_long_back,5023,4.6000,0.9666,1.0000,0.9794,0.9946,0.0000,Steady,0
failing_normal_long_back,5024,4.6167,0.9978,1.0000,0.9803,0.9946,0.0000,Steady,0
failing_normal_long_back,5025,4.6333,0.9841,1.0000,0.9804,0.9946,0.0000,Steady,0
failing_normal_long_back,5026,4.6500,0.9600,1.0000,0.9795,0.9947,0.0000,Steady,0
failing_normal_long_back,5027,4.6667,0.9863,1.0000,0.9798,0.9947,0.0000,Steady,0
failing_normal_long_back,5028,4.6833,0.9967,1.0000,0.9806,0.9948,0.0000,Steady,0
failing_normal_long_back,5029,4.7000,0.9650,1.0000,0.9799,0.9948,0.0000,Steady,0
failing_normal_long_back,5030,4.7167,0.9711,1.0000,0.9795,0.9949,0.0000,Steady,0
failing_normal_long_back,5031,4.7333,0.9996,1.0000,0.9804,0.9949,0.0000,Steady,0
failing_normal_long_back,5032,4.7500,0.9787,1.0000,0.9803,0.9949,0.0000,Steady,0
failing_normal_long_back,5033,4.7667,0.9611,1.0000,0.9794,0.9950,0.0000,Steady,0
failing_normal_long_back,5034,4.7833,0.9911,1.0000,0.9800,0.9950,0.0000,Steady,0
failing_normal_long_back,5035,4.8000,0.9932,1.0000,0.9806,0.9951,0.0000,Steady,0
failing_normal_long_back,5036,4.8167,0.9620,1.0000,0.9797,0.9951,0.0000,Steady,0
failing_normal_long_back,5037,4.8333,0.9762,1.0000,0.9796,0.9952,0.0000,Steady,0
failing_normal_long_back,5038,4.8500,0.9999,1.0000,0.9805,0.9952,0.0000,Steady,0
failing_normal_long_back,5039,4.8667,0.9735,1.0000,0.9802,0.9952,0.0000,Steady,0
failing_normal_long_back,5040,4.8833,0.9635,1.0000,0.9794,0.9953,0.0000,Steady,0
failing_normal_long_back,5041,4.9000,0.9952,1.0000,0.9801,0.9953,0.0000,Steady,0
failing_normal_long_back,5042,4.9167,0.9887,1.0000,0.9805,0.9953,0.0000,Steady,0
failing_normal_long_back,5043,4.9333,0.9603,1.0000,0.9796,0.9954,0.0000,Steady,0
failing_normal_long_back,5044,4.9500,0.9816,1.0000,0.9797,0.9954,0.0000,Steady,0
failing_normal_long_back,5045,4.9667,0.9988,1.0000,0.9806,0.9955,0.0000,Steady,0
failing_normal_long_back,5046,4.9833,0.9687,1.0000,0.9800,0.9955,0.0000,Steady,0
failing_normal_long_back,5047,5.0000,0.9670,1.0000,0.9794,0.9955,0.0000,Steady,0
failing_normal_long_back,5048,5.0167,0.9981,1.0000,0.9803,0.9956,0.0000,Steady,0
failing_normal_long_back,5049,5.0333,0.9835,1.0000,0.9804,0.9956,0.0000,Steady,0
failing_normal_long_back,5050,5.0500,0.9601,1.0000,0.9795,0.9956,0.0000,Steady,0
failing_normal_long_back,5051,5.0667,0.9868,1.0000,0.9798,0.9957,0.0000,Steady,0
failing_normal_long_back,5052,5.0833,0.9964,1.0000,0.9806,0.9957,0.0000,Steady,0
failing_normal_long_back,5053,5.1000,0.9647,1.0000,0.9799,0.9958,0.0000,Steady,0
failing_normal_long_back,5054,5.1167,0.9716,1.0000,0.9795,0.9958,0.0000,Steady,0
failing_normal_long_back,5055,5.1333,0.9997,1.0000,0.9804,0.9958,0.0000,Steady,0
failing_normal_long_back,5056,5.1500,0.9782,1.0000,0.9803,0.9959,0.0000,Steady,0
failing_normal_long_back,5057,5.1667,0.9612,1.0000,0.9794,0.9959,0.0000,Steady,0
failing_normal_long_back,5058,5.1833,0.9916,1.0000,0.9800,0.9959,0.0000,Steady,0
failing_normal_long_back,5059,5.2000,0.9927,1.0000,0.9806,0.9960,0.0000,Steady,0
failing_normal_long_back,5060,5.2167,0.9618,1.0000,0.9797,0.9960,0.0000,Steady,0
failing_normal_long_back,5061,5.2333,0.9767,1.0000,0.9796,0.9960,0.0000,Steady,0
failing_normal_long_back,5062,5.2500,0.9999,1.0000,0.9805,0.9961,0.0000,Steady,0
failing_normal_long_back,5063,5.2667,0.9729,1.0000,0.9802,0.9961,0.0000,Steady,0
failing_normal_long_back,5064,5.2833,0.9638,1.0000,0.9794,0.9961,0.0000,Steady,0
failing_normal_long_back,5065,5.3000,0.9955,1.0000,0.9801,0.9962,0.0000,Steady,0
failing_normal_long_back,5066,5.3167,0.9882,1.0000,0.9805,0.9962,0.0000,Steady,0
failing_normal_long_back,5067,5.3333,0.9602,1.0000,0.9796,0.9962,0.0000,Steady,0
failing_normal_long_back,5068,5.3500,0.9821,1.0000,0.9797,0.9963,0.0000,Steady,0
failing_normal_long_back,5069,5.3667,0.9987,1.0000,0.9806,0.9963,0.0000,Steady,0
failing_normal_long_back,5070,5.3833,0.9682,1.0000,0.9800,0.9963,0.0000,Steady,0
failing_normal_long_back,5071,5.4000,0.9675,1.0000,0.9794,0.9963,0.0000,Steady,0
failing_normal_long_back,5072,5.4167,0.9983,1.0000,0.9803,0.9964,0.0000,Steady,0
failing_normal_long_back,5073,5.4333,0.9830,1.0000,0.9804,0.9964,0.0000,Steady,0
failing_normal_long_back,5074,5.4500,0.9601,1.0000,0.9795,0.9964,0.0000,Steady,0
failing_normal_long_back,5075,5.4667,0.9873,1.0000,0.9798,0.9965,0.0000,Steady,0
failing_normal_long_back,5076,5.4833,0.9961,1.0000,0.9806,0.9965,0.0000,Steady,0
failing_normal_long_back,5077,5.5000,0.9643,1.0000,0.9798,0.9965,0.0000,Steady,0
failing_normal_long_back,5078,5.5167,0.9721,1.0000,0.9795,0.9966,0.0000,Steady,0
failing_normal_long_back,5079,5.5333,0.9998,1.0000,0.9804,0.9966,0.0000,Steady,0
failing_normal_long_back,5080,5.5500,0.9776,1.0000,0.9803,0.9966,0.0000,Steady,0
failing_normal_long_back,5081,5.5667,0.9614,1.0000,0.9794,0.9966,0.0000,Steady,0
failing_normal_long_back,5082,5.5833,0.9920,1.0000,0.9800,0.9967,0.0000,Steady,0
failing_normal_long_back,5083,5.6000,0.9923,1.0000,0.9806,0.9967,0.0000,Steady,0
failing_normal_long_back,5084,5.6167,0.9616,1.0000,0.9797,0.9967,0.0000,Steady,0
failing_normal_long_back,5085,5.6333,0.9773,1.0000,0.9796,0.9968,0.0000,Steady,0
failing_normal_long_back,5086,5.6500,0.9998,1.0000,0.9805,0.9968,0.0000,Steady,0
failing_normal_long_back,5087,5.6667,0.9724,1.0000,0.9801,0.9968,0.0000,Steady,0
failing_normal_long_back,5088,5.6833,0.9641,1.0000,0.9794,0.9968,0.0000,Steady,0
failing_normal_long_back,5089,5.7000,0.9958,1.0000,0.9802,0.9969,0.0000,Steady,0
failing_normal_long_back,5090,5.7167,0.9877,1.0000,0.9805,0.9969,0.0000,Steady,0
failing_normal_long_back,5091,5.7333,0.9602,1.0000,0.9796,0.9969,0.0000,Steady,0
failing_normal_long_back,5092,5.7500,0.9826,1.0000,0.9797,0.9969,0.0000,Steady,0
failing_normal_long_back,5093,5.7667,0.9985,1.0000,0.9806,0.9970,0.0000,Steady,0
failing_normal_long_back,5094,5.7833,0.9678,1.0000,0.9800,0.9970,0.0000,Steady,0
failing_normal_long_back,5095,5.8000,0.9679,1.0000,0.9794,0.9970,0.0000,Steady,0
failing_normal_long_back,5096,5.8167,0.9985,1.0000,0.9803,0.9970,0.0000,Steady,0
failing_normal_long_back,5097,5.8333,0.9825,1.0000,0.9804,0.9971,0.0000,Steady,0
failing_normal_long_back,5098,5.8500,0.9602,1.0000,0.9795,0.9971,0.0000,Steady,0
failing_normal_long_back,5099,5.8667,0.9878,1.0000,0.9799,0.9971,0.0000,Steady,0
failing_normal_long_back,5100,5.8833,0.9957,1.0000,0.9806,0.9971,0.0000,Steady,0
failing_normal_long_back,5101,5.9000,0.9640,1.0000,0.9798,0.9972,0.0000,Steady,0
failing_normal_long_back,5102,5.9167,0.9726,1.0000,0.9795,0.9972,0.0000,Steady,0
failing_normal_long_back,5103,5.9333,0.9999,1.0000,0.9804,0.9972,0.0000,Steady,0
failing_normal_long_back,5104,5.9500,0.9771,1.0000,0.9803,0.9972,0.0000,Steady,0
failing_normal_long_back,5105,5.9667,0.9616,1.0000,0.9794,0.9972,0.0000,Steady,0
failing_normal_long_back,5106,5.9833,0.9924,1.0000,0.9800,0.9973,0.0000,Steady,0
failing_normal_long_back,5107,6.0000,0.9919,1.0000,0.9806,0.9973,0.0000,Steady,0
