tag,frame,t,L,W,Ls,C,G,mode,calm
stutter_long,716,0.0000,0.9997,1.0000,0.9805,0.9972,0.0000,Steady,0
stutter_long,717,0.0167,0.9518,1.0000,0.9792,0.9973,0.0000,Steady,0
stutter_long,718,0.0333,0.9993,1.0000,0.9801,0.9973,0.0000,Steady,0
stutter_long,719,0.0500,0.9639,1.0000,0.9794,0.9973,0.0000,Steady,0
stutter_long,720,0.0667,0.9459,1.0000,0.9778,0.9973,0.0000,Steady,0
stutter_long,721,0.0833,0.9962,1.0000,0.9787,0.9973,0.0000,Steady,0
stutter_long,722,0.1000,0.9723,1.0000,0.9784,0.9974,0.0000,Steady,0
stutter_long,723,0.1167,0.9418,1.0000,0.9767,0.9974,0.0000,Steady,0
stutter_long,724,0.1333,0.9911,1.0000,0.9774,0.9974,0.0000,Steady,0
stutter_long,725,0.1500,0.9806,1.0000,0.9775,0.9974,0.0000,Steady,0
stutter_long,726,0.1667,0.9401,1.0000,0.9758,0.9975,0.0000,Steady,0
stutter_long,727,0.1833,0.9843,1.0000,0.9762,0.9975,0.0000,Steady,0
stutter_long,728,0.2000,0.9880,1.0000,0.9767,0.9975,0.0000,Steady,0
stutter_long,729,0.2167,0.9407,1.0000,0.9750,0.9975,0.0000,Steady,0
stutter_long,730,0.2333,0.9764,1.0000,0.9751,0.9975,0.0000,Steady,0
stutter_long,731,0.2500,0.9940,1.0000,0.9760,0.9976,0.0000,Steady,0
stutter_long,732,0.2667,0.9436,1.0000,0.9745,0.9976,0.0000,Steady,0
stutter_long,733,0.2833,0.9679,1.0000,0.9742,0.9976,0.0000,Steady,0
stutter_long,734,0.3000,0.9981,1.0000,0.9753,0.9976,0.0000,Steady,0
stutter_long,735,0.3167,0.9487,1.0000,0.9740,0.9976,0.0000,Steady,0
stutter_long,736,0.3333,0.9597,1.0000,0.9734,0.9977,0.0000,Steady,0
stutter_long,737,0.3500,0.9999,1.0000,0.9746,0.9977,0.0000,Steady,0
stutter_long,738,0.3667,0.9554,1.0000,0.9737,0.9977,0.0000,Steady,0
stutter_long,739,0.3833,0.9522,1.0000,0.9727,0.9977,0.0000,Steady,0
stutter_long,740,0.4000,0.9994,1.0000,0.9740,0.9977,0.0000,Steady,0
stutter_long,741,0.4167,0.9634,1.0000,0.9735,0.9978,0.0000,Steady,0
stutter_long,742,0.4333,0.9462,1.0000,0.9722,0.9978,0.0000,Steady,0
stutter_long,743,0.4500,0.9965,1.0000,0.9733,0.9978,0.0000,Steady,0
stutter_long,744,0.4667,0.9718,1.0000,0.9733,0.9978,0.0000,Stutter,0
stutter_long,745,0.4833,0.9420,1.0000,0.9718,0.9978,0.0000,Stutter,0
stutter_long,746,0.5000,0.9915,1.0000,0.9727,0.9978,0.0000,Stutter,0
stutter_long,747,0.5167,0.9801,1.0000,0.9731,0.9979,0.0000,Stutter,0
stutter_long,748,0.5333,0.9401,1.0000,0.9715,0.9979,0.0000,Stutter,0
stutter_long,749,0.5500,0.9848,1.0000,0.9721,0.9979,0.0000,Stutter,0
stutter_long,750,0.5667,0.9876,1.0000,0.9729,0.9979,0.0000,Stutter,0
stutter_long,751,0.5833,0.9406,1.0000,0.9714,0.9979,0.0000,Stutter,0
stutter_long,752,0.6000,0.9769,1.0000,0.9716,0.9980,0.0000,Stutter,0
stutter_long,753,0.6167,0.9937,1.0000,0.9726,0.9980,0.0000,Stutter,0
stutter_long,754,0.6333,0.9434,1.0000,0.9713,0.9980,0.0000,Stutter,0
stutter_long,755,0.6500,0.9685,1.0000,0.9712,0.9980,0.0000,Stutter,0
stutter_long,756,0.6667,0.9979,1.0000,0.9724,0.9980,0.0000,Stutter,0
stutter_long,757,0.6833,0.9483,1.0000,0.9713,0.9980,0.0000,Stutter,0
stutter_long,758,0.7000,0.9601,1.0000,0.9708,0.9981,0.0000,Stutter,0
stutter_long,759,0.7167,0.9999,1.0000,0.9721,0.9981,0.0000,Stutter,0
stutter_long,760,0.7333,0.9550,1.0000,0.9713,0.9981,0.0000,Stutter,0
stutter_long,761,0.7500,0.9526,1.0000,0.9704,0.9981,0.0000,Stutter,0
stutter_long,762,0.7667,0.9995,1.0000,0.9718,0.9981,0.0000,Stutter,0
stutter_long,763,0.7833,0.9629,1.0000,0.9714,0.9981,0.0000,Stutter,0
stutter_long,764,0.8000,0.9465,1.0000,0.9702,0.9981,0.0000,Stutter,0
stutter_long,765,0.8167,0.9967,1.0000,0.9715,0.9982,0.0000,Stutter,0
stutter_long,766,0.8333,0.9713,1.0000,0.9714,0.9982,0.0000,Stutter,0
stutter_long,767,0.8500,0.9422,1.0000,0.9701,0.9982,0.0000,Stutter,0
stutter_long,768,0.8667,0.9918,1.0000,0.9711,0.9982,0.0000,Stutter,0
stutter_long,769,0.8833,0.9796,1.0000,0.9715,0.9982,0.0000,Stutter,0
stutter_long,770,0.9000,0.9402,1.0000,0.9700,0.9982,0.0000,Stutter,0
stutter_long,771,0.9167,0.9852,1.0000,0.9707,0.9983,0.0000,Stutter,0
stutter_long,772,0.9333,0.9872,1.0000,0.9715,0.9983,0.0000,Stutter,0
stutter_long,773,0.9500,0.9405,1.0000,0.9701,0.9983,0.0000,Stutter,0
stutter_long,774,0.9667,0.9774,1.0000,0.9704,0.9983,0.0000,Stutter,0
stutter_long,775,0.9833,0.9934,1.0000,0.9715,0.9983,0.0000,Stutter,0
stutter_long,776,1.0000,0.9432,1.0000,0.9702,0.9983,0.0000,Stutter,0
stutter_long,777,1.0167,0.9690,1.0000,0.9701,0.9983,0.0000,Stutter,0
stutter_long,778,1.0333,0.9977,1.0000,0.9714,0.9984,0.0000,Stutter,0
stutter_long,779,1.0500,0.9480,1.0000,0.9703,0.9984,0.0000,Stutter,0
stutter_long,780,1.0667,0.9606,1.0000,0.9698,0.9984,0.0000,Stutter,0
stutter_long,781,1.0833,0.9998,1.0000,0.9712,0.9984,0.0000,Stutter,0
stutter_long,782,1.1000,0.9546,1.0000,0.9705,0.9984,0.0000,Stutter,0
stutter_long,783,1.1167,0.9530,1.0000,0.9697,0.9984,0.0000,Stutter,0
stutter_long,784,1.1333,0.9996,1.0000,0.9710,0.9984,0.0000,Stutter,0
stutter_long,785,1.1500,0.9624,1.0000,0.9706,0.9984,0.0000,Stutter,0
stutter_long,786,1.1667,0.9468,1.0000,0.9695,0.9985,0.0000,Stutter,0
stutter_long,787,1.1833,0.9969,1.0000,0.9708,0.9985,0.0000,Stutter,0
stutter_long,788,1.2000,0.9708,1.0000,0.9708,0.9985,0.0000,Stutter,0
stutter_long,789,1.2167,0.9424,1.0000,0.9695,0.9985,0.0000,Stutter,0
stutter_long,790,1.2333,0.9922,1.0000,0.9705,0.9985,0.0000,Stutter,0
stutter_long,791,1.2500,0.9791,1.0000,0.9709,0.9985,0.0000,Stutter,0
stutter_long,792,1.2667,0.9402,1.0000,0.9695,0.9985,0.0000,Stutter,0
stutter_long,793,1.2833,0.9857,1.0000,0.9703,0.9985,0.0000,Stutter,0
stutter_long,794,1.3000,0.9868,1.0000,0.9710,0.9986,0.0000,Stutter,0
stutter_long,795,1.3167,0.9404,1.0000,0.9696,0.9986,0.0000,Stutter,0
stutter_long,796,1.3333,0.9779,1.0000,0.9700,0.9986,0.0000,Stutter,0
stutter_long,797,1.3500,0.9930,1.0000,0.9711,0.9986,0.0000,Stutter,0
stutter_long,798,1.3667,0.9429,1.0000,0.9698,0.9986,0.0000,Stutter,0
stutter_long,799,1.3833,0.9695,1.0000,0.9697,0.9986,0.0000,Stutter,0
stutter_long,800,1.4000,0.9975,1.0000,0.9710,0.9986,0.0000,Stutter,0
stutter_long,801,1.4167,0.9476,1.0000,0.9699,0.9986,0.0000,Stutter,0
stutter_long,802,1.4333,0.9611,1.0000,0.9695,0.9986,0.0000,Stutter,0
stutter_long,803,1.4500,0.9998,1.0000,0.9709,0.9987,0.0000,Stutter,0
stutter_long,804,1.4667,0.9541,1.0000,0.9702,0.9987,0.0000,Stutter,0
stutter_long,805,1.4833,0.9535,1.0000,0.9694,0.9987,0.0000,Stutter,0
stutter_long,806,1.5000,0.9996,1.0000,0.9708,0.9987,0.0000,Stutter,0
stutter_long,807,1.5167,0.9619,1.0000,0.9704,0.9987,0.0000,Stutter,0
stutter_long,808,1.5333,0.9471,1.0000,0.9693,0.9987,0.0000,Stutter,0
stutter_long,809,1.5500,0.9972,1.0000,0.9706,0.9987,0.0000,Stutter,0
stutter_long,810,1.5667,0.9703,1.0000,0.9706,0.9987,0.0000,Stutter,0
stutter_long,811,1.5833,0.9426,1.0000,0.9693,0.9987,0.0000,Stutter,0
stutter_long,812,1.6000,0.9925,1.0000,0.9704,0.9988,0.0000,Stutter,0
stutter_long,813,1.6167,0.9786,1.0000,0.9707,0.9988,0.0000,Stutter,0
stutter_long,814,1.6333,0.9403,1.0000,0.9693,0.9988,0.0000,Stutter,0
stutter_long,815,1.6500,0.9861,1.0000,0.9701,0.9988,0.0000,Stutter,0
stutter_long,816,1.6667,0.9863,1.0000,0.9709,0.9988,0.0000,Stutter,0
stutter_long,817,1.6833,0.9403,1.0000,0.9694,0.9988,0.0000,Stutter,0
stutter_long,818,1.7000,0.9784,1.0000,0.9699,0.9988,0.0000,Stutter,0
stutter_long,819,1.7167,0.9927,1.0000,0.9709,0.9988,0.0000,Stutter,0
stutter_long,820,1.7333,0.9427,1.0000,0.9696,0.9988,0.0000,Stutter,0
stutter_long,821,1.7500,0.9700,1.0000,0.9696,0.9988,0.0000,Stutter,0
stutter_long,822,1.7667,0.9973,1.0000,0.9709,0.9989,0.0000,Stutter,0
stutter_long,823,1.7833,0.9473,1.0000,0.9698,0.9989,0.0000,Stutter,0
stutter_long,824,1.8000,0.9616,1.0000,0.9694,0.9989,0.0000,Stutter,0
stutter_long,825,1.8167,0.9997,1.0000,0.9708,0.9989,0.0000,Stutter,0
stutter_long,826,1.8333,0.9537,1.0000,0.9700,0.9989,0.0000,Stutter,0
stutter_long,827,1.8500,0.9539,1.0000,0.9693,0.9989,0.0000,Stutter,0
stutter_long,828,1.8667,0.9997,1.0000,0.9707,0.9989,0.0000,Stutter,0
stutter_long,829,1.8833,0.9614,1.0000,0.9703,0.9989,0.0000,Stutter,0
stutter_long,830,1.9000,0.9475,1.0000,0.9692,0.9989,0.0000,Stutter,0
stutter_long,831,1.9167,0.9974,1.0000,0.9705,0.9989,0.0000,Stutter,0
stutter_long,832,1.9333,0.9698,1.0000,0.9705,0.9989,0.0000,Stutter,0
stutter_long,833,1.9500,0.9428,1.0000,0.9692,0.9990,0.0000,Stutter,0
stutter_long,834,1.9667,0.9929,1.0000,0.9703,0.9990,0.0000,Stutter,0
stutter_long,835,1.9833,0.9782,1.0000,0.9707,0.9990,0.0000,Stutter,0
stutter_long,836,2.0000,0.9404,1.0000,0.9693,0.9990,0.0000,Stutter,0
stutter_long,837,2.0167,0.9865,1.0000,0.9701,0.9990,0.0000,Stutter,0
stutter_long,838,2.0333,0.9859,1.0000,0.9708,0.9990,0.0000,Stutter,0
stutter_long,839,2.0500,0.9403,1.0000,0.9694,0.9990,0.0000,Stutter,0
stutter_long,840,2.0667,0.9789,1.0000,0.9698,0.9990,0.0000,Stutter,0
stutter_long,841,2.0833,0.9924,1.0000,0.9709,0.9990,0.0000,Stutter,0
stutter_long,842,2.1000,0.9425,1.0000,0.9695,0.9990,0.0000,Stutter,0
stutter_long,843,2.1167,0.9705,1.0000,0.9696,0.9990,0.0000,Stutter,0
stutter_long,844,2.1333,0.9971,1.0000,0.9709,0.9990,0.0000,Stutter,0
stutter_long,845,2.1500,0.9470,1.0000,0.9698,0.9991,0.0000,Stutter,0
stutter_long,846,2.1667,0.9621,1.0000,0.9694,0.9991,0.0000,Stutter,0
stutter_long,847,2.1833,0.9996,1.0000,0.9708,0.9991,0.0000,Stutter,0
stutter_long,848,2.2000,0.9533,1.0000,0.9700,0.9991,0.0000,Stutter,0
stutter_long,849,2.2167,0.9543,1.0000,0.9693,0.9991,0.0000,Stutter,0
stutter_long,850,2.2333,0.9998,1.0000,0.9707,0.9991,0.0000,Stutter,0
stutter_long,851,2.2500,0.0500,0.3472,0.9279,0.9970,0.0000,Stutter,0
stutter_long,852,2.2667,0.0500,0.5253,0.8870,0.9950,0.0000,Stutter,0
stutter_long,853,2.2833,0.9500,1.0000,0.8900,0.9950,0.0000,Stutter,0
stutter_long,854,2.3000,0.9500,1.0000,0.8928,0.9950,0.0000,Stutter,0
stutter_long,855,2.3167,0.9500,1.0000,0.8954,0.9951,0.0000,Stutter,0
stutter_long,856,2.3333,0.0500,0.3431,0.8561,0.9930,0.0000,Stutter,0
stutter_long,857,2.3500,0.9500,1.0000,0.8605,0.9931,0.0000,Stutter,0
stutter_long,858,2.3667,0.9500,1.0000,0.8646,0.9931,0.0000,Stutter,0
stutter_long,859,2.3833,0.9500,1.0000,0.8686,0.9932,0.0000,Stutter,0
stutter_long,860,2.4000,0.9500,1.0000,0.8724,0.9932,0.0000,Stutter,0
stutter_long,861,2.4167,0.0500,0.5161,0.8341,0.9912,0.0000,Stutter,0
stutter_long,862,2.4333,0.0500,0.5187,0.7977,0.9892,0.0000,Stutter,0
stutter_long,863,2.4500,0.0500,0.5211,0.7629,0.9871,0.0000,Stutter,0
stutter_long,864,2.4667,0.9500,1.0000,0.7716,0.9872,0.0000,Stutter,0
stutter_long,865,2.4833,0.9500,1.0000,0.7799,0.9873,0.0000,Stutter,0
stutter_long,866,2.5000,0.9500,1.0000,0.7878,0.9874,0.0000,Stutter,0
stutter_long,867,2.5167,0.0500,0.5170,0.7535,0.9854,0.0000,Stutter,0
stutter_long,868,2.5333,0.0500,0.5353,0.7208,0.9834,0.0000,Stutter,0
stutter_long,869,2.5500,0.9500,1.0000,0.7315,0.9835,0.0000,Stutter,0
stutter_long,870,2.5667,0.9500,1.0000,0.7416,0.9837,0.0000,Stutter,0
stutter_long,871,2.5833,0.0500,0.5264,0.7095,0.9817,0.0000,Stutter,0
stutter_long,872,2.6000,0.0500,0.5293,0.6788,0.9797,0.0000,Stutter,0
stutter_long,873,2.6167,0.0500,0.5241,0.6495,0.9777,0.0000,Stutter,0
stutter_long,874,2.6333,0.0500,0.5204,0.6217,0.9757,0.0000,Stutter,0
stutter_long,875,2.6500,0.0500,0.5202,0.5951,0.9737,0.0000,Stutter,0
stutter_long,876,2.6667,0.9500,1.0000,0.6116,0.9739,0.0000,Stutter,0
stutter_long,877,2.6833,0.9433,1.0000,0.6270,0.9741,0.0000,Stutter,0
stutter_long,878,2.7000,0.9935,1.0000,0.6441,0.9743,0.0000,Stutter,0
stutter_long,879,2.7167,0.9772,1.0000,0.6595,0.9746,0.0000,Stutter,0
stutter_long,880,2.7333,0.9405,1.0000,0.6726,0.9748,0.0000,Stutter,0
stutter_long,881,2.7500,0.9874,1.0000,0.6872,0.9750,0.0000,Stutter,0
stutter_long,882,2.7667,0.9850,1.0000,0.7011,0.9752,0.0000,Stutter,0
stutter_long,883,2.7833,0.9401,1.0000,0.7122,0.9754,0.0000,Stutter,0
stutter_long,884,2.8000,0.9798,1.0000,0.7247,0.9756,0.0000,Stutter,0
stutter_long,885,2.8167,0.9917,1.0000,0.7371,0.9758,0.0000,Stutter,0
stutter_long,886,2.8333,0.9421,1.0000,0.7466,0.9760,0.0000,Stutter,0
stutter_long,887,2.8500,0.9715,1.0000,0.7571,0.9762,0.0000,Stutter,0
stutter_long,888,2.8667,0.9966,1.0000,0.7682,0.9764,0.0000,Stutter,0
stutter_long,889,2.8833,0.9463,1.0000,0.7765,0.9766,0.0000,Stutter,0
stutter_long,890,2.9000,0.9631,1.0000,0.7852,0.9768,0.0000,Stutter,0
stutter_long,891,2.9167,0.9994,1.0000,0.7951,0.9770,0.0000,Stutter,0
stutter_long,892,2.9333,0.9524,1.0000,0.8024,0.9772,0.0000,Stutter,0
stutter_long,893,2.9500,0.9552,1.0000,0.8096,0.9774,0.0000,Stutter,0
stutter_long,894,2.9667,0.9999,1.0000,0.8184,0.9775,0.0000,Stutter,0
stutter_long,895,2.9833,0.9599,1.0000,0.8250,0.9777,0.0000,Stutter,0
stutter_long,896,3.0000,0.9485,1.0000,0.8307,0.9779,0.0000,Stutter,0
stutter_long,897,3.0167,0.9980,1.0000,0.8385,0.9781,0.0000,Stutter,0
stutter_long,898,3.0333,0.9682,1.0000,0.8445,0.9783,0.0000,Stutter,0
stutter_long,899,3.0500,0.9435,1.0000,0.8491,0.9785,0.0000,Stutter,0
stutter_long,900,3.0667,0.9938,1.0000,0.8559,0.9786,0.0000,Stutter,0
stutter_long,901,3.0833,0.9767,1.0000,0.8615,0.9788,0.0000,Stutter,0
stutter_long,902,3.1000,0.9406,1.0000,0.8652,0.9790,0.0000,Stutter,0
stutter_long,903,3.1167,0.9878,1.0000,0.8709,0.9792,0.0000,Stutter,0
stutter_long,904,3.1333,0.9846,1.0000,0.8762,0.9793,0.0000,Stutter,0
stutter_long,905,3.1500,0.9401,1.0000,0.8791,0.9795,0.0000,Stutter,0
stutter_long,906,3.1667,0.9803,1.0000,0.8838,0.9797,0.0000,Stutter,0
stutter_long,907,3.1833,0.9913,1.0000,0.8888,0.9798,0.0000,Stutter,0
stutter_long,908,3.2000,0.9419,1.0000,0.8913,0.9800,0.0000,Stutter,0
stutter_long,909,3.2167,0.9720,1.0000,0.8951,0.9802,0.0000,Stutter,0
stutter_long,910,3.2333,0.9964,1.0000,0.8998,0.9803,0.0000,Stutter,0
stutter_long,911,3.2500,0.9460,1.0000,0.9019,0.9805,0.0000,Stutter,0
stutter_long,912,3.2667,0.9636,1.0000,0.9048,0.9807,0.0000,Stutter,0
stutter_long,913,3.2833,0.9993,1.0000,0.9092,0.9808,0.0000,Stutter,0
stutter_long,914,3.3000,0.9520,1.0000,0.9112,0.9810,0.0000,Stutter,0
stutter_long,915,3.3167,0.9556,1.0000,0.9132,0.9811,0.0000,Stutter,0
stutter_long,916,3.3333,0.9999,1.0000,0.9173,0.9813,0.0000,Stutter,0
stutter_long,917,3.3500,0.9594,1.0000,0.9192,0.9815,0.0000,Stutter,0
stutter_long,918,3.3667,0.9489,1.0000,0.9206,0.9816,0.0000,Stutter,0
stutter_long,919,3.3833,0.9982,1.0000,0.9242,0.9818,0.0000,Stutter,0
stutter_long,920,3.4000,0.9677,1.0000,0.9262,0.9819,0.0000,Stutter,0
stutter_long,921,3.4167,0.9437,1.0000,0.9271,0.9821,0.0000,Stutter,0
stutter_long,922,3.4333,0.9941,1.0000,0.9302,0.9822,0.0000,Stutter,0
stutter_long,923,3.4500,0.9762,1.0000,0.9323,0.9824,0.0000,Stutter,0
stutter_long,924,3.4667,0.9407,1.0000,0.9327,0.9825,0.0000,Stutter,0
stutter_long,925,3.4833,0.9882,1.0000,0.9353,0.9827,0.0000,Stutter,0
stutter_long,926,3.5000,0.9841,1.0000,0.9376,0.9828,0.0000,Stutter,0
stutter_long,927,3.5167,0.9401,1.0000,0.9377,0.9829,0.0000,Stutter,0
stutter_long,928,3.5333,0.9808,1.0000,0.9397,0.9831,0.0000,Stutter,0
stutter_long,929,3.5500,0.9910,1.0000,0.9421,0.9832,0.0000,Stutter,0
stutter_long,930,3.5667,0.9418,1.0000,0.9420,0.9834,0.0000,Stutter,0
stutter_long,931,3.5833,0.9725,1.0000,0.9435,0.9835,0.0000,Stutter,0
stutter_long,932,3.6000,0.9961,1.0000,0.9459,0.9836,0.0000,Stutter,0
stutter_long,933,3.6167,0.9457,1.0000,0.9459,0.9838,0.0000,Stutter,0
stutter_long,934,3.6333,0.9641,1.0000,0.9468,0.9839,0.0000,Stutter,0
stutter_long,935,3.6500,0.9992,1.0000,0.9492,0.9840,0.0000,Stutter,0
stutter_long,936,3.6667,0.9516,1.0000,0.9493,0.9842,0.0000,Stutter,0
stutter_long,937,3.6833,0.9561,1.0000,0.9496,0.9843,0.0000,Stutter,0
stutter_long,938,3.7000,1.0000,1.0000,0.9520,0.9844,0.0000,Stutter,0
stutter_long,939,3.7167,0.9590,1.0000,0.9523,0.9846,0.0000,Stutter,0
stutter_long,940,3.7333,0.9492,1.0000,0.9521,0.9847,0.0000,Stutter,0
stutter_long,941,3.7500,0.9983,1.0000,0.9543,0.9848,0.0000,Stutter,0
stutter_long,942,3.7667,0.9672,1.0000,0.9549,0.9849,0.0000,Stutter,0
stutter_long,943,3.7833,0.9440,1.0000,0.9544,0.9851,0.0000,Stutter,0
stutter_long,944,3.8000,0.9944,1.0000,0.9562,0.9852,0.0000,Stutter,0
stutter_long,945,3.8167,0.9757,1.0000,0.9572,0.9853,0.0000,Stutter,0
stutter_long,946,3.8333,0.9409,1.0000,0.9564,0.9854,0.0000,Stutter,0
stutter_long,947,3.8500,0.9886,1.0000,0.9579,0.9856,0.0000,Stutter,0
stutter_long,948,3.8667,0.9837,1.0000,0.9591,0.9857,0.0000,Stutter,0
stutter_long,949,3.8833,0.9400,1.0000,0.9582,0.9858,0.0000,Stutter,0
stutter_long,950,3.9000,0.9813,1.0000,0.9593,0.9859,0.0000,Stutter,0
stutter_long,951,3.9167,0.9906,1.0000,0.9607,0.9860,0.0000,Stutter,0
stutter_long,952,3.9333,0.9416,1.0000,0.9598,0.9861,0.0000,Stutter,0
stutter_long,953,3.9500,0.9730,1.0000,0.9605,0.9863,0.0000,Stutter,0
stutter_long,954,3.9667,0.9959,1.0000,0.9621,0.9864,0.0000,Stutter,0
stutter_long,955,3.9833,0.9454,1.0000,0.9613,0.9865,0.0000,Stutter,0
stutter_long,956,4.0000,0.9646,1.0000,0.9615,0.9866,0.0000,Stutter,0
stutter_long,957,4.0167,0.9991,1.0000,0.9632,0.9867,0.0000,Stutter,0
stutter_long,958,4.0333,0.9512,1.0000,0.9627,0.9868,0.0000,Stutter,0
stutter_long,959,4.0500,0.9566,1.0000,0.9624,0.9869,0.0000,Stutter,0
stutter_long,960,4.0667,1.0000,1.0000,0.9641,0.9870,0.0000,Stutter,0
stutter_long,961,4.0833,0.9585,1.0000,0.9639,0.9872,0.0000,Stutter,0
stutter_long,962,4.1000,0.9496,1.0000,0.9632,0.9873,0.0000,Stutter,0
stutter_long,963,4.1167,0.9985,1.0000,0.9648,0.9874,0.0000,Stutter,0
stutter_long,964,4.1333,0.9667,1.0000,0.9649,0.9875,0.0000,Stutter,0
stutter_long,965,4.1500,0.9443,1.0000,0.9640,0.9876,0.0000,Stutter,0
stutter_long,966,4.1667,0.9947,1.0000,0.9654,0.9877,0.0000,Stutter,0
stutter_long,967,4.1833,0.9752,1.0000,0.9659,0.9878,0.0000,Stutter,0
stutter_long,968,4.2000,0.9410,1.0000,0.9647,0.9879,0.0000,Stutter,0
stutter_long,969,4.2167,0.9890,1.0000,0.9658,0.9880,0.0000,Stutter,0
stutter_long,970,4.2333,0.9832,1.0000,0.9666,0.9881,0.0000,Stutter,0
stutter_long,971,4.2500,0.9400,1.0000,0.9654,0.9882,0.0000,Stutter,0
stutter_long,972,4.2667,0.9817,1.0000,0.9662,0.9883,0.0000,Stutter,0
stutter_long,973,4.2833,0.9902,1.0000,0.9673,0.9884,0.0000,Stutter,0
stutter_long,974,4.3000,0.9414,1.0000,0.9661,0.9885,0.0000,Stutter,0
stutter_long,975,4.3167,0.9736,1.0000,0.9664,0.9886,0.0000,Stutter,0
stutter_long,976,4.3333,0.9956,1.0000,0.9678,0.9887,0.0000,Stutter,0
stutter_long,977,4.3500,0.9451,1.0000,0.9667,0.9888,0.0000,Stutter,0
stutter_long,978,4.3667,0.9651,1.0000,0.9667,0.9888,0.0000,Stutter,0
stutter_long,979,4.3833,0.9990,1.0000,0.9682,0.9889,0.0000,Stutter,0
stutter_long,980,4.4000,0.9508,1.0000,0.9673,0.9890,0.0000,Stutter,0
stutter_long,981,4.4167,0.9570,1.0000,0.9669,0.9891,0.0000,Stutter,0
stutter_long,982,4.4333,1.0000,1.0000,0.9684,0.9892,0.0000,Stutter,0
stutter_long,983,4.4500,0.9580,1.0000,0.9679,0.9893,0.0000,Stutter,0
stutter_long,984,4.4667,0.9500,1.0000,0.9671,0.9894,0.0000,Stutter,0
stutter_long,985,4.4833,0.9986,1.0000,0.9686,0.9895,0.0000,Stutter,0
stutter_long,986,4.5000,0.9662,1.0000,0.9684,0.9896,0.0000,Stutter,0
stutter_long,987,4.5167,0.9445,1.0000,0.9673,0.9897,0.0000,Stutter,0
stutter_long,988,4.5333,0.9950,1.0000,0.9686,0.9897,0.0000,Stutter,0
stutter_long,989,4.5500,0.9747,1.0000,0.9689,0.9898,0.0000,Stutter,0
stutter_long,990,4.5667,0.9411,1.0000,0.9676,0.9899,0.0000,Stutter,0
stutter_long,991,4.5833,0.9894,1.0000,0.9686,0.9900,0.0000,Stutter,0
stutter_long,992,4.6000,0.9828,1.0000,0.9693,0.9901,0.0000,Stutter,0
stutter_long,993,4.6167,0.9400,1.0000,0.9679,0.9902,0.0000,Stutter,0
stutter_long,994,4.6333,0.9822,1.0000,0.9686,0.9902,0.0000,Stutter,0
stutter_long,995,4.6500,0.9898,1.0000,0.9696,0.9903,0.0000,Stutter,0
stutter_long,996,4.6667,0.9413,1.0000,0.9683,0.9904,0.0000,Stutter,0
stutter_long,997,4.6833,0.9741,1.0000,0.9685,0.9905,0.0000,Stutter,0
stutter_long,998,4.7000,0.9953,1.0000,0.9698,0.9906,0.0000,Stutter,0
stutter_long,999,4.7167,0.9448,1.0000,0.9686,0.9906,0.0000,Stutter,0
stutter_long,1000,4.7333,0.9656,1.0000,0.9685,0.9907,0.0000,Stutter,0
stutter_long,1001,4.7500,0.9988,1.0000,0.9699,0.9908,0.0000,Stutter,0
stutter_long,1002,4.7667,0.9504,1.0000,0.9690,0.9909,0.0000,Stutter,0
stutter_long,1003,4.7833,0.9575,1.0000,0.9684,0.9909,0.0000,Stutter,0
stutter_long,1004,4.8000,1.0000,1.0000,0.9699,0.9910,0.0000,Stutter,0
stutter_long,1005,4.8167,0.9576,1.0000,0.9693,0.9911,0.0000,Stutter,0
stutter_long,1006,4.8333,0.9504,1.0000,0.9685,0.9912,0.0000,Stutter,0
stutter_long,1007,4.8500,0.9988,1.0000,0.9699,0.9912,0.0000,Stutter,0
stutter_long,1008,4.8667,0.9657,1.0000,0.9697,0.9913,0.0000,Stutter,0
stutter_long,1009,4.8833,0.9448,1.0000,0.9685,0.9914,0.0000,Stutter,0
stutter_long,1010,4.9000,0.9953,1.0000,0.9698,0.9915,0.0000,Stutter,0
stutter_long,1011,4.9167,0.9742,1.0000,0.9700,0.9915,0.0000,Stutter,0
stutter_long,1012,4.9333,0.9413,1.0000,0.9686,0.9916,0.0000,Stutter,0
stutter_long,1013,4.9500,0.9898,1.0000,0.9696,0.9917,0.0000,Stutter,0
stutter_long,1014,4.9667,0.9823,1.0000,0.9702,0.9917,0.0000,Stutter,0
stutter_long,1015,4.9833,0.9400,1.0000,0.9688,0.9918,0.0000,Stutter,0
stutter_long,1016,5.0000,0.9827,1.0000,0.9694,0.9919,0.0000,Stutter,0
stutter_long,1017,5.0167,0.9895,1.0000,0.9704,0.9919,0.0000,Stutter,0
stutter_long,1018,5.0333,0.9411,1.0000,0.9690,0.9920,0.0000,Stutter,0
stutter_long,1019,5.0500,0.9746,1.0000,0.9693,0.9921,0.0000,Stutter,0
stutter_long,1020,5.0667,0.9951,1.0000,0.9705,0.9921,0.0000,Stutter,0
stutter_long,1021,5.0833,0.9446,1.0000,0.9693,0.9922,0.0000,Stutter,0
stutter_long,1022,5.1000,0.9661,1.0000,0.9691,0.9923,0.0000,Stutter,0
stutter_long,1023,5.1167,0.9987,1.0000,0.9705,0.9923,0.0000,Stutter,0
stutter_long,1024,5.1333,0.9500,1.0000,0.9695,0.9924,0.0000,Stutter,0
stutter_long,1025,5.1500,0.9579,1.0000,0.9690,0.9925,0.0000,Stutter,0
stutter_long,1026,5.1667,1.0000,1.0000,0.9704,0.9925,0.0000,Stutter,0
stutter_long,1027,5.1833,0.9571,1.0000,0.9698,0.9926,0.0000,Stutter,0
stutter_long,1028,5.2000,0.9507,1.0000,0.9689,0.9926,0.0000,Stutter,0
stutter_long,1029,5.2167,0.9989,1.0000,0.9703,0.9927,0.0000,Stutter,0
stutter_long,1030,5.2333,0.9652,1.0000,0.9701,0.9928,0.0000,Stutter,0
stutter_long,1031,5.2500,0.9451,1.0000,0.9689,0.9928,0.0000,Stutter,0
stutter_long,1032,5.2667,0.9956,1.0000,0.9702,0.9929,0.0000,Stutter,0
stutter_long,1033,5.2833,0.9737,1.0000,0.9703,0.9929,0.0000,Stutter,0
stutter_long,1034,5.3000,0.9414,1.0000,0.9690,0.9930,0.0000,Stutter,0
stutter_long,1035,5.3167,0.9901,1.0000,0.9700,0.9931,0.0000,Stutter,0
stutter_long,1036,5.3333,0.9818,1.0000,0.9705,0.9931,0.0000,Stutter,0
stutter_long,1037,5.3500,0.9400,1.0000,0.9691,0.9932,0.0000,Stutter,0
stutter_long,1038,5.3667,0.9831,1.0000,0.9698,0.9932,0.0000,Stutter,0
stutter_long,1039,5.3833,0.9891,1.0000,0.9707,0.9933,0.0000,Stutter,0
stutter_long,1040,5.4000,0.9410,1.0000,0.9693,0.9933,0.0000,Stutter,0
stutter_long,1041,5.4167,0.9751,1.0000,0.9695,0.9934,0.0000,Stutter,0
stutter_long,1042,5.4333,0.9948,1.0000,0.9707,0.9935,0.0000,Stutter,0
stutter_long,1043,5.4500,0.9443,1.0000,0.9695,0.9935,0.0000,Stutter,0
stutter_long,1044,5.4667,0.9666,1.0000,0.9694,0.9936,0.0000,Stutter,0
stutter_long,1045,5.4833,0.9985,1.0000,0.9707,0.9936,0.0000,Stutter,0
stutter_long,1046,5.5000,0.9497,1.0000,0.9697,0.9937,0.0000,Stutter,0
stutter_long,1047,5.5167,0.9584,1.0000,0.9692,0.9937,0.0000,Stutter,0
stutter_long,1048,5.5333,1.0000,1.0000,0.9706,0.9938,0.0000,Stutter,0
stutter_long,1049,5.5500,0.9566,1.0000,0.9700,0.9938,0.0000,Stutter,0
stutter_long,1050,5.5667,0.9511,1.0000,0.9691,0.9939,0.0000,Stutter,0
stutter_long,1051,5.5833,0.9991,1.0000,0.9705,0.9939,0.0000,Stutter,0
stutter_long,1052,5.6000,0.9647,1.0000,0.9702,0.9940,0.0000,Stutter,0
stutter_long,1053,5.6167,0.9454,1.0000,0.9691,0.9940,0.0000,Stutter,0
stutter_long,1054,5.6333,0.9958,1.0000,0.9703,0.9941,0.0000,Stutter,0
stutter_long,1055,5.6500,0.9731,1.0000,0.9704,0.9941,0.0000,Stutter,0
stutter_long,1056,5.6667,0.9416,1.0000,0.9691,0.9942,0.0000,Stutter,0
stutter_long,1057,5.6833,0.9905,1.0000,0.9701,0.9942,0.0000,Stutter,0
stutter_long,1058,5.7000,0.9814,1.0000,0.9706,0.9943,0.0000,Stutter,0
stutter_long,1059,5.7167,0.9400,1.0000,0.9692,0.9943,0.0000,Stutter,0
stutter_long,1060,5.7333,0.9836,1.0000,0.9699,0.9944,0.0000,Stutter,0
stutter_long,1061,5.7500,0.9887,1.0000,0.9707,0.9944,0.0000,Stutter,0
stutter_long,1062,5.7667,0.9409,1.0000,0.9694,0.9945,0.0000,Stutter,0
stutter_long,1063,5.7833,0.9756,1.0000,0.9696,0.9945,0.0000,Stutter,0
stutter_long,1064,5.8000,0.9945,1.0000,0.9708,0.9946,0.0000,Stutter,0
stutter_long,1065,5.8167,0.9440,1.0000,0.9696,0.9946,0.0000,Stutter,0
stutter_long,1066,5.8333,0.9671,1.0000,0.9694,0.9946,0.0000,Stutter,0
stutter_long,1067,5.8500,0.9984,1.0000,0.9708,0.9947,0.0000,Stutter,0
stutter_long,1068,5.8667,0.9493,1.0000,0.9698,0.9947,0.0000,Stutter,0
stutter_long,1069,5.8833,0.9589,1.0000,0.9693,0.9948,0.0000,Stutter,0
stutter_long,1070,5.9000,1.0000,1.0000,0.9707,0.9948,0.0000,Stutter,0
stutter_long,1071,5.9167,0.9562,1.0000,0.9700,0.9949,0.0000,Stutter,0
stutter_long,1072,5.9333,0.9515,1.0000,0.9692,0.9949,0.0000,Stutter,0
stutter_long,1073,5.9500,0.9992,1.0000,0.9706,0.9949,0.0000,Stutter,0
stutter_long,1074,5.9667,0.9642,1.0000,0.9703,0.9950,0.0000,Stutter,0
stutter_long,1075,5.9833,0.9457,1.0000,0.9691,0.9950,0.0000,Stutter,0
stutter_long,1076,6.0000,0.9961,1.0000,0.9704,0.9951,0.0000,Stutter,0
stutter_long,1077,6.0167,0.9726,1.0000,0.9705,0.9951,0.0000,Stutter,0
stutter_long,1078,6.0333,0.9417,1.0000,0.9691,0.9952,0.0000,Stutter,0
stutter_long,1079,6.0500,0.9909,1.0000,0.9702,0.9952,0.0000,Stutter,0
stutter_long,1080,6.0667,0.9809,1.0000,0.9707,0.9952,0.0000,Stutter,0
stutter_long,1081,6.0833,0.9401,1.0000,0.9692,0.9953,0.0000,Stutter,0
stutter_long,1082,6.1000,0.9840,1.0000,0.9699,0.9953,0.0000,Stutter,0
stutter_long,1083,6.1167,0.9883,1.0000,0.9708,0.9954,0.0000,Stutter,0
stutter_long,1084,6.1333,0.9408,1.0000,0.9694,0.9954,0.0000,Stutter,0
stutter_long,1085,6.1500,0.9761,1.0000,0.9697,0.9954,0.0000,Stutter,0
stutter_long,1086,6.1667,0.9942,1.0000,0.9708,0.9955,0.0000,Stutter,0
stutter_long,1087,6.1833,0.9438,1.0000,0.9696,0.9955,0.0000,Stutter,0
stutter_long,1088,6.2000,0.9676,1.0000,0.9695,0.9955,0.0000,Stutter,0
stutter_long,1089,6.2167,0.9982,1.0000,0.9708,0.9956,0.0000,Stutter,0
stutter_long,1090,6.2333,0.9489,1.0000,0.9698,0.9956,0.0000,Stutter,0
stutter_long,1091,6.2500,0.9594,1.0000,0.9693,0.9957,0.0000,Stutter,0
stutter_long,1092,6.2667,0.9999,1.0000,0.9707,0.9957,0.0000,Stutter,0
stutter_long,1093,6.2833,0.9557,1.0000,0.9700,0.9957,0.0000,Stutter,0
stutter_long,1094,6.3000,0.9519,1.0000,0.9692,0.9958,0.0000,Stutter,0
stutter_long,1095,6.3167,0.9993,1.0000,0.9706,0.9958,0.0000,Stutter,0
stutter_long,1096,6.3333,0.9637,1.0000,0.9703,0.9958,0.0000,Stutter,0
stutter_long,1097,6.3500,0.9460,1.0000,0.9691,0.9959,0.0000,Stutter,0
stutter_long,1098,6.3667,0.9963,1.0000,0.9704,0.9959,0.0000,Stutter,0
stutter_long,1099,6.3833,0.9721,1.0000,0.9705,0.9959,0.0000,Stutter,0
stutter_long,1100,6.4000,0.9419,1.0000,0.9692,0.9960,0.0000,Stutter,0
stutter_long,1101,6.4167,0.9913,1.0000,0.9702,0.9960,0.0000,Stutter,0
stutter_long,1102,6.4333,0.9804,1.0000,0.9707,0.9960,0.0000,Stutter,0
stutter_long,1103,6.4500,0.9401,1.0000,0.9692,0.9961,0.0000,Stutter,0
stutter_long,1104,6.4667,0.9845,1.0000,0.9699,0.9961,0.0000,Stutter,0
stutter_long,1105,6.4833,0.9879,1.0000,0.9708,0.9961,0.0000,Stutter,0
stutter_long,1106,6.5000,0.9406,1.0000,0.9694,0.9962,0.0000,Stutter,0
stutter_long,1107,6.5167,0.9766,1.0000,0.9697,0.9962,0.0000,Stutter,0
stutter_long,1108,6.5333,0.9939,1.0000,0.9708,0.9962,0.0000,Stutter,0
stutter_long,1109,6.5500,0.9436,1.0000,0.9696,0.9963,0.0000,Stutter,0
stutter_long,1110,6.5667,0.9681,1.0000,0.9695,0.9963,0.0000,Stutter,0
stutter_long,1111,6.5833,0.9980,1.0000,0.9708,0.9963,0.0000,Stutter,0
stutter_long,1112,6.6000,0.9486,1.0000,0.9698,0.9963,0.0000,Stutter,0
stutter_long,1113,6.6167,0.9598,1.0000,0.9693,0.9964,0.0000,Stutter,0
stutter_long,1114,6.6333,0.9999,1.0000,0.9708,0.9964,0.0000,Stutter,0
stutter_long,1115,6.6500,0.9553,1.0000,0.9700,0.9964,0.0000,Stutter,0
stutter_long,1116,6.6667,0.9524,1.0000,0.9692,0.9965,0.0000,Stutter,0
stutter_long,1117,6.6833,0.9994,1.0000,0.9706,0.9965,0.0000,Stutter,0
stutter_long,1118,6.7000,0.9632,1.0000,0.9703,0.9965,0.0000,Stutter,0
stutter_long,1119,6.7167,0.9463,1.0000,0.9692,0.9966,0.0000,Stutter,0
stutter_long,1120,6.7333,0.9966,1.0000,0.9704,0.9966,0.0000,Stutter,0
stutter_long,1121,6.7500,0.9716,1.0000,0.9705,0.9966,0.0000,Stutter,0
stutter_long,1122,6.7667,0.9421,1.0000,0.9692,0.9966,0.0000,Stutter,0
stutter_long,1123,6.7833,0.9916,1.0000,0.9702,0.9967,0.0000,Stutter,0
stutter_long,1124,6.8000,0.9799,1.0000,0.9707,0.9967,0.0000,Stutter,0
stutter_long,1125,6.8167,0.9401,1.0000,0.9692,0.9967,0.0000,Stutter,0
stutter_long,1126,6.8333,0.9849,1.0000,0.9700,0.9968,0.0000,Stutter,0
stutter_long,1127,6.8500,0.9874,1.0000,0.9708,0.9968,0.0000,Stutter,0
stutter_long,1128,6.8667,0.9405,1.0000,0.9694,0.9968,0.0000,Stutter,0
stutter_long,1129,6.8833,0.9771,1.0000,0.9697,0.9968,0.0000,Stutter,0
stutter_long,1130,6.9000,0.9936,1.0000,0.9708,0.9969,0.0000,Stutter,0
stutter_long,1131,6.9167,0.9433,1.0000,0.9696,0.9969,0.0000,Stutter,0
stutter_long,1132,6.9333,0.9686,1.0000,0.9695,0.9969,0.0000,Stutter,0
stutter_long,1133,6.9500,0.9978,1.0000,0.9708,0.9969,0.0000,Stutter,0
stutter_long,1134,6.9667,0.9482,1.0000,0.9698,0.9970,0.0000,Stutter,0
stutter_long,1135,6.9833,0.9603,1.0000,0.9693,0.9970,0.0000,Stutter,0
stutter_long,1136,7.0000,0.9998,1.0000,0.9708,0.9970,0.0000,Stutter,0
stutter_long,1137,7.0167,0.9548,1.0000,0.9700,0.9970,0.0000,Stutter,0
stutter_long,1138,7.0333,0.9528,1.0000,0.9692,0.9971,0.0000,Stutter,0
stutter_long,1139,7.0500,0.9995,1.0000,0.9706,0.9971,0.0000,Stutter,0
stutter_long,1140,7.0667,0.9627,1.0000,0.9703,0.9971,0.0000,Stutter,0
stutter_long,1141,7.0833,0.9466,1.0000,0.9692,0.9971,0.0000,Stutter,0
stutter_long,1142,7.1000,0.9968,1.0000,0.9704,0.9972,0.0000,Stutter,0
stutter_long,1143,7.1167,0.9711,1.0000,0.9705,0.9972,0.0000,Stutter,0
stutter_long,1144,7.1333,0.9423,1.0000,0.9692,0.9972,0.0000,Stutter,0
stutter_long,1145,7.1500,0.9920,1.0000,0.9702,0.9972,0.0000,Stutter,0
stutter_long,1146,7.1667,0.9794,1.0000,0.9707,0.9973,0.0000,Stutter,0
stutter_long,1147,7.1833,0.9402,1.0000,0.9692,0.9973,0.0000,Stutter,0
stutter_long,1148,7.2000,0.9854,1.0000,0.9700,0.9973,0.0000,Stutter,0
stutter_long,1149,7.2167,0.9870,1.0000,0.9708,0.9973,0.0000,Stutter,0
stutter_long,1150,7.2333,0.9405,1.0000,0.9694,0.9973,0.0000,Stutter,0
stutter_long,1151,7.2500,0.9776,1.0000,0.9697,0.9974,0.0000,Stutter,0
stutter_long,1152,7.2667,0.9932,1.0000,0.9708,0.9974,0.0000,Stutter,0
stutter_long,1153,7.2833,0.9431,1.0000,0.9696,0.9974,0.0000,Stutter,0
stutter_long,1154,7.3000,0.9692,1.0000,0.9695,0.9974,0.0000,Stutter,0
stutter_long,1155,7.3167,0.9976,1.0000,0.9708,0.9974,0.0000,Stutter,0
stutter_long,1156,7.3333,0.9479,1.0000,0.9698,0.9975,0.0000,Stutter,0
stutter_long,1157,7.3500,0.9608,1.0000,0.9694,0.9975,0.0000,Stutter,0
stutter_long,1158,7.3667,0.9998,1.0000,0.9708,0.9975,0.0000,Stutter,0
stutter_long,1159,7.3833,0.9544,1.0000,0.9700,0.9975,0.0000,Stutter,0
stutter_long,1160,7.4000,0.9532,1.0000,0.9692,0.9976,0.0000,Stutter,0
stutter_long,1161,7.4167,0.9996,1.0000,0.9706,0.9976,0.0000,Stutter,0
stutter_long,1162,7.4333,0.9622,1.0000,0.9702,0.9976,0.0000,Stutter,0
stutter_long,1163,7.4500,0.9469,1.0000,0.9692,0.9976,0.0000,Stutter,0
stutter_long,1164,7.4667,0.9970,1.0000,0.9705,0.9976,0.0000,Stutter,0
stutter_long,1165,7.4833,0.9706,1.0000,0.9705,0.9977,0.0000,Stutter,0
stutter_long,1166,7.5000,0.9425,1.0000,0.9692,0.9977,0.0000,Stutter,0
stutter_long,1167,7.5167,0.9923,1.0000,0.9702,0.9977,0.0000,Stutter,0
stutter_long,1168,7.5333,0.9789,1.0000,0.9706,0.9977,0.0000,Stutter,0
stutter_long,1169,7.5500,0.9402,1.0000,0.9692,0.9977,0.0000,Stutter,0
stutter_long,1170,7.5667,0.9858,1.0000,0.9700,0.9977,0.0000,Stutter,0
stutter_long,1171,7.5833,0.9866,1.0000,0.9708,0.9978,0.0000,Stutter,0
stutter_long,1172,7.6000,0.9404,1.0000,0.9694,0.9978,0.0000,Stutter,0
stutter_long,1173,7.6167,0.9781,1.0000,0.9698,0.9978,0.0000,Stutter,0
stutter_long,1174,7.6333,0.9929,1.0000,0.9708,0.9978,0.0000,Stutter,0
stutter_long,1175,7.6500,0.9429,1.0000,0.9695,0.9978,0.0000,Stutter,0
stutter_long,1176,7.6667,0.9697,1.0000,0.9695,0.9979,0.0000,Stutter,0
stutter_long,1177,7.6833,0.9974,1.0000,0.9708,0.9979,0.0000,Stutter,0
stutter_long,1178,7.7000,0.9475,1.0000,0.9698,0.9979,0.0000,Stutter,0
stutter_long,1179,7.7167,0.9613,1.0000,0.9694,0.9979,0.0000,Stutter,0
stutter_long,1180,7.7333,0.9997,1.0000,0.9708,0.9979,0.0000,Stutter,0
stutter_long,1181,7.7500,0.9540,1.0000,0.9700,0.9979,0.0000,Stutter,0
stutter_long,1182,7.7667,0.9536,1.0000,0.9692,0.9980,0.0000,Stutter,0
stutter_long,1183,7.7833,0.9997,1.0000,0.9706,0.9980,0.0000,Stutter,0
stutter_long,1184,7.8000,0.9617,1.0000,0.9702,0.9980,0.0000,Stutter,0
stutter_long,1185,7.8167,0.9472,1.0000,0.9692,0.9980,0.0000,Stutter,0
stutter_long,1186,7.8333,0.9972,1.0000,0.9705,0.9980,0.0000,Stutter,0
stutter_long,1187,7.8500,0.9701,1.0000,0.9704,0.9980,0.0000,Stutter,0
stutter_long,1188,7.8667,0.9427,1.0000,0.9692,0.9981,0.0000,Stutter,0
stutter_long,1189,7.8833,0.9927,1.0000,0.9703,0.9981,0.0000,Stutter,0
stutter_long,1190,7.9000,0.9785,1.0000,0.9706,0.9981,0.0000,Stutter,0
stutter_long,1191,7.9167,0.9403,1.0000,0.9692,0.9981,0.0000,Stutter,0
stutter_long,1192,7.9333,0.9863,1.0000,0.9700,0.9981,0.0000,Stutter,0
stutter_long,1193,7.9500,0.9862,1.0000,0.9708,0.9981,0.0000,Stutter,0
stutter_long,1194,7.9667,0.9403,1.0000,0.9693,0.9982,0.0000,Stutter,0
stutter_long,1195,7.9833,0.9786,1.0000,0.9698,0.9982,0.0000,Stutter,0
stutter_long,1196,8.0000,0.9926,1.0000,0.9708,0.9982,0.0000,Stutter,0
stutter_long,1197,8.0167,0.9426,1.0000,0.9695,0.9982,0.0000,Stutter,0
stutter_long,1198,8.0333,0.9702,1.0000,0.9696,0.9982,0.0000,Stutter,0
stutter_long,1199,8.0500,0.9972,1.0000,0.9708,0.9982,0.0000,Stutter,0
stutter_long,1200,8.0667,0.9472,1.0000,0.9697,0.9982,0.0000,Stutter,0
stutter_long,1201,8.0833,0.9618,1.0000,0.9694,0.9983,0.0000,Stutter,0
stutter_long,1202,8.1000,0.9997,1.0000,0.9708,0.9983,0.0000,Stutter,0
stutter_long,1203,8.1167,0.9535,1.0000,0.9700,0.9983,0.0000,Stutter,0
stutter_long,1204,8.1333,0.9540,1.0000,0.9692,0.9983,0.0000,Stutter,0
stutter_long,1205,8.1500,0.9997,1.0000,0.9707,0.9983,0.0000,Stutter,0
stutter_long,1206,8.1667,0.9612,1.0000,0.9702,0.9983,0.0000,Stutter,0
stutter_long,1207,8.1833,0.9476,1.0000,0.9692,0.9983,0.0000,Stutter,0
stutter_long,1208,8.2000,0.9975,1.0000,0.9705,0.9984,0.0000,Stutter,0
stutter_long,1209,8.2167,0.9696,1.0000,0.9704,0.9984,0.0000,Stutter,0
stutter_long,1210,8.2333,0.9429,1.0000,0.9692,0.9984,0.0000,Stutter,0
stutter_long,1211,8.2500,0.9930,1.0000,0.9703,0.9984,0.0000,Stutter,0
stutter_long,1212,8.2667,0.9780,1.0000,0.9706,0.9984,0.0000,Stutter,0
stutter_long,1213,8.2833,0.9404,1.0000,0.9692,0.9984,0.0000,Stutter,0
stutter_long,1214,8.3000,0.9867,1.0000,0.9700,0.9984,0.0000,Stutter,0
stutter_long,1215,8.3167,0.9857,1.0000,0.9708,0.9985,0.0000,Stutter,0
stutter_long,1216,8.3333,0.9402,1.0000,0.9693,0.9985,0.0000,Stutter,0
stutter_long,1217,8.3500,0.9790,1.0000,0.9698,0.9985,0.0000,Stutter,0
stutter_long,1218,8.3667,0.9922,1.0000,0.9708,0.9985,0.0000,Stutter,0
stutter_long,1219,8.3833,0.9424,1.0000,0.9695,0.9985,0.0000,Stutter,0
stutter_long,1220,8.4000,0.9707,1.0000,0.9696,0.9985,0.0000,Stutter,0
stutter_long,1221,8.4167,0.9970,1.0000,0.9708,0.9985,0.0000,Stutter,0
stutter_long,1222,8.4333,0.9469,1.0000,0.9697,0.9985,0.0000,Stutter,0
stutter_long,1223,8.4500,0.9623,1.0000,0.9694,0.9986,0.0000,Stutter,0
stutter_long,1224,8.4667,0.9996,1.0000,0.9708,0.9986,0.0000,Stutter,0
stutter_long,1225,8.4833,0.9531,1.0000,0.9700,0.9986,0.0000,Stutter,0
stutter_long,1226,8.5000,0.9545,1.0000,0.9692,0.9986,0.0000,Stutter,0
stutter_long,1227,8.5167,0.9998,1.0000,0.9707,0.9986,0.0000,Stutter,0
stutter_long,1228,8.5333,0.9607,1.0000,0.9702,0.9986,0.0000,Stutter,0
stutter_long,1229,8.5500,0.9479,1.0000,0.9692,0.9986,0.0000,Stutter,0
stutter_long,1230,8.5667,0.9977,1.0000,0.9705,0.9986,0.0000,Stutter,0
stutter_long,1231,8.5833,0.9691,1.0000,0.9704,0.9986,0.0000,Stutter,0
stutter_long,1232,8.6000,0.9431,1.0000,0.9692,0.9987,0.0000,Stutter,0
stutter_long,1233,8.6167,0.9933,1.0000,0.9703,0.9987,0.0000,Stutter,0
stutter_long,1234,8.6333,0.9775,1.0000,0.9706,0.9987,0.0000,Stutter,0
stutter_long,1235,8.6500,0.9405,1.0000,0.9692,0.9987,0.0000,Stutter,0
stutter_long,1236,8.6667,0.9871,1.0000,0.9700,0.9987,0.0000,Stutter,0
stutter_long,1237,8.6833,0.9853,1.0000,0.9708,0.9987,0.0000,Stutter,0
stutter_long,1238,8.7000,0.9402,1.0000,0.9693,0.9987,0.0000,Stutter,0
stutter_long,1239,8.7167,0.9795,1.0000,0.9698,0.9987,0.0000,Stutter,0
stutter_long,1240,8.7333,0.9919,1.0000,0.9708,0.9987,0.0000,Stutter,0
stutter_long,1241,8.7500,0.9422,1.0000,0.9695,0.9988,0.0000,Stutter,0
stutter_long,1242,8.7667,0.9712,1.0000,0.9696,0.9988,0.0000,Stutter,0
stutter_long,1243,8.7833,0.9968,1.0000,0.9708,0.9988,0.0000,Stutter,0
stutter_long,1244,8.8000,0.9465,1.0000,0.9697,0.9988,0.0000,Stutter,0
stutter_long,1245,8.8167,0.9628,1.0000,0.9694,0.9988,0.0000,Stutter,0
stutter_long,1246,8.8333,0.9995,1.0000,0.9708,0.9988,0.0000,Stutter,0
stutter_long,1247,8.8500,0.9527,1.0000,0.9699,0.9988,0.0000,Stutter,0
stutter_long,1248,8.8667,0.9549,1.0000,0.9693,0.9988,0.0000,Stutter,0
stutter_long,1249,8.8833,0.9999,1.0000,0.9707,0.9988,0.0000,Stutter,0
stutter_long,1250,8.9000,0.9602,1.0000,0.9702,0.9988,0.0000,Stutter,0
stutter_long,1251,8.9167,0.9483,1.0000,0.9692,0.9989,0.0000,Stutter,0
stutter_long,1252,8.9333,0.9979,1.0000,0.9705,0.9989,0.0000,Stutter,0
stutter_long,1253,8.9500,0.9685,1.0000,0.9704,0.9989,0.0000,Stutter,0
stutter_long,1254,8.9667,0.9434,1.0000,0.9692,0.9989,0.0000,Stutter,0
stutter_long,1255,8.9833,0.9936,1.0000,0.9703,0.9989,0.0000,Stutter,0
stutter_long,1256,9.0000,0.9770,1.0000,0.9706,0.9989,0.0000,Stutter,0
stutter_long,1257,9.0167,0.9406,1.0000,0.9692,0.9989,0.0000,Stutter,0
stutter_long,1258,9.0333,0.9875,1.0000,0.9701,0.9989,0.0000,Stutter,0
stutter_long,1259,9.0500,0.9849,1.0000,0.9707,0.9989,0.0000,Stutter,0
stutter_long,1260,9.0667,0.9401,1.0000,0.9693,0.9989,0.0000,Stutter,0
stutter_long,1261,9.0833,0.9800,1.0000,0.9698,0.9989,0.0000,Stutter,0
stutter_long,1262,9.1000,0.9915,1.0000,0.9708,0.9990,0.0000,Stutter,0
stutter_long,1263,9.1167,0.9421,1.0000,0.9695,0.9990,0.0000,Stutter,0
stutter_long,1264,9.1333,0.9717,1.0000,0.9696,0.9990,0.0000,Stutter,0
stutter_long,1265,9.1500,0.9965,1.0000,0.9708,0.9990,0.0000,Stutter,0
stutter_long,1266,9.1667,0.9462,1.0000,0.9697,0.9990,0.0000,Stutter,0
stutter_long,1267,9.1833,0.9633,1.0000,0.9694,0.9990,0.0000,Stutter,0
stutter_long,1268,9.2000,0.9994,1.0000,0.9708,0.9990,0.0000,Stutter,0
stutter_long,1269,9.2167,0.9523,1.0000,0.9699,0.9990,0.0000,Stutter,0
stutter_long,1270,9.2333,0.9554,1.0000,0.9693,0.9990,0.0000,Stutter,0
stutter_long,1271,9.2500,0.9999,1.0000,0.9707,0.9990,0.0000,Stutter,0
stutter_long,1272,9.2667,0.9597,1.0000,0.9702,0.9990,0.0000,Stutter,0
stutter_long,1273,9.2833,0.9486,1.0000,0.9692,0.9990,0.0000,Stutter,0
stutter_long,1274,9.3000,0.9980,1.0000,0.9705,0.9991,0.0000,Stutter,0
stutter_long,1275,9.3167,0.9680,1.0000,0.9704,0.9991,0.0000,Stutter,0
stutter_long,1276,9.3333,0.9436,1.0000,0.9692,0.9991,0.0000,Stutter,0
stutter_long,1277,9.3500,0.9939,1.0000,0.9703,0.9991,0.0000,Stutter,0
stutter_long,1278,9.3667,0.9765,1.0000,0.9706,0.9991,0.0000,Stutter,0
stutter_long,1279,9.3833,0.9407,1.0000,0.9692,0.9991,0.0000,Stutter,0
stutter_long,1280,9.4000,0.9879,1.0000,0.9701,0.9991,0.0000,Stutter,0
stutter_long,1281,9.4167,0.9844,1.0000,0.9707,0.9991,0.0000,Stutter,0
stutter_long,1282,9.4333,0.9401,1.0000,0.9693,0.9991,0.0000,Stutter,0
stutter_long,1283,9.4500,0.9805,1.0000,0.9698,0.9991,0.0000,Stutter,0
stutter_long,1284,9.4667,0.9912,1.0000,0.9708,0.9991,0.0000,Stutter,0
stutter_long,1285,9.4833,0.9419,1.0000,0.9695,0.9991,0.0000,Stutter,0
stutter_long,1286,9.5000,0.9722,1.0000,0.9696,0.9991,0.0000,Stutter,0
stutter_long,1287,9.5167,0.9963,1.0000,0.9708,0.9992,0.0000,Stutter,0
stutter_long,1288,9.5333,0.9459,1.0000,0.9697,0.9992,0.0000,Stutter,0
stutter_long,1289,9.5500,0.9638,1.0000,0.9694,0.9992,0.0000,Stutter,0
stutter_long,1290,9.5667,0.9993,1.0000,0.9708,0.9992,0.0000,Stutter,0
stutter_long,1291,9.5833,0.9519,1.0000,0.9699,0.9992,0.0000,Stutter,0
stutter_long,1292,9.6000,0.9558,1.0000,0.9693,0.9992,0.0000,Stutter,0
stutter_long,1293,9.6167,0.9999,1.0000,0.9707,0.9992,0.0000,Stutter,0
stutter_long,1294,9.6333,0.9593,1.0000,0.9702,0.9992,0.0000,Stutter,0
stutter_long,1295,9.6500,0.9490,1.0000,0.9692,0.9992,0.0000,Stutter,0
stutter_long,1296,9.6667,0.9982,1.0000,0.9705,0.9992,0.0000,Stutter,0
stutter_long,1297,9.6833,0.9675,1.0000,0.9704,0.9992,0.0000,Stutter,0
stutter_long,1298,9.7000,0.9438,1.0000,0.9692,0.9992,0.0000,Stutter,0
stutter_long,1299,9.7167,0.9942,1.0000,0.9703,0.9992,0.0000,Stutter,0
stutter_long,1300,9.7333,0.9760,1.0000,0.9706,0.9992,0.0000,Stutter,0
stutter_long,1301,9.7500,0.9408,1.0000,0.9692,0.9992,0.0000,Stutter,0
stutter_long,1302,9.7667,0.9883,1.0000,0.9701,0.9993,0.0000,Stutter,0
stutter_long,1303,9.7833,0.9840,1.0000,0.9707,0.9993,0.0000,Stutter,0
stutter_long,1304,9.8000,0.9400,1.0000,0.9693,0.9993,0.0000,Stutter,0
stutter_long,1305,9.8167,0.9810,1.0000,0.9698,0.9993,0.0000,Stutter,0
stutter_long,1306,9.8333,0.9908,1.0000,0.9708,0.9993,0.0000,Stutter,0
stutter_long,1307,9.8500,0.9417,1.0000,0.9695,0.9993,0.0000,Stutter,0
stutter_long,1308,9.8667,0.9727,1.0000,0.9696,0.9993,0.0000,Stutter,0
stutter_long,1309,9.8833,0.9960,1.0000,0.9708,0.9993,0.0000,Stutter,0
stutter_long,1310,9.9000,0.9456,1.0000,0.9697,0.9993,0.0000,Stutter,0
stutter_long,1311,9.9167,0.9643,1.0000,0.9694,0.9993,0.0000,Stutter,0
stutter_long,1312,9.9333,0.9992,1.0000,0.9708,0.9993,0.0000,Stutter,0
stutter_long,1313,9.9500,0.9515,1.0000,0.9699,0.9993,0.0000,Stutter,0
stutter_long,1314,9.9667,0.9563,1.0000,0.9693,0.9993,0.0000,Stutter,0
stutter_long,1315,9.9833,1.0000,1.0000,0.9707,0.9993,0.0000,Stutter,0
stutter_long,1316,10.0000,0.9588,1.0000,0.9701,0.9993,0.0000,Stutter,0
stutter_long,1317,10.0167,0.9494,1.0000,0.9692,0.9993,0.0000,Stutter,0
stutter_long,1318,10.0333,0.9984,1.0000,0.9705,0.9993,0.0000,Stutter,0
stutter_long,1319,10.0500,0.9670,1.0000,0.9704,0.9993,0.0000,Stutter,0
stutter_long,1320,10.0667,0.9441,1.0000,0.9692,0.9994,0.0000,Stutter,0
stutter_long,1321,10.0833,0.9945,1.0000,0.9703,0.9994,0.0000,Stutter,0
stutter_long,1322,10.1000,0.9755,1.0000,0.9706,0.9994,0.0000,Stutter,0
stutter_long,1323,10.1167,0.9409,1.0000,0.9692,0.9994,0.0000,Stutter,0
stutter_long,1324,10.1333,0.9887,1.0000,0.9701,0.9994,0.0000,Stutter,0
stutter_long,1325,10.1500,0.9835,1.0000,0.9707,0.9994,0.0000,Stutter,0
stutter_long,1326,10.1667,0.9400,1.0000,0.9693,0.9994,0.0000,Stutter,0
stutter_long,1327,10.1833,0.9814,1.0000,0.9699,0.9994,0.0000,Stutter,0
stutter_long,1328,10.2000,0.9905,1.0000,0.9708,0.9994,0.0000,Stutter,0
stutter_long,1329,10.2167,0.9415,1.0000,0.9695,0.9994,0.0000,Stutter,0
stutter_long,1330,10.2333,0.9732,1.0000,0.9696,0.9994,0.0000,Stutter,0
stutter_long,1331,10.2500,0.9958,1.0000,0.9708,0.9994,0.0000,Stutter,0
stutter_long,1332,10.2667,0.9453,1.0000,0.9697,0.9994,0.0000,Stutter,0
stutter_long,1333,10.2833,0.9648,1.0000,0.9694,0.9994,0.0000,Stutter,0
stutter_long,1334,10.3000,0.9990,1.0000,0.9708,0.9994,0.0000,Stutter,0
stutter_long,1335,10.3167,0.9511,1.0000,0.9699,0.9994,0.0000,Stutter,0
stutter_long,1336,10.3333,0.9567,1.0000,0.9693,0.9994,0.0000,Stutter,0
stutter_long,1337,10.3500,1.0000,1.0000,0.9707,0.9994,0.0000,Stutter,0
stutter_long,1338,10.3667,0.9583,1.0000,0.9701,0.9994,0.0000,Stutter,0
stutter_long,1339,10.3833,0.9497,1.0000,0.9692,0.9994,0.0000,Stutter,0
stutter_long,1340,10.4000,0.9985,1.0000,0.9705,0.9995,0.0000,Stutter,0
stutter_long,1341,10.4167,0.9665,1.0000,0.9704,0.9995,0.0000,Stutter,0
stutter_long,1342,10.4333,0.9444,1.0000,0.9692,0.9995,0.0000,Stutter,0
stutter_long,1343,10.4500,0.9948,1.0000,0.9703,0.9995,0.0000,Stutter,0
stutter_long,1344,10.4667,0.9750,1.0000,0.9706,0.9995,0.0000,Stutter,0
stutter_long,1345,10.4833,0.9410,1.0000,0.9692,0.9995,0.0000,Stutter,0
stutter_long,1346,10.5000,0.9891,1.0000,0.9701,0.9995,0.0000,Stutter,0
stutter_long,1347,10.5167,0.9831,1.0000,0.9707,0.9995,0.0000,Stutter,0
stutter_long,1348,10.5333,0.9400,1.0000,0.9693,0.9995,0.0000,Stutter,0
stutter_long,1349,10.5500,0.9819,1.0000,0.9699,0.9995,0.0000,Stutter,0
stutter_long,1350,10.5667,0.9901,1.0000,0.9708,0.9995,0.0000,Stutter,0
stutter_long,1351,10.5833,0.9414,1.0000,0.9694,0.9995,0.0000,Stutter,0
stutter_long,1352,10.6000,0.9737,1.0000,0.9696,0.9995,0.0000,Stutter,0
stutter_long,1353,10.6167,0.9955,1.0000,0.9708,0.9995,0.0000,Stutter,0
stutter_long,1354,10.6333,0.9450,1.0000,0.9696,0.9995,0.0000,Stutter,0
stutter_long,1355,10.6500,0.9653,1.0000,0.9694,0.9995,0.0000,Stutter,0
stutter_long,1356,10.6667,0.9989,1.0000,0.9708,0.9995,0.0000,Stutter,0
stutter_long,1357,10.6833,0.9507,1.0000,0.9699,0.9995,0.0000,Stutter,0
stutter_long,1358,10.7000,0.9572,1.0000,0.9693,0.9995,0.0000,Stutter,0
stutter_long,1359,10.7167,1.0000,1.0000,0.9707,0.9995,0.0000,Stutter,0
stutter_long,1360,10.7333,0.9578,1.0000,0.9701,0.9995,0.0000,Stutter,0
stutter_long,1361,10.7500,0.9501,1.0000,0.9692,0.9995,0.0000,Stutter,0
stutter_long,1362,10.7667,0.9987,1.0000,0.9706,0.9995,0.0000,Stutter,0
stutter_long,1363,10.7833,0.9660,1.0000,0.9703,0.9995,0.0000,Stutter,0
stutter_long,1364,10.8000,0.9446,1.0000,0.9692,0.9996,0.0000,Stutter,0
stutter_long,1365,10.8167,0.9951,1.0000,0.9704,0.9996,0.0000,Stutter,0
stutter_long,1366,10.8333,0.9745,1.0000,0.9705,0.9996,0.0000,Stutter,0
stutter_long,1367,10.8500,0.9412,1.0000,0.9692,0.9996,0.0000,Stutter,0
stutter_long,1368,10.8667,0.9895,1.0000,0.9701,0.9996,0.0000,Stutter,0
stutter_long,1369,10.8833,0.9826,1.0000,0.9707,0.9996,0.0000,Stutter,0
stutter_long,1370,10.9000,0.9400,1.0000,0.9693,0.9996,0.0000,Stutter,0
stutter_long,1371,10.9167,0.9824,1.0000,0.9699,0.9996,0.0000,Stutter,0
stutter_long,1372,10.9333,0.9897,1.0000,0.9708,0.9996,0.0000,Stutter,0
stutter_long,1373,10.9500,0.9412,1.0000,0.9694,0.9996,0.0000,Stutter,0
stutter_long,1374,10.9667,0.9743,1.0000,0.9697,0.9996,0.0000,Stutter,0
stutter_long,1375,10.9833,0.9952,1.0000,0.9708,0.9996,0.0000,Stutter,0
stutter_long,1376,11.0000,0.9447,1.0000,0.9696,0.9996,0.0000,Stutter,0
stutter_long,1377,11.0167,0.9658,1.0000,0.9695,0.9996,0.0000,Stutter,0
stutter_long,1378,11.0333,0.9988,1.0000,0.9708,0.9996,0.0000,Stutter,0
stutter_long,1379,11.0500,0.9503,1.0000,0.9699,0.9996,0.0000,Stutter,0
stutter_long,1380,11.0667,0.9577,1.0000,0.9693,0.9996,0.0000,Stutter,0
stutter_long,1381,11.0833,1.0000,1.0000,0.9707,0.9996,0.0000,Stutter,0
stutter_long,1382,11.1000,0.9574,1.0000,0.9701,0.9996,0.0000,Stutter,0
stutter_long,1383,11.1167,0.9505,1.0000,0.9692,0.9996,0.0000,Stutter,0
stutter_long,1384,11.1333,0.9988,1.0000,0.9706,0.9996,0.0000,Stutter,0
stutter_long,1385,11.1500,0.9655,1.0000,0.9703,0.9996,0.0000,Stutter,0
stutter_long,1386,11.1667,0.9449,1.0000,0.9692,0.9996,0.0000,Stutter,0
stutter_long,1387,11.1833,0.9954,1.0000,0.9704,0.9996,0.0000,Stutter,0
stutter_long,1388,11.2000,0.9740,1.0000,0.9705,0.9996,0.0000,Stutter,0
stutter_long,1389,11.2167,0.9413,1.0000,0.9692,0.9996,0.0000,Stutter,0
stutter_long,1390,11.2333,0.9899,1.0000,0.9701,0.9996,0.0000,Stutter,0
stutter_long,1391,11.2500,0.9821,1.0000,0.9707,0.9996,0.0000,Stutter,0
stutter_long,1392,11.2667,0.9400,1.0000,0.9693,0.9996,0.0000,Stutter,0
stutter_long,1393,11.2833,0.9828,1.0000,0.9699,0.9996,0.0000,Stutter,0
stutter_long,1394,11.3000,0.9893,1.0000,0.9708,0.9997,0.0000,Stutter,0
stutter_long,1395,11.3167,0.9411,1.0000,0.9694,0.9997,0.0000,Stutter,0
stutter_long,1396,11.3333,0.9748,1.0000,0.9697,0.9997,0.0000,Stutter,0
stutter_long,1397,11.3500,0.9950,1.0000,0.9708,0.9997,0.0000,Stutter,0
stutter_long,1398,11.3667,0.9445,1.0000,0.9696,0.9997,0.0000,Stutter,0
stutter_long,1399,11.3833,0.9663,1.0000,0.9695,0.9997,0.0000,Stutter,0
stutter_long,1400,11.4000,0.9986,1.0000,0.9708,0.9997,0.0000,Stutter,0
stutter_long,1401,11.4167,0.9499,1.0000,0.9698,0.9997,0.0000,Stutter,0
stutter_long,1402,11.4333,0.9581,1.0000,0.9693,0.9997,0.0000,Stutter,0
stutter_long,1403,11.4500,1.0000,1.0000,0.9707,0.9997,0.0000,Stutter,0
stutter_long,1404,11.4667,0.9569,1.0000,0.9701,0.9997,0.0000,Stutter,0
stutter_long,1405,11.4833,0.9509,1.0000,0.9692,0.9997,0.0000,Stutter,0
stutter_long,1406,11.5000,0.9990,1.0000,0.9706,0.9997,0.0000,Stutter,0
stutter_long,1407,11.5167,0.9650,1.0000,0.9703,0.9997,0.0000,Stutter,0
stutter_long,1408,11.5333,0.9452,1.0000,0.9692,0.9997,0.0000,Stutter,0
stutter_long,1409,11.5500,0.9957,1.0000,0.9704,0.9997,0.0000,Stutter,0
stutter_long,1410,11.5667,0.9735,1.0000,0.9705,0.9997,0.0000,Stutter,0
stutter_long,1411,11.5833,0.9415,1.0000,0.9692,0.9997,0.0000,Stutter,0
stutter_long,1412,11.6000,0.9903,1.0000,0.9702,0.9997,0.0000,Stutter,0
stutter_long,1413,11.6167,0.9817,1.0000,0.9707,0.9997,0.0000,Stutter,0
stutter_long,1414,11.6333,0.9400,1.0000,0.9693,0.9997,0.0000,Stutter,0
stutter_long,1415,11.6500,0.9833,1.0000,0.9699,0.9997,0.0000,Stutter,0
stutter_long,1416,11.6667,0.9889,1.0000,0.9708,0.9997,0.0000,Stutter,0
stutter_long,1417,11.6833,0.9410,1.0000,0.9694,0.9997,0.0000,Stutter,0
stutter_long,1418,11.7000,0.9753,1.0000,0.9697,0.9997,0.0000,Stutter,0
stutter_long,1419,11.7167,0.9947,1.0000,0.9708,0.9997,0.0000,Stutter,0
stutter_long,1420,11.7333,0.9442,1.0000,0.9696,0.9997,0.0000,Stutter,0
stutter_long,1421,11.7500,0.9668,1.0000,0.9695,0.9997,0.0000,Stutter,0
stutter_long,1422,11.7667,0.9985,1.0000,0.9708,0.9997,0.0000,Stutter,0
stutter_long,1423,11.7833,0.9495,1.0000,0.9698,0.9997,0.0000,Stutter,0
stutter_long,1424,11.8000,0.9586,1.0000,0.9693,0.9997,0.0000,Stutter,0
stutter_long,1425,11.8167,1.0000,1.0000,0.9707,0.9997,0.0000,Stutter,0
stutter_long,1426,11.8333,0.9565,1.0000,0.9701,0.9997,0.0000,Stutter,0
stutter_long,1427,11.8500,0.9513,1.0000,0.9692,0.9997,0.0000,Stutter,0
stutter_long,1428,11.8667,0.9991,1.0000,0.9706,0.9997,0.0000,Stutter,0
stutter_long,1429,11.8833,0.9645,1.0000,0.9703,0.9997,0.0000,Stutter,0
stutter_long,1430,11.9000,0.9455,1.0000,0.9692,0.9997,0.0000,Stutter,0
stutter_long,1431,11.9167,0.9959,1.0000,0.9704,0.9997,0.0000,Stutter,0
stutter_long,1432,11.9333,0.9729,1.0000,0.9705,0.9997,0.0000,Stutter,0
stutter_long,1433,11.9500,0.9416,1.0000,0.9692,0.9997,0.0000,Stutter,0
stutter_long,1434,11.9667,0.9907,1.0000,0.9702,0.9998,0.0000,Stutter,0
stutter_long,1435,11.9833,0.9812,1.0000,0.9707,0.9998,0.0000,Stutter,0
stutter_long,1436,12.0000,0.9400,1.0000,0.9693,0.9998,0.0000,Stutter,0
stutter_long,1437,12.0167,0.9838,1.0000,0.9699,0.9998,0.0000,Stutter,0
stutter_long,1438,12.0333,0.9885,1.0000,0.9708,0.9998,0.0000,Stutter,0
stutter_long,1439,12.0500,0.9408,1.0000,0.9694,0.9998,0.0000,Stutter,0
stutter_long,1440,12.0667,0.9758,1.0000,0.9697,0.9998,0.0000,Stutter,0
stutter_long,1441,12.0833,0.9944,1.0000,0.9708,0.9998,0.0000,Stutter,0
stutter_long,1442,12.1000,0.9440,1.0000,0.9696,0.9998,0.0000,Stutter,0
stutter_long,1443,12.1167,0.9673,1.0000,0.9695,0.9998,0.0000,Stutter,0
stutter_long,1444,12.1333,0.9983,1.0000,0.9708,0.9998,0.0000,Stutter,0
stutter_long,1445,12.1500,0.9492,1.0000,0.9698,0.9998,0.0000,Stutter,0
stutter_long,1446,12.1667,0.9591,1.0000,0.9693,0.9998,0.0000,Stutter,0
stutter_long,1447,12.1833,1.0000,1.0000,0.9707,0.9998,0.0000,Stutter,0
stutter_long,1448,12.2000,0.9560,1.0000,0.9701,0.9998,0.0000,Stutter,0
stutter_long,1449,12.2167,0.9517,1.0000,0.9692,0.9998,0.0000,Stutter,0
stutter_long,1450,12.2333,0.9992,1.0000,0.9706,0.9998,0.0000,Stutter,0
stutter_long,1451,12.2500,0.9640,1.0000,0.9703,0.9998,0.0000,Stutter,0
stutter_long,1452,12.2667,0.9458,1.0000,0.9692,0.9998,0.0000,Stutter,0
stutter_long,1453,12.2833,0.9962,1.0000,0.9704,0.9998,0.0000,Stutter,0
stutter_long,1454,12.3000,0.9724,1.0000,0.9705,0.9998,0.0000,Stutter,0
stutter_long,1455,12.3167,0.9418,1.0000,0.9692,0.9998,0.0000,Stutter,0
stutter_long,1456,12.3333,0.9910,1.0000,0.9702,0.9998,0.0000,Stutter,0
stutter_long,1457,12.3500,0.9807,1.0000,0.9707,0.9998,0.0000,Stutter,0
stutter_long,1458,12.3667,0.9401,1.0000,0.9693,0.9998,0.0000,Stutter,0
stutter_long,1459,12.3833,0.9842,1.0000,0.9699,0.9998,0.0000,Stutter,0
stutter_long,1460,12.4000,0.9881,1.0000,0.9708,0.9998,0.0000,Stutter,0
stutter_long,1461,12.4167,0.9407,1.0000,0.9694,0.9998,0.0000,Stutter,0
stutter_long,1462,12.4333,0.9763,1.0000,0.9697,0.9998,0.0000,Stutter,0
stutter_long,1463,12.4500,0.9941,1.0000,0.9708,0.9998,0.0000,Stutter,0
stutter_long,1464,12.4667,0.9437,1.0000,0.9696,0.9998,0.0000,Stutter,0
stutter_long,1465,12.4833,0.9678,1.0000,0.9695,0.9998,0.0000,Stutter,0
stutter_long,1466,12.5000,0.9981,1.0000,0.9708,0.9998,0.0000,Stutter,0
stutter_long,1467,12.5167,0.9488,1.0000,0.9698,0.9998,0.0000,Stutter,0
stutter_long,1468,12.5333,0.9595,1.0000,0.9693,0.9998,0.0000,Stutter,0
stutter_long,1469,12.5500,0.9999,1.0000,0.9708,0.9998,0.0000,Stutter,0
stutter_long,1470,12.5667,0.9556,1.0000,0.9700,0.9998,0.0000,Stutter,0
stutter_long,1471,12.5833,0.9521,1.0000,0.9692,0.9998,0.0000,Stutter,0
stutter_long,1472,12.6000,0.9993,1.0000,0.9706,0.9998,0.0000,Stutter,0
stutter_long,1473,12.6167,0.9635,1.0000,0.9703,0.9998,0.0000,Stutter,0
stutter_long,1474,12.6333,0.9461,1.0000,0.9692,0.9998,0.0000,Stutter,0
stutter_long,1475,12.6500,0.9964,1.0000,0.9704,0.9998,0.0000,Stutter,0
stutter_long,1476,12.6667,0.9719,1.0000,0.9705,0.9998,0.0000,Stutter,0
stutter_long,1477,12.6833,0.9420,1.0000,0.9692,0.9998,0.0000,Stutter,0
stutter_long,1478,12.7000,0.9914,1.0000,0.9702,0.9998,0.0000,Stutter,0
stutter_long,1479,12.7167,0.9802,1.0000,0.9707,0.9998,0.0000,Stutter,0
stutter_long,1480,12.7333,0.9401,1.0000,0.9692,0.9998,0.0000,Stutter,0
stutter_long,1481,12.7500,0.9847,1.0000,0.9700,0.9998,0.0000,Stutter,0
stutter_long,1482,12.7667,0.9877,1.0000,0.9708,0.9998,0.0000,Stutter,0
stutter_long,1483,12.7833,0.9406,1.0000,0.9694,0.9998,0.0000,Stutter,0
stutter_long,1484,12.8000,0.9768,1.0000,0.9697,0.9998,0.0000,Stutter,0
stutter_long,1485,12.8167,0.9938,1.0000,0.9708,0.9998,0.0000,Stutter,0
stutter_long,1486,12.8333,0.9435,1.0000,0.9696,0.9998,0.0000,Stutter,0
stutter_long,1487,12.8500,0.9683,1.0000,0.9695,0.9998,0.0000,Stutter,0
stutter_long,1488,12.8667,0.9979,1.0000,0.9708,0.9998,0.0000,Stutter,0
stutter_long,1489,12.8833,0.9484,1.0000,0.9698,0.9998,0.0000,Stutter,0
stutter_long,1490,12.9000,0.9600,1.0000,0.9693,0.9998,0.0000,Stutter,0
stutter_long,1491,12.9167,0.9999,1.0000,0.9708,0.9998,0.0000,Stutter,0
stutter_long,1492,12.9333,0.9551,1.0000,0.9700,0.9998,0.0000,Stutter,0
stutter_long,1493,12.9500,0.9525,1.0000,0.9692,0.9998,0.0000,Stutter,0
stutter_long,1494,12.9667,0.9994,1.0000,0.9706,0.9998,0.0000,Stutter,0
stutter_long,1495,12.9833,0.9630,1.0000,0.9703,0.9998,0.0000,Stutter,0
stutter_long,1496,13.0000,0.9464,1.0000,0.9692,0.9999,0.0000,Stutter,0
stutter_long,1497,13.0167,0.9967,1.0000,0.9704,0.9999,0.0000,Stutter,0
stutter_long,1498,13.0333,0.9714,1.0000,0.9705,0.9999,0.0000,Stutter,0
stutter_long,1499,13.0500,0.9422,1.0000,0.9692,0.9999,0.0000,Stutter,0
stutter_long,1500,13.0667,0.9918,1.0000,0.9702,0.9999,0.0000,Stutter,0
stutter_long,1501,13.0833,0.9797,1.0000,0.9707,0.9999,0.0000,Stutter,0
stutter_long,1502,13.1000,0.9401,1.0000,0.9692,0.9999,0.0000,Stutter,0
stutter_long,1503,13.1167,0.9851,1.0000,0.9700,0.9999,0.0000,Stutter,0
stutter_long,1504,13.1333,0.9873,1.0000,0.9708,0.9999,0.0000,Stutter,0
stutter_long,1505,13.1500,0.9405,1.0000,0.9694,0.9999,0.0000,Stutter,0
stutter_long,1506,13.1667,0.9773,1.0000,0.9697,0.9999,0.0000,Stutter,0
stutter_long,1507,13.1833,0.9935,1.0000,0.9708,0.9999,0.0000,Stutter,0
stutter_long,1508,13.2000,0.9432,1.0000,0.9696,0.9999,0.0000,Stutter,0
stutter_long,1509,13.2167,0.9688,1.0000,0.9695,0.9999,0.0000,Stutter,0
stutter_long,1510,13.2333,0.9977,1.0000,0.9708,0.9999,0.0000,Stutter,0
stutter_long,1511,13.2500,0.9481,1.0000,0.9698,0.9999,0.0000,Stutter,0
stutter_long,1512,13.2667,0.9605,1.0000,0.9693,0.9999,0.0000,Stutter,0
stutter_long,1513,13.2833,0.9998,1.0000,0.9708,0.9999,0.0000,Stutter,0
stutter_long,1514,13.3000,0.9547,1.0000,0.9700,0.9999,0.0000,Stutter,0
stutter_long,1515,13.3167,0.9529,1.0000,0.9692,0.9999,0.0000,Stutter,0
stutter_long,1516,13.3333,0.9995,1.0000,0.9706,0.9999,0.0000,Stutter,0
stutter_long,1517,13.3500,0.9625,1.0000,0.9703,0.9999,0.0000,Stutter,0
stutter_long,1518,13.3667,0.9467,1.0000,0.9692,0.9999,0.0000,Stutter,0
stutter_long,1519,13.3833,0.9969,1.0000,0.9704,0.9999,0.0000,Stutter,0
stutter_long,1520,13.4000,0.9709,1.0000,0.9705,0.9999,0.0000,Stutter,0
stutter_long,1521,13.4167,0.9424,1.0000,0.9692,0.9999,0.0000,Stutter,0
stutter_long,1522,13.4333,0.9921,1.0000,0.9702,0.9999,0.0000,Stutter,0
stutter_long,1523,13.4500,0.9793,1.0000,0.9706,0.9999,0.0000,Stutter,0
stutter_long,1524,13.4667,0.9402,1.0000,0.9692,0.9999,0.0000,Stutter,0
stutter_long,1525,13.4833,0.9855,1.0000,0.9700,0.9999,0.0000,Stutter,0
stutter_long,1526,13.5000,0.9869,1.0000,0.9708,0.9999,0.0000,Stutter,0
stutter_long,1527,13.5167,0.9404,1.0000,0.9694,0.9999,0.0000,Stutter,0
stutter_long,1528,13.5333,0.9778,1.0000,0.9698,0.9999,0.0000,Stutter,0
stutter_long,1529,13.5500,0.9931,1.0000,0.9708,0.9999,0.0000,Stutter,0
stutter_long,1530,13.5667,0.9430,1.0000,0.9695,0.9999,0.0000,Stutter,0
stutter_long,1531,13.5833,0.9693,1.0000,0.9695,0.9999,0.0000,Stutter,0
stutter_long,1532,13.6000,0.9975,1.0000,0.9708,0.9999,0.0000,Stutter,0
stutter_long,1533,13.6167,0.9477,1.0000,0.9698,0.9999,0.0000,Stutter,0
stutter_long,1534,13.6333,0.9610,1.0000,0.9694,0.9999,0.0000,Stutter,0
stutter_long,1535,13.6500,0.9998,1.0000,0.9708,0.9999,0.0000,Stutter,0
stutter_long,1536,13.6667,0.9542,1.0000,0.9700,0.9999,0.0000,Stutter,0
stutter_long,1537,13.6833,0.9533,1.0000,0.9692,0.9999,0.0000,Stutter,0
stutter_long,1538,13.7000,0.9996,1.0000,0.9706,0.9999,0.0000,Stutter,0
stutter_long,1539,13.7167,0.9620,1.0000,0.9702,0.9999,0.0000,Stutter,0
stutter_long,1540,13.7333,0.9470,1.0000,0.9692,0.9999,0.0000,Stutter,0
stutter_long,1541,13.7500,0.9971,1.0000,0.9705,0.9999,0.0000,Stutter,0
stutter_long,1542,13.7667,0.9704,1.0000,0.9705,0.9999,0.0000,Stutter,0
stutter_long,1543,13.7833,0.9426,1.0000,0.9692,0.9999,0.0000,Stutter,0
stutter_long,1544,13.8000,0.9924,1.0000,0.9702,0.9999,0.0000,Stutter,0
stutter_long,1545,13.8167,0.9788,1.0000,0.9706,0.9999,0.0000,Stutter,0
stutter_long,1546,13.8333,0.9403,1.0000,0.9692,0.9999,0.0000,Stutter,0
stutter_long,1547,13.8500,0.9860,1.0000,0.9700,0.9999,0.0000,Stutter,0
stutter_long,1548,13.8667,0.9864,1.0000,0.9708,0.9999,0.0000,Stutter,0
stutter_long,1549,13.8833,0.9403,1.0000,0.9694,0.9999,0.0000,Stutter,0
stutter_long,1550,13.9000,0.9783,1.0000,0.9698,0.9999,0.0000,Stutter,0
stutter_long,1551,13.9167,0.9928,1.0000,0.9708,0.9999,0.0000,Stutter,0
stutter_long,1552,13.9333,0.9428,1.0000,0.9695,0.9999,0.0000,Stutter,0
stutter_long,1553,13.9500,0.9698,1.0000,0.9695,0.9999,0.0000,Stutter,0
stutter_long,1554,13.9667,0.9973,1.0000,0.9708,0.9999,0.0000,Stutter,0
stutter_long,1555,13.9833,0.9474,1.0000,0.9698,0.9999,0.0000,Stutter,0
stutter_long,1556,14.0000,0.9615,1.0000,0.9694,0.9999,0.0000,Stutter,0
stutter_long,1557,14.0167,0.9997,1.0000,0.9708,0.9999,0.0000,Stutter,0
stutter_long,1558,14.0333,0.9538,1.0000,0.9700,0.9999,0.0000,Stutter,0
stutter_long,1559,14.0500,0.9538,1.0000,0.9692,0.9999,0.0000,Stutter,0
stutter_long,1560,14.0667,0.9997,1.0000,0.9707,0.9999,0.0000,Stutter,0
stutter_long,1561,14.0833,0.9615,1.0000,0.9702,0.9999,0.0000,Stutter,0
stutter_long,1562,14.1000,0.9474,1.0000,0.9692,0.9999,0.0000,Stutter,0
stutter_long,1563,14.1167,0.9973,1.0000,0.9705,0.9999,0.0000,Stutter,0
stutter_long,1564,14.1333,0.9699,1.0000,0.9704,0.9999,0.0000,Stutter,0
stutter_long,1565,14.1500,0.9428,1.0000,0.9692,0.9999,0.0000,Stutter,0
stutter_long,1566,14.1667,0.9928,1.0000,0.9703,0.9999,0.0000,Stutter,0
stutter_long,1567,14.1833,0.9783,1.0000,0.9706,0.9999,0.0000,Stutter,0
stutter_long,1568,14.2000,0.9403,1.0000,0.9692,0.9999,0.0000,Stutter,0
stutter_long,1569,14.2167,0.9864,1.0000,0.9700,0.9999,0.0000,Stutter,0
stutter_long,1570,14.2333,0.9860,1.0000,0.9708,0.9999,0.0000,Stutter,0
stutter_long,1571,14.2500,0.9403,1.0000,0.9693,0.9999,0.0000,Stutter,0
stutter_long,1572,14.2667,0.9787,1.0000,0.9698,0.9999,0.0000,Stutter,0
stutter_long,1573,14.2833,0.9925,1.0000,0.9708,0.9999,0.0000,Stutter,0
stutter_long,1574,14.3000,0.9426,1.0000,0.9695,0.9999,0.0000,Stutter,0
stutter_long,1575,14.3167,0.9704,1.0000,0.9696,0.9999,0.0000,Stutter,0
stutter_long,1576,14.3333,0.9971,1.0000,0.9708,0.9999,0.0000,Stutter,0
stutter_long,1577,14.3500,0.9471,1.0000,0.9697,0.9999,0.0000,Stutter,0
stutter_long,1578,14.3667,0.9620,1.0000,0.9694,0.9999,0.0000,Stutter,0
stutter_long,1579,14.3833,0.9996,1.0000,0.9708,0.9999,0.0000,Stutter,0
stutter_long,1580,14.4000,0.9534,1.0000,0.9700,0.9999,0.0000,Stutter,0
stutter_long,1581,14.4167,0.9542,1.0000,0.9692,0.9999,0.0000,Stutter,0
stutter_long,1582,14.4333,0.9998,1.0000,0.9707,0.9999,0.0000,Stutter,0
stutter_long,1583,14.4500,0.9610,1.0000,0.9702,0.9999,0.0000,Stutter,0
stutter_long,1584,14.4667,0.9477,1.0000,0.9692,0.9999,0.0000,Stutter,0
stutter_long,1585,14.4833,0.9975,1.0000,0.9705,0.9999,0.0000,Stutter,0
stutter_long,1586,14.5000,0.9694,1.0000,0.9704,0.9999,0.0000,Stutter,0
stutter_long,1587,14.5167,0.9430,1.0000,0.9692,0.9999,0.0000,Stutter,0
stutter_long,1588,14.5333,0.9931,1.0000,0.9703,0.9999,0.0000,Stutter,0
stutter_long,1589,14.5500,0.9778,1.0000,0.9706,0.9999,0.0000,Stutter,0
stutter_long,1590,14.5667,0.9404,1.0000,0.9692,0.9999,0.0000,Stutter,0
stutter_long,1591,14.5833,0.9868,1.0000,0.9700,0.9999,0.0000,Stutter,0
stutter_long,1592,14.6000,0.9856,1.0000,0.9708,0.9999,0.0000,Stutter,0
stutter_long,1593,14.6167,0.9402,1.0000,0.9693,0.9999,0.0000,Stutter,0
stutter_long,1594,14.6333,0.9792,1.0000,0.9698,0.9999,0.0000,Stutter,0
stutter_long,1595,14.6500,0.9921,1.0000,0.9708,0.9999,0.0000,Stutter,0
stutter_long,1596,14.6667,0.9424,1.0000,0.9695,0.9999,0.0000,Stutter,0
stutter_long,1597,14.6833,0.9709,1.0000,0.9696,0.9999,0.0000,Stutter,0
stutter_long,1598,14.7000,0.9969,1.0000,0.9708,0.9999,0.0000,Stutter,0
stutter_long,1599,14.7167,0.9467,1.0000,0.9697,0.9999,0.0000,Stutter,0
stutter_long,1600,14.7333,0.9625,1.0000,0.9694,0.9999,0.0000,Stutter,0
stutter_long,1601,14.7500,0.9995,1.0000,0.9708,0.9999,0.0000,Stutter,0
stutter_long,1602,14.7667,0.9529,1.0000,0.9700,0.9999,0.0000,Stutter,0
stutter_long,1603,14.7833,0.9546,1.0000,0.9692,0.9999,0.0000,Stutter,0
stutter_long,1604,14.8000,0.9998,1.0000,0.9707,0.9999,0.0000,Stutter,0
stutter_long,1605,14.8167,0.9605,1.0000,0.9702,0.9999,0.0000,Stutter,0
stutter_long,1606,14.8333,0.9481,1.0000,0.9692,0.9999,0.0000,Stutter,0
stutter_long,1607,14.8500,0.9977,1.0000,0.9705,0.9999,0.0000,Stutter,0
stutter_long,1608,14.8667,0.9689,1.0000,0.9704,0.9999,0.0000,Stutter,0
stutter_long,1609,14.8833,0.9432,1.0000,0.9692,0.9999,0.0000,Stutter,0
stutter_long,1610,14.9000,0.9934,1.0000,0.9703,0.9999,0.0000,Stutter,0
stutter_long,1611,14.9167,0.9773,1.0000,0.9706,0.9999,0.0000,Stutter,0
stutter_long,1612,14.9333,0.9405,1.0000,0.9692,0.9999,0.0000,Stutter,0
stutter_long,1613,14.9500,0.9872,1.0000,0.9700,0.9999,0.0000,Stutter,0
stutter_long,1614,14.9667,0.9851,1.0000,0.9707,0.9999,0.0000,Stutter,0
stutter_long,1615,14.9833,0.9401,1.0000,0.9693,0.9999,0.0000,Stutter,0
stutter_long,1616,15.0000,0.9797,1.0000,0.9698,0.9999,0.0000,Stutter,0
stutter_long,1617,15.0167,0.9918,1.0000,0.9708,0.9999,0.0000,Stutter,0
stutter_long,1618,15.0333,0.9422,1.0000,0.9695,0.9999,0.0000,Stutter,0
stutter_long,1619,15.0500,0.9714,1.0000,0.9696,0.9999,0.0000,Stutter,0
stutter_long,1620,15.0667,0.9967,1.0000,0.9708,0.9999,0.0000,Stutter,0
stutter_long,1621,15.0833,0.9464,1.0000,0.9697,0.9999,0.0000,Stutter,0
stutter_long,1622,15.1000,0.9630,1.0000,0.9694,0.9999,0.0000,Stutter,0
stutter_long,1623,15.1167,0.9995,1.0000,0.9708,0.9999,0.0000,Stutter,0
stutter_long,1624,15.1333,0.9525,1.0000,0.9699,0.9999,0.0000,Stutter,0
stutter_long,1625,15.1500,0.9551,1.0000,0.9693,0.9999,0.0000,Stutter,0
stutter_long,1626,15.1667,0.9999,1.0000,0.9707,0.9999,0.0000,Stutter,0
stutter_long,1627,15.1833,0.9601,1.0000,0.9702,0.9999,0.0000,Stutter,0
stutter_long,1628,15.2000,0.9484,1.0000,0.9692,1.0000,0.0000,Stutter,0
stutter_long,1629,15.2167,0.9979,1.0000,0.9705,1.0000,0.0000,Stutter,0
stutter_long,1630,15.2333,0.9684,1.0000,0.9704,1.0000,0.0000,Stutter,0
stutter_long,1631,15.2500,0.9434,1.0000,0.9692,1.0000,0.0000,Stutter,0
stutter_long,1632,15.2667,0.9937,1.0000,0.9703,1.0000,0.0000,Stutter,0
stutter_long,1633,15.2833,0.9768,1.0000,0.9706,1.0000,0.0000,Stutter,0
stutter_long,1634,15.3000,0.9406,1.0000,0.9692,1.0000,0.0000,Stutter,0
stutter_long,1635,15.3167,0.9877,1.0000,0.9701,1.0000,0.0000,Stutter,0
stutter_long,1636,15.3333,0.9847,1.0000,0.9707,1.0000,0.0000,Stutter,0
stutter_long,1637,15.3500,0.9401,1.0000,0.9693,1.0000,0.0000,Stutter,0
stutter_long,1638,15.3667,0.9802,1.0000,0.9698,1.0000,0.0000,Stutter,0
stutter_long,1639,15.3833,0.9914,1.0000,0.9708,1.0000,0.0000,Stutter,0
stutter_long,1640,15.4000,0.9420,1.0000,0.9695,1.0000,0.0000,Stutter,0
stutter_long,1641,15.4167,0.9719,1.0000,0.9696,1.0000,0.0000,Stutter,0
stutter_long,1642,15.4333,0.9964,1.0000,0.9708,1.0000,0.0000,Stutter,0
stutter_long,1643,15.4500,0.9461,1.0000,0.9697,1.0000,0.0000,Stutter,0
stutter_long,1644,15.4667,0.9635,1.0000,0.9694,1.0000,0.0000,Stutter,0
stutter_long,1645,15.4833,0.9993,1.0000,0.9708,1.0000,0.0000,Stutter,0
stutter_long,1646,15.5000,0.9521,1.0000,0.9699,1.0000,0.0000,Stutter,0
stutter_long,1647,15.5167,0.9555,1.0000,0.9693,1.0000,0.0000,Stutter,0
stutter_long,1648,15.5333,0.9999,1.0000,0.9707,1.0000,0.0000,Stutter,0
stutter_long,1649,15.5500,0.9596,1.0000,0.9702,1.0000,0.0000,Stutter,0
stutter_long,1650,15.5667,0.9488,1.0000,0.9692,1.0000,0.0000,Stutter,0
stutter_long,1651,15.5833,0.9981,1.0000,0.9705,1.0000,0.0000,Stutter,0
stutter_long,1652,15.6000,0.9678,1.0000,0.9704,1.0000,0.0000,Stutter,0
stutter_long,1653,15.6167,0.9437,1.0000,0.9692,1.0000,0.0000,Stutter,0
stutter_long,1654,15.6333,0.9941,1.0000,0.9703,1.0000,0.0000,Stutter,0
stutter_long,1655,15.6500,0.9763,1.0000,0.9706,1.0000,0.0000,Stutter,0
stutter_long,1656,15.6667,0.9407,1.0000,0.9692,1.0000,0.0000,Stutter,0
stutter_long,1657,15.6833,0.9881,1.0000,0.9701,1.0000,0.0000,Stutter,0
stutter_long,1658,15.7000,0.9842,1.0000,0.9707,1.0000,0.0000,Stutter,0
stutter_long,1659,15.7167,0.9401,1.0000,0.9693,1.0000,0.0000,Stutter,0
stutter_long,1660,15.7333,0.9807,1.0000,0.9698,1.0000,0.0000,Stutter,0
stutter_long,1661,15.7500,0.9911,1.0000,0.9708,1.0000,0.0000,Stutter,0
stutter_long,1662,15.7667,0.9418,1.0000,0.9695,1.0000,0.0000,Stutter,0
stutter_long,1663,15.7833,0.9724,1.0000,0.9696,1.0000,0.0000,Stutter,0
stutter_long,1664,15.8000,0.9962,1.0000,0.9708,1.0000,0.0000,Stutter,0
stutter_long,1665,15.8167,0.9458,1.0000,0.9697,1.0000,0.0000,Stutter,0
stutter_long,1666,15.8333,0.9640,1.0000,0.9694,1.0000,0.0000,Stutter,0
stutter_long,1667,15.8500,0.9992,1.0000,0.9708,1.0000,0.0000,Stutter,0
stutter_long,1668,15.8667,0.9517,1.0000,0.9699,1.0000,0.0000,Stutter,0
stutter_long,1669,15.8833,0.9560,1.0000,0.9693,1.0000,0.0000,Stutter,0
stutter_long,1670,15.9000,1.0000,1.0000,0.9707,1.0000,0.0000,Stutter,0
stutter_long,1671,15.9167,0.9591,1.0000,0.9702,1.0000,0.0000,Stutter,0
stutter_long,1672,15.9333,0.9491,1.0000,0.9692,1.0000,0.0000,Stutter,0
stutter_long,1673,15.9500,0.9983,1.0000,0.9705,1.0000,0.0000,Stutter,0
stutter_long,1674,15.9667,0.9673,1.0000,0.9704,1.0000,0.0000,Stutter,0
stutter_long,1675,15.9833,0.9439,1.0000,0.9692,1.0000,0.0000,Stutter,0
stutter_long,1676,16.0000,0.9944,1.0000,0.9703,1.0000,0.0000,Stutter,0
stutter_long,1677,16.0167,0.9758,1.0000,0.9706,1.0000,0.0000,Stutter,0
stutter_long,1678,16.0333,0.9408,1.0000,0.9692,1.0000,0.0000,Stutter,0
stutter_long,1679,16.0500,0.9885,1.0000,0.9701,1.0000,0.0000,Stutter,0
stutter_long,1680,16.0667,0.9838,1.0000,0.9707,1.0000,0.0000,Stutter,0
stutter_long,1681,16.0833,0.9400,1.0000,0.9693,1.0000,0.0000,Stutter,0
stutter_long,1682,16.1000,0.9812,1.0000,0.9699,1.0000,0.0000,Stutter,0
stutter_long,1683,16.1167,0.9907,1.0000,0.9708,1.0000,0.0000,Stutter,0
stutter_long,1684,16.1333,0.9416,1.0000,0.9695,1.0000,0.0000,Stutter,0
stutter_long,1685,16.1500,0.9729,1.0000,0.9696,1.0000,0.0000,Stutter,0
stutter_long,1686,16.1667,0.9959,1.0000,0.9708,1.0000,0.0000,Stutter,0
stutter_long,1687,16.1833,0.9455,1.0000,0.9697,1.0000,0.0000,Stutter,0
stutter_long,1688,16.2000,0.9645,1.0000,0.9694,1.0000,0.0000,Stutter,0
stutter_long,1689,16.2167,0.9991,1.0000,0.9708,1.0000,0.0000,Stutter,0
stutter_long,1690,16.2333,0.9513,1.0000,0.9699,1.0000,0.0000,Stutter,0
stutter_long,1691,16.2500,0.9564,1.0000,0.9693,1.0000,0.0000,Stutter,0
stutter_long,1692,16.2667,1.0000,1.0000,0.9707,1.0000,0.0000,Stutter,0
stutter_long,1693,16.2833,0.9586,1.0000,0.9701,1.0000,0.0000,Stutter,0
stutter_long,1694,16.3000,0.9495,1.0000,0.9692,1.0000,0.0000,Stutter,0
stutter_long,1695,16.3167,0.9984,1.0000,0.9705,1.0000,0.0000,Stutter,0
stutter_long,1696,16.3333,0.9668,1.0000,0.9704,1.0000,0.0000,Stutter,0
stutter_long,1697,16.3500,0.9442,1.0000,0.9692,1.0000,0.0000,Stutter,0
stutter_long,1698,16.3667,0.9947,1.0000,0.9703,1.0000,0.0000,Stutter,0
stutter_long,1699,16.3833,0.9753,1.0000,0.9706,1.0000,0.0000,Stutter,0
stutter_long,1700,16.4000,0.9409,1.0000,0.9692,1.0000,0.0000,Stutter,0
stutter_long,1701,16.4167,0.9889,1.0000,0.9701,1.0000,0.0000,Stutter,0
stutter_long,1702,16.4333,0.9833,1.0000,0.9707,1.0000,0.0000,Stutter,0
stutter_long,1703,16.4500,0.9400,1.0000,0.9693,1.0000,0.0000,Stutter,0
stutter_long,1704,16.4667,0.9816,1.0000,0.9699,1.0000,0.0000,Stutter,0
stutter_long,1705,16.4833,0.9903,1.0000,0.9708,1.0000,0.0000,Stutter,0
stutter_long,1706,16.5000,0.9415,1.0000,0.9695,1.0000,0.0000,Stutter,0
stutter_long,1707,16.5167,0.9734,1.0000,0.9696,1.0000,0.0000,Stutter,0
stutter_long,1708,16.5333,0.9957,1.0000,0.9708,1.0000,0.0000,Stutter,0
stutter_long,1709,16.5500,0.9452,1.0000,0.9697,1.0000,0.0000,Stutter,0
stutter_long,1710,16.5667,0.9650,1.0000,0.9694,1.0000,0.0000,Stutter,0
stutter_long,1711,16.5833,0.9990,1.0000,0.9708,1.0000,0.0000,Stutter,0
stutter_long,1712,16.6000,0.9509,1.0000,0.9699,1.0000,0.0000,Stutter,0
stutter_long,1713,16.6167,0.9569,1.0000,0.9693,1.0000,0.0000,Stutter,0
stutter_long,1714,16.6333,1.0000,1.0000,0.9707,1.0000,0.0000,Stutter,0
stutter_long,1715,16.6500,0.9582,1.0000,0.9701,1.0000,0.0000,Stutter,0
stutter_long,1716,16.6667,0.9499,1.0000,0.9692,1.0000,0.0000,Stutter,0
stutter_long,1717,16.6833,0.9986,1.0000,0.9706,1.0000,0.0000,Stutter,0
stutter_long,1718,16.7000,0.9663,1.0000,0.9704,1.0000,0.0000,Stutter,0
stutter_long,1719,16.7167,0.9444,1.0000,0.9692,1.0000,0.0000,Stutter,0
stutter_long,1720,16.7333,0.9949,1.0000,0.9704,1.0000,0.0000,Stutter,0
stutter_long,1721,16.7500,0.9748,1.0000,0.9706,1.0000,0.0000,Stutter,0
stutter_long,1722,16.7667,0.9411,1.0000,0.9692,1.0000,0.0000,Stutter,0
stutter_long,1723,16.7833,0.9893,1.0000,0.9701,1.0000,0.0000,Stutter,0
stutter_long,1724,16.8000,0.9829,1.0000,0.9707,1.0000,0.0000,Stutter,0
stutter_long,1725,16.8167,0.9400,1.0000,0.9693,1.0000,0.0000,Stutter,0
stutter_long,1726,16.8333,0.9821,1.0000,0.9699,1.0000,0.0000,Stutter,0
stutter_long,1727,16.8500,0.9899,1.0000,0.9708,1.0000,0.0000,Stutter,0
stutter_long,1728,16.8667,0.9413,1.0000,0.9694,1.0000,0.0000,Stutter,0
stutter_long,1729,16.8833,0.9739,1.0000,0.9697,1.0000,0.0000,Stutter,0
stutter_long,1730,16.9000,0.9954,1.0000,0.9708,1.0000,0.0000,Stutter,0
stutter_long,1731,16.9167,0.9449,1.0000,0.9696,1.0000,0.0000,Stutter,0
stutter_long,1732,16.9333,0.9655,1.0000,0.9694,1.0000,0.0000,Stutter,0
stutter_long,1733,16.9500,0.9989,1.0000,0.9708,1.0000,0.0000,Stutter,0
stutter_long,1734,16.9667,0.9505,1.0000,0.9699,1.0000,0.0000,Stutter,0
stutter_long,1735,16.9833,0.9573,1.0000,0.9693,1.0000,0.0000,Stutter,0
stutter_long,1736,17.0000,1.0000,1.0000,0.9707,1.0000,0.0000,Stutter,0
stutter_long,1737,17.0167,0.9577,1.0000,0.9701,1.0000,0.0000,Stutter,0
stutter_long,1738,17.0333,0.9503,1.0000,0.9692,1.0000,0.0000,Stutter,0
stutter_long,1739,17.0500,0.9988,1.0000,0.9706,1.0000,0.0000,Stutter,0
stutter_long,1740,17.0667,0.9658,1.0000,0.9703,1.0000,0.0000,Stutter,0
stutter_long,1741,17.0833,0.9447,1.0000,0.9692,1.0000,0.0000,Stutter,0
stutter_long,1742,17.1000,0.9952,1.0000,0.9704,1.0000,0.0000,Stutter,0
stutter_long,1743,17.1167,0.9743,1.0000,0.9705,1.0000,0.0000,Stutter,0
stutter_long,1744,17.1333,0.9412,1.0000,0.9692,1.0000,0.0000,Stutter,0
stutter_long,1745,17.1500,0.9897,1.0000,0.9701,1.0000,0.0000,Stutter,0
stutter_long,1746,17.1667,0.9824,1.0000,0.9707,1.0000,0.0000,Stutter,0
stutter_long,1747,17.1833,0.9400,1.0000,0.9693,1.0000,0.0000,Stutter,0
stutter_long,1748,17.2000,0.9826,1.0000,0.9699,1.0000,0.0000,Stutter,0
stutter_long,1749,17.2167,0.9896,1.0000,0.9708,1.0000,0.0000,Stutter,0
stutter_long,1750,17.2333,0.9412,1.0000,0.9694,1.0000,0.0000,Stutter,0
stutter_long,1751,17.2500,0.9744,1.0000,0.9697,1.0000,0.0000,Stutter,0
stutter_long,1752,17.2667,0.9951,1.0000,0.9708,1.0000,0.0000,Stutter,0
stutter_long,1753,17.2833,0.9447,1.0000,0.9696,1.0000,0.0000,Stutter,0
stutter_long,1754,17.3000,0.9660,1.0000,0.9695,1.0000,0.0000,Stutter,0
stutter_long,1755,17.3167,0.9987,1.0000,0.9708,1.0000,0.0000,Stutter,0
stutter_long,1756,17.3333,0.9501,1.0000,0.9699,1.0000,0.0000,Stutter,0
stutter_long,1757,17.3500,0.9578,1.0000,0.9693,1.0000,0.0000,Stutter,0
stutter_long,1758,17.3667,1.0000,1.0000,0.9707,1.0000,0.0000,Stutter,0
stutter_long,1759,17.3833,0.9572,1.0000,0.9701,1.0000,0.0000,Stutter,0
stutter_long,1760,17.4000,0.9506,1.0000,0.9692,1.0000,0.0000,Stutter,0
stutter_long,1761,17.4167,0.9989,1.0000,0.9706,1.0000,0.0000,Stutter,0
stutter_long,1762,17.4333,0.9653,1.0000,0.9703,1.0000,0.0000,Stutter,0
stutter_long,1763,17.4500,0.9450,1.0000,0.9692,1.0000,0.0000,Stutter,0
stutter_long,1764,17.4667,0.9955,1.0000,0.9704,1.0000,0.0000,Stutter,0
stutter_long,1765,17.4833,0.9738,1.0000,0.9705,1.0000,0.0000,Stutter,0
stutter_long,1766,17.5000,0.9414,1.0000,0.9692,1.0000,0.0000,Stutter,0
stutter_long,1767,17.5167,0.9900,1.0000,0.9701,1.0000,0.0000,Stutter,0
stutter_long,1768,17.5333,0.9819,1.0000,0.9707,1.0000,0.0000,Stutter,0
stutter_long,1769,17.5500,0.9400,1.0000,0.9693,1.0000,0.0000,Stutter,0
stutter_long,1770,17.5667,0.9830,1.0000,0.9699,1.0000,0.0000,Stutter,0
stutter_long,1771,17.5833,0.9892,1.0000,0.9708,1.0000,0.0000,Stutter,0
stutter_long,1772,17.6000,0.9410,1.0000,0.9694,1.0000,0.0000,Stutter,0
stutter_long,1773,17.6167,0.9749,1.0000,0.9697,1.0000,0.0000,Stutter,0
stutter_long,1774,17.6333,0.9948,1.0000,0.9708,1.0000,0.0000,Stutter,0
stutter_long,1775,17.6500,0.9444,1.0000,0.9696,1.0000,0.0000,Stutter,0
stutter_long,1776,17.6667,0.9665,1.0000,0.9695,1.0000,0.0000,Stutter,0
stutter_long,1777,17.6833,0.9986,1.0000,0.9708,1.0000,0.0000,Stutter,0
stutter_long,1778,17.7000,0.9498,1.0000,0.9698,1.0000,0.0000,Stutter,0
stutter_long,1779,17.7167,0.9583,1.0000,0.9693,1.0000,0.0000,Stutter,0
stutter_long,1780,17.7333,1.0000,1.0000,0.9707,1.0000,0.0000,Stutter,0
stutter_long,1781,17.7500,0.9568,1.0000,0.9701,1.0000,0.0000,Stutter,0
stutter_long,1782,17.7667,0.9510,1.0000,0.9692,1.0000,0.0000,Stutter,0
stutter_long,1783,17.7833,0.9990,1.0000,0.9706,1.0000,0.0000,Stutter,0
stutter_long,1784,17.8000,0.9648,1.0000,0.9703,1.0000,0.0000,Stutter,0
stutter_long,1785,17.8167,0.9453,1.0000,0.9692,1.0000,0.0000,Stutter,0
stutter_long,1786,17.8333,0.9958,1.0000,0.9704,1.0000,0.0000,Stutter,0
stutter_long,1787,17.8500,0.9733,1.0000,0.9705,1.0000,0.0000,Stutter,0
stutter_long,1788,17.8667,0.9415,1.0000,0.9692,1.0000,0.0000,Stutter,0
stutter_long,1789,17.8833,0.9904,1.0000,0.9702,1.0000,0.0000,Stutter,0
stutter_long,1790,17.9000,0.9815,1.0000,0.9707,1.0000,0.0000,Stutter,0
stutter_long,1791,17.9167,0.9400,1.0000,0.9693,1.0000,0.0000,Stutter,0
stutter_long,1792,17.9333,0.9835,1.0000,0.9699,1.0000,0.0000,Stutter,0
stutter_long,1793,17.9500,0.9888,1.0000,0.9708,1.0000,0.0000,Stutter,0
stutter_long,1794,17.9667,0.9409,1.0000,0.9694,1.0000,0.0000,Stutter,0
stutter_long,1795,17.9833,0.9754,1.0000,0.9697,1.0000,0.0000,Stutter,0
stutter_long,1796,18.0000,0.9946,1.0000,0.9708,1.0000,0.0000,Stutter,0
stutter_long,1797,18.0167,0.9441,1.0000,0.9696,1.0000,0.0000,Stutter,0
stutter_long,1798,18.0333,0.9670,1.0000,0.9695,1.0000,0.0000,Stutter,0
stutter_long,1799,18.0500,0.9984,1.0000,0.9708,1.0000,0.0000,Stutter,0
stutter_long,1800,18.0667,0.9494,1.0000,0.9698,1.0000,0.0000,Stutter,0
stutter_long,1801,18.0833,0.9587,1.0000,0.9693,1.0000,0.0000,Stutter,0
stutter_long,1802,18.1000,1.0000,1.0000,0.9707,1.0000,0.0000,Stutter,0
stutter_long,1803,18.1167,0.9563,1.0000,0.9701,1.0000,0.0000,Stutter,0
stutter_long,1804,18.1333,0.9514,1.0000,0.9692,1.0000,0.0000,Stutter,0
stutter_long,1805,18.1500,0.9992,1.0000,0.9706,1.0000,0.0000,Stutter,0
stutter_long,1806,18.1667,0.9643,1.0000,0.9703,1.0000,0.0000,Stutter,0
stutter_long,1807,18.1833,0.9456,1.0000,0.9692,1.0000,0.0000,Stutter,0
stutter_long,1808,18.2000,0.9960,1.0000,0.9704,1.0000,0.0000,Stutter,0
stutter_long,1809,18.2167,0.9728,1.0000,0.9705,1.0000,0.0000,Stutter,0
stutter_long,1810,18.2333,0.9417,1.0000,0.9692,1.0000,0.0000,Stutter,0
stutter_long,1811,18.2500,0.9908,1.0000,0.9702,1.0000,0.0000,Stutter,0
stutter_long,1812,18.2667,0.9810,1.0000,0.9707,1.0000,0.0000,Stutter,0
stutter_long,1813,18.2833,0.9400,1.0000,0.9693,1.0000,0.0000,Stutter,0
stutter_long,1814,18.3000,0.9839,1.0000,0.9699,1.0000,0.0000,Stutter,0
stutter_long,1815,18.3167,0.9884,1.0000,0.9708,1.0000,0.0000,Stutter,0
stutter_long,1816,18.3333,0.9408,1.0000,0.9694,1.0000,0.0000,Stutter,0
stutter_long,1817,18.3500,0.9759,1.0000,0.9697,1.0000,0.0000,Stutter,0
stutter_long,1818,18.3667,0.9943,1.0000,0.9708,1.0000,0.0000,Stutter,0
stutter_long,1819,18.3833,0.9439,1.0000,0.9696,1.0000,0.0000,Stutter,0
stutter_long,1820,18.4000,0.9675,1.0000,0.9695,1.0000,0.0000,Stutter,0
stutter_long,1821,18.4167,0.9982,1.0000,0.9708,1.0000,0.0000,Stutter,0
stutter_long,1822,18.4333,0.9490,1.0000,0.9698,1.0000,0.0000,Stutter,0
stutter_long,1823,18.4500,0.9592,1.0000,0.9693,1.0000,0.0000,Stutter,0
stutter_long,1824,18.4667,0.9999,1.0000,0.9707,1.0000,0.0000,Stutter,0
stutter_long,1825,18.4833,0.9559,1.0000,0.9701,1.0000,0.0000,Stutter,0
stutter_long,1826,18.5000,0.9518,1.0000,0.9692,1.0000,0.0000,Stutter,0
stutter_long,1827,18.5167,0.9993,1.0000,0.9706,1.0000,0.0000,Stutter,0
stutter_long,1828,18.5333,0.9638,1.0000,0.9703,1.0000,0.0000,Stutter,0
stutter_long,1829,18.5500,0.9459,1.0000,0.9692,1.0000,0.0000,Stutter,0
stutter_long,1830,18.5667,0.9963,1.0000,0.9704,1.0000,0.0000,Stutter,0
stutter_long,1831,18.5833,0.9723,1.0000,0.9705,1.0000,0.0000,Stutter,0
stutter_long,1832,18.6000,0.9419,1.0000,0.9692,1.0000,0.0000,Stutter,0
stutter_long,1833,18.6167,0.9912,1.0000,0.9702,1.0000,0.0000,Stutter,0
stutter_long,1834,18.6333,0.9805,1.0000,0.9707,1.0000,0.0000,Stutter,0
stutter_long,1835,18.6500,0.9401,1.0000,0.9692,1.0000,0.0000,Stutter,0
stutter_long,1836,18.6667,0.9844,1.0000,0.9700,1.0000,0.0000,Stutter,0
stutter_long,1837,18.6833,0.9880,1.0000,0.9708,1.0000,0.0000,Stutter,0
stutter_long,1838,18.7000,0.9407,1.0000,0.9694,1.0000,0.0000,Stutter,0
stutter_long,1839,18.7167,0.9764,1.0000,0.9697,1.0000,0.0000,Stutter,0
stutter_long,1840,18.7333,0.9940,1.0000,0.9708,1.0000,0.0000,Stutter,0
stutter_long,1841,18.7500,0.9436,1.0000,0.9696,1.0000,0.0000,Stutter,0
stutter_long,1842,18.7667,0.9680,1.0000,0.9695,1.0000,0.0000,Stutter,0
stutter_long,1843,18.7833,0.9981,1.0000,0.9708,1.0000,0.0000,Stutter,0
stutter_long,1844,18.8000,0.9486,1.0000,0.9698,1.0000,0.0000,Stutter,0
stutter_long,1845,18.8167,0.9597,1.0000,0.9693,1.0000,0.0000,Stutter,0
stutter_long,1846,18.8333,0.9999,1.0000,0.9708,1.0000,0.0000,Stutter,0
stutter_long,1847,18.8500,0.9554,1.0000,0.9700,1.0000,0.0000,Stutter,0
stutter_long,1848,18.8667,0.9522,1.0000,0.9692,1.0000,0.0000,Stutter,0
stutter_long,1849,18.8833,0.9994,1.0000,0.9706,1.0000,0.0000,Stutter,0
stutter_long,1850,18.9000,0.9633,1.0000,0.9703,1.0000,0.0000,Stutter,0
stutter_long,1851,18.9167,0.9500,1.0000,0.9693,1.0000,0.0000,Stutter,0
stutter_long,1852,18.9333,0.0500,0.5299,0.9266,0.9979,0.0000,Stutter,0
stutter_long,1853,18.9500,0.0500,0.5250,0.8858,0.9958,0.0000,Stutter,0
stutter_long,1854,18.9667,0.9500,1.0000,0.8888,0.9959,0.0000,Stutter,0
stutter_long,1855,18.9833,0.9500,1.0000,0.8916,0.9959,0.0000,Stutter,0
stutter_long,1856,19.0000,0.9500,1.0000,0.8944,0.9959,0.0000,Stutter,0
stutter_long,1857,19.0167,0.0500,0.5313,0.8551,0.9939,0.0000,Stutter,0
stutter_long,1858,19.0333,0.0500,0.5185,0.8177,0.9918,0.0000,Stutter,0
stutter_long,1859,19.0500,0.0500,0.5168,0.7820,0.9898,0.0000,Stutter,0
stutter_long,1860,19.0667,0.9500,1.0000,0.7898,0.9899,0.0000,Stutter,0
stutter_long,1861,19.0833,0.9500,1.0000,0.7972,0.9900,0.0000,Stutter,0
stutter_long,1862,19.1000,0.0500,0.5170,0.7625,0.9879,0.0000,Stutter,0
stutter_long,1863,19.1167,0.9500,1.0000,0.7712,0.9880,0.0000,Stutter,0
stutter_long,1864,19.1333,0.9500,1.0000,0.7795,0.9881,0.0000,Stutter,0
stutter_long,1865,19.1500,0.9500,1.0000,0.7874,0.9882,0.0000,Stutter,0
stutter_long,1866,19.1667,0.0500,0.5281,0.7531,0.9862,0.0000,Stutter,0
stutter_long,1867,19.1833,0.9500,1.0000,0.7623,0.9863,0.0000,Stutter,0
stutter_long,1868,19.2000,0.9500,1.0000,0.7710,0.9864,0.0000,Stutter,0
stutter_long,1869,19.2167,0.9500,1.0000,0.7794,0.9865,0.0000,Stutter,0
stutter_long,1870,19.2333,0.9500,1.0000,0.7873,0.9866,0.0000,Stutter,0
stutter_long,1871,19.2500,0.0500,0.5107,0.7530,0.9846,0.0000,Stutter,0
stutter_long,1872,19.2667,0.9500,1.0000,0.7622,0.9847,0.0000,Stutter,0
stutter_long,1873,19.2833,0.0500,0.5395,0.7290,0.9827,0.0000,Stutter,0
stutter_long,1874,19.3000,0.0500,0.5230,0.6975,0.9807,0.0000,Stutter,0
stutter_long,1875,19.3167,0.0500,0.5116,0.6674,0.9787,0.0000,Stutter,0
stutter_long,1876,19.3333,0.0500,0.5293,0.6386,0.9767,0.0000,Stutter,0
stutter_long,1877,19.3500,0.0500,0.5296,0.6113,0.9747,0.0000,Stutter,0
stutter_long,1878,19.3667,0.9500,1.0000,0.6270,0.9750,0.0000,Stutter,0
stutter_long,1879,19.3833,0.9500,1.0000,0.6420,0.9752,0.0000,Stutter,0
stutter_long,1880,19.4000,0.0500,0.5239,0.6145,0.9732,0.0000,Stutter,0
stutter_long,1881,19.4167,0.9871,1.0000,0.6318,0.9734,0.0000,Stutter,0
stutter_long,1882,19.4333,0.9405,1.0000,0.6462,0.9736,0.0000,Stutter,0
stutter_long,1883,19.4500,0.9774,1.0000,0.6616,0.9738,0.0000,Stutter,0
stutter_long,1884,19.4667,0.9933,1.0000,0.6770,0.9741,0.0000,Stutter,0
stutter_long,1885,19.4833,0.9431,1.0000,0.6894,0.9743,0.0000,Stutter,0
stutter_long,1886,19.5000,0.9690,1.0000,0.7024,0.9745,0.0000,Stutter,0
stutter_long,1887,19.5167,0.9977,1.0000,0.7161,0.9747,0.0000,Stutter,0
stutter_long,1888,19.5333,0.9479,1.0000,0.7269,0.9749,0.0000,Stutter,0
stutter_long,1889,19.5500,0.9607,1.0000,0.7378,0.9751,0.0000,Stutter,0
stutter_long,1890,19.5667,0.9998,1.0000,0.7500,0.9753,0.0000,Stutter,0
stutter_long,1891,19.5833,0.9545,1.0000,0.7595,0.9755,0.0000,Stutter,0
stutter_long,1892,19.6000,0.9531,1.0000,0.7685,0.9757,0.0000,Stutter,0
stutter_long,1893,19.6167,0.9996,1.0000,0.7792,0.9759,0.0000,Stutter,0
stutter_long,1894,19.6333,0.9623,1.0000,0.7877,0.9761,0.0000,Stutter,0
stutter_long,1895,19.6500,0.9468,1.0000,0.7951,0.9763,0.0000,Stutter,0
stutter_long,1896,19.6667,0.9970,1.0000,0.8045,0.9765,0.0000,Stutter,0
stutter_long,1897,19.6833,0.9707,1.0000,0.8123,0.9767,0.0000,Stutter,0
stutter_long,1898,19.7000,0.9424,1.0000,0.8183,0.9769,0.0000,Stutter,0
stutter_long,1899,19.7167,0.9922,1.0000,0.8264,0.9771,0.0000,Stutter,0
stutter_long,1900,19.7333,0.9791,1.0000,0.8335,0.9773,0.0000,Stutter,0
stutter_long,1901,19.7500,0.9402,1.0000,0.8385,0.9775,0.0000,Stutter,0
stutter_long,1902,19.7667,0.9857,1.0000,0.8453,0.9777,0.0000,Stutter,0
stutter_long,1903,19.7833,0.9867,1.0000,0.8519,0.9779,0.0000,Stutter,0
stutter_long,1904,19.8000,0.9404,1.0000,0.8560,0.9780,0.0000,Stutter,0
stutter_long,1905,19.8167,0.9779,1.0000,0.8617,0.9782,0.0000,Stutter,0
stutter_long,1906,19.8333,0.9930,1.0000,0.8678,0.9784,0.0000,Stutter,0
stutter_long,1907,19.8500,0.9429,1.0000,0.8713,0.9786,0.0000,Stutter,0
stutter_long,1908,19.8667,0.9695,1.0000,0.8758,0.9788,0.0000,Stutter,0
stutter_long,1909,19.8833,0.9975,1.0000,0.8815,0.9789,0.0000,Stutter,0
stutter_long,1910,19.9000,0.9476,1.0000,0.8846,0.9791,0.0000,Stutter,0
stutter_long,1911,19.9167,0.9612,1.0000,0.8881,0.9793,0.0000,Stutter,0
stutter_long,1912,19.9333,0.9997,1.0000,0.8933,0.9795,0.0000,Stutter,0
stutter_long,1913,19.9500,0.9541,1.0000,0.8961,0.9796,0.0000,Stutter,0
stutter_long,1914,19.9667,0.9535,1.0000,0.8988,0.9798,0.0000,Stutter,0
stutter_long,1915,19.9833,0.9996,1.0000,0.9035,0.9800,0.0000,Stutter,0
stutter_long,1916,20.0000,0.9618,1.0000,0.9062,0.9801,0.0000,Stutter,0
stutter_long,1917,20.0167,0.9472,1.0000,0.9081,0.9803,0.0000,Stutter,0
stutter_long,1918,20.0333,0.9972,1.0000,0.9123,0.9805,0.0000,Stutter,0
stutter_long,1919,20.0500,0.9702,1.0000,0.9150,0.9806,0.0000,Stutter,0
stutter_long,1920,20.0667,0.9426,1.0000,0.9162,0.9808,0.0000,Stutter,0
stutter_long,1921,20.0833,0.9926,1.0000,0.9198,0.9809,0.0000,Stutter,0
stutter_long,1922,20.1000,0.9786,1.0000,0.9225,0.9811,0.0000,Stutter,0
stutter_long,1923,20.1167,0.9403,1.0000,0.9234,0.9813,0.0000,Stutter,0
stutter_long,1924,20.1333,0.9861,1.0000,0.9263,0.9814,0.0000,Stutter,0
stutter_long,1925,20.1500,0.9863,1.0000,0.9291,0.9816,0.0000,Stutter,0
stutter_long,1926,20.1667,0.9403,1.0000,0.9296,0.9817,0.0000,Stutter,0
stutter_long,1927,20.1833,0.9784,1.0000,0.9319,0.9819,0.0000,Stutter,0
stutter_long,1928,20.2000,0.9927,1.0000,0.9347,0.9820,0.0000,Stutter,0
stutter_long,1929,20.2167,0.9427,1.0000,0.9351,0.9822,0.0000,Stutter,0
stutter_long,1930,20.2333,0.9700,1.0000,0.9367,0.9823,0.0000,Stutter,0
stutter_long,1931,20.2500,0.9973,1.0000,0.9395,0.9825,0.0000,Stutter,0
stutter_long,1932,20.2667,0.9473,1.0000,0.9399,0.9826,0.0000,Stutter,0
stutter_long,1933,20.2833,0.9616,1.0000,0.9409,0.9828,0.0000,Stutter,0
stutter_long,1934,20.3000,0.9997,1.0000,0.9436,0.9829,0.0000,Stutter,0
stutter_long,1935,20.3167,0.9537,1.0000,0.9441,0.9830,0.0000,Stutter,0
stutter_long,1936,20.3333,0.9539,1.0000,0.9445,0.9832,0.0000,Stutter,0
stutter_long,1937,20.3500,0.9997,1.0000,0.9471,0.9833,0.0000,Stutter,0
stutter_long,1938,20.3667,0.9613,1.0000,0.9478,0.9835,0.0000,Stutter,0
stutter_long,1939,20.3833,0.9475,1.0000,0.9478,0.9836,0.0000,Stutter,0
stutter_long,1940,20.4000,0.9974,1.0000,0.9501,0.9837,0.0000,Stutter,0
stutter_long,1941,20.4167,0.9697,1.0000,0.9510,0.9839,0.0000,Stutter,0
stutter_long,1942,20.4333,0.9428,1.0000,0.9506,0.9840,0.0000,Stutter,0
stutter_long,1943,20.4500,0.9929,1.0000,0.9526,0.9841,0.0000,Stutter,0
stutter_long,1944,20.4667,0.9781,1.0000,0.9538,0.9843,0.0000,Stutter,0
stutter_long,1945,20.4833,0.9404,1.0000,0.9531,0.9844,0.0000,Stutter,0
stutter_long,1946,20.5000,0.9866,1.0000,0.9547,0.9845,0.0000,Stutter,0
stutter_long,1947,20.5167,0.9859,1.0000,0.9561,0.9847,0.0000,Stutter,0
stutter_long,1948,20.5333,0.9402,1.0000,0.9554,0.9848,0.0000,Stutter,0
stutter_long,1949,20.5500,0.9789,1.0000,0.9565,0.9849,0.0000,Stutter,0
stutter_long,1950,20.5667,0.9923,1.0000,0.9582,0.9850,0.0000,Stutter,0
stutter_long,1951,20.5833,0.9425,1.0000,0.9574,0.9852,0.0000,Stutter,0
stutter_long,1952,20.6000,0.9706,1.0000,0.9580,0.9853,0.0000,Stutter,0
stutter_long,1953,20.6167,0.9970,1.0000,0.9599,0.9854,0.0000,Stutter,0
stutter_long,1954,20.6333,0.9469,1.0000,0.9593,0.9855,0.0000,Stutter,0
stutter_long,1955,20.6500,0.9621,1.0000,0.9594,0.9856,0.0000,Stutter,0
stutter_long,1956,20.6667,0.9996,1.0000,0.9613,0.9858,0.0000,Stutter,0
stutter_long,1957,20.6833,0.9532,1.0000,0.9609,0.9859,0.0000,Stutter,0
stutter_long,1958,20.7000,0.9544,1.0000,0.9606,0.9860,0.0000,Stutter,0
stutter_long,1959,20.7167,0.9998,1.0000,0.9624,0.9861,0.0000,Stutter,0
stutter_long,1960,20.7333,0.9608,1.0000,0.9623,0.9862,0.0000,Stutter,0
stutter_long,1961,20.7500,0.9478,1.0000,0.9617,0.9863,0.0000,Stutter,0
stutter_long,1962,20.7667,0.9976,1.0000,0.9633,0.9865,0.0000,Stutter,0
stutter_long,1963,20.7833,0.9692,1.0000,0.9636,0.9866,0.0000,Stutter,0
stutter_long,1964,20.8000,0.9431,1.0000,0.9626,0.9867,0.0000,Stutter,0
stutter_long,1965,20.8167,0.9932,1.0000,0.9641,0.9868,0.0000,Stutter,0
stutter_long,1966,20.8333,0.9776,1.0000,0.9647,0.9869,0.0000,Stutter,0
stutter_long,1967,20.8500,0.9404,1.0000,0.9636,0.9870,0.0000,Stutter,0
stutter_long,1968,20.8667,0.9870,1.0000,0.9647,0.9871,0.0000,Stutter,0
stutter_long,1969,20.8833,0.9854,1.0000,0.9656,0.9872,0.0000,Stutter,0
stutter_long,1970,20.9000,0.9402,1.0000,0.9644,0.9873,0.0000,Stutter,0
stutter_long,1971,20.9167,0.9794,1.0000,0.9651,0.9874,0.0000,Stutter,0
stutter_long,1972,20.9333,0.9920,1.0000,0.9664,0.9875,0.0000,Stutter,0
stutter_long,1973,20.9500,0.9423,1.0000,0.9653,0.9876,0.0000,Stutter,0
stutter_long,1974,20.9667,0.9711,1.0000,0.9655,0.9877,0.0000,Stutter,0
stutter_long,1975,20.9833,0.9968,1.0000,0.9670,0.9878,0.0000,Stutter,0
stutter_long,1976,21.0000,0.9466,1.0000,0.9660,0.9880,0.0000,Stutter,0
stutter_long,1977,21.0167,0.9626,1.0000,0.9659,0.9881,0.0000,Stutter,0
stutter_long,1978,21.0333,0.9995,1.0000,0.9674,0.9881,0.0000,Stutter,0
stutter_long,1979,21.0500,0.9528,1.0000,0.9668,0.9882,0.0000,Stutter,0
stutter_long,1980,21.0667,0.9548,1.0000,0.9662,0.9883,0.0000,Stutter,0
stutter_long,1981,21.0833,0.9998,1.0000,0.9678,0.9884,0.0000,Stutter,0
stutter_long,1982,21.1000,0.9603,1.0000,0.9674,0.9885,0.0000,Stutter,0
stutter_long,1983,21.1167,0.9482,1.0000,0.9665,0.9886,0.0000,Stutter,0
stutter_long,1984,21.1333,0.9978,1.0000,0.9680,0.9887,0.0000,Stutter,0
stutter_long,1985,21.1500,0.9687,1.0000,0.9680,0.9888,0.0000,Stutter,0
stutter_long,1986,21.1667,0.9433,1.0000,0.9669,0.9889,0.0000,Stutter,0
stutter_long,1987,21.1833,0.9935,1.0000,0.9681,0.9890,0.0000,Stutter,0
stutter_long,1988,21.2000,0.9771,1.0000,0.9685,0.9891,0.0000,Stutter,0
stutter_long,1989,21.2167,0.9405,1.0000,0.9672,0.9892,0.0000,Stutter,0
stutter_long,1990,21.2333,0.9874,1.0000,0.9682,0.9893,0.0000,Stutter,0
stutter_long,1991,21.2500,0.9850,1.0000,0.9689,0.9894,0.0000,Stutter,0
stutter_long,1992,21.2667,0.9401,1.0000,0.9676,0.9895,0.0000,Stutter,0
stutter_long,1993,21.2833,0.9799,1.0000,0.9682,0.9895,0.0000,Stutter,0
stutter_long,1994,21.3000,0.9916,1.0000,0.9693,0.9896,0.0000,Stutter,0
stutter_long,1995,21.3167,0.9421,1.0000,0.9680,0.9897,0.0000,Stutter,0
stutter_long,1996,21.3333,0.9716,1.0000,0.9682,0.9898,0.0000,Stutter,0
stutter_long,1997,21.3500,0.9966,1.0000,0.9695,0.9899,0.0000,Stutter,0
stutter_long,1998,21.3667,0.9463,1.0000,0.9684,0.9900,0.0000,Stutter,0
stutter_long,1999,21.3833,0.9631,1.0000,0.9682,0.9901,0.0000,Stutter,0
stutter_long,2000,21.4000,0.9994,1.0000,0.9696,0.9901,0.0000,Stutter,0
stutter_long,2001,21.4167,0.9524,1.0000,0.9688,0.9902,0.0000,Stutter,0
stutter_long,2002,21.4333,0.9553,1.0000,0.9682,0.9903,0.0000,Stutter,0
stutter_long,2003,21.4500,0.9999,1.0000,0.9697,0.9904,0.0000,Stutter,0
stutter_long,2004,21.4667,0.9599,1.0000,0.9692,0.9905,0.0000,Stutter,0
stutter_long,2005,21.4833,0.9485,1.0000,0.9682,0.9905,0.0000,Stutter,0
stutter_long,2006,21.5000,0.9980,1.0000,0.9696,0.9906,0.0000,Stutter,0
stutter_long,2007,21.5167,0.9682,1.0000,0.9696,0.9907,0.0000,Stutter,0
stutter_long,2008,21.5333,0.9435,1.0000,0.9684,0.9908,0.0000,Stutter,0
stutter_long,2009,21.5500,0.9938,1.0000,0.9695,0.9908,0.0000,Stutter,0
stutter_long,2010,21.5667,0.9766,1.0000,0.9699,0.9909,0.0000,Stutter,0
stutter_long,2011,21.5833,0.9406,1.0000,0.9685,0.9910,0.0000,Stutter,0
stutter_long,2012,21.6000,0.9878,1.0000,0.9694,0.9911,0.0000,Stutter,0
stutter_long,2013,21.6167,0.9845,1.0000,0.9701,0.9911,0.0000,Stutter,0
stutter_long,2014,21.6333,0.9401,1.0000,0.9687,0.9912,0.0000,Stutter,0
stutter_long,2015,21.6500,0.9804,1.0000,0.9693,0.9913,0.0000,Stutter,0
stutter_long,2016,21.6667,0.9913,1.0000,0.9703,0.9914,0.0000,Stutter,0
stutter_long,2017,21.6833,0.9419,1.0000,0.9690,0.9914,0.0000,Stutter,0
stutter_long,2018,21.7000,0.9721,1.0000,0.9691,0.9915,0.0000,Stutter,0
stutter_long,2019,21.7167,0.9963,1.0000,0.9704,0.9916,0.0000,Stutter,0
stutter_long,2020,21.7333,0.9460,1.0000,0.9692,0.9916,0.0000,Stutter,0
stutter_long,2021,21.7500,0.9636,1.0000,0.9690,0.9917,0.0000,Stutter,0
stutter_long,2022,21.7667,0.9993,1.0000,0.9704,0.9918,0.0000,Stutter,0
stutter_long,2023,21.7833,0.9520,1.0000,0.9695,0.9919,0.0000,Stutter,0
stutter_long,2024,21.8000,0.9557,1.0000,0.9689,0.9919,0.0000,Stutter,0
stutter_long,2025,21.8167,0.9999,1.0000,0.9703,0.9920,0.0000,Stutter,0
stutter_long,2026,21.8333,0.9594,1.0000,0.9698,0.9921,0.0000,Stutter,0
stutter_long,2027,21.8500,0.9489,1.0000,0.9689,0.9921,0.0000,Stutter,0
stutter_long,2028,21.8667,0.9982,1.0000,0.9702,0.9922,0.0000,Stutter,0
stutter_long,2029,21.8833,0.9677,1.0000,0.9701,0.9923,0.0000,Stutter,0
stutter_long,2030,21.9000,0.9438,1.0000,0.9689,0.9923,0.0000,Stutter,0
stutter_long,2031,21.9167,0.9942,1.0000,0.9700,0.9924,0.0000,Stutter,0
stutter_long,2032,21.9333,0.9761,1.0000,0.9703,0.9924,0.0000,Stutter,0
stutter_long,2033,21.9500,0.9407,1.0000,0.9690,0.9925,0.0000,Stutter,0
stutter_long,2034,21.9667,0.9882,1.0000,0.9699,0.9926,0.0000,Stutter,0
stutter_long,2035,21.9833,0.9841,1.0000,0.9705,0.9926,0.0000,Stutter,0
stutter_long,2036,22.0000,0.9401,1.0000,0.9691,0.9927,0.0000,Stutter,0
stutter_long,2037,22.0167,0.9808,1.0000,0.9696,0.9928,0.0000,Stutter,0
stutter_long,2038,22.0333,0.9909,1.0000,0.9706,0.9928,0.0000,Stutter,0
stutter_long,2039,22.0500,0.9417,1.0000,0.9693,0.9929,0.0000,Stutter,0
stutter_long,2040,22.0667,0.9726,1.0000,0.9694,0.9929,0.0000,Stutter,0
stutter_long,2041,22.0833,0.9961,1.0000,0.9707,0.9930,0.0000,Stutter,0
stutter_long,2042,22.1000,0.9457,1.0000,0.9695,0.9930,0.0000,Stutter,0
stutter_long,2043,22.1167,0.9641,1.0000,0.9693,0.9931,0.0000,Stutter,0
stutter_long,2044,22.1333,0.9992,1.0000,0.9707,0.9932,0.0000,Stutter,0
stutter_long,2045,22.1500,0.9516,1.0000,0.9698,0.9932,0.0000,Stutter,0
stutter_long,2046,22.1667,0.9562,1.0000,0.9691,0.9933,0.0000,Stutter,0
stutter_long,2047,22.1833,1.0000,1.0000,0.9706,0.9933,0.0000,Stutter,0
stutter_long,2048,22.2000,0.9589,1.0000,0.9700,0.9934,0.0000,Stutter,0
stutter_long,2049,22.2167,0.9493,1.0000,0.9691,0.9934,0.0000,Stutter,0
stutter_long,2050,22.2333,0.9983,1.0000,0.9704,0.9935,0.0000,Stutter,0
stutter_long,2051,22.2500,0.9672,1.0000,0.9703,0.9936,0.0000,Stutter,0
stutter_long,2052,22.2667,0.9440,1.0000,0.9691,0.9936,0.0000,Stutter,0
stutter_long,2053,22.2833,0.9945,1.0000,0.9702,0.9937,0.0000,Stutter,0
stutter_long,2054,22.3000,0.9756,1.0000,0.9705,0.9937,0.0000,Stutter,0
stutter_long,2055,22.3167,0.9409,1.0000,0.9691,0.9938,0.0000,Stutter,0
stutter_long,2056,22.3333,0.9886,1.0000,0.9700,0.9938,0.0000,Stutter,0
stutter_long,2057,22.3500,0.9836,1.0000,0.9706,0.9939,0.0000,Stutter,0
stutter_long,2058,22.3667,0.9400,1.0000,0.9692,0.9939,0.0000,Stutter,0
stutter_long,2059,22.3833,0.9813,1.0000,0.9698,0.9940,0.0000,Stutter,0
stutter_long,2060,22.4000,0.9905,1.0000,0.9708,0.9940,0.0000,Stutter,0
stutter_long,2061,22.4167,0.9416,1.0000,0.9694,0.9941,0.0000,Stutter,0
stutter_long,2062,22.4333,0.9731,1.0000,0.9696,0.9941,0.0000,Stutter,0
stutter_long,2063,22.4500,0.9958,1.0000,0.9708,0.9942,0.0000,Stutter,0
stutter_long,2064,22.4667,0.9454,1.0000,0.9696,0.9942,0.0000,Stutter,0
stutter_long,2065,22.4833,0.9646,1.0000,0.9694,0.9943,0.0000,Stutter,0
stutter_long,2066,22.5000,0.9991,1.0000,0.9708,0.9943,0.0000,Stutter,0
stutter_long,2067,22.5167,0.9512,1.0000,0.9698,0.9944,0.0000,Stutter,0
stutter_long,2068,22.5333,0.9566,1.0000,0.9692,0.9944,0.0000,Stutter,0
stutter_long,2069,22.5500,1.0000,1.0000,0.9707,0.9944,0.0000,Stutter,0
stutter_long,2070,22.5667,0.9584,1.0000,0.9701,0.9945,0.0000,Stutter,0
stutter_long,2071,22.5833,0.9496,1.0000,0.9691,0.9945,0.0000,Stutter,0
stutter_long,2072,22.6000,0.9985,1.0000,0.9705,0.9946,0.0000,Stutter,0
stutter_long,2073,22.6167,0.9667,1.0000,0.9703,0.9946,0.0000,Stutter,0
stutter_long,2074,22.6333,0.9443,1.0000,0.9691,0.9947,0.0000,Stutter,0
stutter_long,2075,22.6500,0.9947,1.0000,0.9703,0.9947,0.0000,Stutter,0
stutter_long,2076,22.6667,0.9751,1.0000,0.9705,0.9948,0.0000,Stutter,0
stutter_long,2077,22.6833,0.9410,1.0000,0.9692,0.9948,0.0000,Stutter,0
stutter_long,2078,22.7000,0.9890,1.0000,0.9701,0.9948,0.0000,Stutter,0
stutter_long,2079,22.7167,0.9832,1.0000,0.9707,0.9949,0.0000,Stutter,0
stutter_long,2080,22.7333,0.9400,1.0000,0.9693,0.9949,0.0000,Stutter,0
stutter_long,2081,22.7500,0.9818,1.0000,0.9698,0.9950,0.0000,Stutter,0
stutter_long,2082,22.7667,0.9902,1.0000,0.9708,0.9950,0.0000,Stutter,0
stutter_long,2083,22.7833,0.9414,1.0000,0.9694,0.9951,0.0000,Stutter,0
stutter_long,2084,22.8000,0.9736,1.0000,0.9696,0.9951,0.0000,Stutter,0
stutter_long,2085,22.8167,0.9956,1.0000,0.9708,0.9951,0.0000,Stutter,0
stutter_long,2086,22.8333,0.9451,1.0000,0.9696,0.9952,0.0000,Stutter,0
stutter_long,2087,22.8500,0.9651,1.0000,0.9694,0.9952,0.0000,Stutter,0
stutter_long,2088,22.8667,0.9989,1.0000,0.9708,0.9953,0.0000,Stutter,0
stutter_long,2089,22.8833,0.9508,1.0000,0.9699,0.9953,0.0000,Stutter,0
stutter_long,2090,22.9000,0.9571,1.0000,0.9693,0.9953,0.0000,Stutter,0
stutter_long,2091,22.9167,1.0000,1.0000,0.9707,0.9954,0.0000,Stutter,0
stutter_long,2092,22.9333,0.9580,1.0000,0.9701,0.9954,0.0000,Stutter,0
stutter_long,2093,22.9500,0.9500,1.0000,0.9692,0.9955,0.0000,Stutter,0
stutter_long,2094,22.9667,0.9987,1.0000,0.9705,0.9955,0.0000,Stutter,0
stutter_long,2095,22.9833,0.9661,1.0000,0.9703,0.9955,0.0000,Stutter,0
stutter_long,2096,23.0000,0.9446,1.0000,0.9691,0.9956,0.0000,Stutter,0
stutter_long,2097,23.0167,0.9950,1.0000,0.9703,0.9956,0.0000,Stutter,0
stutter_long,2098,23.0333,0.9746,1.0000,0.9705,0.9956,0.0000,Stutter,0
stutter_long,2099,23.0500,0.9411,1.0000,0.9692,0.9957,0.0000,Stutter,0
stutter_long,2100,23.0667,0.9894,1.0000,0.9701,0.9957,0.0000,Stutter,0
stutter_long,2101,23.0833,0.9827,1.0000,0.9707,0.9957,0.0000,Stutter,0
stutter_long,2102,23.1000,0.9400,1.0000,0.9693,0.9958,0.0000,Stutter,0
stutter_long,2103,23.1167,0.9822,1.0000,0.9699,0.9958,0.0000,Stutter,0
stutter_long,2104,23.1333,0.9898,1.0000,0.9708,0.9959,0.0000,Stutter,0
stutter_long,2105,23.1500,0.9413,1.0000,0.9694,0.9959,0.0000,Stutter,0
stutter_long,2106,23.1667,0.9741,1.0000,0.9696,0.9959,0.0000,Stutter,0
stutter_long,2107,23.1833,0.9953,1.0000,0.9708,0.9960,0.0000,Stutter,0
stutter_long,2108,23.2000,0.9448,1.0000,0.9696,0.9960,0.0000,Stutter,0
stutter_long,2109,23.2167,0.9656,1.0000,0.9694,0.9960,0.0000,Stutter,0
stutter_long,2110,23.2333,0.9988,1.0000,0.9708,0.9961,0.0000,Stutter,0
stutter_long,2111,23.2500,0.9504,1.0000,0.9699,0.9961,0.0000,Stutter,0
stutter_long,2112,23.2667,0.9575,1.0000,0.9693,0.9961,0.0000,Stutter,0
stutter_long,2113,23.2833,1.0000,1.0000,0.9707,0.9962,0.0000,Stutter,0
stutter_long,2114,23.3000,0.9575,1.0000,0.9701,0.9962,0.0000,Stutter,0
stutter_long,2115,23.3167,0.9504,1.0000,0.9692,0.9962,0.0000,Stutter,0
stutter_long,2116,23.3333,0.9988,1.0000,0.9706,0.9962,0.0000,Stutter,0
stutter_long,2117,23.3500,0.9656,1.0000,0.9703,0.9963,0.0000,Stutter,0
stutter_long,2118,23.3667,0.9448,1.0000,0.9691,0.9963,0.0000,Stutter,0
stutter_long,2119,23.3833,0.9953,1.0000,0.9704,0.9963,0.0000,Stutter,0
stutter_long,2120,23.4000,0.9741,1.0000,0.9705,0.9964,0.0000,Stutter,0
stutter_long,2121,23.4167,0.9413,1.0000,0.9692,0.9964,0.0000,Stutter,0
stutter_long,2122,23.4333,0.9898,1.0000,0.9701,0.9964,0.0000,Stutter,0
stutter_long,2123,23.4500,0.9823,1.0000,0.9707,0.9965,0.0000,Stutter,0
stutter_long,2124,23.4667,0.9400,1.0000,0.9693,0.9965,0.0000,Stutter,0
stutter_long,2125,23.4833,0.9827,1.0000,0.9699,0.9965,0.0000,Stutter,0
stutter_long,2126,23.5000,0.9894,1.0000,0.9708,0.9965,0.0000,Stutter,0
stutter_long,2127,23.5167,0.9411,1.0000,0.9694,0.9966,0.0000,Stutter,0
stutter_long,2128,23.5333,0.9746,1.0000,0.9697,0.9966,0.0000,Stutter,0
stutter_long,2129,23.5500,0.9950,1.0000,0.9708,0.9966,0.0000,Stutter,0
stutter_long,2130,23.5667,0.9445,1.0000,0.9696,0.9967,0.0000,Stutter,0
stutter_long,2131,23.5833,0.9662,1.0000,0.9695,0.9967,0.0000,Stutter,0
stutter_long,2132,23.6000,0.9987,1.0000,0.9708,0.9967,0.0000,Stutter,0
stutter_long,2133,23.6167,0.9500,1.0000,0.9699,0.9967,0.0000,Stutter,0
stutter_long,2134,23.6333,0.9580,1.0000,0.9693,0.9968,0.0000,Stutter,0
stutter_long,2135,23.6500,1.0000,1.0000,0.9707,0.9968,0.0000,Stutter,0
stutter_long,2136,23.6667,0.9570,1.0000,0.9701,0.9968,0.0000,Stutter,0
stutter_long,2137,23.6833,0.9508,1.0000,0.9692,0.9969,0.0000,Stutter,0
stutter_long,2138,23.7000,0.9989,1.0000,0.9706,0.9969,0.0000,Stutter,0
stutter_long,2139,23.7167,0.9651,1.0000,0.9703,0.9969,0.0000,Stutter,0
stutter_long,2140,23.7333,0.9451,1.0000,0.9692,0.9969,0.0000,Stutter,0
stutter_long,2141,23.7500,0.9956,1.0000,0.9704,0.9970,0.0000,Stutter,0
stutter_long,2142,23.7667,0.9736,1.0000,0.9705,0.9970,0.0000,Stutter,0
stutter_long,2143,23.7833,0.9414,1.0000,0.9692,0.9970,0.0000,Stutter,0
stutter_long,2144,23.8000,0.9902,1.0000,0.9702,0.9970,0.0000,Stutter,0
stutter_long,2145,23.8167,0.9818,1.0000,0.9707,0.9971,0.0000,Stutter,0
stutter_long,2146,23.8333,0.9400,1.0000,0.9693,0.9971,0.0000,Stutter,0
stutter_long,2147,23.8500,0.9832,1.0000,0.9699,0.9971,0.0000,Stutter,0
stutter_long,2148,23.8667,0.9890,1.0000,0.9708,0.9971,0.0000,Stutter,0
stutter_long,2149,23.8833,0.9410,1.0000,0.9694,0.9971,0.0000,Stutter,0
stutter_long,2150,23.9000,0.9751,1.0000,0.9697,0.9972,0.0000,Stutter,0
stutter_long,2151,23.9167,0.9948,1.0000,0.9708,0.9972,0.0000,Stutter,0
stutter_long,2152,23.9333,0.9443,1.0000,0.9696,0.9972,0.0000,Stutter,0
stutter_long,2153,23.9500,0.9666,1.0000,0.9695,0.9972,0.0000,Stutter,0
stutter_long,2154,23.9667,0.9985,1.0000,0.9708,0.9973,0.0000,Stutter,0
stutter_long,2155,23.9833,0.9496,1.0000,0.9698,0.9973,0.0000,Stutter,0
stutter_long,2156,24.0000,0.9585,1.0000,0.9693,0.9973,0.0000,Stutter,0
stutter_long,2157,24.0167,1.0000,1.0000,0.9707,0.9973,0.0000,Stutter,0
stutter_long,2158,24.0333,0.9566,1.0000,0.9701,0.9974,0.0000,Stutter,0
stutter_long,2159,24.0500,0.9512,1.0000,0.9692,0.9974,0.0000,Stutter,0
stutter_long,2160,24.0667,0.9991,1.0000,0.9706,0.9974,0.0000,Stutter,0
stutter_long,2161,24.0833,0.9646,1.0000,0.9703,0.9974,0.0000,Stutter,0
stutter_long,2162,24.1000,0.9454,1.0000,0.9692,0.9974,0.0000,Stutter,0
stutter_long,2163,24.1167,0.9958,1.0000,0.9704,0.9975,0.0000,Stutter,0
stutter_long,2164,24.1333,0.9731,1.0000,0.9705,0.9975,0.0000,Stutter,0
stutter_long,2165,24.1500,0.9416,1.0000,0.9692,0.9975,0.0000,Stutter,0
stutter_long,2166,24.1667,0.9906,1.0000,0.9702,0.9975,0.0000,Stutter,0
stutter_long,2167,24.1833,0.9813,1.0000,0.9707,0.9975,0.0000,Stutter,0
stutter_long,2168,24.2000,0.9400,1.0000,0.9693,0.9976,0.0000,Stutter,0
stutter_long,2169,24.2167,0.9836,1.0000,0.9699,0.9976,0.0000,Stutter,0
stutter_long,2170,24.2333,0.9886,1.0000,0.9708,0.9976,0.0000,Stutter,0
stutter_long,2171,24.2500,0.9409,1.0000,0.9694,0.9976,0.0000,Stutter,0
stutter_long,2172,24.2667,0.9756,1.0000,0.9697,0.9976,0.0000,Stutter,0
stutter_long,2173,24.2833,0.9945,1.0000,0.9708,0.9977,0.0000,Stutter,0
stutter_long,2174,24.3000,0.9440,1.0000,0.9696,0.9977,0.0000,Stutter,0
stutter_long,2175,24.3167,0.9672,1.0000,0.9695,0.9977,0.0000,Stutter,0
stutter_long,2176,24.3333,0.9983,1.0000,0.9708,0.9977,0.0000,Stutter,0
stutter_long,2177,24.3500,0.9493,1.0000,0.9698,0.9977,0.0000,Stutter,0
stutter_long,2178,24.3667,0.9589,1.0000,0.9693,0.9978,0.0000,Stutter,0
stutter_long,2179,24.3833,1.0000,1.0000,0.9707,0.9978,0.0000,Stutter,0
stutter_long,2180,24.4000,0.9561,1.0000,0.9701,0.9978,0.0000,Stutter,0
stutter_long,2181,24.4167,0.9516,1.0000,0.9692,0.9978,0.0000,Stutter,0
stutter_long,2182,24.4333,0.9992,1.0000,0.9706,0.9978,0.0000,Stutter,0
stutter_long,2183,24.4500,0.9641,1.0000,0.9703,0.9979,0.0000,Stutter,0
stutter_long,2184,24.4667,0.9457,1.0000,0.9692,0.9979,0.0000,Stutter,0
stutter_long,2185,24.4833,0.9961,1.0000,0.9704,0.9979,0.0000,Stutter,0
stutter_long,2186,24.5000,0.9726,1.0000,0.9705,0.9979,0.0000,Stutter,0
stutter_long,2187,24.5167,0.9417,1.0000,0.9692,0.9979,0.0000,Stutter,0
stutter_long,2188,24.5333,0.9909,1.0000,0.9702,0.9979,0.0000,Stutter,0
stutter_long,2189,24.5500,0.9808,1.0000,0.9707,0.9980,0.0000,Stutter,0
stutter_long,2190,24.5667,0.9401,1.0000,0.9693,0.9980,0.0000,Stutter,0
stutter_long,2191,24.5833,0.9841,1.0000,0.9699,0.9980,0.0000,Stutter,0
stutter_long,2192,24.6000,0.9882,1.0000,0.9708,0.9980,0.0000,Stutter,0
stutter_long,2193,24.6167,0.9407,1.0000,0.9694,0.9980,0.0000,Stutter,0
stutter_long,2194,24.6333,0.9761,1.0000,0.9697,0.9980,0.0000,Stutter,0
stutter_long,2195,24.6500,0.9942,1.0000,0.9708,0.9981,0.0000,Stutter,0
stutter_long,2196,24.6667,0.9438,1.0000,0.9696,0.9981,0.0000,Stutter,0
stutter_long,2197,24.6833,0.9677,1.0000,0.9695,0.9981,0.0000,Stutter,0
stutter_long,2198,24.7000,0.9982,1.0000,0.9708,0.9981,0.0000,Stutter,0
stutter_long,2199,24.7167,0.9489,1.0000,0.9698,0.9981,0.0000,Stutter,0
stutter_long,2200,24.7333,0.9594,1.0000,0.9693,0.9981,0.0000,Stutter,0
stutter_long,2201,24.7500,0.9999,1.0000,0.9708,0.9982,0.0000,Stutter,0
stutter_long,2202,24.7667,0.9557,1.0000,0.9700,0.9982,0.0000,Stutter,0
stutter_long,2203,24.7833,0.9520,1.0000,0.9692,0.9982,0.0000,Stutter,0
stutter_long,2204,24.8000,0.9993,1.0000,0.9706,0.9982,0.0000,Stutter,0
stutter_long,2205,24.8167,0.9636,1.0000,0.9703,0.9982,0.0000,Stutter,0
stutter_long,2206,24.8333,0.9460,1.0000,0.9692,0.9982,0.0000,Stutter,0
stutter_long,2207,24.8500,0.9964,1.0000,0.9704,0.9982,0.0000,Stutter,0
stutter_long,2208,24.8667,0.9721,1.0000,0.9705,0.9983,0.0000,Stutter,0
stutter_long,2209,24.8833,0.9419,1.0000,0.9692,0.9983,0.0000,Stutter,0
stutter_long,2210,24.9000,0.9913,1.0000,0.9702,0.9983,0.0000,Stutter,0
stutter_long,2211,24.9167,0.9804,1.0000,0.9707,0.9983,0.0000,Stutter,0
stutter_long,2212,24.9333,0.9401,1.0000,0.9692,0.9983,0.0000,Stutter,0
stutter_long,2213,24.9500,0.9845,1.0000,0.9700,0.9983,0.0000,Stutter,0
stutter_long,2214,24.9667,0.9878,1.0000,0.9708,0.9983,0.0000,Stutter,0
stutter_long,2215,24.9833,0.9406,1.0000,0.9694,0.9984,0.0000,Stutter,0
stutter_long,2216,25.0000,0.9766,1.0000,0.9697,0.9984,0.0000,Stutter,0
stutter_long,2217,25.0167,0.9939,1.0000,0.9708,0.9984,0.0000,Stutter,0
stutter_long,2218,25.0333,0.9435,1.0000,0.9696,0.9984,0.0000,Stutter,0
stutter_long,2219,25.0500,0.9682,1.0000,0.9695,0.9984,0.0000,Stutter,0
stutter_long,2220,25.0667,0.9980,1.0000,0.9708,0.9984,0.0000,Stutter,0
stutter_long,2221,25.0833,0.9485,1.0000,0.9698,0.9984,0.0000,Stutter,0
stutter_long,2222,25.1000,0.9599,1.0000,0.9693,0.9984,0.0000,Stutter,0
stutter_long,2223,25.1167,0.9999,1.0000,0.9708,0.9985,0.0000,Stutter,0
stutter_long,2224,25.1333,0.9552,1.0000,0.9700,0.9985,0.0000,Stutter,0
stutter_long,2225,25.1500,0.9524,1.0000,0.9692,0.9985,0.0000,Stutter,0
stutter_long,2226,25.1667,0.9994,1.0000,0.9706,0.9985,0.0000,Stutter,0
stutter_long,2227,25.1833,0.9631,1.0000,0.9703,0.9985,0.0000,Stutter,0
stutter_long,2228,25.2000,0.9463,1.0000,0.9692,0.9985,0.0000,Stutter,0
stutter_long,2229,25.2167,0.9966,1.0000,0.9704,0.9985,0.0000,Stutter,0
stutter_long,2230,25.2333,0.9716,1.0000,0.9705,0.9985,0.0000,Stutter,0
stutter_long,2231,25.2500,0.9421,1.0000,0.9692,0.9986,0.0000,Stutter,0
stutter_long,2232,25.2667,0.9917,1.0000,0.9702,0.9986,0.0000,Stutter,0
stutter_long,2233,25.2833,0.9799,1.0000,0.9707,0.9986,0.0000,Stutter,0
stutter_long,2234,25.3000,0.9401,1.0000,0.9692,0.9986,0.0000,Stutter,0
stutter_long,2235,25.3167,0.9850,1.0000,0.9700,0.9986,0.0000,Stutter,0
stutter_long,2236,25.3333,0.9874,1.0000,0.9708,0.9986,0.0000,Stutter,0
stutter_long,2237,25.3500,0.9405,1.0000,0.9694,0.9986,0.0000,Stutter,0
stutter_long,2238,25.3667,0.9771,1.0000,0.9697,0.9986,0.0000,Stutter,0
stutter_long,2239,25.3833,0.9935,1.0000,0.9708,0.9987,0.0000,Stutter,0
stutter_long,2240,25.4000,0.9433,1.0000,0.9696,0.9987,0.0000,Stutter,0
stutter_long,2241,25.4167,0.9687,1.0000,0.9695,0.9987,0.0000,Stutter,0
stutter_long,2242,25.4333,0.9978,1.0000,0.9708,0.9987,0.0000,Stutter,0
stutter_long,2243,25.4500,0.9482,1.0000,0.9698,0.9987,0.0000,Stutter,0
stutter_long,2244,25.4667,0.9604,1.0000,0.9693,0.9987,0.0000,Stutter,0
stutter_long,2245,25.4833,0.9998,1.0000,0.9708,0.9987,0.0000,Stutter,0
stutter_long,2246,25.5000,0.9548,1.0000,0.9700,0.9987,0.0000,Stutter,0
stutter_long,2247,25.5167,0.9528,1.0000,0.9692,0.9987,0.0000,Stutter,0
stutter_long,2248,25.5333,0.9995,1.0000,0.9706,0.9988,0.0000,Stutter,0
stutter_long,2249,25.5500,0.9626,1.0000,0.9703,0.9988,0.0000,Stutter,0
stutter_long,2250,25.5667,0.9466,1.0000,0.9692,0.9988,0.0000,Stutter,0
stutter_long,2251,25.5833,0.9968,1.0000,0.9704,0.9988,0.0000,Stutter,0
stutter_long,2252,25.6000,0.9710,1.0000,0.9705,0.9988,0.0000,Stutter,0
stutter_long,2253,25.6167,0.9423,1.0000,0.9692,0.9988,0.0000,Stutter,0
stutter_long,2254,25.6333,0.9920,1.0000,0.9702,0.9988,0.0000,Stutter,0
stutter_long,2255,25.6500,0.9794,1.0000,0.9707,0.9988,0.0000,Stutter,0
stutter_long,2256,25.6667,0.9402,1.0000,0.9692,0.9988,0.0000,Stutter,0
stutter_long,2257,25.6833,0.9854,1.0000,0.9700,0.9988,0.0000,Stutter,0
stutter_long,2258,25.7000,0.9870,1.0000,0.9708,0.9989,0.0000,Stutter,0
stutter_long,2259,25.7167,0.9404,1.0000,0.9694,0.9989,0.0000,Stutter,0
stutter_long,2260,25.7333,0.9776,1.0000,0.9698,0.9989,0.0000,Stutter,0
stutter_long,2261,25.7500,0.9932,1.0000,0.9708,0.9989,0.0000,Stutter,0
stutter_long,2262,25.7667,0.9431,1.0000,0.9696,0.9989,0.0000,Stutter,0
stutter_long,2263,25.7833,0.9692,1.0000,0.9695,0.9989,0.0000,Stutter,0
stutter_long,2264,25.8000,0.9976,1.0000,0.9708,0.9989,0.0000,Stutter,0
stutter_long,2265,25.8167,0.9478,1.0000,0.9698,0.9989,0.0000,Stutter,0
stutter_long,2266,25.8333,0.9609,1.0000,0.9694,0.9989,0.0000,Stutter,0
stutter_long,2267,25.8500,0.9998,1.0000,0.9708,0.9989,0.0000,Stutter,0
stutter_long,2268,25.8667,0.9543,1.0000,0.9700,0.9989,0.0000,Stutter,0
stutter_long,2269,25.8833,0.9532,1.0000,0.9692,0.9990,0.0000,Stutter,0
stutter_long,2270,25.9000,0.9996,1.0000,0.9706,0.9990,0.0000,Stutter,0
stutter_long,2271,25.9167,0.9621,1.0000,0.9702,0.9990,0.0000,Stutter,0
stutter_long,2272,25.9333,0.9470,1.0000,0.9692,0.9990,0.0000,Stutter,0
stutter_long,2273,25.9500,0.9970,1.0000,0.9705,0.9990,0.0000,Stutter,0
stutter_long,2274,25.9667,0.9705,1.0000,0.9705,0.9990,0.0000,Stutter,0
stutter_long,2275,25.9833,0.9425,1.0000,0.9692,0.9990,0.0000,Stutter,0
stutter_long,2276,26.0000,0.9923,1.0000,0.9702,0.9990,0.0000,Stutter,0
stutter_long,2277,26.0167,0.9789,1.0000,0.9706,0.9990,0.0000,Stutter,0
stutter_long,2278,26.0333,0.9402,1.0000,0.9692,0.9990,0.0000,Stutter,0
stutter_long,2279,26.0500,0.9859,1.0000,0.9700,0.9990,0.0000,Stutter,0
stutter_long,2280,26.0667,0.9866,1.0000,0.9708,0.9990,0.0000,Stutter,0
stutter_long,2281,26.0833,0.9404,1.0000,0.9694,0.9991,0.0000,Stutter,0
stutter_long,2282,26.1000,0.9781,1.0000,0.9698,0.9991,0.0000,Stutter,0
stutter_long,2283,26.1167,0.9929,1.0000,0.9708,0.9991,0.0000,Stutter,0
stutter_long,2284,26.1333,0.9428,1.0000,0.9695,0.9991,0.0000,Stutter,0
stutter_long,2285,26.1500,0.9697,1.0000,0.9695,0.9991,0.0000,Stutter,0
stutter_long,2286,26.1667,0.9974,1.0000,0.9708,0.9991,0.0000,Stutter,0
stutter_long,2287,26.1833,0.9475,1.0000,0.9698,0.9991,0.0000,Stutter,0
stutter_long,2288,26.2000,0.9614,1.0000,0.9694,0.9991,0.0000,Stutter,0
stutter_long,2289,26.2167,0.9997,1.0000,0.9708,0.9991,0.0000,Stutter,0
stutter_long,2290,26.2333,0.9539,1.0000,0.9700,0.9991,0.0000,Stutter,0
stutter_long,2291,26.2500,0.9537,1.0000,0.9692,0.9991,0.0000,Stutter,0
stutter_long,2292,26.2667,0.9997,1.0000,0.9706,0.9991,0.0000,Stutter,0
stutter_long,2293,26.2833,0.9617,1.0000,0.9702,0.9991,0.0000,Stutter,0
stutter_long,2294,26.3000,0.9473,1.0000,0.9692,0.9991,0.0000,Stutter,0
stutter_long,2295,26.3167,0.9973,1.0000,0.9705,0.9992,0.0000,Stutter,0
stutter_long,2296,26.3333,0.9700,1.0000,0.9704,0.9992,0.0000,Stutter,0
stutter_long,2297,26.3500,0.9427,1.0000,0.9692,0.9992,0.0000,Stutter,0
stutter_long,2298,26.3667,0.9927,1.0000,0.9703,0.9992,0.0000,Stutter,0
stutter_long,2299,26.3833,0.9784,1.0000,0.9706,0.9992,0.0000,Stutter,0
stutter_long,2300,26.4000,0.9403,1.0000,0.9692,0.9992,0.0000,Stutter,0
stutter_long,2301,26.4167,0.9863,1.0000,0.9700,0.9992,0.0000,Stutter,0
stutter_long,2302,26.4333,0.9861,1.0000,0.9708,0.9992,0.0000,Stutter,0
stutter_long,2303,26.4500,0.9403,1.0000,0.9693,0.9992,0.0000,Stutter,0
stutter_long,2304,26.4667,0.9786,1.0000,0.9698,0.9992,0.0000,Stutter,0
stutter_long,2305,26.4833,0.9926,1.0000,0.9708,0.9992,0.0000,Stutter,0
stutter_long,2306,26.5000,0.9426,1.0000,0.9695,0.9992,0.0000,Stutter,0
stutter_long,2307,26.5167,0.9702,1.0000,0.9696,0.9992,0.0000,Stutter,0
stutter_long,2308,26.5333,0.9972,1.0000,0.9708,0.9992,0.0000,Stutter,0
stutter_long,2309,26.5500,0.9471,1.0000,0.9697,0.9992,0.0000,Stutter,0
stutter_long,2310,26.5667,0.9618,1.0000,0.9694,0.9993,0.0000,Stutter,0
stutter_long,2311,26.5833,0.9996,1.0000,0.9708,0.9993,0.0000,Stutter,0
stutter_long,2312,26.6000,0.9535,1.0000,0.9700,0.9993,0.0000,Stutter,0
stutter_long,2313,26.6167,0.9541,1.0000,0.9692,0.9993,0.0000,Stutter,0
stutter_long,2314,26.6333,0.9997,1.0000,0.9707,0.9993,0.0000,Stutter,0
stutter_long,2315,26.6500,0.9612,1.0000,0.9702,0.9993,0.0000,Stutter,0
stutter_long,2316,26.6667,0.9476,1.0000,0.9692,0.9993,0.0000,Stutter,0
stutter_long,2317,26.6833,0.9975,1.0000,0.9705,0.9993,0.0000,Stutter,0
stutter_long,2318,26.7000,0.9695,1.0000,0.9704,0.9993,0.0000,Stutter,0
stutter_long,2319,26.7167,0.9429,1.0000,0.9692,0.9993,0.0000,Stutter,0
stutter_long,2320,26.7333,0.9930,1.0000,0.9703,0.9993,0.0000,Stutter,0
stutter_long,2321,26.7500,0.9779,1.0000,0.9706,0.9993,0.0000,Stutter,0
stutter_long,2322,26.7667,0.9404,1.0000,0.9692,0.9993,0.0000,Stutter,0
stutter_long,2323,26.7833,0.9867,1.0000,0.9700,0.9993,0.0000,Stutter,0
stutter_long,2324,26.8000,0.9857,1.0000,0.9708,0.9993,0.0000,Stutter,0
stutter_long,2325,26.8167,0.9402,1.0000,0.9693,0.9993,0.0000,Stutter,0
stutter_long,2326,26.8333,0.9791,1.0000,0.9698,0.9993,0.0000,Stutter,0
stutter_long,2327,26.8500,0.9922,1.0000,0.9708,0.9994,0.0000,Stutter,0
stutter_long,2328,26.8667,0.9424,1.0000,0.9695,0.9994,0.0000,Stutter,0
stutter_long,2329,26.8833,0.9707,1.0000,0.9696,0.9994,0.0000,Stutter,0
stutter_long,2330,26.9000,0.9970,1.0000,0.9708,0.9994,0.0000,Stutter,0
stutter_long,2331,26.9167,0.9468,1.0000,0.9697,0.9994,0.0000,Stutter,0
stutter_long,2332,26.9333,0.9623,1.0000,0.9694,0.9994,0.0000,Stutter,0
stutter_long,2333,26.9500,0.9996,1.0000,0.9708,0.9994,0.0000,Stutter,0
stutter_long,2334,26.9667,0.9531,1.0000,0.9700,0.9994,0.0000,Stutter,0
stutter_long,2335,26.9833,0.9545,1.0000,0.9692,0.9994,0.0000,Stutter,0
stutter_long,2336,27.0000,0.9998,1.0000,0.9707,0.9994,0.0000,Stutter,0
stutter_long,2337,27.0167,0.9607,1.0000,0.9702,0.9994,0.0000,Stutter,0
stutter_long,2338,27.0333,0.9480,1.0000,0.9692,0.9994,0.0000,Stutter,0
stutter_long,2339,27.0500,0.9977,1.0000,0.9705,0.9994,0.0000,Stutter,0
stutter_long,2340,27.0667,0.9690,1.0000,0.9704,0.9994,0.0000,Stutter,0
stutter_long,2341,27.0833,0.9431,1.0000,0.9692,0.9994,0.0000,Stutter,0
stutter_long,2342,27.1000,0.9933,1.0000,0.9703,0.9994,0.0000,Stutter,0
stutter_long,2343,27.1167,0.9774,1.0000,0.9706,0.9994,0.0000,Stutter,0
stutter_long,2344,27.1333,0.9405,1.0000,0.9692,0.9994,0.0000,Stutter,0
stutter_long,2345,27.1500,0.9871,1.0000,0.9700,0.9994,0.0000,Stutter,0
stutter_long,2346,27.1667,0.9852,1.0000,0.9708,0.9994,0.0000,Stutter,0
stutter_long,2347,27.1833,0.9402,1.0000,0.9693,0.9995,0.0000,Stutter,0
stutter_long,2348,27.2000,0.9796,1.0000,0.9698,0.9995,0.0000,Stutter,0
stutter_long,2349,27.2167,0.9919,1.0000,0.9708,0.9995,0.0000,Stutter,0
stutter_long,2350,27.2333,0.9422,1.0000,0.9695,0.9995,0.0000,Stutter,0
stutter_long,2351,27.2500,0.9712,1.0000,0.9696,0.9995,0.0000,Stutter,0
stutter_long,2352,27.2667,0.9967,1.0000,0.9708,0.9995,0.0000,Stutter,0
stutter_long,2353,27.2833,0.9465,1.0000,0.9697,0.9995,0.0000,Stutter,0
stutter_long,2354,27.3000,0.9628,1.0000,0.9694,0.9995,0.0000,Stutter,0
stutter_long,2355,27.3167,0.9995,1.0000,0.9708,0.9995,0.0000,Stutter,0
stutter_long,2356,27.3333,0.9526,1.0000,0.9699,0.9995,0.0000,Stutter,0
stutter_long,2357,27.3500,0.9550,1.0000,0.9693,0.9995,0.0000,Stutter,0
stutter_long,2358,27.3667,0.9999,1.0000,0.9707,0.9995,0.0000,Stutter,0
stutter_long,2359,27.3833,0.9602,1.0000,0.9702,0.9995,0.0000,Stutter,0
stutter_long,2360,27.4000,0.9483,1.0000,0.9692,0.9995,0.0000,Stutter,0
stutter_long,2361,27.4167,0.9979,1.0000,0.9705,0.9995,0.0000,Stutter,0
stutter_long,2362,27.4333,0.9685,1.0000,0.9704,0.9995,0.0000,Stutter,0
stutter_long,2363,27.4500,0.9434,1.0000,0.9692,0.9995,0.0000,Stutter,0
stutter_long,2364,27.4667,0.9937,1.0000,0.9703,0.9995,0.0000,Stutter,0
stutter_long,2365,27.4833,0.9769,1.0000,0.9706,0.9995,0.0000,Stutter,0
stutter_long,2366,27.5000,0.9406,1.0000,0.9692,0.9995,0.0000,Stutter,0
stutter_long,2367,27.5167,0.9876,1.0000,0.9701,0.9995,0.0000,Stutter,0
stutter_long,2368,27.5333,0.9848,1.0000,0.9707,0.9995,0.0000,Stutter,0
stutter_long,2369,27.5500,0.9401,1.0000,0.9693,0.9995,0.0000,Stutter,0
stutter_long,2370,27.5667,0.9801,1.0000,0.9698,0.9995,0.0000,Stutter,0
stutter_long,2371,27.5833,0.9915,1.0000,0.9708,0.9996,0.0000,Stutter,0
stutter_long,2372,27.6000,0.9420,1.0000,0.9695,0.9996,0.0000,Stutter,0
stutter_long,2373,27.6167,0.9718,1.0000,0.9696,0.9996,0.0000,Stutter,0
stutter_long,2374,27.6333,0.9965,1.0000,0.9708,0.9996,0.0000,Stutter,0
stutter_long,2375,27.6500,0.9462,1.0000,0.9697,0.9996,0.0000,Stutter,0
stutter_long,2376,27.6667,0.9633,1.0000,0.9694,0.9996,0.0000,Stutter,0
stutter_long,2377,27.6833,0.9994,1.0000,0.9708,0.9996,0.0000,Stutter,0
stutter_long,2378,27.7000,0.9522,1.0000,0.9699,0.9996,0.0000,Stutter,0
stutter_long,2379,27.7167,0.9554,1.0000,0.9693,0.9996,0.0000,Stutter,0
stutter_long,2380,27.7333,0.9999,1.0000,0.9707,0.9996,0.0000,Stutter,0
stutter_long,2381,27.7500,0.9597,1.0000,0.9702,0.9996,0.0000,Stutter,0
stutter_long,2382,27.7667,0.9487,1.0000,0.9692,0.9996,0.0000,Stutter,0
stutter_long,2383,27.7833,0.9981,1.0000,0.9705,0.9996,0.0000,Stutter,0
stutter_long,2384,27.8000,0.9680,1.0000,0.9704,0.9996,0.0000,Stutter,0
stutter_long,2385,27.8167,0.9436,1.0000,0.9692,0.9996,0.0000,Stutter,0
stutter_long,2386,27.8333,0.9940,1.0000,0.9703,0.9996,0.0000,Stutter,0
stutter_long,2387,27.8500,0.9764,1.0000,0.9706,0.9996,0.0000,Stutter,0
stutter_long,2388,27.8667,0.9407,1.0000,0.9692,0.9996,0.0000,Stutter,0
stutter_long,2389,27.8833,0.9880,1.0000,0.9701,0.9996,0.0000,Stutter,0
stutter_long,2390,27.9000,0.9844,1.0000,0.9707,0.9996,0.0000,Stutter,0
stutter_long,2391,27.9167,0.9401,1.0000,0.9693,0.9996,0.0000,Stutter,0
stutter_long,2392,27.9333,0.9805,1.0000,0.9698,0.9996,0.0000,Stutter,0
stutter_long,2393,27.9500,0.9912,1.0000,0.9708,0.9996,0.0000,Stutter,0
stutter_long,2394,27.9667,0.9419,1.0000,0.9695,0.9996,0.0000,Stutter,0
stutter_long,2395,27.9833,0.9723,1.0000,0.9696,0.9996,0.0000,Stutter,0
stutter_long,2396,28.0000,0.9963,1.0000,0.9708,0.9996,0.0000,Stutter,0
stutter_long,2397,28.0167,0.9459,1.0000,0.9697,0.9996,0.0000,Stutter,0
stutter_long,2398,28.0333,0.9638,1.0000,0.9694,0.9996,0.0000,Stutter,0
stutter_long,2399,28.0500,0.9993,1.0000,0.9708,0.9996,0.0000,Stutter,0
stutter_long,2400,28.0667,0.9518,1.0000,0.9699,0.9996,0.0000,Stutter,0
stutter_long,2401,28.0833,0.9559,1.0000,0.9693,0.9997,0.0000,Stutter,0
stutter_long,2402,28.1000,0.9999,1.0000,0.9707,0.9997,0.0000,Stutter,0
stutter_long,2403,28.1167,0.9592,1.0000,0.9702,0.9997,0.0000,Stutter,0
stutter_long,2404,28.1333,0.9490,1.0000,0.9692,0.9997,0.0000,Stutter,0
stutter_long,2405,28.1500,0.9982,1.0000,0.9705,0.9997,0.0000,Stutter,0
stutter_long,2406,28.1667,0.9675,1.0000,0.9704,0.9997,0.0000,Stutter,0
stutter_long,2407,28.1833,0.9439,1.0000,0.9692,0.9997,0.0000,Stutter,0
stutter_long,2408,28.2000,0.9943,1.0000,0.9703,0.9997,0.0000,Stutter,0
stutter_long,2409,28.2167,0.9759,1.0000,0.9706,0.9997,0.0000,Stutter,0
stutter_long,2410,28.2333,0.9408,1.0000,0.9692,0.9997,0.0000,Stutter,0
stutter_long,2411,28.2500,0.9884,1.0000,0.9701,0.9997,0.0000,Stutter,0
stutter_long,2412,28.2667,0.9839,1.0000,0.9707,0.9997,0.0000,Stutter,0
stutter_long,2413,28.2833,0.9400,1.0000,0.9693,0.9997,0.0000,Stutter,0
stutter_long,2414,28.3000,0.9810,1.0000,0.9698,0.9997,0.0000,Stutter,0
stutter_long,2415,28.3167,0.9908,1.0000,0.9708,0.9997,0.0000,Stutter,0
stutter_long,2416,28.3333,0.9417,1.0000,0.9695,0.9997,0.0000,Stutter,0
stutter_long,2417,28.3500,0.9728,1.0000,0.9696,0.9997,0.0000,Stutter,0
stutter_long,2418,28.3667,0.9960,1.0000,0.9708,0.9997,0.0000,Stutter,0
stutter_long,2419,28.3833,0.9456,1.0000,0.9697,0.9997,0.0000,Stutter,0
stutter_long,2420,28.4000,0.9643,1.0000,0.9694,0.9997,0.0000,Stutter,0
stutter_long,2421,28.4167,0.9992,1.0000,0.9708,0.9997,0.0000,Stutter,0
stutter_long,2422,28.4333,0.9514,1.0000,0.9699,0.9997,0.0000,Stutter,0
stutter_long,2423,28.4500,0.9563,1.0000,0.9693,0.9997,0.0000,Stutter,0
stutter_long,2424,28.4667,1.0000,1.0000,0.9707,0.9997,0.0000,Stutter,0
stutter_long,2425,28.4833,0.9588,1.0000,0.9701,0.9997,0.0000,Stutter,0
stutter_long,2426,28.5000,0.9494,1.0000,0.9692,0.9997,0.0000,Stutter,0
stutter_long,2427,28.5167,0.9984,1.0000,0.9705,0.9997,0.0000,Stutter,0
stutter_long,2428,28.5333,0.9670,1.0000,0.9704,0.9997,0.0000,Stutter,0
stutter_long,2429,28.5500,0.9441,1.0000,0.9692,0.9997,0.0000,Stutter,0
stutter_long,2430,28.5667,0.9946,1.0000,0.9703,0.9997,0.0000,Stutter,0
stutter_long,2431,28.5833,0.9754,1.0000,0.9706,0.9997,0.0000,Stutter,0
stutter_long,2432,28.6000,0.9409,1.0000,0.9692,0.9997,0.0000,Stutter,0
stutter_long,2433,28.6167,0.9888,1.0000,0.9701,0.9997,0.0000,Stutter,0
stutter_long,2434,28.6333,0.9834,1.0000,0.9707,0.9997,0.0000,Stutter,0
stutter_long,2435,28.6500,0.9400,1.0000,0.9693,0.9997,0.0000,Stutter,0
stutter_long,2436,28.6667,0.9815,1.0000,0.9699,0.9997,0.0000,Stutter,0
stutter_long,2437,28.6833,0.9904,1.0000,0.9708,0.9997,0.0000,Stutter,0
stutter_long,2438,28.7000,0.9415,1.0000,0.9695,0.9997,0.0000,Stutter,0
stutter_long,2439,28.7167,0.9733,1.0000,0.9696,0.9997,0.0000,Stutter,0
stutter_long,2440,28.7333,0.9957,1.0000,0.9708,0.9997,0.0000,Stutter,0
stutter_long,2441,28.7500,0.9453,1.0000,0.9697,0.9997,0.0000,Stutter,0
stutter_long,2442,28.7667,0.9648,1.0000,0.9694,0.9998,0.0000,Stutter,0
stutter_long,2443,28.7833,0.9990,1.0000,0.9708,0.9998,0.0000,Stutter,0
stutter_long,2444,28.8000,0.9510,1.0000,0.9699,0.9998,0.0000,Stutter,0
stutter_long,2445,28.8167,0.9568,1.0000,0.9693,0.9998,0.0000,Stutter,0
stutter_long,2446,28.8333,1.0000,1.0000,0.9707,0.9998,0.0000,Stutter,0
stutter_long,2447,28.8500,0.9583,1.0000,0.9701,0.9998,0.0000,Stutter,0
stutter_long,2448,28.8667,0.9498,1.0000,0.9692,0.9998,0.0000,Stutter,0
stutter_long,2449,28.8833,0.9986,1.0000,0.9705,0.9998,0.0000,Stutter,0
stutter_long,2450,28.9000,0.9664,1.0000,0.9704,0.9998,0.0000,Stutter,0
stutter_long,2451,28.9167,0.9444,1.0000,0.9692,0.9998,0.0000,Stutter,0
stutter_long,2452,28.9333,0.9949,1.0000,0.9703,0.9998,0.0000,Stutter,0
stutter_long,2453,28.9500,0.9749,1.0000,0.9706,0.9998,0.0000,Stutter,0
stutter_long,2454,28.9667,0.9410,1.0000,0.9692,0.9998,0.0000,Stutter,0
stutter_long,2455,28.9833,0.9892,1.0000,0.9701,0.9998,0.0000,Stutter,0
stutter_long,2456,29.0000,0.9830,1.0000,0.9707,0.9998,0.0000,Stutter,0
stutter_long,2457,29.0167,0.9400,1.0000,0.9693,0.9998,0.0000,Stutter,0
stutter_long,2458,29.0333,0.9820,1.0000,0.9699,0.9998,0.0000,Stutter,0
stutter_long,2459,29.0500,0.9900,1.0000,0.9708,0.9998,0.0000,Stutter,0
stutter_long,2460,29.0667,0.9414,1.0000,0.9694,0.9998,0.0000,Stutter,0
stutter_long,2461,29.0833,0.9738,1.0000,0.9696,0.9998,0.0000,Stutter,0
stutter_long,2462,29.1000,0.9955,1.0000,0.9708,0.9998,0.0000,Stutter,0
stutter_long,2463,29.1167,0.9450,1.0000,0.9696,0.9998,0.0000,Stutter,0
stutter_long,2464,29.1333,0.9653,1.0000,0.9694,0.9998,0.0000,Stutter,0
stutter_long,2465,29.1500,0.9989,1.0000,0.9708,0.9998,0.0000,Stutter,0
stutter_long,2466,29.1667,0.9506,1.0000,0.9699,0.9998,0.0000,Stutter,0
stutter_long,2467,29.1833,0.9572,1.0000,0.9693,0.9998,0.0000,Stutter,0
stutter_long,2468,29.2000,1.0000,1.0000,0.9707,0.9998,0.0000,Stutter,0
stutter_long,2469,29.2167,0.9578,1.0000,0.9701,0.9998,0.0000,Stutter,0
stutter_long,2470,29.2333,0.9502,1.0000,0.9692,0.9998,0.0000,Stutter,0
stutter_long,2471,29.2500,0.9987,1.0000,0.9706,0.9998,0.0000,Stutter,0
stutter_long,2472,29.2667,0.9659,1.0000,0.9703,0.9998,0.0000,Stutter,0
stutter_long,2473,29.2833,0.9446,1.0000,0.9692,0.9998,0.0000,Stutter,0
stutter_long,2474,29.3000,0.9951,1.0000,0.9704,0.9998,0.0000,Stutter,0
stutter_long,2475,29.3167,0.9744,1.0000,0.9705,0.9998,0.0000,Stutter,0
stutter_long,2476,29.3333,0.9412,1.0000,0.9692,0.9998,0.0000,Stutter,0
stutter_long,2477,29.3500,0.9896,1.0000,0.9701,0.9998,0.0000,Stutter,0
stutter_long,2478,29.3667,0.9825,1.0000,0.9707,0.9998,0.0000,Stutter,0
stutter_long,2479,29.3833,0.9400,1.0000,0.9693,0.9998,0.0000,Stutter,0
stutter_long,2480,29.4000,0.9824,1.0000,0.9699,0.9998,0.0000,Stutter,0
stutter_long,2481,29.4167,0.9897,1.0000,0.9708,0.9998,0.0000,Stutter,0
stutter_long,2482,29.4333,0.9412,1.0000,0.9694,0.9998,0.0000,Stutter,0
stutter_long,2483,29.4500,0.9743,1.0000,0.9697,0.9998,0.0000,Stutter,0
stutter_long,2484,29.4667,0.9952,1.0000,0.9708,0.9998,0.0000,Stutter,0
stutter_long,2485,29.4833,0.9447,1.0000,0.9696,0.9998,0.0000,Stutter,0
stutter_long,2486,29.5000,0.9658,1.0000,0.9695,0.9998,0.0000,Stutter,0
stutter_long,2487,29.5167,0.9988,1.0000,0.9708,0.9998,0.0000,Stutter,0
stutter_long,2488,29.5333,0.9502,1.0000,0.9699,0.9998,0.0000,Stutter,0
stutter_long,2489,29.5500,0.9577,1.0000,0.9693,0.9998,0.0000,Stutter,0
stutter_long,2490,29.5667,1.0000,1.0000,0.9707,0.9998,0.0000,Stutter,0
stutter_long,2491,29.5833,0.9573,1.0000,0.9701,0.9998,0.0000,Stutter,0
stutter_long,2492,29.6000,0.9505,1.0000,0.9692,0.9998,0.0000,Stutter,0
stutter_long,2493,29.6167,0.9989,1.0000,0.9706,0.9998,0.0000,Stutter,0
stutter_long,2494,29.6333,0.9654,1.0000,0.9703,0.9998,0.0000,Stutter,0
stutter_long,2495,29.6500,0.9449,1.0000,0.9692,0.9998,0.0000,Stutter,0
stutter_long,2496,29.6667,0.9954,1.0000,0.9704,0.9998,0.0000,Stutter,0
stutter_long,2497,29.6833,0.9739,1.0000,0.9705,0.9998,0.0000,Stutter,0
stutter_long,2498,29.7000,0.9413,1.0000,0.9692,0.9998,0.0000,Stutter,0
stutter_long,2499,29.7167,0.9899,1.0000,0.9701,0.9998,0.0000,Stutter,0
stutter_long,2500,29.7333,0.9821,1.0000,0.9707,0.9998,0.0000,Stutter,0
stutter_long,2501,29.7500,0.9400,1.0000,0.9693,0.9998,0.0000,Stutter,0
stutter_long,2502,29.7667,0.9829,1.0000,0.9699,0.9998,0.0000,Stutter,0
stutter_long,2503,29.7833,0.9893,1.0000,0.9708,0.9999,0.0000,Stutter,0
stutter_long,2504,29.8000,0.9411,1.0000,0.9694,0.9999,0.0000,Stutter,0
stutter_long,2505,29.8167,0.9748,1.0000,0.9697,0.9999,0.0000,Stutter,0
stutter_long,2506,29.8333,0.9949,1.0000,0.9708,0.9999,0.0000,Stutter,0
stutter_long,2507,29.8500,0.9445,1.0000,0.9696,0.9999,0.0000,Stutter,0
stutter_long,2508,29.8667,0.9663,1.0000,0.9695,0.9999,0.0000,Stutter,0
stutter_long,2509,29.8833,0.9986,1.0000,0.9708,0.9999,0.0000,Stutter,0
stutter_long,2510,29.9000,0.9499,1.0000,0.9698,0.9999,0.0000,Stutter,0
stutter_long,2511,29.9167,0.9582,1.0000,0.9693,0.9999,0.0000,Stutter,0
stutter_long,2512,29.9333,1.0000,1.0000,0.9707,0.9999,0.0000,Stutter,0
stutter_long,2513,29.9500,0.9569,1.0000,0.9701,0.9999,0.0000,Stutter,0
stutter_long,2514,29.9667,0.9509,1.0000,0.9692,0.9999,0.0000,Stutter,0
stutter_long,2515,29.9833,0.9990,1.0000,0.9706,0.9999,0.0000,Stutter,0
stutter_long,2516,30.0000,0.9649,1.0000,0.9703,0.9999,0.0000,Stutter,0
stutter_long,2517,30.0167,0.9452,1.0000,0.9692,0.9999,0.0000,Stutter,0
stutter_long,2518,30.0333,0.9957,1.0000,0.9704,0.9999,0.0000,Stutter,0
stutter_long,2519,30.0500,0.9734,1.0000,0.9705,0.9999,0.0000,Stutter,0
stutter_long,2520,30.0667,0.9415,1.0000,0.9692,0.9999,0.0000,Stutter,0
stutter_long,2521,30.0833,0.9903,1.0000,0.9702,0.9999,0.0000,Stutter,0
stutter_long,2522,30.1000,0.9816,1.0000,0.9707,0.9999,0.0000,Stutter,0
stutter_long,2523,30.1167,0.9400,1.0000,0.9693,0.9999,0.0000,Stutter,0
stutter_long,2524,30.1333,0.9834,1.0000,0.9699,0.9999,0.0000,Stutter,0
stutter_long,2525,30.1500,0.9889,1.0000,0.9708,0.9999,0.0000,Stutter,0
stutter_long,2526,30.1667,0.9409,1.0000,0.9694,0.9999,0.0000,Stutter,0
stutter_long,2527,30.1833,0.9753,1.0000,0.9697,0.9999,0.0000,Stutter,0
stutter_long,2528,30.2000,0.9946,1.0000,0.9708,0.9999,0.0000,Stutter,0
stutter_long,2529,30.2167,0.9442,1.0000,0.9696,0.9999,0.0000,Stutter,0
stutter_long,2530,30.2333,0.9669,1.0000,0.9695,0.9999,0.0000,Stutter,0
stutter_long,2531,30.2500,0.9984,1.0000,0.9708,0.9999,0.0000,Stutter,0
stutter_long,2532,30.2667,0.9495,1.0000,0.9698,0.9999,0.0000,Stutter,0
stutter_long,2533,30.2833,0.9586,1.0000,0.9693,0.9999,0.0000,Stutter,0
stutter_long,2534,30.3000,1.0000,1.0000,0.9707,0.9999,0.0000,Stutter,0
stutter_long,2535,30.3167,0.9564,1.0000,0.9701,0.9999,0.0000,Stutter,0
stutter_long,2536,30.3333,0.9513,1.0000,0.9692,0.9999,0.0000,Stutter,0
stutter_long,2537,30.3500,0.9991,1.0000,0.9706,0.9999,0.0000,Stutter,0
stutter_long,2538,30.3667,0.9644,1.0000,0.9703,0.9999,0.0000,Stutter,0
stutter_long,2539,30.3833,0.9455,1.0000,0.9692,0.9999,0.0000,Stutter,0
stutter_long,2540,30.4000,0.9959,1.0000,0.9704,0.9999,0.0000,Stutter,0
stutter_long,2541,30.4167,0.9729,1.0000,0.9705,0.9999,0.0000,Stutter,0
stutter_long,2542,30.4333,0.9416,1.0000,0.9692,0.9999,0.0000,Stutter,0
stutter_long,2543,30.4500,0.9907,1.0000,0.9702,0.9999,0.0000,Stutter,0
stutter_long,2544,30.4667,0.9811,1.0000,0.9707,0.9999,0.0000,Stutter,0
stutter_long,2545,30.4833,0.9400,1.0000,0.9693,0.9999,0.0000,Stutter,0
stutter_long,2546,30.5000,0.9838,1.0000,0.9699,0.9999,0.0000,Stutter,0
stutter_long,2547,30.5167,0.9885,1.0000,0.9708,0.9999,0.0000,Stutter,0
stutter_long,2548,30.5333,0.9408,1.0000,0.9694,0.9999,0.0000,Stutter,0
stutter_long,2549,30.5500,0.9758,1.0000,0.9697,0.9999,0.0000,Stutter,0
stutter_long,2550,30.5667,0.9943,1.0000,0.9708,0.9999,0.0000,Stutter,0
stutter_long,2551,30.5833,0.9439,1.0000,0.9696,0.9999,0.0000,Stutter,0
stutter_long,2552,30.6000,0.9674,1.0000,0.9695,0.9999,0.0000,Stutter,0
stutter_long,2553,30.6167,0.9983,1.0000,0.9708,0.9999,0.0000,Stutter,0
stutter_long,2554,30.6333,0.9491,1.0000,0.9698,0.9999,0.0000,Stutter,0
stutter_long,2555,30.6500,0.9591,1.0000,0.9693,0.9999,0.0000,Stutter,0
stutter_long,2556,30.6667,0.9999,1.0000,0.9707,0.9999,0.0000,Stutter,0
stutter_long,2557,30.6833,0.9560,1.0000,0.9701,0.9999,0.0000,Stutter,0
stutter_long,2558,30.7000,0.9517,1.0000,0.9692,0.9999,0.0000,Stutter,0
stutter_long,2559,30.7167,0.9992,1.0000,0.9706,0.9999,0.0000,Stutter,0
stutter_long,2560,30.7333,0.9639,1.0000,0.9703,0.9999,0.0000,Stutter,0
stutter_long,2561,30.7500,0.9458,1.0000,0.9692,0.9999,0.0000,Stutter,0
stutter_long,2562,30.7667,0.9962,1.0000,0.9704,0.9999,0.0000,Stutter,0
stutter_long,2563,30.7833,0.9724,1.0000,0.9705,0.9999,0.0000,Stutter,0
stutter_long,2564,30.8000,0.9418,1.0000,0.9692,0.9999,0.0000,Stutter,0
stutter_long,2565,30.8167,0.9911,1.0000,0.9702,0.9999,0.0000,Stutter,0
stutter_long,2566,30.8333,0.9807,1.0000,0.9707,0.9999,0.0000,Stutter,0
stutter_long,2567,30.8500,0.9401,1.0000,0.9693,0.9999,0.0000,Stutter,0
stutter_long,2568,30.8667,0.9843,1.0000,0.9699,0.9999,0.0000,Stutter,0
stutter_long,2569,30.8833,0.9881,1.0000,0.9708,0.9999,0.0000,Stutter,0
stutter_long,2570,30.9000,0.9407,1.0000,0.9694,0.9999,0.0000,Stutter,0
stutter_long,2571,30.9167,0.9763,1.0000,0.9697,0.9999,0.0000,Stutter,0
stutter_long,2572,30.9333,0.9940,1.0000,0.9708,0.9999,0.0000,Stutter,0
stutter_long,2573,30.9500,0.9437,1.0000,0.9696,0.9999,0.0000,Stutter,0
stutter_long,2574,30.9667,0.9679,1.0000,0.9695,0.9999,0.0000,Stutter,0
stutter_long,2575,30.9833,0.9981,1.0000,0.9708,0.9999,0.0000,Stutter,0
stutter_long,2576,31.0000,0.9487,1.0000,0.9698,0.9999,0.0000,Stutter,0
stutter_long,2577,31.0167,0.9596,1.0000,0.9693,0.9999,0.0000,Stutter,0
stutter_long,2578,31.0333,0.9999,1.0000,0.9708,0.9999,0.0000,Stutter,0
stutter_long,2579,31.0500,0.9555,1.0000,0.9700,0.9999,0.0000,Stutter,0
stutter_long,2580,31.0667,0.9521,1.0000,0.9692,0.9999,0.0000,Stutter,0
stutter_long,2581,31.0833,0.9993,1.0000,0.9706,0.9999,0.0000,Stutter,0
stutter_long,2582,31.1000,0.9634,1.0000,0.9703,0.9999,0.0000,Stutter,0
stutter_long,2583,31.1167,0.9461,1.0000,0.9692,0.9999,0.0000,Stutter,0
stutter_long,2584,31.1333,0.9964,1.0000,0.9704,0.9999,0.0000,Stutter,0
stutter_long,2585,31.1500,0.9719,1.0000,0.9705,0.9999,0.0000,Stutter,0
stutter_long,2586,31.1667,0.9420,1.0000,0.9692,0.9999,0.0000,Stutter,0
stutter_long,2587,31.1833,0.9914,1.0000,0.9702,0.9999,0.0000,Stutter,0
stutter_long,2588,31.2000,0.9802,1.0000,0.9707,0.9999,0.0000,Stutter,0
stutter_long,2589,31.2167,0.9401,1.0000,0.9692,0.9999,0.0000,Stutter,0
stutter_long,2590,31.2333,0.9847,1.0000,0.9700,0.9999,0.0000,Stutter,0
stutter_long,2591,31.2500,0.9877,1.0000,0.9708,0.9999,0.0000,Stutter,0
stutter_long,2592,31.2667,0.9406,1.0000,0.9694,0.9999,0.0000,Stutter,0
stutter_long,2593,31.2833,0.9768,1.0000,0.9697,0.9999,0.0000,Stutter,0
stutter_long,2594,31.3000,0.9937,1.0000,0.9708,0.9999,0.0000,Stutter,0
stutter_long,2595,31.3167,0.9434,1.0000,0.9696,0.9999,0.0000,Stutter,0
stutter_long,2596,31.3333,0.9684,1.0000,0.9695,0.9999,0.0000,Stutter,0
stutter_long,2597,31.3500,0.9979,1.0000,0.9708,0.9999,0.0000,Stutter,0
stutter_long,2598,31.3667,0.9484,1.0000,0.9698,0.9999,0.0000,Stutter,0
stutter_long,2599,31.3833,0.9601,1.0000,0.9693,0.9999,0.0000,Stutter,0
stutter_long,2600,31.4000,0.9999,1.0000,0.9708,0.9999,0.0000,Stutter,0
stutter_long,2601,31.4167,0.9551,1.0000,0.9700,0.9999,0.0000,Stutter,0
stutter_long,2602,31.4333,0.9526,1.0000,0.9692,0.9999,0.0000,Stutter,0
stutter_long,2603,31.4500,0.9994,1.0000,0.9706,0.9999,0.0000,Stutter,0
stutter_long,2604,31.4667,0.9629,1.0000,0.9703,0.9999,0.0000,Stutter,0
stutter_long,2605,31.4833,0.9464,1.0000,0.9692,0.9999,0.0000,Stutter,0
stutter_long,2606,31.5000,0.9967,1.0000,0.9704,0.9999,0.0000,Stutter,0
stutter_long,2607,31.5167,0.9714,1.0000,0.9705,0.9999,0.0000,Stutter,0
stutter_long,2608,31.5333,0.9422,1.0000,0.9692,0.9999,0.0000,Stutter,0
stutter_long,2609,31.5500,0.9918,1.0000,0.9702,0.9999,0.0000,Stutter,0
stutter_long,2610,31.5667,0.9797,1.0000,0.9707,0.9999,0.0000,Stutter,0
stutter_long,2611,31.5833,0.9402,1.0000,0.9692,0.9999,0.0000,Stutter,0
stutter_long,2612,31.6000,0.9852,1.0000,0.9700,0.9999,0.0000,Stutter,0
stutter_long,2613,31.6167,0.9873,1.0000,0.9708,0.9999,0.0000,Stutter,0
stutter_long,2614,31.6333,0.9405,1.0000,0.9694,0.9999,0.0000,Stutter,0
stutter_long,2615,31.6500,0.9773,1.0000,0.9697,0.9999,0.0000,Stutter,0
stutter_long,2616,31.6667,0.9934,1.0000,0.9708,0.9999,0.0000,Stutter,0
stutter_long,2617,31.6833,0.9432,1.0000,0.9696,0.9999,0.0000,Stutter,0
stutter_long,2618,31.7000,0.9689,1.0000,0.9695,0.9999,0.0000,Stutter,0
stutter_long,2619,31.7167,0.9977,1.0000,0.9708,0.9999,0.0000,Stutter,0
stutter_long,2620,31.7333,0.9480,1.0000,0.9698,0.9999,0.0000,Stutter,0
stutter_long,2621,31.7500,0.9605,1.0000,0.9693,0.9999,0.0000,Stutter,0
stutter_long,2622,31.7667,0.9998,1.0000,0.9708,0.9999,0.0000,Stutter,0
stutter_long,2623,31.7833,0.9546,1.0000,0.9700,0.9999,0.0000,Stutter,0
stutter_long,2624,31.8000,0.9530,1.0000,0.9692,0.9999,0.0000,Stutter,0
stutter_long,2625,31.8167,0.9995,1.0000,0.9706,0.9999,0.0000,Stutter,0
stutter_long,2626,31.8333,0.9624,1.0000,0.9703,0.9999,0.0000,Stutter,0
stutter_long,2627,31.8500,0.9467,1.0000,0.9692,0.9999,0.0000,Stutter,0
stutter_long,2628,31.8667,0.9969,1.0000,0.9704,0.9999,0.0000,Stutter,0
stutter_long,2629,31.8833,0.9709,1.0000,0.9705,0.9999,0.0000,Stutter,0
stutter_long,2630,31.9000,0.9424,1.0000,0.9692,0.9999,0.0000,Stutter,0
stutter_long,2631,31.9167,0.9921,1.0000,0.9702,0.9999,0.0000,Stutter,0
stutter_long,2632,31.9333,0.9792,1.0000,0.9706,0.9999,0.0000,Stutter,0
stutter_long,2633,31.9500,0.9402,1.0000,0.9692,0.9999,0.0000,Stutter,0
stutter_long,2634,31.9667,0.9856,1.0000,0.9700,0.9999,0.0000,Stutter,0
stutter_long,2635,31.9833,0.9868,1.0000,0.9708,1.0000,0.0000,Stutter,0
stutter_long,2636,32.0000,0.9404,1.0000,0.9694,1.0000,0.0000,Stutter,0
stutter_long,2637,32.0167,0.9778,1.0000,0.9698,1.0000,0.0000,Stutter,0
stutter_long,2638,32.0333,0.9931,1.0000,0.9708,1.0000,0.0000,Stutter,0
stutter_long,2639,32.0500,0.9430,1.0000,0.9695,1.0000,0.0000,Stutter,0
stutter_long,2640,32.0667,0.9694,1.0000,0.9695,1.0000,0.0000,Stutter,0
stutter_long,2641,32.0833,0.9975,1.0000,0.9708,1.0000,0.0000,Stutter,0
stutter_long,2642,32.1000,0.9477,1.0000,0.9698,1.0000,0.0000,Stutter,0
stutter_long,2643,32.1167,0.9610,1.0000,0.9694,1.0000,0.0000,Stutter,0
stutter_long,2644,32.1333,0.9998,1.0000,0.9708,1.0000,0.0000,Stutter,0
stutter_long,2645,32.1500,0.9542,1.0000,0.9700,1.0000,0.0000,Stutter,0
stutter_long,2646,32.1667,0.9534,1.0000,0.9692,1.0000,0.0000,Stutter,0
stutter_long,2647,32.1833,0.9996,1.0000,0.9706,1.0000,0.0000,Stutter,0
stutter_long,2648,32.2000,0.9619,1.0000,0.9702,1.0000,0.0000,Stutter,0
stutter_long,2649,32.2167,0.9471,1.0000,0.9692,1.0000,0.0000,Stutter,0
stutter_long,2650,32.2333,0.9971,1.0000,0.9705,1.0000,0.0000,Stutter,0
stutter_long,2651,32.2500,0.9704,1.0000,0.9705,1.0000,0.0000,Stutter,0
stutter_long,2652,32.2667,0.9426,1.0000,0.9692,1.0000,0.0000,Stutter,0
stutter_long,2653,32.2833,0.9925,1.0000,0.9702,1.0000,0.0000,Stutter,0
stutter_long,2654,32.3000,0.9787,1.0000,0.9706,1.0000,0.0000,Stutter,0
stutter_long,2655,32.3167,0.9403,1.0000,0.9692,1.0000,0.0000,Stutter,0
stutter_long,2656,32.3333,0.9860,1.0000,0.9700,1.0000,0.0000,Stutter,0
stutter_long,2657,32.3500,0.9864,1.0000,0.9708,1.0000,0.0000,Stutter,0
stutter_long,2658,32.3667,0.9403,1.0000,0.9694,1.0000,0.0000,Stutter,0
stutter_long,2659,32.3833,0.9783,1.0000,0.9698,1.0000,0.0000,Stutter,0
stutter_long,2660,32.4000,0.9928,1.0000,0.9708,1.0000,0.0000,Stutter,0
stutter_long,2661,32.4167,0.9428,1.0000,0.9695,1.0000,0.0000,Stutter,0
stutter_long,2662,32.4333,0.9699,1.0000,0.9696,1.0000,0.0000,Stutter,0
stutter_long,2663,32.4500,0.9973,1.0000,0.9708,1.0000,0.0000,Stutter,0
stutter_long,2664,32.4667,0.9474,1.0000,0.9697,1.0000,0.0000,Stutter,0
stutter_long,2665,32.4833,0.9615,1.0000,0.9694,1.0000,0.0000,Stutter,0
stutter_long,2666,32.5000,0.9997,1.0000,0.9708,1.0000,0.0000,Stutter,0
stutter_long,2667,32.5167,0.9538,1.0000,0.9700,1.0000,0.0000,Stutter,0
stutter_long,2668,32.5333,0.9538,1.0000,0.9692,1.0000,0.0000,Stutter,0
stutter_long,2669,32.5500,0.9997,1.0000,0.9707,1.0000,0.0000,Stutter,0
stutter_long,2670,32.5667,0.9615,1.0000,0.9702,1.0000,0.0000,Stutter,0
stutter_long,2671,32.5833,0.9474,1.0000,0.9692,1.0000,0.0000,Stutter,0
stutter_long,2672,32.6000,0.9974,1.0000,0.9705,1.0000,0.0000,Stutter,0
stutter_long,2673,32.6167,0.9698,1.0000,0.9704,1.0000,0.0000,Stutter,0
stutter_long,2674,32.6333,0.9428,1.0000,0.9692,1.0000,0.0000,Stutter,0
stutter_long,2675,32.6500,0.9928,1.0000,0.9703,1.0000,0.0000,Stutter,0
stutter_long,2676,32.6667,0.9782,1.0000,0.9706,1.0000,0.0000,Stutter,0
stutter_long,2677,32.6833,0.9403,1.0000,0.9692,1.0000,0.0000,Stutter,0
stutter_long,2678,32.7000,0.9865,1.0000,0.9700,1.0000,0.0000,Stutter,0
stutter_long,2679,32.7167,0.9860,1.0000,0.9708,1.0000,0.0000,Stutter,0
stutter_long,2680,32.7333,0.9403,1.0000,0.9693,1.0000,0.0000,Stutter,0
stutter_long,2681,32.7500,0.9788,1.0000,0.9698,1.0000,0.0000,Stutter,0
stutter_long,2682,32.7667,0.9924,1.0000,0.9708,1.0000,0.0000,Stutter,0
stutter_long,2683,32.7833,0.9426,1.0000,0.9695,1.0000,0.0000,Stutter,0
stutter_long,2684,32.8000,0.9704,1.0000,0.9696,1.0000,0.0000,Stutter,0
stutter_long,2685,32.8167,0.9971,1.0000,0.9708,1.0000,0.0000,Stutter,0
stutter_long,2686,32.8333,0.0500,0.5317,0.9280,0.9979,0.0000,Stutter,0
stutter_long,2687,32.8500,0.9500,1.0000,0.9290,0.9979,0.0000,Stutter,0
stutter_long,2688,32.8667,0.0500,0.5142,0.8882,0.9958,0.0000,Stutter,0
stutter_long,2689,32.8833,0.0500,0.5263,0.8492,0.9938,0.0000,Stutter,0
stutter_long,2690,32.9000,0.0500,0.5325,0.8120,0.9917,0.0000,Stutter,0
stutter_long,2691,32.9167,0.0500,0.5195,0.7766,0.9897,0.0000,Stutter,0
stutter_long,2692,32.9333,0.9500,1.0000,0.7847,0.9898,0.0000,Stutter,0
stutter_long,2693,32.9500,0.9500,1.0000,0.7923,0.9898,0.0000,Stutter,0
stutter_long,2694,32.9667,0.9500,1.0000,0.7997,0.9899,0.0000,Stutter,0
stutter_long,2695,32.9833,0.9500,1.0000,0.8067,0.9900,0.0000,Stutter,0
stutter_long,2696,33.0000,0.9500,1.0000,0.8133,0.9901,0.0000,Stutter,0
stutter_long,2697,33.0167,0.9500,1.0000,0.8197,0.9902,0.0000,Stutter,0
stutter_long,2698,33.0333,0.9500,1.0000,0.8257,0.9903,0.0000,Stutter,0
stutter_long,2699,33.0500,0.9500,1.0000,0.8315,0.9903,0.0000,Stutter,0
stutter_long,2700,33.0667,0.0500,0.5190,0.7952,0.9883,0.0000,Stutter,0
stutter_long,2701,33.0833,0.0500,0.5104,0.7605,0.9863,0.0000,Stutter,0
stutter_long,2702,33.1000,0.9500,1.0000,0.7693,0.9864,0.0000,Stutter,0
stutter_long,2703,33.1167,0.9500,1.0000,0.7777,0.9865,0.0000,Stutter,0
stutter_long,2704,33.1333,0.9500,1.0000,0.7857,0.9866,0.0000,Stutter,0
stutter_long,2705,33.1500,0.9500,1.0000,0.7934,0.9867,0.0000,Stutter,0
stutter_long,2706,33.1667,0.0500,0.5331,0.7588,0.9847,0.0000,Stutter,0
stutter_long,2707,33.1833,0.0500,0.5216,0.7259,0.9827,0.0000,Stutter,0
stutter_long,2708,33.2000,0.0500,0.5219,0.6944,0.9807,0.0000,Stutter,0
stutter_long,2709,33.2167,0.0500,0.5265,0.6645,0.9787,0.0000,Stutter,0
stutter_long,2710,33.2333,0.9500,1.0000,0.6777,0.9789,0.0000,Stutter,0
stutter_long,2711,33.2500,0.9500,1.0000,0.6904,0.9790,0.0000,Stutter,0
stutter_long,2712,33.2667,0.0500,0.5319,0.6606,0.9770,0.0000,Stutter,0
stutter_long,2713,33.2833,0.0500,0.5170,0.6322,0.9750,0.0000,Stutter,0
stutter_long,2714,33.3000,0.0500,0.5172,0.6051,0.9731,0.0000,Stutter,0
stutter_long,2715,33.3167,0.0500,0.5341,0.5793,0.9711,0.0000,Stutter,0
stutter_long,2716,33.3333,0.0500,0.5274,0.5547,0.9691,0.0000,Stutter,0
stutter_long,2717,33.3500,0.9500,1.0000,0.5731,0.9694,0.0000,Stutter,0
stutter_long,2718,33.3667,0.9500,1.0000,0.5906,0.9697,0.0000,Stutter,0
stutter_long,2719,33.3833,0.9500,1.0000,0.6073,0.9699,0.0000,Stutter,0
stutter_long,2720,33.4000,0.0500,0.5255,0.5814,0.9679,0.0000,Stutter,0
stutter_long,2721,33.4167,0.0500,0.5213,0.5567,0.9660,0.0000,Stutter,0
stutter_long,2722,33.4333,0.0500,0.5194,0.5331,0.9641,0.0000,Stutter,0
stutter_long,2723,33.4500,0.0500,0.5261,0.5107,0.9621,0.0000,Stutter,0
stutter_long,2724,33.4667,0.9500,1.0000,0.5311,0.9624,0.0000,Stutter,0
stutter_long,2725,33.4833,0.0500,0.5198,0.5087,0.9605,0.0000,Stutter,0
stutter_long,2726,33.5000,0.9500,1.0000,0.5293,0.9608,0.0000,Stutter,0
stutter_long,2727,33.5167,0.0500,0.5307,0.5070,0.9589,0.0000,Stutter,0
stutter_long,2728,33.5333,0.9714,1.0000,0.5286,0.9593,0.0000,Stutter,0
stutter_long,2729,33.5500,0.9967,1.0000,0.5503,0.9596,0.0000,Stutter,0
stutter_long,2730,33.5667,0.9464,1.0000,0.5688,0.9599,0.0000,Stutter,0
stutter_long,2731,33.5833,0.9630,1.0000,0.5871,0.9603,0.0000,Stutter,0
stutter_long,2732,33.6000,0.9994,1.0000,0.6063,0.9606,0.0000,Stutter,0
stutter_long,2733,33.6167,0.9525,1.0000,0.6224,0.9609,0.0000,Stutter,0
stutter_long,2734,33.6333,0.9551,1.0000,0.6378,0.9613,0.0000,Stutter,0
stutter_long,2735,33.6500,0.9999,1.0000,0.6547,0.9616,0.0000,Stutter,0
stutter_long,2736,33.6667,0.9600,1.0000,0.6689,0.9619,0.0000,Stutter,0
stutter_long,2737,33.6833,0.9484,1.0000,0.6819,0.9622,0.0000,Stutter,0
stutter_long,2738,33.7000,0.9979,1.0000,0.6966,0.9625,0.0000,Stutter,0
stutter_long,2739,33.7167,0.9683,1.0000,0.7092,0.9628,0.0000,Stutter,0
stutter_long,2740,33.7333,0.9435,1.0000,0.7201,0.9631,0.0000,Stutter,0
stutter_long,2741,33.7500,0.9938,1.0000,0.7328,0.9634,0.0000,Stutter,0
stutter_long,2742,33.7667,0.9767,1.0000,0.7442,0.9638,0.0000,Stutter,0
stutter_long,2743,33.7833,0.9406,1.0000,0.7533,0.9641,0.0000,Stutter,0
stutter_long,2744,33.8000,0.9877,1.0000,0.7642,0.9644,0.0000,Stutter,0
stutter_long,2745,33.8167,0.9847,1.0000,0.7745,0.9646,0.0000,Stutter,0
stutter_long,2746,33.8333,0.9401,1.0000,0.7822,0.9649,0.0000,Stutter,0
stutter_long,2747,33.8500,0.9802,1.0000,0.7914,0.9652,0.0000,Stutter,0
stutter_long,2748,33.8667,0.9914,1.0000,0.8007,0.9655,0.0000,Stutter,0
stutter_long,2749,33.8833,0.9420,1.0000,0.8072,0.9658,0.0000,Stutter,0
stutter_long,2750,33.9000,0.9720,1.0000,0.8149,0.9661,0.0000,Stutter,0
stutter_long,2751,33.9167,0.9964,1.0000,0.8233,0.9664,0.0000,Stutter,0
stutter_long,2752,33.9333,0.9461,1.0000,0.8291,0.9667,0.0000,Stutter,0
stutter_long,2753,33.9500,0.9635,1.0000,0.8353,0.9669,0.0000,Stutter,0
stutter_long,2754,33.9667,0.9993,1.0000,0.8429,0.9672,0.0000,Stutter,0
stutter_long,2755,33.9833,0.9521,1.0000,0.8480,0.9675,0.0000,Stutter,0
stutter_long,2756,34.0000,0.9556,1.0000,0.8530,0.9677,0.0000,Stutter,0
stutter_long,2757,34.0167,0.9999,1.0000,0.8598,0.9680,0.0000,Stutter,0
stutter_long,2758,34.0333,0.9595,1.0000,0.8645,0.9683,0.0000,Stutter,0
stutter_long,2759,34.0500,0.9488,1.0000,0.8684,0.9685,0.0000,Stutter,0
stutter_long,2760,34.0667,0.9981,1.0000,0.8744,0.9688,0.0000,Stutter,0
stutter_long,2761,34.0833,0.9678,1.0000,0.8788,0.9691,0.0000,Stutter,0
stutter_long,2762,34.1000,0.9437,1.0000,0.8818,0.9693,0.0000,Stutter,0
stutter_long,2763,34.1167,0.9941,1.0000,0.8870,0.9696,0.0000,Stutter,0
stutter_long,2764,34.1333,0.9762,1.0000,0.8912,0.9698,0.0000,Stutter,0
stutter_long,2765,34.1500,0.9407,1.0000,0.8935,0.9701,0.0000,Stutter,0
stutter_long,2766,34.1667,0.9881,1.0000,0.8979,0.9703,0.0000,Stutter,0
stutter_long,2767,34.1833,0.9842,1.0000,0.9019,0.9706,0.0000,Stutter,0
stutter_long,2768,34.2000,0.9401,1.0000,0.9037,0.9708,0.0000,Stutter,0
stutter_long,2769,34.2167,0.9807,1.0000,0.9072,0.9711,0.0000,Stutter,0
stutter_long,2770,34.2333,0.9910,1.0000,0.9111,0.9713,0.0000,Stutter,0
stutter_long,2771,34.2500,0.9418,1.0000,0.9126,0.9715,0.0000,Stutter,0
stutter_long,2772,34.2667,0.9725,1.0000,0.9153,0.9718,0.0000,Stutter,0
stutter_long,2773,34.2833,0.9962,1.0000,0.9191,0.9720,0.0000,Stutter,0
stutter_long,2774,34.3000,0.9458,1.0000,0.9203,0.9722,0.0000,Stutter,0
stutter_long,2775,34.3167,0.9640,1.0000,0.9224,0.9725,0.0000,Stutter,0
stutter_long,2776,34.3333,0.9992,1.0000,0.9260,0.9727,0.0000,Stutter,0
stutter_long,2777,34.3500,0.9517,1.0000,0.9271,0.9729,0.0000,Stutter,0
stutter_long,2778,34.3667,0.9560,1.0000,0.9285,0.9731,0.0000,Stutter,0
stutter_long,2779,34.3833,1.0000,1.0000,0.9318,0.9734,0.0000,Stutter,0
stutter_long,2780,34.4000,0.9590,1.0000,0.9331,0.9736,0.0000,Stutter,0
stutter_long,2781,34.4167,0.9492,1.0000,0.9338,0.9738,0.0000,Stutter,0
stutter_long,2782,34.4333,0.9983,1.0000,0.9368,0.9740,0.0000,Stutter,0
stutter_long,2783,34.4500,0.9673,1.0000,0.9382,0.9742,0.0000,Stutter,0
stutter_long,2784,34.4667,0.9440,1.0000,0.9385,0.9745,0.0000,Stutter,0
stutter_long,2785,34.4833,0.9944,1.0000,0.9411,0.9747,0.0000,Stutter,0
stutter_long,2786,34.5000,0.9757,1.0000,0.9427,0.9749,0.0000,Stutter,0
stutter_long,2787,34.5167,0.9408,1.0000,0.9426,0.9751,0.0000,Stutter,0
stutter_long,2788,34.5333,0.9885,1.0000,0.9448,0.9753,0.0000,Stutter,0
stutter_long,2789,34.5500,0.9837,1.0000,0.9466,0.9755,0.0000,Stutter,0
stutter_long,2790,34.5667,0.9400,1.0000,0.9463,0.9757,0.0000,Stutter,0
stutter_long,2791,34.5833,0.9812,1.0000,0.9479,0.9759,0.0000,Stutter,0
stutter_long,2792,34.6000,0.9907,1.0000,0.9499,0.9761,0.0000,Stutter,0
stutter_long,2793,34.6167,0.9416,1.0000,0.9495,0.9763,0.0000,Stutter,0
stutter_long,2794,34.6333,0.9730,1.0000,0.9506,0.9765,0.0000,Stutter,0
stutter_long,2795,34.6500,0.9959,1.0000,0.9527,0.9767,0.0000,Stutter,0
stutter_long,2796,34.6667,0.9455,1.0000,0.9524,0.9769,0.0000,Stutter,0
stutter_long,2797,34.6833,0.9645,1.0000,0.9529,0.9771,0.0000,Stutter,0
stutter_long,2798,34.7000,0.9991,1.0000,0.9551,0.9773,0.0000,Stutter,0
stutter_long,2799,34.7167,0.9513,1.0000,0.9549,0.9775,0.0000,Stutter,0
stutter_long,2800,34.7333,0.9565,1.0000,0.9550,0.9776,0.0000,Stutter,0
stutter_long,2801,34.7500,1.0000,1.0000,0.9571,0.9778,0.0000,Stutter,0
stutter_long,2802,34.7667,0.9586,1.0000,0.9571,0.9780,0.0000,Stutter,0
stutter_long,2803,34.7833,0.9495,1.0000,0.9568,0.9782,0.0000,Stutter,0
stutter_long,2804,34.8000,0.9985,1.0000,0.9587,0.9784,0.0000,Stutter,0
stutter_long,2805,34.8167,0.9668,1.0000,0.9591,0.9786,0.0000,Stutter,0
stutter_long,2806,34.8333,0.9442,1.0000,0.9584,0.9787,0.0000,Stutter,0
stutter_long,2807,34.8500,0.9947,1.0000,0.9601,0.9789,0.0000,Stutter,0
stutter_long,2808,34.8667,0.9752,1.0000,0.9608,0.9791,0.0000,Stutter,0
stutter_long,2809,34.8833,0.9410,1.0000,0.9599,0.9793,0.0000,Stutter,0
stutter_long,2810,34.9000,0.9889,1.0000,0.9612,0.9794,0.0000,Stutter,0
stutter_long,2811,34.9167,0.9833,1.0000,0.9622,0.9796,0.0000,Stutter,0
stutter_long,2812,34.9333,0.9400,1.0000,0.9612,0.9798,0.0000,Stutter,0
stutter_long,2813,34.9500,0.9817,1.0000,0.9622,0.9799,0.0000,Stutter,0
stutter_long,2814,34.9667,0.9903,1.0000,0.9635,0.9801,0.0000,Stutter,0
stutter_long,2815,34.9833,0.9415,1.0000,0.9624,0.9803,0.0000,Stutter,0
stutter_long,2816,35.0000,0.9735,1.0000,0.9630,0.9804,0.0000,Stutter,0
stutter_long,2817,35.0167,0.9957,1.0000,0.9645,0.9806,0.0000,Stutter,0
stutter_long,2818,35.0333,0.9452,1.0000,0.9636,0.9808,0.0000,Stutter,0
stutter_long,2819,35.0500,0.9650,1.0000,0.9637,0.9809,0.0000,Stutter,0
stutter_long,2820,35.0667,0.9990,1.0000,0.9653,0.9811,0.0000,Stutter,0
stutter_long,2821,35.0833,0.9509,1.0000,0.9646,0.9812,0.0000,Stutter,0
stutter_long,2822,35.1000,0.9569,1.0000,0.9643,0.9814,0.0000,Stutter,0
stutter_long,2823,35.1167,1.0000,1.0000,0.9659,0.9815,0.0000,Stutter,0
stutter_long,2824,35.1333,0.9581,1.0000,0.9656,0.9817,0.0000,Stutter,0
stutter_long,2825,35.1500,0.9499,1.0000,0.9648,0.9818,0.0000,Stutter,0
stutter_long,2826,35.1667,0.9986,1.0000,0.9664,0.9820,0.0000,Stutter,0
stutter_long,2827,35.1833,0.9663,1.0000,0.9664,0.9821,0.0000,Stutter,0
stutter_long,2828,35.2000,0.9445,1.0000,0.9654,0.9823,0.0000,Stutter,0
stutter_long,2829,35.2167,0.9950,1.0000,0.9668,0.9824,0.0000,Stutter,0
stutter_long,2830,35.2333,0.9747,1.0000,0.9671,0.9826,0.0000,Stutter,0
stutter_long,2831,35.2500,0.9411,1.0000,0.9659,0.9827,0.0000,Stutter,0
stutter_long,2832,35.2667,0.9893,1.0000,0.9670,0.9829,0.0000,Stutter,0
stutter_long,2833,35.2833,0.9828,1.0000,0.9677,0.9830,0.0000,Stutter,0
stutter_long,2834,35.3000,0.9400,1.0000,0.9665,0.9832,0.0000,Stutter,0
stutter_long,2835,35.3167,0.9821,1.0000,0.9672,0.9833,0.0000,Stutter,0
stutter_long,2836,35.3333,0.9899,1.0000,0.9682,0.9834,0.0000,Stutter,0
stutter_long,2837,35.3500,0.9413,1.0000,0.9670,0.9836,0.0000,Stutter,0
stutter_long,2838,35.3667,0.9740,1.0000,0.9673,0.9837,0.0000,Stutter,0
stutter_long,2839,35.3833,0.9954,1.0000,0.9686,0.9838,0.0000,Stutter,0
stutter_long,2840,35.4000,0.9449,1.0000,0.9675,0.9840,0.0000,Stutter,0
stutter_long,2841,35.4167,0.9655,1.0000,0.9674,0.9841,0.0000,Stutter,0
stutter_long,2842,35.4333,0.9988,1.0000,0.9689,0.9842,0.0000,Stutter,0
stutter_long,2843,35.4500,0.9505,1.0000,0.9680,0.9844,0.0000,Stutter,0
stutter_long,2844,35.4667,0.9574,1.0000,0.9675,0.9845,0.0000,Stutter,0
stutter_long,2845,35.4833,1.0000,1.0000,0.9690,0.9846,0.0000,Stutter,0
stutter_long,2846,35.5000,0.9576,1.0000,0.9685,0.9848,0.0000,Stutter,0
stutter_long,2847,35.5167,0.9503,1.0000,0.9677,0.9849,0.0000,Stutter,0
stutter_long,2848,35.5333,0.9988,1.0000,0.9691,0.9850,0.0000,Stutter,0
stutter_long,2849,35.5500,0.9658,1.0000,0.9690,0.9851,0.0000,Stutter,0
stutter_long,2850,35.5667,0.9448,1.0000,0.9678,0.9853,0.0000,Stutter,0
stutter_long,2851,35.5833,0.9952,1.0000,0.9691,0.9854,0.0000,Stutter,0
stutter_long,2852,35.6000,0.9742,1.0000,0.9693,0.9855,0.0000,Stutter,0
stutter_long,2853,35.6167,0.9412,1.0000,0.9680,0.9856,0.0000,Stutter,0
stutter_long,2854,35.6333,0.9897,1.0000,0.9690,0.9857,0.0000,Stutter,0
stutter_long,2855,35.6500,0.9824,1.0000,0.9697,0.9859,0.0000,Stutter,0
stutter_long,2856,35.6667,0.9400,1.0000,0.9683,0.9860,0.0000,Stutter,0
stutter_long,2857,35.6833,0.9826,1.0000,0.9689,0.9861,0.0000,Stutter,0
stutter_long,2858,35.7000,0.9895,1.0000,0.9699,0.9862,0.0000,Stutter,0
stutter_long,2859,35.7167,0.9412,1.0000,0.9686,0.9863,0.0000,Stutter,0
stutter_long,2860,35.7333,0.9745,1.0000,0.9688,0.9864,0.0000,Stutter,0
stutter_long,2861,35.7500,0.9951,1.0000,0.9701,0.9866,0.0000,Stutter,0
stutter_long,2862,35.7667,0.9446,1.0000,0.9689,0.9867,0.0000,Stutter,0
stutter_long,2863,35.7833,0.9660,1.0000,0.9687,0.9868,0.0000,Stutter,0
stutter_long,2864,35.8000,0.9987,1.0000,0.9701,0.9869,0.0000,Stutter,0
stutter_long,2865,35.8167,0.9501,1.0000,0.9692,0.9870,0.0000,Stutter,0
stutter_long,2866,35.8333,0.9579,1.0000,0.9687,0.9871,0.0000,Stutter,0
stutter_long,2867,35.8500,1.0000,1.0000,0.9701,0.9872,0.0000,Stutter,0
stutter_long,2868,35.8667,0.9572,1.0000,0.9695,0.9873,0.0000,Stutter,0
stutter_long,2869,35.8833,0.9507,1.0000,0.9687,0.9874,0.0000,Stutter,0
stutter_long,2870,35.9000,0.9989,1.0000,0.9701,0.9875,0.0000,Stutter,0
stutter_long,2871,35.9167,0.9653,1.0000,0.9698,0.9876,0.0000,Stutter,0
stutter_long,2872,35.9333,0.9450,1.0000,0.9687,0.9877,0.0000,Stutter,0
stutter_long,2873,35.9500,0.9955,1.0000,0.9699,0.9878,0.0000,Stutter,0
stutter_long,2874,35.9667,0.9737,1.0000,0.9701,0.9879,0.0000,Stutter,0
stutter_long,2875,35.9833,0.9414,1.0000,0.9688,0.9880,0.0000,Stutter,0
stutter_long,2876,36.0000,0.9901,1.0000,0.9698,0.9881,0.0000,Stutter,0
stutter_long,2877,36.0167,0.9819,1.0000,0.9703,0.9882,0.0000,Stutter,0
stutter_long,2878,36.0333,0.9400,1.0000,0.9689,0.9883,0.0000,Stutter,0
stutter_long,2879,36.0500,0.9831,1.0000,0.9696,0.9884,0.0000,Stutter,0
stutter_long,2880,36.0667,0.9891,1.0000,0.9705,0.9885,0.0000,Stutter,0
stutter_long,2881,36.0833,0.9410,1.0000,0.9691,0.9886,0.0000,Stutter,0
stutter_long,2882,36.1000,0.9750,1.0000,0.9694,0.9887,0.0000,Stutter,0
stutter_long,2883,36.1167,0.9948,1.0000,0.9706,0.9888,0.0000,Stutter,0
stutter_long,2884,36.1333,0.9444,1.0000,0.9694,0.9889,0.0000,Stutter,0
stutter_long,2885,36.1500,0.9665,1.0000,0.9692,0.9890,0.0000,Stutter,0
stutter_long,2886,36.1667,0.9985,1.0000,0.9706,0.9891,0.0000,Stutter,0
stutter_long,2887,36.1833,0.9497,1.0000,0.9696,0.9892,0.0000,Stutter,0
stutter_long,2888,36.2000,0.9583,1.0000,0.9691,0.9893,0.0000,Stutter,0
stutter_long,2889,36.2167,1.0000,1.0000,0.9705,0.9894,0.0000,Stutter,0
stutter_long,2890,36.2333,0.9567,1.0000,0.9699,0.9894,0.0000,Stutter,0
stutter_long,2891,36.2500,0.9511,1.0000,0.9690,0.9895,0.0000,Stutter,0
stutter_long,2892,36.2667,0.9990,1.0000,0.9704,0.9896,0.0000,Stutter,0
stutter_long,2893,36.2833,0.9648,1.0000,0.9701,0.9897,0.0000,Stutter,0
stutter_long,2894,36.3000,0.9453,1.0000,0.9690,0.9898,0.0000,Stutter,0
stutter_long,2895,36.3167,0.9958,1.0000,0.9702,0.9899,0.0000,Stutter,0
stutter_long,2896,36.3333,0.9732,1.0000,0.9704,0.9900,0.0000,Stutter,0
stutter_long,2897,36.3500,0.9415,1.0000,0.9690,0.9900,0.0000,Stutter,0
stutter_long,2898,36.3667,0.9905,1.0000,0.9700,0.9901,0.0000,Stutter,0
stutter_long,2899,36.3833,0.9814,1.0000,0.9706,0.9902,0.0000,Stutter,0
stutter_long,2900,36.4000,0.9400,1.0000,0.9691,0.9903,0.0000,Stutter,0
stutter_long,2901,36.4167,0.9835,1.0000,0.9698,0.9904,0.0000,Stutter,0
stutter_long,2902,36.4333,0.9887,1.0000,0.9707,0.9904,0.0000,Stutter,0
stutter_long,2903,36.4500,0.9409,1.0000,0.9693,0.9905,0.0000,Stutter,0
stutter_long,2904,36.4667,0.9755,1.0000,0.9696,0.9906,0.0000,Stutter,0
stutter_long,2905,36.4833,0.9945,1.0000,0.9708,0.9907,0.0000,Stutter,0
stutter_long,2906,36.5000,0.9441,1.0000,0.9695,0.9908,0.0000,Stutter,0
stutter_long,2907,36.5167,0.9670,1.0000,0.9694,0.9908,0.0000,Stutter,0
stutter_long,2908,36.5333,0.9984,1.0000,0.9707,0.9909,0.0000,Stutter,0
stutter_long,2909,36.5500,0.9494,1.0000,0.9697,0.9910,0.0000,Stutter,0
stutter_long,2910,36.5667,0.9588,1.0000,0.9692,0.9911,0.0000,Stutter,0
stutter_long,2911,36.5833,1.0000,1.0000,0.9707,0.9911,0.0000,Stutter,0
stutter_long,2912,36.6000,0.9562,1.0000,0.9700,0.9912,0.0000,Stutter,0
stutter_long,2913,36.6167,0.9515,1.0000,0.9691,0.9913,0.0000,Stutter,0
stutter_long,2914,36.6333,0.9992,1.0000,0.9705,0.9914,0.0000,Stutter,0
stutter_long,2915,36.6500,0.9643,1.0000,0.9702,0.9914,0.0000,Stutter,0
stutter_long,2916,36.6667,0.9456,1.0000,0.9691,0.9915,0.0000,Stutter,0
stutter_long,2917,36.6833,0.9960,1.0000,0.9703,0.9916,0.0000,Stutter,0
stutter_long,2918,36.7000,0.9727,1.0000,0.9705,0.9916,0.0000,Stutter,0
stutter_long,2919,36.7167,0.9417,1.0000,0.9691,0.9917,0.0000,Stutter,0
stutter_long,2920,36.7333,0.9908,1.0000,0.9701,0.9918,0.0000,Stutter,0
stutter_long,2921,36.7500,0.9810,1.0000,0.9706,0.9918,0.0000,Stutter,0
stutter_long,2922,36.7667,0.9400,1.0000,0.9692,0.9919,0.0000,Stutter,0
stutter_long,2923,36.7833,0.9840,1.0000,0.9699,0.9920,0.0000,Stutter,0
stutter_long,2924,36.8000,0.9883,1.0000,0.9708,0.9920,0.0000,Stutter,0
stutter_long,2925,36.8167,0.9408,1.0000,0.9694,0.9921,0.0000,Stutter,0
stutter_long,2926,36.8333,0.9760,1.0000,0.9697,0.9922,0.0000,Stutter,0
stutter_long,2927,36.8500,0.9942,1.0000,0.9708,0.9922,0.0000,Stutter,0
stutter_long,2928,36.8667,0.9438,1.0000,0.9696,0.9923,0.0000,Stutter,0
stutter_long,2929,36.8833,0.9675,1.0000,0.9695,0.9924,0.0000,Stutter,0
stutter_long,2930,36.9000,0.9982,1.0000,0.9708,0.9924,0.0000,Stutter,0
stutter_long,2931,36.9167,0.9490,1.0000,0.9698,0.9925,0.0000,Stutter,0
stutter_long,2932,36.9333,0.9593,1.0000,0.9693,0.9926,0.0000,Stutter,0
stutter_long,2933,36.9500,0.9999,1.0000,0.9707,0.9926,0.0000,Stutter,0
stutter_long,2934,36.9667,0.9558,1.0000,0.9700,0.9927,0.0000,Stutter,0
stutter_long,2935,36.9833,0.9519,1.0000,0.9692,0.9927,0.0000,Stutter,0
stutter_long,2936,37.0000,0.9993,1.0000,0.9706,0.9928,0.0000,Stutter,0
stutter_long,2937,37.0167,0.9638,1.0000,0.9703,0.9929,0.0000,Stutter,0
stutter_long,2938,37.0333,0.9459,1.0000,0.9691,0.9929,0.0000,Stutter,0
stutter_long,2939,37.0500,0.9963,1.0000,0.9704,0.9930,0.0000,Stutter,0
stutter_long,2940,37.0667,0.9722,1.0000,0.9705,0.9930,0.0000,Stutter,0
stutter_long,2941,37.0833,0.9419,1.0000,0.9692,0.9931,0.0000,Stutter,0
stutter_long,2942,37.1000,0.9912,1.0000,0.9702,0.9932,0.0000,Stutter,0
stutter_long,2943,37.1167,0.9805,1.0000,0.9707,0.9932,0.0000,Stutter,0
stutter_long,2944,37.1333,0.9401,1.0000,0.9692,0.9933,0.0000,Stutter,0
stutter_long,2945,37.1500,0.9844,1.0000,0.9699,0.9933,0.0000,Stutter,0
stutter_long,2946,37.1667,0.9879,1.0000,0.9708,0.9934,0.0000,Stutter,0
stutter_long,2947,37.1833,0.9407,1.0000,0.9694,0.9934,0.0000,Stutter,0
stutter_long,2948,37.2000,0.9765,1.0000,0.9697,0.9935,0.0000,Stutter,0
stutter_long,2949,37.2167,0.9939,1.0000,0.9708,0.9935,0.0000,Stutter,0
stutter_long,2950,37.2333,0.9436,1.0000,0.9696,0.9936,0.0000,Stutter,0
stutter_long,2951,37.2500,0.9680,1.0000,0.9695,0.9936,0.0000,Stutter,0
stutter_long,2952,37.2667,0.9980,1.0000,0.9708,0.9937,0.0000,Stutter,0
stutter_long,2953,37.2833,0.9486,1.0000,0.9698,0.9938,0.0000,Stutter,0
stutter_long,2954,37.3000,0.9598,1.0000,0.9693,0.9938,0.0000,Stutter,0
stutter_long,2955,37.3167,0.9999,1.0000,0.9707,0.9939,0.0000,Stutter,0
stutter_long,2956,37.3333,0.9553,1.0000,0.9700,0.9939,0.0000,Stutter,0
stutter_long,2957,37.3500,0.9523,1.0000,0.9692,0.9940,0.0000,Stutter,0
stutter_long,2958,37.3667,0.9994,1.0000,0.9706,0.9940,0.0000,Stutter,0
stutter_long,2959,37.3833,0.9633,1.0000,0.9703,0.9941,0.0000,Stutter,0
stutter_long,2960,37.4000,0.9462,1.0000,0.9691,0.9941,0.0000,Stutter,0
stutter_long,2961,37.4167,0.9965,1.0000,0.9704,0.9942,0.0000,Stutter,0
stutter_long,2962,37.4333,0.9717,1.0000,0.9705,0.9942,0.0000,Stutter,0
stutter_long,2963,37.4500,0.9421,1.0000,0.9692,0.9943,0.0000,Stutter,0
stutter_long,2964,37.4667,0.9916,1.0000,0.9702,0.9943,0.0000,Stutter,0
stutter_long,2965,37.4833,0.9800,1.0000,0.9707,0.9943,0.0000,Stutter,0
stutter_long,2966,37.5000,0.9401,1.0000,0.9692,0.9944,0.0000,Stutter,0
stutter_long,2967,37.5167,0.9849,1.0000,0.9700,0.9944,0.0000,Stutter,0
stutter_long,2968,37.5333,0.9875,1.0000,0.9708,0.9945,0.0000,Stutter,0
stutter_long,2969,37.5500,0.9406,1.0000,0.9694,0.9945,0.0000,Stutter,0
stutter_long,2970,37.5667,0.9770,1.0000,0.9697,0.9946,0.0000,Stutter,0
stutter_long,2971,37.5833,0.9936,1.0000,0.9708,0.9946,0.0000,Stutter,0
stutter_long,2972,37.6000,0.9433,1.0000,0.9696,0.9947,0.0000,Stutter,0
stutter_long,2973,37.6167,0.9686,1.0000,0.9695,0.9947,0.0000,Stutter,0
stutter_long,2974,37.6333,0.9978,1.0000,0.9708,0.9948,0.0000,Stutter,0
stutter_long,2975,37.6500,0.9483,1.0000,0.9698,0.9948,0.0000,Stutter,0
stutter_long,2976,37.6667,0.9603,1.0000,0.9693,0.9948,0.0000,Stutter,0
stutter_long,2977,37.6833,0.9999,1.0000,0.9708,0.9949,0.0000,Stutter,0
stutter_long,2978,37.7000,0.9549,1.0000,0.9700,0.9949,0.0000,Stutter,0
stutter_long,2979,37.7167,0.9527,1.0000,0.9692,0.9950,0.0000,Stutter,0
stutter_long,2980,37.7333,0.9995,1.0000,0.9706,0.9950,0.0000,Stutter,0
stutter_long,2981,37.7500,0.9628,1.0000,0.9703,0.9951,0.0000,Stutter,0
stutter_long,2982,37.7667,0.9465,1.0000,0.9692,0.9951,0.0000,Stutter,0
stutter_long,2983,37.7833,0.9968,1.0000,0.9704,0.9951,0.0000,Stutter,0
stutter_long,2984,37.8000,0.9712,1.0000,0.9705,0.9952,0.0000,Stutter,0
stutter_long,2985,37.8167,0.9422,1.0000,0.9692,0.9952,0.0000,Stutter,0
stutter_long,2986,37.8333,0.9919,1.0000,0.9702,0.9953,0.0000,Stutter,0
stutter_long,2987,37.8500,0.9795,1.0000,0.9707,0.9953,0.0000,Stutter,0
stutter_long,2988,37.8667,0.9402,1.0000,0.9692,0.9953,0.0000,Stutter,0
stutter_long,2989,37.8833,0.9853,1.0000,0.9700,0.9954,0.0000,Stutter,0
stutter_long,2990,37.9000,0.9871,1.0000,0.9708,0.9954,0.0000,Stutter,0
stutter_long,2991,37.9167,0.9405,1.0000,0.9694,0.9954,0.0000,Stutter,0
stutter_long,2992,37.9333,0.9775,1.0000,0.9697,0.9955,0.0000,Stutter,0
stutter_long,2993,37.9500,0.9933,1.0000,0.9708,0.9955,0.0000,Stutter,0
stutter_long,2994,37.9667,0.9431,1.0000,0.9696,0.9956,0.0000,Stutter,0
stutter_long,2995,37.9833,0.9691,1.0000,0.9695,0.9956,0.0000,Stutter,0
stutter_long,2996,38.0000,0.9976,1.0000,0.9708,0.9956,0.0000,Stutter,0
stutter_long,2997,38.0167,0.9479,1.0000,0.9698,0.9957,0.0000,Stutter,0
stutter_long,2998,38.0333,0.9607,1.0000,0.9694,0.9957,0.0000,Stutter,0
stutter_long,2999,38.0500,0.9998,1.0000,0.9708,0.9957,0.0000,Stutter,0
stutter_long,3000,38.0667,0.9545,1.0000,0.9700,0.9958,0.0000,Stutter,0
stutter_long,3001,38.0833,0.9531,1.0000,0.9692,0.9958,0.0000,Stutter,0
stutter_long,3002,38.1000,0.9996,1.0000,0.9706,0.9958,0.0000,Stutter,0
stutter_long,3003,38.1167,0.9623,1.0000,0.9702,0.9959,0.0000,Stutter,0
stutter_long,3004,38.1333,0.9469,1.0000,0.9692,0.9959,0.0000,Stutter,0
stutter_long,3005,38.1500,0.9970,1.0000,0.9705,0.9959,0.0000,Stutter,0
stutter_long,3006,38.1667,0.9707,1.0000,0.9705,0.9960,0.0000,Stutter,0
stutter_long,3007,38.1833,0.9424,1.0000,0.9692,0.9960,0.0000,Stutter,0
stutter_long,3008,38.2000,0.9923,1.0000,0.9702,0.9960,0.0000,Stutter,0
stutter_long,3009,38.2167,0.9790,1.0000,0.9706,0.9961,0.0000,Stutter,0
stutter_long,3010,38.2333,0.9402,1.0000,0.9692,0.9961,0.0000,Stutter,0
stutter_long,3011,38.2500,0.9857,1.0000,0.9700,0.9961,0.0000,Stutter,0
stutter_long,3012,38.2667,0.9867,1.0000,0.9708,0.9962,0.0000,Stutter,0
stutter_long,3013,38.2833,0.9404,1.0000,0.9694,0.9962,0.0000,Stutter,0
stutter_long,3014,38.3000,0.9780,1.0000,0.9698,0.9962,0.0000,Stutter,0
stutter_long,3015,38.3167,0.9930,1.0000,0.9708,0.9963,0.0000,Stutter,0
stutter_long,3016,38.3333,0.9429,1.0000,0.9695,0.9963,0.0000,Stutter,0
stutter_long,3017,38.3500,0.9696,1.0000,0.9695,0.9963,0.0000,Stutter,0
stutter_long,3018,38.3667,0.9974,1.0000,0.9708,0.9964,0.0000,Stutter,0
stutter_long,3019,38.3833,0.9476,1.0000,0.9698,0.9964,0.0000,Stutter,0
stutter_long,3020,38.4000,0.9612,1.0000,0.9694,0.9964,0.0000,Stutter,0
stutter_long,3021,38.4167,0.9997,1.0000,0.9708,0.9965,0.0000,Stutter,0
stutter_long,3022,38.4333,0.9540,1.0000,0.9700,0.9965,0.0000,Stutter,0
stutter_long,3023,38.4500,0.9535,1.0000,0.9692,0.9965,0.0000,Stutter,0
stutter_long,3024,38.4667,0.9997,1.0000,0.9706,0.9965,0.0000,Stutter,0
stutter_long,3025,38.4833,0.9618,1.0000,0.9702,0.9966,0.0000,Stutter,0
stutter_long,3026,38.5000,0.9472,1.0000,0.9692,0.9966,0.0000,Stutter,0
stutter_long,3027,38.5167,0.9972,1.0000,0.9705,0.9966,0.0000,Stutter,0
stutter_long,3028,38.5333,0.9701,1.0000,0.9705,0.9967,0.0000,Stutter,0
stutter_long,3029,38.5500,0.9426,1.0000,0.9692,0.9967,0.0000,Stutter,0
stutter_long,3030,38.5667,0.9926,1.0000,0.9702,0.9967,0.0000,Stutter,0
stutter_long,3031,38.5833,0.9786,1.0000,0.9706,0.9967,0.0000,Stutter,0
stutter_long,3032,38.6000,0.9403,1.0000,0.9692,0.9968,0.0000,Stutter,0
stutter_long,3033,38.6167,0.9862,1.0000,0.9700,0.9968,0.0000,Stutter,0
stutter_long,3034,38.6333,0.9862,1.0000,0.9708,0.9968,0.0000,Stutter,0
stutter_long,3035,38.6500,0.9403,1.0000,0.9693,0.9968,0.0000,Stutter,0
stutter_long,3036,38.6667,0.9785,1.0000,0.9698,0.9969,0.0000,Stutter,0
stutter_long,3037,38.6833,0.9926,1.0000,0.9708,0.9969,0.0000,Stutter,0
stutter_long,3038,38.7000,0.9427,1.0000,0.9695,0.9969,0.0000,Stutter,0
stutter_long,3039,38.7167,0.9701,1.0000,0.9696,0.9969,0.0000,Stutter,0
stutter_long,3040,38.7333,0.9972,1.0000,0.9708,0.9970,0.0000,Stutter,0
stutter_long,3041,38.7500,0.9472,1.0000,0.9697,0.9970,0.0000,Stutter,0
stutter_long,3042,38.7667,0.9617,1.0000,0.9694,0.9970,0.0000,Stutter,0
stutter_long,3043,38.7833,0.9997,1.0000,0.9708,0.9970,0.0000,Stutter,0
stutter_long,3044,38.8000,0.9536,1.0000,0.9700,0.9971,0.0000,Stutter,0
stutter_long,3045,38.8167,0.9540,1.0000,0.9692,0.9971,0.0000,Stutter,0
stutter_long,3046,38.8333,0.9997,1.0000,0.9707,0.9971,0.0000,Stutter,0
stutter_long,3047,38.8500,0.9613,1.0000,0.9702,0.9971,0.0000,Stutter,0
stutter_long,3048,38.8667,0.9475,1.0000,0.9692,0.9972,0.0000,Stutter,0
stutter_long,3049,38.8833,0.9974,1.0000,0.9705,0.9972,0.0000,Stutter,0
stutter_long,3050,38.9000,0.9696,1.0000,0.9704,0.9972,0.0000,Stutter,0
stutter_long,3051,38.9167,0.9429,1.0000,0.9692,0.9972,0.0000,Stutter,0
stutter_long,3052,38.9333,0.9929,1.0000,0.9703,0.9973,0.0000,Stutter,0
stutter_long,3053,38.9500,0.9781,1.0000,0.9706,0.9973,0.0000,Stutter,0
stutter_long,3054,38.9667,0.9404,1.0000,0.9692,0.9973,0.0000,Stutter,0
stutter_long,3055,38.9833,0.9866,1.0000,0.9700,0.9973,0.0000,Stutter,0
stutter_long,3056,39.0000,0.9858,1.0000,0.9708,0.9974,0.0000,Stutter,0
stutter_long,3057,39.0167,0.9402,1.0000,0.9693,0.9974,0.0000,Stutter,0
stutter_long,3058,39.0333,0.9790,1.0000,0.9698,0.9974,0.0000,Stutter,0
stutter_long,3059,39.0500,0.9923,1.0000,0.9708,0.9974,0.0000,Stutter,0
stutter_long,3060,39.0667,0.9425,1.0000,0.9695,0.9974,0.0000,Stutter,0
stutter_long,3061,39.0833,0.9706,1.0000,0.9696,0.9975,0.0000,Stutter,0
stutter_long,3062,39.1000,0.9970,1.0000,0.9708,0.9975,0.0000,Stutter,0
stutter_long,3063,39.1167,0.9469,1.0000,0.9697,0.9975,0.0000,Stutter,0
stutter_long,3064,39.1333,0.9622,1.0000,0.9694,0.9975,0.0000,Stutter,0
stutter_long,3065,39.1500,0.9996,1.0000,0.9708,0.9975,0.0000,Stutter,0
stutter_long,3066,39.1667,0.9532,1.0000,0.9700,0.9976,0.0000,Stutter,0
stutter_long,3067,39.1833,0.9544,1.0000,0.9692,0.9976,0.0000,Stutter,0
stutter_long,3068,39.2000,0.9998,1.0000,0.9707,0.9976,0.0000,Stutter,0
stutter_long,3069,39.2167,0.9608,1.0000,0.9702,0.9976,0.0000,Stutter,0
stutter_long,3070,39.2333,0.9479,1.0000,0.9692,0.9976,0.0000,Stutter,0
stutter_long,3071,39.2500,0.9976,1.0000,0.9705,0.9977,0.0000,Stutter,0
stutter_long,3072,39.2667,0.9691,1.0000,0.9704,0.9977,0.0000,Stutter,0
stutter_long,3073,39.2833,0.9431,1.0000,0.9692,0.9977,0.0000,Stutter,0
stutter_long,3074,39.3000,0.9933,1.0000,0.9703,0.9977,0.0000,Stutter,0
stutter_long,3075,39.3167,0.9776,1.0000,0.9706,0.9977,0.0000,Stutter,0
stutter_long,3076,39.3333,0.9405,1.0000,0.9692,0.9978,0.0000,Stutter,0
stutter_long,3077,39.3500,0.9870,1.0000,0.9700,0.9978,0.0000,Stutter,0
stutter_long,3078,39.3667,0.9854,1.0000,0.9708,0.9978,0.0000,Stutter,0
stutter_long,3079,39.3833,0.9402,1.0000,0.9693,0.9978,0.0000,Stutter,0
stutter_long,3080,39.4000,0.9795,1.0000,0.9698,0.9978,0.0000,Stutter,0
stutter_long,3081,39.4167,0.9920,1.0000,0.9708,0.9979,0.0000,Stutter,0
stutter_long,3082,39.4333,0.9423,1.0000,0.9695,0.9979,0.0000,Stutter,0
stutter_long,3083,39.4500,0.9711,1.0000,0.9696,0.9979,0.0000,Stutter,0
stutter_long,3084,39.4667,0.9968,1.0000,0.9708,0.9979,0.0000,Stutter,0
stutter_long,3085,39.4833,0.9466,1.0000,0.9697,0.9979,0.0000,Stutter,0
stutter_long,3086,39.5000,0.9627,1.0000,0.9694,0.9979,0.0000,Stutter,0
stutter_long,3087,39.5167,0.9995,1.0000,0.9708,0.9980,0.0000,Stutter,0
stutter_long,3088,39.5333,0.9528,1.0000,0.9700,0.9980,0.0000,Stutter,0
stutter_long,3089,39.5500,0.9548,1.0000,0.9692,0.9980,0.0000,Stutter,0
stutter_long,3090,39.5667,0.9999,1.0000,0.9707,0.9980,0.0000,Stutter,0
stutter_long,3091,39.5833,0.9603,1.0000,0.9702,0.9980,0.0000,Stutter,0
stutter_long,3092,39.6000,0.9482,1.0000,0.9692,0.9980,0.0000,Stutter,0
stutter_long,3093,39.6167,0.9978,1.0000,0.9705,0.9981,0.0000,Stutter,0
stutter_long,3094,39.6333,0.9686,1.0000,0.9704,0.9981,0.0000,Stutter,0
stutter_long,3095,39.6500,0.9433,1.0000,0.9692,0.9981,0.0000,Stutter,0
stutter_long,3096,39.6667,0.9936,1.0000,0.9703,0.9981,0.0000,Stutter,0
stutter_long,3097,39.6833,0.9771,1.0000,0.9706,0.9981,0.0000,Stutter,0
stutter_long,3098,39.7000,0.9405,1.0000,0.9692,0.9981,0.0000,Stutter,0
stutter_long,3099,39.7167,0.9874,1.0000,0.9701,0.9981,0.0000,Stutter,0
stutter_long,3100,39.7333,0.9849,1.0000,0.9707,0.9982,0.0000,Stutter,0
stutter_long,3101,39.7500,0.9401,1.0000,0.9693,0.9982,0.0000,Stutter,0
stutter_long,3102,39.7667,0.9799,1.0000,0.9698,0.9982,0.0000,Stutter,0
stutter_long,3103,39.7833,0.9916,1.0000,0.9708,0.9982,0.0000,Stutter,0
stutter_long,3104,39.8000,0.9421,1.0000,0.9695,0.9982,0.0000,Stutter,0
stutter_long,3105,39.8167,0.9716,1.0000,0.9696,0.9982,0.0000,Stutter,0
stutter_long,3106,39.8333,0.9966,1.0000,0.9708,0.9983,0.0000,Stutter,0
stutter_long,3107,39.8500,0.9463,1.0000,0.9697,0.9983,0.0000,Stutter,0
stutter_long,3108,39.8667,0.9632,1.0000,0.9694,0.9983,0.0000,Stutter,0
stutter_long,3109,39.8833,0.9994,1.0000,0.9708,0.9983,0.0000,Stutter,0
stutter_long,3110,39.9000,0.9523,1.0000,0.9699,0.9983,0.0000,Stutter,0
stutter_long,3111,39.9167,0.9553,1.0000,0.9693,0.9983,0.0000,Stutter,0
stutter_long,3112,39.9333,0.9999,1.0000,0.9707,0.9983,0.0000,Stutter,0
stutter_long,3113,39.9500,0.9598,1.0000,0.9702,0.9984,0.0000,Stutter,0
stutter_long,3114,39.9667,0.9486,1.0000,0.9692,0.9984,0.0000,Stutter,0
stutter_long,3115,39.9833,0.9980,1.0000,0.9705,0.9984,0.0000,Stutter,0
stutter_long,3116,40.0000,0.9681,1.0000,0.9704,0.9984,0.0000,Stutter,0
