tag,frame,t,L,W,Ls,C,G,mode,calm
fix_settle,238,0.0000,0.9775,1.0000,0.9779,0.9937,0.0000,Steady,0
fix_settle,239,0.0167,0.9615,1.0000,0.9771,0.9938,0.0000,Steady,0
fix_settle,240,0.0333,0.9921,1.0000,0.9778,0.9938,0.0000,Steady,0
fix_settle,241,0.0500,0.9922,1.0000,0.9785,0.9939,0.0000,Steady,0
fix_settle,242,0.0667,0.9615,1.0000,0.9777,0.9939,0.0000,Steady,0
fix_settle,243,0.0833,0.9774,1.0000,0.9777,0.9940,0.0000,Steady,0
fix_settle,244,0.1000,0.9998,1.0000,0.9787,0.9940,0.0000,Steady,0
fix_settle,245,0.1167,0.9723,1.0000,0.9784,0.9941,0.0000,Steady,0
fix_settle,246,0.1333,0.9642,1.0000,0.9778,0.9941,0.0000,Steady,0
fix_settle,247,0.1500,0.9959,1.0000,0.9786,0.9942,0.0000,Steady,0
fix_settle,248,0.1667,0.9876,1.0000,0.9790,0.9942,0.0000,Steady,0
fix_settle,249,0.1833,0.9602,1.0000,0.9782,0.9943,0.0000,Steady,0
fix_settle,250,0.2000,0.9827,1.0000,0.9784,0.9943,0.0000,Steady,0
fix_settle,251,0.2167,0.9984,1.0000,0.9793,0.9944,0.0000,Steady,0
fix_settle,252,0.2333,0.9677,1.0000,0.9788,0.9944,0.0000,Steady,0
fix_settle,253,0.2500,0.9679,1.0000,0.9783,0.9945,0.0000,Steady,0
fix_settle,254,0.2667,0.9985,1.0000,0.9792,0.9945,0.0000,Steady,0
fix_settle,255,0.2833,0.9824,1.0000,0.9793,0.9946,0.0000,Steady,0
fix_settle,256,0.3000,0.9602,1.0000,0.9785,0.9946,0.0000,Steady,0
fix_settle,257,0.3167,0.9878,1.0000,0.9789,0.9946,0.0000,Steady,0
fix_settle,258,0.3333,0.9957,1.0000,0.9797,0.9947,0.0000,Steady,0
fix_settle,259,0.3500,0.9640,1.0000,0.9789,0.9947,0.0000,Steady,0
fix_settle,260,0.3667,0.9726,1.0000,0.9787,0.9948,0.0000,Steady,0
fix_settle,261,0.3833,0.9999,1.0000,0.9796,0.9948,0.0000,Steady,0
fix_settle,262,0.4000,0.9771,1.0000,0.9795,0.9949,0.0000,Steady,0
fix_settle,263,0.4167,0.9616,1.0000,0.9787,0.9949,0.0000,Steady,0
fix_settle,264,0.4333,0.9924,1.0000,0.9793,0.9949,0.0000,Steady,0
fix_settle,265,0.4500,0.9919,1.0000,0.9799,0.9950,0.0000,Steady,0
fix_settle,266,0.4667,0.9614,1.0000,0.9791,0.9950,0.0000,Steady,0
fix_settle,267,0.4833,0.9777,1.0000,0.9790,0.9951,0.0000,Steady,0
fix_settle,268,0.5000,0.9998,1.0000,0.9800,0.9951,0.0000,Steady,0
fix_settle,269,0.5167,0.9720,1.0000,0.9796,0.9952,0.0000,Steady,0
fix_settle,270,0.5333,0.9644,1.0000,0.9789,0.9952,0.0000,Steady,0
fix_settle,271,0.5500,0.9961,1.0000,0.9797,0.9952,0.0000,Steady,0
fix_settle,272,0.5667,0.9873,1.0000,0.9800,0.9953,0.0000,Steady,0
fix_settle,273,0.5833,0.9601,1.0000,0.9791,0.9953,0.0000,Steady,0
fix_settle,274,0.6000,0.9831,1.0000,0.9793,0.9954,0.0000,Steady,0
fix_settle,275,0.6167,0.9983,1.0000,0.9802,0.9954,0.0000,Steady,0
fix_settle,276,0.6333,0.9674,1.0000,0.9796,0.9954,0.0000,Steady,0
fix_settle,277,0.6500,0.9682,1.0000,0.9791,0.9955,0.0000,Steady,0
fix_settle,278,0.6667,0.9987,1.0000,0.9800,0.9955,0.0000,Steady,0
fix_settle,279,0.6833,0.9821,1.0000,0.9801,0.9955,0.0000,Steady,0
fix_settle,280,0.7000,0.9602,1.0000,0.9791,0.9956,0.0000,Steady,0
fix_settle,281,0.7167,0.9882,1.0000,0.9796,0.9956,0.0000,Steady,0
fix_settle,282,0.7333,0.9955,1.0000,0.9803,0.9957,0.0000,Steady,0
fix_settle,283,0.7500,0.9638,1.0000,0.9795,0.9957,0.0000,Steady,0
fix_settle,284,0.7667,0.9729,1.0000,0.9792,0.9957,0.0000,Steady,0
fix_settle,285,0.7833,0.9999,1.0000,0.9802,0.9958,0.0000,Steady,0
fix_settle,286,0.8000,0.9768,1.0000,0.9800,0.9958,0.0000,Steady,0
fix_settle,287,0.8167,0.9618,1.0000,0.9792,0.9958,0.0000,Steady,0
fix_settle,288,0.8333,0.9927,1.0000,0.9798,0.9959,0.0000,Steady,0
fix_settle,289,0.8500,0.9916,1.0000,0.9804,0.9959,0.0000,Steady,0
fix_settle,290,0.8667,0.9613,1.0000,0.9795,0.9959,0.0000,Steady,0
fix_settle,291,0.8833,0.9781,1.0000,0.9794,0.9960,0.0000,Steady,0
fix_settle,292,0.9000,0.9997,1.0000,0.9804,0.9960,0.0000,Steady,0
fix_settle,293,0.9167,0.9717,1.0000,0.9799,0.9960,0.0000,Steady,0
fix_settle,294,0.9333,0.9646,1.0000,0.9792,0.9961,0.0000,Steady,0
fix_settle,295,0.9500,0.9963,1.0000,0.9800,0.9961,0.0000,Steady,0
fix_settle,296,0.9667,0.9869,1.0000,0.9804,0.9961,0.0000,Steady,0
fix_settle,297,0.9833,0.9601,1.0000,0.9794,0.9962,0.0000,Steady,0
fix_settle,298,1.0000,0.9834,1.0000,0.9796,0.9962,0.0000,Steady,0
fix_settle,299,1.0167,0.9981,1.0000,0.9805,0.9962,0.0000,Steady,0
fix_settle,300,1.0333,0.9672,1.0000,0.9798,0.9963,0.0000,Steady,0
fix_settle,301,1.0500,0.9685,1.0000,0.9793,0.9963,0.0000,Steady,0
fix_settle,302,1.0667,0.9988,1.0000,0.9802,0.9963,0.0000,Steady,0
fix_settle,303,1.0833,0.9817,1.0000,0.9803,0.9964,0.0000,Steady,0
fix_settle,304,1.1000,0.9603,1.0000,0.9794,0.9964,0.0000,Steady,0
fix_settle,305,1.1167,0.9885,1.0000,0.9798,0.9964,0.0000,Steady,0
fix_settle,306,1.1333,0.9953,1.0000,0.9805,0.9964,0.0000,Steady,0
fix_settle,307,1.1500,0.9636,1.0000,0.9797,0.9965,0.0000,Steady,0
fix_settle,308,1.1667,0.9732,1.0000,0.9794,0.9965,0.0000,Steady,0
fix_settle,309,1.1833,0.9999,1.0000,0.9804,0.9965,0.0000,Steady,0
fix_settle,310,1.2000,0.9764,1.0000,0.9802,0.9966,0.0000,Steady,0
fix_settle,311,1.2167,0.9619,1.0000,0.9793,0.9966,0.0000,Steady,0
fix_settle,312,1.2333,0.9930,1.0000,0.9800,0.9966,0.0000,Steady,0
fix_settle,313,1.2500,0.9913,1.0000,0.9805,0.9966,0.0000,Steady,0
fix_settle,314,1.2667,0.9611,1.0000,0.9796,0.9967,0.0000,Steady,0
fix_settle,315,1.2833,0.9784,1.0000,0.9795,0.9967,0.0000,Steady,0
fix_settle,316,1.3000,0.9997,1.0000,0.9805,0.9967,0.0000,Steady,0
fix_settle,317,1.3167,0.9714,1.0000,0.9801,0.9968,0.0000,Steady,0
fix_settle,318,1.3333,0.9648,1.0000,0.9793,0.9968,0.0000,Steady,0
fix_settle,319,1.3500,0.9965,1.0000,0.9801,0.9968,0.0000,Steady,0
fix_settle,320,1.3667,0.9866,1.0000,0.9804,0.9968,0.0000,Steady,0
fix_settle,321,1.3833,0.9601,1.0000,0.9795,0.9969,0.0000,Steady,0
fix_settle,322,1.4000,0.9838,1.0000,0.9797,0.9969,0.0000,Steady,0
fix_settle,323,1.4167,0.9980,1.0000,0.9805,0.9969,0.0000,Steady,0
fix_settle,324,1.4333,0.9669,1.0000,0.9799,0.9969,0.0000,Steady,0
fix_settle,325,1.4500,0.9688,1.0000,0.9794,0.9970,0.0000,Steady,0
fix_settle,326,1.4667,0.9989,1.0000,0.9803,0.9970,0.0000,Steady,0
fix_settle,327,1.4833,0.9814,1.0000,0.9804,0.9970,0.0000,Steady,0
fix_settle,328,1.5000,0.9604,1.0000,0.9794,0.9970,0.0000,Steady,0
fix_settle,329,1.5167,0.9888,1.0000,0.9799,0.9971,0.0000,Steady,0
fix_settle,330,1.5333,0.9951,1.0000,0.9806,0.9971,0.0000,Steady,0
fix_settle,331,1.5500,0.9634,1.0000,0.9798,0.9971,0.0000,Steady,0
fix_settle,332,1.5667,0.9736,1.0000,0.9795,0.9971,0.0000,Steady,0
fix_settle,333,1.5833,1.0000,1.0000,0.9804,0.9972,0.0000,Steady,0
fix_settle,334,1.6000,0.9761,1.0000,0.9802,0.9972,0.0000,Steady,0
fix_settle,335,1.6167,0.9621,1.0000,0.9794,0.9972,0.0000,Steady,0
fix_settle,336,1.6333,0.9932,1.0000,0.9800,0.9972,0.0000,Steady,0
fix_settle,337,1.6500,0.9910,1.0000,0.9805,0.9973,0.0000,Steady,0
fix_settle,338,1.6667,0.9610,1.0000,0.9796,0.9973,0.0000,Steady,0
fix_settle,339,1.6833,0.9788,1.0000,0.9796,0.9973,0.0000,Steady,0
fix_settle,340,1.7000,0.9996,1.0000,0.9805,0.9973,0.0000,Steady,0
fix_settle,341,1.7167,0.9710,1.0000,0.9801,0.9973,0.0000,Steady,0
fix_settle,342,1.7333,0.9651,1.0000,0.9794,0.9974,0.0000,Steady,0
fix_settle,343,1.7500,0.9967,1.0000,0.9802,0.9974,0.0000,Steady,0
fix_settle,344,1.7667,0.9862,1.0000,0.9805,0.9974,0.0000,Steady,0
fix_settle,345,1.7833,0.9600,1.0000,0.9795,0.9974,0.0000,Steady,0
fix_settle,346,1.8000,0.9841,1.0000,0.9797,0.9974,0.0000,Steady,0
fix_settle,347,1.8167,0.9978,1.0000,0.9806,0.9975,0.0000,Steady,0
fix_settle,348,1.8333,0.9666,1.0000,0.9799,0.9975,0.0000,Steady,0
fix_settle,349,1.8500,0.9691,1.0000,0.9794,0.9975,0.0000,Steady,0
fix_settle,350,1.8667,0.9990,1.0000,0.9803,0.9975,0.0000,Steady,0
fix_settle,351,1.8833,0.9810,1.0000,0.9804,0.9976,0.0000,Steady,0
fix_settle,352,1.9000,0.9604,1.0000,0.9794,0.9976,0.0000,Steady,0
fix_settle,353,1.9167,0.9891,1.0000,0.9799,0.9976,0.0000,Steady,0
fix_settle,354,1.9333,0.9948,1.0000,0.9806,0.9976,0.0000,Steady,0
fix_settle,355,1.9500,0.9632,1.0000,0.9798,0.9976,0.0000,Steady,0
fix_settle,356,1.9667,0.9739,1.0000,0.9795,0.9977,0.0000,Steady,0
fix_settle,357,1.9833,1.0000,1.0000,0.9805,0.9977,0.0000,Steady,0
fix_settle,358,2.0000,0.9757,1.0000,0.9802,0.9977,0.0000,Steady,0
fix_settle,359,2.0167,0.9623,1.0000,0.9794,0.9977,0.0000,Steady,0
fix_settle,360,2.0333,0.9935,1.0000,0.9801,0.9977,0.0000,Steady,0
fix_settle,361,2.0500,0.9907,1.0000,0.9806,0.9977,0.0000,Steady,0
fix_settle,362,2.0667,0.9609,1.0000,0.9796,0.9978,0.0000,Steady,0
fix_settle,363,2.0833,0.9792,1.0000,0.9796,0.9978,0.0000,Steady,0
fix_settle,364,2.1000,0.9995,1.0000,0.9805,0.9978,0.0000,Steady,0
fix_settle,365,2.1167,0.9707,1.0000,0.9801,0.9978,0.0000,Steady,0
fix_settle,366,2.1333,0.9653,1.0000,0.9794,0.9978,0.0000,Steady,0
fix_settle,367,2.1500,0.9969,1.0000,0.9802,0.9979,0.0000,Steady,0
fix_settle,368,2.1667,0.9859,1.0000,0.9805,0.9979,0.0000,Steady,0
fix_settle,369,2.1833,0.9600,1.0000,0.9795,0.9979,0.0000,Steady,0
fix_settle,370,2.2000,0.9845,1.0000,0.9798,0.9979,0.0000,Steady,0
fix_settle,371,2.2167,0.9977,1.0000,0.9806,0.9979,0.0000,Steady,0
fix_settle,372,2.2333,0.9664,1.0000,0.9799,0.9979,0.0000,Steady,0
fix_settle,373,2.2500,0.9694,1.0000,0.9794,0.9980,0.0000,Steady,0
fix_settle,374,2.2667,0.9991,1.0000,0.9804,0.9980,0.0000,Steady,0
fix_settle,375,2.2833,0.9806,1.0000,0.9804,0.9980,0.0000,Steady,0
fix_settle,376,2.3000,0.9605,1.0000,0.9794,0.9980,0.0000,Steady,0
fix_settle,377,2.3167,0.9895,1.0000,0.9799,0.9980,0.0000,Steady,0
fix_settle,378,2.3333,0.9946,1.0000,0.9806,0.9980,0.0000,Steady,0
fix_settle,379,2.3500,0.9630,1.0000,0.9798,0.9981,0.0000,Steady,0
fix_settle,380,2.3667,0.9743,1.0000,0.9795,0.9981,0.0000,Steady,0
fix_settle,381,2.3833,1.0000,1.0000,0.9805,0.9981,0.0000,Steady,0
fix_settle,382,2.4000,0.9753,1.0000,0.9802,0.9981,0.0000,Steady,0
fix_settle,383,2.4167,0.9624,1.0000,0.9794,0.9981,0.0000,Steady,0
fix_settle,384,2.4333,0.9938,1.0000,0.9801,0.9981,0.0000,Steady,0
fix_settle,385,2.4500,0.9904,1.0000,0.9806,0.9982,0.0000,Steady,0
fix_settle,386,2.4667,0.9608,1.0000,0.9796,0.9982,0.0000,Steady,0
fix_settle,387,2.4833,0.9795,1.0000,0.9796,0.9982,0.0000,Steady,0
fix_settle,388,2.5000,0.9994,1.0000,0.9806,0.9982,0.0000,Steady,0
fix_settle,389,2.5167,0.9704,1.0000,0.9801,0.9982,0.0000,Steady,0
fix_settle,390,2.5333,0.9656,1.0000,0.9794,0.9982,0.0000,Steady,0
fix_settle,391,2.5500,0.9971,1.0000,0.9802,0.9982,0.0000,Steady,0
fix_settle,392,2.5667,0.9855,1.0000,0.9805,0.9983,0.0000,Steady,0
fix_settle,393,2.5833,0.9600,1.0000,0.9795,0.9983,0.0000,Steady,0
fix_settle,394,2.6000,0.9848,1.0000,0.9798,0.9983,0.0000,Steady,0
fix_settle,395,2.6167,0.9975,1.0000,0.9806,0.9983,0.0000,Steady,0
fix_settle,396,2.6333,0.9661,1.0000,0.9799,0.9983,0.0000,Steady,0
fix_settle,397,2.6500,0.9697,1.0000,0.9794,0.9983,0.0000,Steady,0
fix_settle,398,2.6667,0.9992,1.0000,0.9804,0.9983,0.0000,Steady,0
fix_settle,399,2.6833,0.9803,1.0000,0.9804,0.9984,0.0000,Steady,0
fix_settle,400,2.7000,0.9606,1.0000,0.9794,0.9984,0.0000,Steady,0
fix_settle,401,2.7167,0.9898,1.0000,0.9799,0.9984,0.0000,Steady,0
fix_settle,402,2.7333,0.9943,1.0000,0.9806,0.9984,0.0000,Steady,0
fix_settle,403,2.7500,0.9628,1.0000,0.9798,0.9984,0.0000,Steady,0
fix_settle,404,2.7667,0.9746,1.0000,0.9795,0.9984,0.0000,Steady,0
fix_settle,405,2.7833,1.0000,1.0000,0.9805,0.9984,0.0000,Steady,0
fix_settle,406,2.8000,0.9750,1.0000,0.9802,0.9985,0.0000,Steady,0
fix_settle,407,2.8167,0.9626,1.0000,0.9794,0.9985,0.0000,Steady,0
fix_settle,408,2.8333,0.9940,1.0000,0.9801,0.9985,0.0000,Steady,0
fix_settle,409,2.8500,0.9901,1.0000,0.9805,0.9985,0.0000,Steady,0
fix_settle,410,2.8667,0.9607,1.0000,0.9796,0.9985,0.0000,Steady,0
fix_settle,411,2.8833,0.9799,1.0000,0.9796,0.9985,0.0000,Steady,0
fix_settle,412,2.9000,0.9993,1.0000,0.9806,0.9985,0.0000,Steady,0
fix_settle,413,2.9167,0.9701,1.0000,0.9801,0.9985,0.0000,Steady,0
fix_settle,414,2.9333,0.9658,1.0000,0.9794,0.9986,0.0000,Steady,0
fix_settle,415,2.9500,0.9973,1.0000,0.9802,0.9986,0.0000,Steady,0
fix_settle,416,2.9667,0.9852,1.0000,0.9805,0.9986,0.0000,Steady,0
fix_settle,417,2.9833,0.9600,1.0000,0.9795,0.9986,0.0000,Steady,0
fix_settle,418,3.0000,0.9852,1.0000,0.9798,0.9986,0.0000,Steady,0
fix_settle,419,3.0167,0.9973,1.0000,0.9806,0.9986,0.0000,Steady,0
fix_settle,420,3.0333,0.9658,1.0000,0.9799,0.9986,0.0000,Steady,0
fix_settle,421,3.0500,0.9701,1.0000,0.9795,0.9986,0.0000,Steady,0
fix_settle,422,3.0667,0.9993,1.0000,0.9804,0.9986,0.0000,Steady,0
fix_settle,423,3.0833,0.9799,1.0000,0.9804,0.9987,0.0000,Steady,0
fix_settle,424,3.1000,0.9607,1.0000,0.9794,0.9987,0.0000,Steady,0
fix_settle,425,3.1167,0.9901,1.0000,0.9799,0.9987,0.0000,Steady,0
fix_settle,426,3.1333,0.9940,1.0000,0.9806,0.9987,0.0000,Steady,0
fix_settle,427,3.1500,0.9626,1.0000,0.9798,0.9987,0.0000,Steady,0
fix_settle,428,3.1667,0.9750,1.0000,0.9795,0.9987,0.0000,Steady,0
fix_settle,429,3.1833,1.0000,1.0000,0.9805,0.9987,0.0000,Steady,0
fix_settle,430,3.2000,0.9746,1.0000,0.9802,0.9987,0.0000,Steady,0
fix_settle,431,3.2167,0.9628,1.0000,0.9794,0.9987,0.0000,Steady,0
fix_settle,432,3.2333,0.9943,1.0000,0.9801,0.9988,0.0000,Steady,0
fix_settle,433,3.2500,0.9898,1.0000,0.9805,0.9988,0.0000,Steady,0
fix_settle,434,3.2667,0.9606,1.0000,0.9796,0.9988,0.0000,Steady,0
fix_settle,435,3.2833,0.9803,1.0000,0.9797,0.9988,0.0000,Steady,0
fix_settle,436,3.3000,0.9992,1.0000,0.9806,0.9988,0.0000,Steady,0
fix_settle,437,3.3167,0.9697,1.0000,0.9801,0.9988,0.0000,Steady,0
fix_settle,438,3.3333,0.9661,1.0000,0.9794,0.9988,0.0000,Steady,0
fix_settle,439,3.3500,0.9975,1.0000,0.9802,0.9988,0.0000,Steady,0
fix_settle,440,3.3667,0.9848,1.0000,0.9805,0.9988,0.0000,Steady,0
fix_settle,441,3.3833,0.9600,1.0000,0.9795,0.9988,0.0000,Steady,0
fix_settle,442,3.4000,0.9855,1.0000,0.9798,0.9989,0.0000,Steady,0
fix_settle,443,3.4167,0.9971,1.0000,0.9806,0.9989,0.0000,Steady,0
fix_settle,444,3.4333,0.9656,1.0000,0.9799,0.9989,0.0000,Steady,0
fix_settle,445,3.4500,0.9704,1.0000,0.9795,0.9989,0.0000,Steady,0
fix_settle,446,3.4667,0.9994,1.0000,0.9804,0.9989,0.0000,Steady,0
fix_settle,447,3.4833,0.9796,1.0000,0.9803,0.9989,0.0000,Steady,0
fix_settle,448,3.5000,0.9608,1.0000,0.9794,0.9989,0.0000,Steady,0
fix_settle,449,3.5167,0.9904,1.0000,0.9799,0.9989,0.0000,Steady,0
fix_settle,450,3.5333,0.9938,1.0000,0.9806,0.9989,0.0000,Steady,0
fix_settle,451,3.5500,0.9624,1.0000,0.9797,0.9989,0.0000,Steady,0
fix_settle,452,3.5667,0.9753,1.0000,0.9795,0.9989,0.0000,Steady,0
fix_settle,453,3.5833,1.0000,1.0000,0.9805,0.9990,0.0000,Steady,0
fix_settle,454,3.6000,0.9743,1.0000,0.9802,0.9990,0.0000,Steady,0
fix_settle,455,3.6167,0.9630,1.0000,0.9794,0.9990,0.0000,Steady,0
fix_settle,456,3.6333,0.9946,1.0000,0.9801,0.9990,0.0000,Steady,0
fix_settle,457,3.6500,0.9895,1.0000,0.9805,0.9990,0.0000,Steady,0
fix_settle,458,3.6667,0.9605,1.0000,0.9796,0.9990,0.0000,Steady,0
fix_settle,459,3.6833,0.9806,1.0000,0.9797,0.9990,0.0000,Steady,0
fix_settle,460,3.7000,0.9991,1.0000,0.9806,0.9990,0.0000,Steady,0
fix_settle,461,3.7167,0.9694,1.0000,0.9800,0.9990,0.0000,Steady,0
fix_settle,462,3.7333,0.9663,1.0000,0.9794,0.9990,0.0000,Steady,0
fix_settle,463,3.7500,0.9977,1.0000,0.9803,0.9990,0.0000,Steady,0
fix_settle,464,3.7667,0.9845,1.0000,0.9805,0.9990,0.0000,Steady,0
fix_settle,465,3.7833,0.9600,1.0000,0.9795,0.9991,0.0000,Steady,0
fix_settle,466,3.8000,0.9859,1.0000,0.9798,0.9991,0.0000,Steady,0
fix_settle,467,3.8167,0.9969,1.0000,0.9806,0.9991,0.0000,Steady,0
fix_settle,468,3.8333,0.9653,1.0000,0.9799,0.9991,0.0000,Steady,0
fix_settle,469,3.8500,0.9707,1.0000,0.9795,0.9991,0.0000,Steady,0
fix_settle,470,3.8667,0.9995,1.0000,0.9804,0.9991,0.0000,Steady,0
fix_settle,471,3.8833,0.9792,1.0000,0.9803,0.9991,0.0000,Steady,0
fix_settle,472,3.9000,0.9609,1.0000,0.9794,0.9991,0.0000,Steady,0
fix_settle,473,3.9167,0.9907,1.0000,0.9800,0.9991,0.0000,Steady,0
fix_settle,474,3.9333,0.9935,1.0000,0.9806,0.9991,0.0000,Steady,0
fix_settle,475,3.9500,0.9623,1.0000,0.9797,0.9991,0.0000,Steady,0
fix_settle,476,3.9667,0.9757,1.0000,0.9795,0.9991,0.0000,Steady,0
fix_settle,477,3.9833,1.0000,1.0000,0.9805,0.9991,0.0000,Steady,0
fix_settle,478,4.0000,0.9739,1.0000,0.9802,0.9992,0.0000,Steady,0
fix_settle,479,4.0167,0.9632,1.0000,0.9794,0.9992,0.0000,Steady,0
fix_settle,480,4.0333,0.9948,1.0000,0.9801,0.9992,0.0000,Steady,0
fix_settle,481,4.0500,0.9891,1.0000,0.9805,0.9992,0.0000,Steady,0
fix_settle,482,4.0667,0.9604,1.0000,0.9796,0.9992,0.0000,Steady,0
fix_ownoff,483,0.0167,0.0000,0.3841,0.9340,0.9971,0.0000,Steady,0
fix_ownoff,484,0.0333,0.0000,0.3932,0.8906,0.9950,0.0000,Steady,0
fix_ownoff,485,0.0500,0.0000,0.3993,0.8492,0.9930,0.0000,Steady,0
fix_ownoff,486,0.0667,0.0000,0.3870,0.8097,0.9909,0.0000,Steady,0
fix_ownoff,487,0.0833,0.0000,0.3873,0.7721,0.9889,0.0000,Steady,0
fix_ownoff,488,0.1000,0.0000,0.3994,0.7361,0.9869,0.0000,Steady,0
fix_ownoff,489,0.1167,0.0000,0.3929,0.7019,0.9848,0.0000,Steady,0
fix_ownoff,490,0.1333,0.0000,0.3841,0.6693,0.9828,0.0000,Steady,0
fix_ownoff,491,0.1500,0.0000,0.3952,0.6382,0.9808,0.0000,Steady,0
fix_ownoff,492,0.1667,0.0000,0.3982,0.6085,0.9788,0.0000,Steady,0
fix_ownoff,493,0.1833,0.0000,0.3856,0.5802,0.9768,0.0000,Steady,0
fix_ownoff,494,0.2000,0.0000,0.3891,0.5532,0.9748,0.0000,Steady,0
fix_ownoff,495,0.2167,0.0000,0.3999,0.5275,0.9729,0.0089,Steady,0
fix_ownoff,496,0.2333,0.0000,0.3907,0.5029,0.9709,0.0371,Steady,0
fix_ownoff,497,0.2500,0.0000,0.3847,0.4796,0.9689,0.0705,Steady,0
fix_ownoff,498,0.2667,0.0000,0.3970,0.4573,0.9670,0.1038,Steady,0
fix_ownoff,499,0.2833,0.0000,0.3967,0.4360,0.9650,0.1371,Off,0
fix_ownoff,500,0.3000,0.0000,0.3845,0.4157,0.9631,0.1705,Off,0
fix_ownoff,501,0.3167,0.0000,0.3912,0.3964,0.9612,0.2038,Off,0
fix_ownoff,502,0.3333,0.0000,0.3999,0.3780,0.9592,0.2371,Off,0
fix_ownoff,503,0.3500,0.0000,0.3887,0.3604,0.9573,0.2705,Off,0
fix_ownoff,504,0.3667,0.0000,0.3858,0.3436,0.9554,0.3038,Off,0
fix_ownoff,505,0.3833,0.0000,0.3985,0.3276,0.9535,0.3371,Off,0
fix_ownoff,506,0.4000,0.0000,0.3948,0.3124,0.9516,0.3705,Off,0
fix_ownoff,507,0.4167,0.0000,0.3841,0.2979,0.9498,0.4038,Off,0
fix_ownoff,508,0.4333,0.0000,0.3933,0.2840,0.9479,0.4371,Off,0
fix_ownoff,509,0.4500,0.0000,0.3993,0.2708,0.9460,0.4705,Off,0
fix_ownoff,510,0.4667,0.0000,0.3869,0.2582,0.9441,0.5038,Off,0
fix_ownoff,511,0.4833,0.0000,0.3874,0.2462,0.9423,0.5371,Off,0
fix_ownoff,512,0.5000,0.0000,0.3995,0.2348,0.9404,0.5705,Off,0
fix_ownoff,513,0.5167,0.0000,0.3927,0.2238,0.9386,0.6038,Off,0
fix_ownoff,514,0.5333,0.0000,0.3841,0.2134,0.9368,0.6371,Off,0
fix_ownoff,515,0.5500,0.0000,0.3954,0.2035,0.9350,0.6705,Off,0
fix_ownoff,516,0.5667,0.0000,0.3981,0.1940,0.9331,0.7038,Off,0
fix_ownoff,517,0.5833,0.0000,0.3855,0.1850,0.9313,0.7371,Off,0
fix_ownoff,518,0.6000,0.0000,0.3893,0.1764,0.9295,0.7705,Off,0
fix_ownoff,519,0.6167,0.0000,0.3999,0.1682,0.9277,0.8038,Off,0
fix_ownoff,520,0.6333,0.0000,0.3906,0.1604,0.9259,0.8371,Off,0
fix_ownoff,521,0.6500,0.0000,0.3848,0.1529,0.9242,0.8705,Off,0
fix_ownoff,522,0.6667,0.0000,0.3971,0.1458,0.9224,0.9038,Off,0
fix_ownoff,523,0.6833,0.0000,0.3966,0.1390,0.9206,0.9241,Off,0
fix_ownoff,524,0.7000,0.0000,0.3845,0.1326,0.9188,0.9241,Off,0
fix_ownoff,525,0.7167,0.0000,0.3913,0.1264,0.9171,0.9241,Off,0
fix_ownoff,526,0.7333,0.0000,0.3998,0.1205,0.9153,0.9241,Off,0
fix_ownoff,527,0.7500,0.0000,0.3886,0.1149,0.9136,0.9241,Off,0
fix_ownoff,528,0.7667,0.0000,0.3859,0.1096,0.9119,0.9241,Off,0
fix_ownoff,529,0.7833,0.0000,0.3986,0.1045,0.9101,0.9241,Off,0
fix_ownoff,530,0.8000,0.0000,0.3947,0.0996,0.9084,0.9241,Off,0
fix_ownoff,531,0.8167,0.0000,0.3840,0.0950,0.9067,0.9241,Off,0
fix_ownoff,532,0.8333,0.0000,0.3935,0.0906,0.9050,0.9241,Off,0
fix_ownoff,533,0.8500,0.0000,0.3992,0.0864,0.9033,0.9241,Off,0
fix_ownoff,534,0.8667,0.0000,0.3868,0.0823,0.9016,0.9241,Off,0
fix_ownoff,535,0.8833,0.0000,0.3875,0.0785,0.8999,0.9241,Off,0
fix_ownoff,536,0.9000,0.0000,0.3995,0.0749,0.8982,0.9241,Off,0
fix_ownoff,537,0.9167,0.0000,0.3926,0.0714,0.8965,0.9241,Off,0
fix_ownoff,538,0.9333,0.0000,0.3842,0.0681,0.8949,0.9241,Off,0
fix_ownoff,539,0.9500,0.0000,0.3955,0.0649,0.8932,0.9241,Off,0
fix_ownoff,540,0.9667,0.0000,0.3980,0.0619,0.8915,0.9241,Off,0
fix_ownoff,541,0.9833,0.0000,0.3854,0.0590,0.8899,0.9241,Off,0
fix_ownoff,542,1.0000,0.0000,0.3894,0.0563,0.8882,0.9241,Off,0
fix_ownoff,543,1.0167,0.0000,0.4000,0.0536,0.8866,0.9241,Off,0
fix_ownoff,544,1.0333,0.0000,0.3905,0.0512,0.8850,0.9241,Off,0
fix_ownoff,545,1.0500,0.0000,0.3848,0.0488,0.8833,0.9241,Off,0
fix_ownoff,546,1.0667,0.0000,0.3973,0.0465,0.8817,0.9241,Off,0
fix_ownoff,547,1.0833,0.0000,0.3964,0.0443,0.8801,0.9241,Off,0
fix_ownoff,548,1.1000,0.0000,0.3844,0.0423,0.8785,0.9241,Off,0
fix_ownoff,549,1.1167,0.0000,0.3915,0.0403,0.8769,0.9241,Off,0
fix_ownoff,550,1.1333,0.0000,0.3998,0.0384,0.8753,0.9241,Off,0
fix_ownoff,551,1.1500,0.0000,0.3885,0.0367,0.8737,0.9241,Off,0
fix_ownoff,552,1.1667,0.0000,0.3860,0.0349,0.8721,0.9241,Off,0
fix_ownoff,553,1.1833,0.0000,0.3987,0.0333,0.8705,0.9241,Off,0
fix_ownoff,554,1.2000,0.0000,0.3945,0.0318,0.8689,0.9241,Off,0
fix_ownoff,555,1.2167,0.0000,0.3840,0.0303,0.8674,0.9241,Off,0
fix_ownoff,556,1.2333,0.0000,0.3936,0.0289,0.8658,0.8908,Off,0
fix_ownoff,557,1.2500,0.0000,0.3991,0.0275,0.8643,0.8643,Off,0
fix_ownoff,558,1.2667,0.0000,0.3867,0.0263,0.8627,0.8627,Off,0
fix_ownoff,559,1.2833,0.0000,0.3876,0.0250,0.8611,0.8611,Off,0
fix_ownoff,560,1.3000,0.0000,0.3996,0.0239,0.8596,0.8596,Off,0
fix_ownoff,561,1.3167,0.0000,0.3924,0.0228,0.8581,0.8581,Off,0
fix_ownoff,562,1.3333,0.0000,0.3842,0.0217,0.8565,0.8565,Off,0
fix_ownoff,563,1.3500,0.0000,0.3956,0.0207,0.8550,0.8550,Off,0
fix_ownoff,564,1.3667,0.0000,0.3979,0.0197,0.8535,0.8535,Off,0
fix_ownoff,565,1.3833,0.0000,0.3853,0.0188,0.8520,0.8520,Off,0
fix_ownoff,566,1.4000,0.0000,0.3895,0.0179,0.8505,0.8505,Off,0
fix_ownoff,567,1.4167,0.0000,0.4000,0.0171,0.8490,0.8490,Off,0
fix_ownoff,568,1.4333,0.0000,0.3903,0.0163,0.8475,0.8475,Off,0
fix_ownoff,569,1.4500,0.0000,0.3849,0.0156,0.8460,0.8460,Off,0
fix_ownoff,570,1.4667,0.0000,0.3974,0.0148,0.8445,0.8445,Off,0
fix_ownoff,571,1.4833,0.0000,0.3963,0.0141,0.8430,0.8430,Off,0
fix_ownoff,572,1.5000,0.0000,0.3844,0.0135,0.8415,0.8415,Off,0
fix_ownoff,573,1.5167,0.0000,0.3916,0.0129,0.8400,0.8400,Off,0
fix_ownoff,574,1.5333,0.0000,0.3998,0.0123,0.8386,0.8386,Off,0
fix_ownoff,575,1.5500,0.0000,0.3883,0.0117,0.8371,0.8371,Off,0
fix_ownoff,576,1.5667,0.0000,0.3861,0.0111,0.8357,0.8357,Off,0
fix_ownoff,577,1.5833,0.0000,0.3987,0.0106,0.8342,0.8342,Off,0
fix_ownoff,578,1.6000,0.0000,0.3944,0.0101,0.8328,0.8328,Off,0
fix_ownoff,579,1.6167,0.0000,0.3840,0.0097,0.8313,0.8313,Off,0
fix_ownoff,580,1.6333,0.0000,0.3937,0.0092,0.8299,0.8299,Off,0
fix_ownoff,581,1.6500,0.0000,0.3991,0.0088,0.8285,0.8285,Off,0
fix_ownoff,582,1.6667,0.0000,0.3866,0.0084,0.8270,0.8270,Off,0
fix_ownoff,583,1.6833,0.0000,0.3877,0.0080,0.8256,0.8256,Off,0
fix_ownoff,584,1.7000,0.0000,0.3996,0.0076,0.8242,0.8242,Off,0
fix_ownoff,585,1.7167,0.0000,0.3923,0.0073,0.8228,0.8228,Off,0
fix_ownoff,586,1.7333,0.0000,0.3842,0.0069,0.8214,0.8214,Off,0
fix_ownoff,587,1.7500,0.0000,0.3957,0.0066,0.8200,0.8200,Off,0
fix_ownoff,588,1.7667,0.0000,0.3978,0.0063,0.8186,0.8186,Off,0
fix_ownoff,589,1.7833,0.0000,0.3852,0.0060,0.8172,0.8172,Off,0
fix_ownoff,590,1.8000,0.0000,0.3897,0.0057,0.8158,0.8158,Off,0
fix_ownoff,591,1.8167,0.0000,0.4000,0.0055,0.8144,0.8144,Off,0
fix_ownoff,592,1.8333,0.0000,0.3902,0.0052,0.8130,0.8130,Off,0
fix_ownoff,593,1.8500,0.0000,0.3850,0.0050,0.8116,0.8116,Off,0
fix_ownoff,594,1.8667,0.0000,0.3975,0.0047,0.8103,0.8103,Off,0
fix_ownoff,595,1.8833,0.0000,0.3962,0.0045,0.8089,0.8089,Off,0
fix_ownoff,596,1.9000,0.0000,0.3844,0.0043,0.8075,0.8075,Off,0
fix_ownoff,597,1.9167,0.0000,0.3918,0.0041,0.8062,0.8062,Off,0
fix_ownoff,598,1.9333,0.0000,0.3998,0.0039,0.8048,0.8048,Off,0
fix_ownoff,599,1.9500,0.0000,0.3882,0.0037,0.8035,0.8035,Off,0
fix_ownoff,600,1.9667,0.0000,0.3862,0.0036,0.8021,0.8021,Off,0
fix_ownoff,601,1.9833,0.0000,0.3988,0.0034,0.8008,0.8008,Off,0
fix_ownoff,602,2.0000,0.0000,0.3943,0.0032,0.7995,0.7995,Off,0
fix_ownoff,603,2.0167,0.0000,0.3840,0.0031,0.7981,0.7981,Off,0
fix_ownoff,604,2.0333,0.0000,0.3939,0.0029,0.7968,0.7968,Off,0
fix_ownoff,605,2.0500,0.0000,0.3990,0.0028,0.7955,0.7955,Off,0
fix_ownoff,606,2.0667,0.0000,0.3865,0.0027,0.7942,0.7942,Off,0
fix_ownoff,607,2.0833,0.0000,0.3879,0.0025,0.7929,0.7929,Off,0
fix_ownoff,608,2.1000,0.0000,0.3997,0.0024,0.7916,0.7916,Off,0
fix_ownoff,609,2.1167,0.0000,0.3922,0.0023,0.7903,0.7903,Off,0
fix_ownoff,610,2.1333,0.0000,0.3843,0.0022,0.7890,0.7890,Off,0
fix_ownoff,611,2.1500,0.0000,0.3958,0.0021,0.7877,0.7877,Off,0
fix_ownoff,612,2.1667,0.0000,0.3978,0.0020,0.7864,0.7864,Off,0
fix_ownoff,613,2.1833,0.0000,0.3852,0.0019,0.7851,0.7851,Off,0
fix_ownoff,614,2.2000,0.0000,0.3898,0.0018,0.7838,0.7838,Off,0
fix_ownoff,615,2.2167,0.0000,0.4000,0.0017,0.7825,0.7825,Off,0
fix_ownoff,616,2.2333,0.0000,0.3901,0.0017,0.7813,0.7813,Off,0
fix_ownoff,617,2.2500,0.0000,0.3850,0.0016,0.7800,0.7800,Off,0
fix_ownoff,618,2.2667,0.0000,0.3976,0.0015,0.7787,0.7787,Off,0
fix_ownoff,619,2.2833,0.0000,0.3961,0.0014,0.7775,0.7775,Off,0
fix_ownoff,620,2.3000,0.0000,0.3843,0.0014,0.7762,0.7762,Off,0
fix_ownoff,621,2.3167,0.0000,0.3919,0.0013,0.7750,0.7750,Off,0
fix_ownoff,622,2.3333,0.0000,0.3997,0.0012,0.7737,0.7737,Off,0
fix_ownoff,623,2.3500,0.0000,0.3881,0.0012,0.7725,0.7725,Off,0
fix_ownoff,624,2.3667,0.0000,0.3863,0.0011,0.7712,0.7712,Off,0
fix_ownoff,625,2.3833,0.0000,0.3989,0.0011,0.7700,0.7700,Off,0
fix_ownoff,626,2.4000,0.0000,0.3941,0.0010,0.7687,0.7687,Off,0
fix_ownoff,627,2.4167,0.0000,0.3840,0.0010,0.7675,0.7675,Off,0
fix_ownoff,628,2.4333,0.0000,0.3940,0.0009,0.7663,0.7663,Off,0
fix_ownoff,629,2.4500,0.0000,0.3989,0.0009,0.7651,0.7651,Off,0
fix_ownoff,630,2.4667,0.0000,0.3864,0.0009,0.7639,0.7639,Off,0
fix_ownoff,631,2.4833,0.0000,0.3880,0.0008,0.7626,0.7626,Off,0
fix_ownoff,632,2.5000,0.0000,0.3997,0.0008,0.7614,0.7614,Off,0
fix_ownoff,633,2.5167,0.0000,0.3920,0.0007,0.7602,0.7602,Off,0
fix_ownoff,634,2.5333,0.0000,0.3843,0.0007,0.7590,0.7590,Off,0
fix_ownoff,635,2.5500,0.0000,0.3960,0.0007,0.7578,0.7578,Off,0
fix_ownoff,636,2.5667,0.0000,0.3977,0.0006,0.7566,0.7566,Off,0
fix_ownoff,637,2.5833,0.0000,0.3851,0.0006,0.7554,0.7554,Off,0
fix_ownoff,638,2.6000,0.0000,0.3899,0.0006,0.7542,0.7542,Off,0
fix_ownoff,639,2.6167,0.0000,0.4000,0.0006,0.7531,0.7531,Off,0
fix_ownoff,640,2.6333,0.0000,0.3899,0.0005,0.7519,0.7519,Off,0
fix_ownoff,641,2.6500,0.0000,0.3851,0.0005,0.7507,0.7507,Off,0
fix_ownoff,642,2.6667,0.0000,0.3977,0.0005,0.7495,0.7495,Off,0
fix_ownoff,643,2.6833,0.0000,0.3960,0.0005,0.7484,0.7484,Off,0
fix_ownoff,644,2.7000,0.0000,0.3843,0.0004,0.7472,0.7472,Off,0
fix_ownoff,645,2.7167,0.0000,0.3920,0.0004,0.7460,0.7460,Off,0
fix_ownoff,646,2.7333,0.0000,0.3997,0.0004,0.7449,0.7449,Off,0
fix_ownoff,647,2.7500,0.0000,0.3880,0.0004,0.7437,0.7437,Off,0
fix_ownoff,648,2.7667,0.0000,0.3864,0.0004,0.7426,0.7426,Off,0
fix_ownoff,649,2.7833,0.0000,0.3989,0.0003,0.7414,0.7414,Off,0
fix_ownoff,650,2.8000,0.0000,0.3940,0.0003,0.7403,0.7403,Off,0
fix_ownoff,651,2.8167,0.0000,0.3840,0.0003,0.7392,0.7392,Off,0
fix_ownoff,652,2.8333,0.0000,0.3941,0.0003,0.7380,0.7380,Off,0
fix_ownoff,653,2.8500,0.0000,0.3989,0.0003,0.7369,0.7369,Off,0
fix_ownoff,654,2.8667,0.0000,0.3863,0.0003,0.7358,0.7358,Off,0
fix_ownoff,655,2.8833,0.0000,0.3881,0.0003,0.7346,0.7346,Off,0
fix_ownoff,656,2.9000,0.0000,0.3997,0.0002,0.7335,0.7335,Off,0
fix_ownoff,657,2.9167,0.0000,0.3919,0.0002,0.7324,0.7324,Off,0
fix_ownoff,658,2.9333,0.0000,0.3843,0.0002,0.7313,0.7313,Off,0
fix_ownoff,659,2.9500,0.0000,0.3961,0.0002,0.7302,0.7302,Off,0
fix_ownoff,660,2.9667,0.0000,0.3976,0.0002,0.7290,0.7290,Off,0
fix_ownoff,661,2.9833,0.0000,0.3850,0.0002,0.7279,0.7279,Off,0
fix_ownoff,662,3.0000,0.0000,0.3901,0.0002,0.7268,0.7268,Off,0
fix_ownoff,663,3.0167,0.0000,0.4000,0.0002,0.7257,0.7257,Off,0
fix_ownoff,664,3.0333,0.0000,0.3898,0.0002,0.7246,0.7246,Off,0
fix_ownoff,665,3.0500,0.0000,0.3852,0.0002,0.7236,0.7236,Off,0
fix_ownoff,666,3.0667,0.0000,0.3977,0.0002,0.7225,0.7225,Off,0
fix_ownoff,667,3.0833,0.0000,0.3959,0.0001,0.7214,0.7214,Off,0
fix_ownoff,668,3.1000,0.0000,0.3843,0.0001,0.7203,0.7203,Off,0
fix_ownoff,669,3.1167,0.0000,0.3922,0.0001,0.7192,0.7192,Off,0
fix_ownoff,670,3.1333,0.0000,0.3997,0.0001,0.7181,0.7181,Off,0
fix_ownoff,671,3.1500,0.0000,0.3879,0.0001,0.7171,0.7171,Off,0
fix_ownoff,672,3.1667,0.0000,0.3865,0.0001,0.7160,0.7160,Off,0
fix_ownoff,673,3.1833,0.0000,0.3990,0.0001,0.7149,0.7149,Off,0
fix_ownoff,674,3.2000,0.0000,0.3939,0.0001,0.7139,0.7139,Off,0
fix_ownoff,675,3.2167,0.0000,0.3840,0.0001,0.7128,0.7128,Off,0
fix_ownoff,676,3.2333,0.0000,0.3943,0.0001,0.7117,0.7117,Off,0
fix_ownoff,677,3.2500,0.0000,0.3988,0.0001,0.7107,0.7107,Off,0
fix_ownoff,678,3.2667,0.0000,0.3862,0.0001,0.7096,0.7096,Off,0
fix_ownoff,679,3.2833,0.0000,0.3882,0.0001,0.7086,0.7086,Off,0
fix_ownoff,680,3.3000,0.0000,0.3998,0.0001,0.7076,0.7076,Off,0
fix_ownoff,681,3.3167,0.0000,0.3918,0.0001,0.7065,0.7065,Off,0
fix_ownoff,682,3.3333,0.0000,0.3844,0.0001,0.7055,0.7055,Off,0
fix_ownoff,683,3.3500,0.0000,0.3962,0.0001,0.7044,0.7044,Off,0
fix_ownoff,684,3.3667,0.0000,0.3975,0.0001,0.7034,0.7034,Off,0
fix_ownoff,685,3.3833,0.0000,0.3850,0.0001,0.7024,0.7024,Off,0
fix_ownoff,686,3.4000,0.0000,0.3902,0.0001,0.7013,0.7013,Off,0
fix_ownoff,687,3.4167,0.0000,0.4000,0.0001,0.7003,0.7003,Off,0
fix_ownoff,688,3.4333,0.0000,0.3897,0.0001,0.6993,0.6993,Off,0
fix_ownoff,689,3.4500,0.0000,0.3852,0.0001,0.6983,0.6983,Off,0
fix_ownoff,690,3.4667,0.0000,0.3978,0.0000,0.6973,0.6973,Off,0
fix_ownoff,691,3.4833,0.0000,0.3957,0.0000,0.6963,0.6963,Off,0
fix_ownoff,692,3.5000,0.0000,0.3842,0.0000,0.6953,0.6953,Off,0
fix_ownoff,693,3.5167,0.0000,0.3923,0.0000,0.6942,0.6942,Off,0
fix_ownoff,694,3.5333,0.0000,0.3996,0.0000,0.6932,0.6932,Off,0
fix_ownoff,695,3.5500,0.0000,0.3877,0.0000,0.6922,0.6922,Off,0
fix_ownoff,696,3.5667,0.0000,0.3866,0.0000,0.6912,0.6912,Off,0
fix_ownoff,697,3.5833,0.0000,0.3991,0.0000,0.6903,0.6903,Off,0
fix_ownoff,698,3.6000,0.0000,0.3937,0.0000,0.6893,0.6893,Off,0
fix_ownoff,699,3.6167,0.0000,0.3840,0.0000,0.6883,0.6883,Off,0
fix_ownoff,700,3.6333,0.0000,0.3944,0.0000,0.6873,0.6873,Off,0
fix_ownoff,701,3.6500,0.0000,0.3987,0.0000,0.6863,0.6863,Off,0
fix_ownoff,702,3.6667,0.0000,0.3861,0.0000,0.6853,0.6853,Off,0
fix_ownoff,703,3.6833,0.0000,0.3883,0.0000,0.6844,0.6844,Off,0
fix_ownoff,704,3.7000,0.0000,0.3998,0.0000,0.6834,0.6834,Off,0
fix_ownoff,705,3.7167,0.0000,0.3916,0.0000,0.6824,0.6824,Off,0
fix_ownoff,706,3.7333,0.0000,0.3844,0.0000,0.6814,0.6814,Off,0
fix_ownoff,707,3.7500,0.0000,0.3963,0.0000,0.6805,0.6805,Off,0
fix_ownoff,708,3.7667,0.0000,0.3974,0.0000,0.6795,0.6795,Off,0
fix_ownoff,709,3.7833,0.0000,0.3849,0.0000,0.6785,0.6785,Off,0
fix_ownoff,710,3.8000,0.0000,0.3903,0.0000,0.6776,0.6776,Off,0
fix_ownoff,711,3.8167,0.0000,0.4000,0.0000,0.6766,0.6766,Off,0
fix_ownoff,712,3.8333,0.0000,0.3895,0.0000,0.6757,0.6757,Off,0
fix_ownoff,713,3.8500,0.0000,0.3853,0.0000,0.6747,0.6747,Off,0
fix_ownoff,714,3.8667,0.0000,0.3979,0.0000,0.6738,0.6738,Off,0
fix_ownoff,715,3.8833,0.0000,0.3956,0.0000,0.6728,0.6728,Off,0
fix_ownoff,716,3.9000,0.0000,0.3842,0.0000,0.6719,0.6719,Off,0
fix_ownoff,717,3.9167,0.0000,0.3924,0.0000,0.6710,0.6710,Off,0
fix_ownoff,718,3.9333,0.0000,0.3996,0.0000,0.6700,0.6700,Off,0
fix_ownoff,719,3.9500,0.0000,0.3876,0.0000,0.6691,0.6691,Off,0
fix_ownoff,720,3.9667,0.0000,0.3867,0.0000,0.6682,0.6682,Off,0
fix_ownoff,721,3.9833,0.0000,0.3991,0.0000,0.6672,0.6672,Off,0
fix_ownoff,722,4.0000,0.0000,0.3936,0.0000,0.6663,0.6663,Off,0
fix_ownoff,723,4.0167,0.0000,0.3840,0.0000,0.6654,0.6654,Off,0
fix_ownoff,724,4.0333,0.0000,0.3945,0.0000,0.6645,0.6645,Off,0
fix_ownoff,725,4.0500,0.0000,0.3987,0.0000,0.6635,0.6635,Off,0
fix_ownoff,726,4.0667,0.0000,0.3860,0.0000,0.6626,0.6626,Off,0
fix_ownoff,727,4.0833,0.0000,0.3884,0.0000,0.6617,0.6617,Off,0
fix_ownoff,728,4.1000,0.0000,0.3998,0.0000,0.6608,0.6608,Off,0
fix_ownoff,729,4.1167,0.0000,0.3915,0.0000,0.6599,0.6599,Off,0
fix_ownoff,730,4.1333,0.0000,0.3844,0.0000,0.6590,0.6590,Off,0
fix_ownoff,731,4.1500,0.0000,0.3964,0.0000,0.6581,0.6581,Off,0
fix_ownoff,732,4.1667,0.0000,0.3973,0.0000,0.6572,0.6572,Off,0
fix_ownoff,733,4.1833,0.0000,0.3848,0.0000,0.6563,0.6563,Off,0
fix_ownoff,734,4.2000,0.0000,0.3905,0.0000,0.6554,0.6554,Off,0
fix_ownoff,735,4.2167,0.0000,0.4000,0.0000,0.6545,0.6545,Off,0
fix_ownoff,736,4.2333,0.0000,0.3894,0.0000,0.6536,0.6536,Off,0
fix_ownoff,737,4.2500,0.0000,0.3854,0.0000,0.6527,0.6527,Off,0
fix_ownoff,738,4.2667,0.0000,0.3980,0.0000,0.6518,0.6518,Off,0
fix_ownoff,739,4.2833,0.0000,0.3955,0.0000,0.6509,0.6509,Off,0
fix_ownoff,740,4.3000,0.0000,0.3842,0.0000,0.6501,0.6501,Off,0
fix_ownoff,741,4.3167,0.0000,0.3926,0.0000,0.6492,0.6492,Off,0
fix_ownoff,742,4.3333,0.0000,0.3995,0.0000,0.6483,0.6483,Off,0
fix_ownoff,743,4.3500,0.0000,0.3875,0.0000,0.6474,0.6474,Off,0
fix_ownoff,744,4.3667,0.0000,0.3868,0.0000,0.6466,0.6466,Off,0
fix_ownoff,745,4.3833,0.0000,0.3992,0.0000,0.6457,0.6457,Off,0
fix_ownoff,746,4.4000,0.0000,0.3935,0.0000,0.6448,0.6448,Off,0
fix_ownoff,747,4.4167,0.0000,0.3840,0.0000,0.6440,0.6440,Off,0
fix_ownoff,748,4.4333,0.0000,0.3947,0.0000,0.6431,0.6431,Off,0
fix_ownoff,749,4.4500,0.0000,0.3986,0.0000,0.6422,0.6422,Off,0
fix_ownoff,750,4.4667,0.0000,0.3859,0.0000,0.6414,0.6414,Off,0
fix_ownoff,751,4.4833,0.0000,0.3886,0.0000,0.6405,0.6405,Off,0
fix_ownoff,752,4.5000,0.0000,0.3998,0.0000,0.6397,0.6397,Off,0
fix_ownoff,753,4.5167,0.0000,0.3914,0.0000,0.6388,0.6388,Off,0
fix_ownoff,754,4.5333,0.0000,0.3845,0.0000,0.6380,0.6380,Off,0
fix_ownoff,755,4.5500,0.0000,0.3965,0.0000,0.6371,0.6371,Off,0
fix_ownoff,756,4.5667,0.0000,0.3972,0.0000,0.6363,0.6363,Off,0
fix_ownoff,757,4.5833,0.0000,0.3848,0.0000,0.6354,0.6354,Off,0
fix_ownoff,758,4.6000,0.0000,0.3906,0.0000,0.6346,0.6346,Off,0
fix_ownoff,759,4.6167,0.0000,0.3999,0.0000,0.6338,0.6338,Off,0
fix_ownoff,760,4.6333,0.0000,0.3893,0.0000,0.6329,0.6329,Off,0
fix_ownoff,761,4.6500,0.0000,0.3855,0.0000,0.6321,0.6321,Off,0
fix_ownoff,762,4.6667,0.0000,0.3981,0.0000,0.6313,0.6313,Off,0
fix_ownoff,763,4.6833,0.0000,0.3954,0.0000,0.6304,0.6304,Off,0
fix_ownoff,764,4.7000,0.0000,0.3841,0.0000,0.6296,0.6296,Off,0
fix_ownoff,765,4.7167,0.0000,0.3927,0.0000,0.6288,0.6288,Off,0
fix_ownoff,766,4.7333,0.0000,0.3995,0.0000,0.6279,0.6279,Off,0
fix_ownoff,767,4.7500,0.0000,0.3874,0.0000,0.6271,0.6271,Off,0
fix_ownoff,768,4.7667,0.0000,0.3869,0.0000,0.6263,0.6263,Off,0
fix_ownoff,769,4.7833,0.0000,0.3992,0.0000,0.6255,0.6255,Off,0
fix_ownoff,770,4.8000,0.0000,0.3933,0.0000,0.6247,0.6247,Off,0
fix_ownoff,771,4.8167,0.0000,0.3841,0.0000,0.6239,0.6239,Off,0
fix_ownoff,772,4.8333,0.0000,0.3948,0.0000,0.6231,0.6231,Off,0
fix_ownoff,773,4.8500,0.0000,0.3985,0.0000,0.6222,0.6222,Off,0
fix_ownoff,774,4.8667,0.0000,0.3858,0.0000,0.6214,0.6214,Off,0
fix_ownoff,775,4.8833,0.0000,0.3887,0.0000,0.6206,0.6206,Off,0
fix_ownoff,776,4.9000,0.0000,0.3999,0.0000,0.6198,0.6198,Off,0
fix_ownoff,777,4.9167,0.0000,0.3912,0.0000,0.6190,0.6190,Off,0
fix_ownoff,778,4.9333,0.0000,0.3845,0.0000,0.6182,0.6182,Off,0
fix_ownoff,779,4.9500,0.0000,0.3967,0.0000,0.6174,0.6174,Off,0
fix_ownoff,780,4.9667,0.0000,0.3971,0.0000,0.6167,0.6167,Off,0
fix_ownoff,781,4.9833,0.0000,0.3847,0.0000,0.6159,0.6159,Off,0
fix_ownoff,782,5.0000,0.0000,0.3907,0.0000,0.6151,0.6151,Off,0
fix_ownoff,783,5.0167,0.0000,0.3999,0.0000,0.6143,0.6143,Off,0
fix_ownoff,784,5.0333,0.0000,0.3892,0.0000,0.6135,0.6135,Off,0
fix_ownoff,785,5.0500,0.0000,0.3855,0.0000,0.6127,0.6127,Off,0
fix_ownoff,786,5.0667,0.0000,0.3982,0.0000,0.6119,0.6119,Off,0
fix_ownoff,787,5.0833,0.0000,0.3952,0.0000,0.6112,0.6112,Off,0
fix_ownoff,788,5.1000,0.0000,0.3841,0.0000,0.6104,0.6104,Off,0
fix_ownoff,789,5.1167,0.0000,0.3928,0.0000,0.6096,0.6096,Off,0
fix_ownoff,790,5.1333,0.0000,0.3994,0.0000,0.6088,0.6088,Off,0
fix_ownoff,791,5.1500,0.0000,0.3873,0.0000,0.6081,0.6081,Off,0
fix_ownoff,792,5.1667,0.0000,0.3870,0.0000,0.6073,0.6073,Off,0
fix_ownoff,793,5.1833,0.0000,0.3993,0.0000,0.6065,0.6065,Off,0
fix_ownoff,794,5.2000,0.0000,0.3932,0.0000,0.6058,0.6058,Off,0
fix_ownoff,795,5.2167,0.0000,0.3841,0.0000,0.6050,0.6050,Off,0
fix_ownoff,796,5.2333,0.0000,0.3949,0.0000,0.6042,0.6042,Off,0
fix_ownoff,797,5.2500,0.0000,0.3984,0.0000,0.6035,0.6035,Off,0
fix_ownoff,798,5.2667,0.0000,0.3858,0.0000,0.6027,0.6027,Off,0
fix_ownoff,799,5.2833,0.0000,0.3888,0.0000,0.6020,0.6020,Off,0
fix_ownoff,800,5.3000,0.0000,0.3999,0.0000,0.6012,0.6012,Off,0
fix_ownoff,801,5.3167,0.0000,0.3911,0.0000,0.6005,0.6005,Off,0
fix_ownoff,802,5.3333,0.0000,0.3846,0.0000,0.5997,0.5997,Off,0
fix_ownoff,803,5.3500,0.0000,0.3968,0.0000,0.5990,0.5990,Off,0
fix_ownoff,804,5.3667,0.0000,0.3969,0.0000,0.5982,0.5982,Off,0
fix_ownoff,805,5.3833,0.0000,0.3847,0.0000,0.5975,0.5975,Off,0
fix_ownoff,806,5.4000,0.0000,0.3909,0.0000,0.5967,0.5967,Off,0
fix_ownoff,807,5.4167,0.0000,0.3999,0.0000,0.5960,0.5960,Off,0
fix_ownoff,808,5.4333,0.0000,0.3890,0.0000,0.5952,0.5952,Off,0
fix_ownoff,809,5.4500,0.0000,0.3856,0.0000,0.5945,0.5945,Off,0
fix_ownoff,810,5.4667,0.0000,0.3983,0.0000,0.5938,0.5938,Off,0
fix_ownoff,811,5.4833,0.0000,0.3951,0.0000,0.5930,0.5930,Off,0
fix_ownoff,812,5.5000,0.0000,0.3841,0.0000,0.5923,0.5923,Off,0
fix_ownoff,813,5.5167,0.0000,0.3930,0.0000,0.5916,0.5916,Off,0
fix_ownoff,814,5.5333,0.0000,0.3994,0.0000,0.5908,0.5908,Off,0
fix_ownoff,815,5.5500,0.0000,0.3872,0.0000,0.5901,0.5901,Off,0
fix_ownoff,816,5.5667,0.0000,0.3871,0.0000,0.5894,0.5894,Off,0
fix_ownoff,817,5.5833,0.0000,0.3994,0.0000,0.5887,0.5887,Off,0
fix_ownoff,818,5.6000,0.0000,0.3931,0.0000,0.5880,0.5880,Off,0
fix_ownoff,819,5.6167,0.0000,0.3841,0.0000,0.5872,0.5872,Off,0
fix_ownoff,820,5.6333,0.0000,0.3950,0.0000,0.5865,0.5865,Off,0
fix_ownoff,821,5.6500,0.0000,0.3983,0.0000,0.5858,0.5858,Off,0
fix_ownoff,822,5.6667,0.0000,0.3857,0.0000,0.5851,0.5851,Off,0
fix_ownoff,823,5.6833,0.0000,0.3889,0.0000,0.5844,0.5844,Off,0
fix_ownoff,824,5.7000,0.0000,0.3999,0.0000,0.5837,0.5837,Off,0
fix_ownoff,825,5.7167,0.0000,0.3910,0.0000,0.5830,0.5830,Off,0
fix_ownoff,826,5.7333,0.0000,0.3846,0.0000,0.5822,0.5822,Off,0
fix_ownoff,827,5.7500,0.0000,0.3969,0.0000,0.5815,0.5815,Off,0
fix_ownoff,828,5.7667,0.0000,0.3968,0.0000,0.5808,0.5808,Off,0
fix_ownoff,829,5.7833,0.0000,0.3846,0.0000,0.5801,0.5801,Off,0
fix_ownoff,830,5.8000,0.0000,0.3910,0.0000,0.5794,0.5794,Off,0
fix_ownoff,831,5.8167,0.0000,0.3999,0.0000,0.5787,0.5787,Off,0
fix_ownoff,832,5.8333,0.0000,0.3889,0.0000,0.5780,0.5780,Off,0
fix_ownoff,833,5.8500,0.0000,0.3857,0.0000,0.5773,0.5773,Off,0
fix_ownoff,834,5.8667,0.0000,0.3984,0.0000,0.5766,0.5766,Off,0
fix_ownoff,835,5.8833,0.0000,0.3950,0.0000,0.5760,0.5760,Off,0
fix_ownoff,836,5.9000,0.0000,0.3841,0.0000,0.5753,0.5753,Off,0
fix_ownoff,837,5.9167,0.0000,0.3931,0.0000,0.5746,0.5746,Off,0
fix_ownoff,838,5.9333,0.0000,0.3993,0.0000,0.5739,0.5739,Off,0
fix_ownoff,839,5.9500,0.0000,0.3871,0.0000,0.5732,0.5732,Off,0
fix_ownoff,840,5.9667,0.0000,0.3872,0.0000,0.5725,0.5725,Off,0
fix_ownoff,841,5.9833,0.0000,0.3994,0.0000,0.5718,0.5718,Off,0
fix_ownoff,842,6.0000,0.0000,0.3929,0.0000,0.5712,0.5712,Off,0
fix_ownoff,843,6.0167,0.0000,0.3841,0.0000,0.5705,0.5705,Off,0
fix_ownoff,844,6.0333,0.0000,0.3952,0.0000,0.5698,0.5698,Off,0
fix_ownoff,845,6.0500,0.0000,0.3983,0.0000,0.5691,0.5691,Off,0
fix_ownoff,846,6.0667,0.0000,0.3856,0.0000,0.5685,0.5685,Off,0
fix_ownoff,847,6.0833,0.0000,0.3891,0.0000,0.5678,0.5678,Off,0
fix_ownoff,848,6.1000,0.0000,0.3999,0.0000,0.5671,0.5671,Off,0
fix_ownoff,849,6.1167,0.0000,0.3908,0.0000,0.5664,0.5664,Off,0
fix_ownoff,850,6.1333,0.0000,0.3847,0.0000,0.5658,0.5658,Off,0
fix_ownoff,851,6.1500,0.0000,0.3970,0.0000,0.5651,0.5651,Off,0
fix_ownoff,852,6.1667,0.0000,0.3967,0.0000,0.5644,0.5644,Off,0
fix_ownoff,853,6.1833,0.0000,0.3846,0.0000,0.5638,0.5638,Off,0
fix_ownoff,854,6.2000,0.0000,0.3911,0.0000,0.5631,0.5631,Off,0
fix_ownoff,855,6.2167,0.0000,0.3999,0.0000,0.5625,0.5625,Off,0
fix_ownoff,856,6.2333,0.0000,0.3888,0.0000,0.5618,0.5618,Off,0
fix_ownoff,857,6.2500,0.0000,0.3858,0.0000,0.5611,0.5611,Off,0
fix_ownoff,858,6.2667,0.0000,0.3984,0.0000,0.5605,0.5605,Off,0
fix_ownoff,859,6.2833,0.0000,0.3949,0.0000,0.5598,0.5598,Off,0
fix_ownoff,860,6.3000,0.0000,0.3841,0.0000,0.5592,0.5592,Off,0
fix_ownoff,861,6.3167,0.0000,0.3932,0.0000,0.5585,0.5585,Off,0
fix_ownoff,862,6.3333,0.0000,0.3993,0.0000,0.5579,0.5579,Off,0
fix_ownoff,863,6.3500,0.0000,0.3870,0.0000,0.5572,0.5572,Off,0
fix_ownoff,864,6.3667,0.0000,0.3873,0.0000,0.5566,0.5566,Off,0
fix_ownoff,865,6.3833,0.0000,0.3995,0.0000,0.5559,0.5559,Off,0
fix_ownoff,866,6.4000,0.0000,0.3928,0.0000,0.5553,0.5553,Off,0
fix_ownoff,867,6.4167,0.0000,0.3841,0.0000,0.5547,0.5547,Off,0
fix_ownoff,868,6.4333,0.0000,0.3953,0.0000,0.5540,0.5540,Off,0
fix_ownoff,869,6.4500,0.0000,0.3982,0.0000,0.5534,0.5534,Off,0
fix_ownoff,870,6.4667,0.0000,0.3855,0.0000,0.5527,0.5527,Off,0
fix_ownoff,871,6.4833,0.0000,0.3892,0.0000,0.5521,0.5521,Off,0
fix_ownoff,872,6.5000,0.0000,0.3999,0.0000,0.5515,0.5515,Off,0
fix_ownoff,873,6.5167,0.0000,0.3907,0.0000,0.5508,0.5508,Off,0
fix_ownoff,874,6.5333,0.0000,0.3847,0.0000,0.5502,0.5502,Off,0
fix_ownoff,875,6.5500,0.0000,0.3971,0.0000,0.5496,0.5496,Off,0
fix_ownoff,876,6.5667,0.0000,0.3966,0.0000,0.5490,0.5490,Off,0
fix_ownoff,877,6.5833,0.0000,0.3845,0.0000,0.5483,0.5483,Off,0
fix_ownoff,878,6.6000,0.0000,0.3913,0.0000,0.5477,0.5477,Off,0
fix_ownoff,879,6.6167,0.0000,0.3999,0.0000,0.5471,0.5471,Off,0
fix_ownoff,880,6.6333,0.0000,0.3887,0.0000,0.5465,0.5465,Off,0
fix_ownoff,881,6.6500,0.0000,0.3859,0.0000,0.5458,0.5458,Off,0
fix_ownoff,882,6.6667,0.0000,0.3985,0.0000,0.5452,0.5452,Off,0
fix_ownoff,883,6.6833,0.0000,0.3947,0.0000,0.5446,0.5446,Off,0
fix_ownoff,884,6.7000,0.0000,0.3841,0.0000,0.5440,0.5440,Off,0
fix_ownoff,885,6.7167,0.0000,0.3934,0.0000,0.5434,0.5434,Off,0
fix_ownoff,886,6.7333,0.0000,0.3992,0.0000,0.5427,0.5427,Off,0
fix_ownoff,887,6.7500,0.0000,0.3869,0.0000,0.5421,0.5421,Off,0
fix_ownoff,888,6.7667,0.0000,0.3874,0.0000,0.5415,0.5415,Off,0
fix_ownoff,889,6.7833,0.0000,0.3995,0.0000,0.5409,0.5409,Off,0
fix_ownoff,890,6.8000,0.0000,0.3927,0.0000,0.5403,0.5403,Off,0
fix_ownoff,891,6.8167,0.0000,0.3841,0.0000,0.5397,0.5397,Off,0
fix_ownoff,892,6.8333,0.0000,0.3954,0.0000,0.5391,0.5391,Off,0
fix_ownoff,893,6.8500,0.0000,0.3981,0.0000,0.5385,0.5385,Off,0
fix_ownoff,894,6.8667,0.0000,0.3854,0.0000,0.5379,0.5379,Off,0
fix_ownoff,895,6.8833,0.0000,0.3893,0.0000,0.5373,0.5373,Off,0
fix_ownoff,896,6.9000,0.0000,0.4000,0.0000,0.5367,0.5367,Off,0
fix_ownoff,897,6.9167,0.0000,0.3905,0.0000,0.5361,0.5361,Off,0
fix_ownoff,898,6.9333,0.0000,0.3848,0.0000,0.5355,0.5355,Off,0
fix_ownoff,899,6.9500,0.0000,0.3972,0.0000,0.5349,0.5349,Off,0
fix_ownoff,900,6.9667,0.0000,0.3965,0.0000,0.5343,0.5343,Off,0
fix_ownoff,901,6.9833,0.0000,0.3845,0.0000,0.5337,0.5337,Off,0
fix_ownoff,902,7.0000,0.0000,0.3914,0.0000,0.5331,0.5331,Off,0
fix_ownoff,903,7.0167,0.0000,0.3998,0.0000,0.5325,0.5325,Off,0
fix_ownoff,904,7.0333,0.0000,0.3885,0.0000,0.5319,0.5319,Off,0
fix_ownoff,905,7.0500,0.0000,0.3860,0.0000,0.5313,0.5313,Off,0
fix_ownoff,906,7.0667,0.0000,0.3986,0.0000,0.5307,0.5307,Off,0
fix_ownoff,907,7.0833,0.0000,0.3946,0.0000,0.5302,0.5302,Off,0
fix_ownoff,908,7.1000,0.0000,0.3840,0.0000,0.5296,0.5296,Off,0
fix_ownoff,909,7.1167,0.0000,0.3935,0.0000,0.5290,0.5290,Off,0
fix_ownoff,910,7.1333,0.0000,0.3992,0.0000,0.5284,0.5284,Off,0
fix_ownoff,911,7.1500,0.0000,0.3868,0.0000,0.5278,0.5278,Off,0
fix_ownoff,912,7.1667,0.0000,0.3875,0.0000,0.5272,0.5272,Off,0
fix_ownoff,913,7.1833,0.0000,0.3995,0.0000,0.5267,0.5267,Off,0
fix_ownoff,914,7.2000,0.0000,0.3925,0.0000,0.5261,0.5261,Off,0
fix_ownoff,915,7.2167,0.0000,0.3842,0.0000,0.5255,0.5255,Off,0
fix_ownoff,916,7.2333,0.0000,0.3955,0.0000,0.5249,0.5249,Off,0
fix_ownoff,917,7.2500,0.0000,0.3980,0.0000,0.5244,0.5244,Off,0
fix_ownoff,918,7.2667,0.0000,0.3854,0.0000,0.5238,0.5238,Off,0
fix_ownoff,919,7.2833,0.0000,0.3895,0.0000,0.5232,0.5232,Off,0
fix_ownoff,920,7.3000,0.0000,0.4000,0.0000,0.5227,0.5227,Off,0
fix_ownoff,921,7.3167,0.0000,0.3904,0.0000,0.5221,0.5221,Off,0
fix_ownoff,922,7.3333,0.0000,0.3849,0.0000,0.5215,0.5215,Off,0
fix_ownoff,923,7.3500,0.0000,0.3973,0.0000,0.5209,0.5209,Off,0
fix_ownoff,924,7.3667,0.0000,0.3964,0.0000,0.5204,0.5204,Off,0
fix_ownoff,925,7.3833,0.0000,0.3844,0.0000,0.5198,0.5198,Off,0
fix_ownoff,926,7.4000,0.0000,0.3915,0.0000,0.5193,0.5193,Off,0
fix_ownoff,927,7.4167,0.0000,0.3998,0.0000,0.5187,0.5187,Off,0
fix_ownoff,928,7.4333,0.0000,0.3884,0.0000,0.5181,0.5181,Off,0
fix_ownoff,929,7.4500,0.0000,0.3860,0.0000,0.5176,0.5176,Off,0
fix_ownoff,930,7.4667,0.0000,0.3987,0.0000,0.5170,0.5170,Off,0
fix_ownoff,931,7.4833,0.0000,0.3945,0.0000,0.5165,0.5165,Off,0
fix_ownoff,932,7.5000,0.0000,0.3840,0.0000,0.5159,0.5159,Off,0
fix_ownoff,933,7.5167,0.0000,0.3937,0.0000,0.5154,0.5154,Off,0
fix_ownoff,934,7.5333,0.0000,0.3991,0.0000,0.5148,0.5148,Off,0
fix_ownoff,935,7.5500,0.0000,0.3867,0.0000,0.5143,0.5143,Off,0
fix_ownoff,936,7.5667,0.0000,0.3877,0.0000,0.5137,0.5137,Off,0
fix_ownoff,937,7.5833,0.0000,0.3996,0.0000,0.5132,0.5132,Off,0
fix_ownoff,938,7.6000,0.0000,0.3924,0.0000,0.5126,0.5126,Off,0
fix_ownoff,939,7.6167,0.0000,0.3842,0.0000,0.5121,0.5121,Off,0
fix_ownoff,940,7.6333,0.0000,0.3956,0.0000,0.5115,0.5115,Off,0
fix_ownoff,941,7.6500,0.0000,0.3979,0.0000,0.5110,0.5110,Off,0
fix_ownoff,942,7.6667,0.0000,0.3853,0.0000,0.5104,0.5104,Off,0
fix_ownoff,943,7.6833,0.0000,0.3896,0.0000,0.5099,0.5099,Off,0
fix_ownoff,944,7.7000,0.0000,0.4000,0.0000,0.5093,0.5093,Off,0
fix_ownoff,945,7.7167,0.0000,0.3903,0.0000,0.5088,0.5088,Off,0
fix_ownoff,946,7.7333,0.0000,0.3849,0.0000,0.5083,0.5083,Off,0
fix_ownoff,947,7.7500,0.0000,0.3974,0.0000,0.5077,0.5077,Off,0
fix_ownoff,948,7.7667,0.0000,0.3963,0.0000,0.5072,0.5072,Off,0
fix_ownoff,949,7.7833,0.0000,0.3844,0.0000,0.5067,0.5067,Off,0
fix_ownoff,950,7.8000,0.0000,0.3917,0.0000,0.5061,0.5061,Off,0
fix_ownoff,951,7.8167,0.0000,0.3998,0.0000,0.5056,0.5056,Off,0
fix_ownoff,952,7.8333,0.0000,0.3883,0.0000,0.5051,0.5051,Off,0
fix_ownoff,953,7.8500,0.0000,0.3861,0.0000,0.5045,0.5045,Off,0
fix_ownoff,954,7.8667,0.0000,0.3988,0.0000,0.5040,0.5040,Off,0
fix_ownoff,955,7.8833,0.0000,0.3944,0.0000,0.5035,0.5035,Off,0
fix_ownoff,956,7.9000,0.0000,0.3840,0.0000,0.5029,0.5029,Off,0
fix_ownoff,957,7.9167,0.0000,0.3938,0.0000,0.5024,0.5024,Off,0
fix_ownoff,958,7.9333,0.0000,0.3990,0.0000,0.5019,0.5019,Off,0
fix_ownoff,959,7.9500,0.0000,0.3866,0.0000,0.5014,0.5014,Off,0
fix_ownoff,960,7.9667,0.0000,0.3878,0.0000,0.5008,0.5008,Off,0
fix_ownoff,961,7.9833,0.0000,0.3996,0.0000,0.5003,0.5003,Off,0
fix_ownoff,962,8.0000,0.0000,0.3923,0.0000,0.4998,0.4998,Off,0
fix_ownoff,963,8.0167,0.0000,0.3842,0.0000,0.4993,0.4993,Off,0
fix_ownoff,964,8.0333,0.0000,0.3958,0.0000,0.4988,0.4988,Off,0
fix_ownoff,965,8.0500,0.0000,0.3978,0.0000,0.4982,0.4982,Off,0
fix_ownoff,966,8.0667,0.0000,0.3852,0.0000,0.4977,0.4977,Off,0
fix_ownoff,967,8.0833,0.0000,0.3897,0.0000,0.4972,0.4972,Off,0
fix_ownoff,968,8.1000,0.0000,0.4000,0.0000,0.4967,0.4967,Off,0
fix_ownoff,969,8.1167,0.0000,0.3902,0.0000,0.4962,0.4962,Off,0
fix_ownoff,970,8.1333,0.0000,0.3850,0.0000,0.4957,0.4957,Off,0
fix_ownoff,971,8.1500,0.0000,0.3975,0.0000,0.4952,0.4952,Off,0
fix_ownoff,972,8.1667,0.0000,0.3962,0.0000,0.4946,0.4946,Off,0
fix_ownoff,973,8.1833,0.0000,0.3843,0.0000,0.4941,0.4941,Off,0
fix_ownoff,974,8.2000,0.0000,0.3918,0.0000,0.4936,0.4936,Off,0
fix_ownoff,975,8.2167,0.0000,0.3998,0.0000,0.4931,0.4931,Off,0
fix_ownoff,976,8.2333,0.0000,0.3882,0.0000,0.4926,0.4926,Off,0
fix_ownoff,977,8.2500,0.0000,0.3862,0.0000,0.4921,0.4921,Off,0
fix_ownoff,978,8.2667,0.0000,0.3988,0.0000,0.4916,0.4916,Off,0
fix_ownoff,979,8.2833,0.0000,0.3942,0.0000,0.4911,0.4911,Off,0
fix_ownoff,980,8.3000,0.0000,0.3840,0.0000,0.4906,0.4906,Off,0
fix_ownoff,981,8.3167,0.0000,0.3939,0.0000,0.4901,0.4901,Off,0
fix_ownoff,982,8.3333,0.0000,0.3990,0.0000,0.4896,0.4896,Off,0
fix_ownoff,983,8.3500,0.0000,0.3865,0.0000,0.4891,0.4891,Off,0
fix_ownoff,984,8.3667,0.0000,0.3879,0.0000,0.4886,0.4886,Off,0
fix_ownoff,985,8.3833,0.0000,0.3997,0.0000,0.4881,0.4881,Off,0
fix_ownoff,986,8.4000,0.0000,0.3921,0.0000,0.4876,0.4876,Off,0
fix_ownoff,987,8.4167,0.0000,0.3843,0.0000,0.4871,0.4871,Off,0
fix_ownoff,988,8.4333,0.0000,0.3959,0.0000,0.4866,0.4866,Off,0
fix_ownoff,989,8.4500,0.0000,0.3977,0.0000,0.4861,0.4861,Off,0
fix_ownoff,990,8.4667,0.0000,0.3851,0.0000,0.4856,0.4856,Off,0
fix_ownoff,991,8.4833,0.0000,0.3898,0.0000,0.4851,0.4851,Off,0
fix_ownoff,992,8.5000,0.0000,0.4000,0.0000,0.4847,0.4847,Off,0
fix_ownoff,993,8.5167,0.0000,0.3900,0.0000,0.4842,0.4842,Off,0
fix_ownoff,994,8.5333,0.0000,0.3851,0.0000,0.4837,0.4837,Off,0
fix_ownoff,995,8.5500,0.0000,0.3976,0.0000,0.4832,0.4832,Off,0
fix_ownoff,996,8.5667,0.0000,0.3961,0.0000,0.4827,0.4827,Off,0
fix_ownoff,997,8.5833,0.0000,0.3843,0.0000,0.4822,0.4822,Off,0
fix_ownoff,998,8.6000,0.0000,0.3919,0.0000,0.4817,0.4817,Off,0
fix_ownoff,999,8.6167,0.0000,0.3997,0.0000,0.4813,0.4813,Off,0
fix_ownoff,1000,8.6333,0.0000,0.3881,0.0000,0.4808,0.4808,Off,0
fix_ownoff,1001,8.6500,0.0000,0.3863,0.0000,0.4803,0.4803,Off,0
fix_ownoff,1002,8.6667,0.0000,0.3989,0.0000,0.4798,0.4798,Off,0
fix_ownoff,1003,8.6833,0.0000,0.3941,0.0000,0.4793,0.4793,Off,0
fix_ownoff,1004,8.7000,0.0000,0.3840,0.0000,0.4789,0.4789,Off,0
fix_ownoff,1005,8.7167,0.0000,0.3940,0.0000,0.4784,0.4784,Off,0
fix_ownoff,1006,8.7333,0.0000,0.3989,0.0000,0.4779,0.4779,Off,0
fix_ownoff,1007,8.7500,0.0000,0.3864,0.0000,0.4774,0.4774,Off,0
fix_ownoff,1008,8.7667,0.0000,0.3880,0.0000,0.4770,0.4770,Off,0
fix_ownoff,1009,8.7833,0.0000,0.3997,0.0000,0.4765,0.4765,Off,0
fix_ownoff,1010,8.8000,0.0000,0.3920,0.0000,0.4760,0.4760,Off,0
fix_ownoff,1011,8.8167,0.0000,0.3843,0.0000,0.4755,0.4755,Off,0
fix_ownoff,1012,8.8333,0.0000,0.3960,0.0000,0.4751,0.4751,Off,0
fix_ownoff,1013,8.8500,0.0000,0.3976,0.0000,0.4746,0.4746,Off,0
fix_ownoff,1014,8.8667,0.0000,0.3851,0.0000,0.4741,0.4741,Off,0
fix_ownoff,1015,8.8833,0.0000,0.3900,0.0000,0.4737,0.4737,Off,0
fix_ownoff,1016,8.9000,0.0000,0.4000,0.0000,0.4732,0.4732,Off,0
fix_ownoff,1017,8.9167,0.0000,0.3899,0.0000,0.4727,0.4727,Off,0
fix_ownoff,1018,8.9333,0.0000,0.3851,0.0000,0.4723,0.4723,Off,0
fix_ownoff,1019,8.9500,0.0000,0.3977,0.0000,0.4718,0.4718,Off,0
fix_ownoff,1020,8.9667,0.0000,0.3959,0.0000,0.4713,0.4713,Off,0
fix_ownoff,1021,8.9833,0.0000,0.3843,0.0000,0.4709,0.4709,Off,0
fix_ownoff,1022,9.0000,0.0000,0.3921,0.0000,0.4704,0.4704,Off,0
fix_ownoff,1023,9.0167,0.0000,0.3997,0.0000,0.4699,0.4699,Off,0
fix_ownoff,1024,9.0333,0.0000,0.3879,0.0000,0.4695,0.4695,Off,0
fix_ownoff,1025,9.0500,0.0000,0.3864,0.0000,0.4690,0.4690,Off,0
fix_ownoff,1026,9.0667,0.0000,0.3990,0.0000,0.4686,0.4686,Off,0
fix_ownoff,1027,9.0833,0.0000,0.3940,0.0000,0.4681,0.4681,Off,0
fix_ownoff,1028,9.1000,0.0000,0.3840,0.0000,0.4677,0.4677,Off,0
fix_ownoff,1029,9.1167,0.0000,0.3942,0.0000,0.4672,0.4672,Off,0
fix_ownoff,1030,9.1333,0.0000,0.3988,0.0000,0.4667,0.4667,Off,0
fix_ownoff,1031,9.1500,0.0000,0.3863,0.0000,0.4663,0.4663,Off,0
fix_ownoff,1032,9.1667,0.0000,0.3881,0.0000,0.4658,0.4658,Off,0
fix_ownoff,1033,9.1833,0.0000,0.3997,0.0000,0.4654,0.4654,Off,0
fix_ownoff,1034,9.2000,0.0000,0.3919,0.0000,0.4649,0.4649,Off,0
fix_ownoff,1035,9.2167,0.0000,0.3843,0.0000,0.4645,0.4645,Off,0
fix_ownoff,1036,9.2333,0.0000,0.3961,0.0000,0.4640,0.4640,Off,0
fix_ownoff,1037,9.2500,0.0000,0.3975,0.0000,0.4636,0.4636,Off,0
fix_ownoff,1038,9.2667,0.0000,0.3850,0.0000,0.4631,0.4631,Off,0
fix_ownoff,1039,9.2833,0.0000,0.3901,0.0000,0.4627,0.4627,Off,0
fix_ownoff,1040,9.3000,0.0000,0.4000,0.0000,0.4623,0.4623,Off,0
fix_ownoff,1041,9.3167,0.0000,0.3898,0.0000,0.4618,0.4618,Off,0
fix_ownoff,1042,9.3333,0.0000,0.3852,0.0000,0.4614,0.4614,Off,0
fix_ownoff,1043,9.3500,0.0000,0.3978,0.0000,0.4609,0.4609,Off,0
fix_ownoff,1044,9.3667,0.0000,0.3958,0.0000,0.4605,0.4605,Off,0
fix_ownoff,1045,9.3833,0.0000,0.3842,0.0000,0.4600,0.4600,Off,0
fix_ownoff,1046,9.4000,0.0000,0.3922,0.0000,0.4596,0.4596,Off,0
fix_ownoff,1047,9.4167,0.0000,0.3996,0.0000,0.4592,0.4592,Off,0
fix_ownoff,1048,9.4333,0.0000,0.3878,0.0000,0.4587,0.4587,Off,0
fix_ownoff,1049,9.4500,0.0000,0.3865,0.0000,0.4583,0.4583,Off,0
fix_ownoff,1050,9.4667,0.0000,0.3990,0.0000,0.4578,0.4578,Off,0
fix_ownoff,1051,9.4833,0.0000,0.3938,0.0000,0.4574,0.4574,Off,0
fix_ownoff,1052,9.5000,0.0000,0.3840,0.0000,0.4570,0.4570,Off,0
fix_ownoff,1053,9.5167,0.0000,0.3943,0.0000,0.4565,0.4565,Off,0
fix_ownoff,1054,9.5333,0.0000,0.3988,0.0000,0.4561,0.4561,Off,0
fix_ownoff,1055,9.5500,0.0000,0.3862,0.0000,0.4557,0.4557,Off,0
fix_ownoff,1056,9.5667,0.0000,0.3882,0.0000,0.4552,0.4552,Off,0
fix_ownoff,1057,9.5833,0.0000,0.3998,0.0000,0.4548,0.4548,Off,0
fix_ownoff,1058,9.6000,0.0000,0.3917,0.0000,0.4544,0.4544,Off,0
fix_ownoff,1059,9.6167,0.0000,0.3844,0.0000,0.4539,0.4539,Off,0
fix_ownoff,1060,9.6333,0.0000,0.3962,0.0000,0.4535,0.4535,Off,0
fix_ownoff,1061,9.6500,0.0000,0.3974,0.0000,0.4531,0.4531,Off,0
fix_ownoff,1062,9.6667,0.0000,0.3849,0.0000,0.4527,0.4527,Off,0
fix_ownoff,1063,9.6833,0.0000,0.3902,0.0000,0.4522,0.4522,Off,0
fix_ownoff,1064,9.7000,0.0000,0.4000,0.0000,0.4518,0.4518,Off,0
fix_ownoff,1065,9.7167,0.0000,0.3896,0.0000,0.4514,0.4514,Off,0
fix_ownoff,1066,9.7333,0.0000,0.3853,0.0000,0.4510,0.4510,Off,0
fix_ownoff,1067,9.7500,0.0000,0.3979,0.0000,0.4505,0.4505,Off,0
fix_ownoff,1068,9.7667,0.0000,0.3957,0.0000,0.4501,0.4501,Off,0
fix_ownoff,1069,9.7833,0.0000,0.3842,0.0000,0.4497,0.4497,Off,0
fix_ownoff,1070,9.8000,0.0000,0.3923,0.0000,0.4493,0.4493,Off,0
fix_ownoff,1071,9.8167,0.0000,0.3996,0.0000,0.4489,0.4489,Off,0
fix_ownoff,1072,9.8333,0.0000,0.3877,0.0000,0.4484,0.4484,Off,0
fix_ownoff,1073,9.8500,0.0000,0.3866,0.0000,0.4480,0.4480,Off,0
fix_ownoff,1074,9.8667,0.0000,0.3991,0.0000,0.4476,0.4476,Off,0
fix_ownoff,1075,9.8833,0.0000,0.3937,0.0000,0.4472,0.4472,Off,0
fix_ownoff,1076,9.9000,0.0000,0.3840,0.0000,0.4468,0.4468,Off,0
fix_ownoff,1077,9.9167,0.0000,0.3944,0.0000,0.4463,0.4463,Off,0
fix_ownoff,1078,9.9333,0.0000,0.3987,0.0000,0.4459,0.4459,Off,0
fix_ownoff,1079,9.9500,0.0000,0.3861,0.0000,0.4455,0.4455,Off,0
fix_ownoff,1080,9.9667,0.0000,0.3884,0.0000,0.4451,0.4451,Off,0
fix_ownoff,1081,9.9833,0.0000,0.3998,0.0000,0.4447,0.4447,Off,0
fix_ownoff,1082,10.0000,0.0000,0.3916,0.0000,0.4443,0.4443,Off,0
fix_ownoff,1083,10.0167,0.0000,0.3844,0.0000,0.4439,0.4439,Off,0
fix_ownoff,1084,10.0333,0.0000,0.3964,0.0000,0.4435,0.4435,Off,0
fix_ownoff,1085,10.0500,0.0000,0.3973,0.0000,0.4431,0.4431,Off,0
fix_ownoff,1086,10.0667,0.0000,0.3849,0.0000,0.4426,0.4426,Off,0
fix_ownoff,1087,10.0833,0.0000,0.3904,0.0000,0.4422,0.4422,Off,0
fix_ownoff,1088,10.1000,0.0000,0.4000,0.0000,0.4418,0.4418,Off,0
fix_ownoff,1089,10.1167,0.0000,0.3895,0.0000,0.4414,0.4414,Off,0
fix_ownoff,1090,10.1333,0.0000,0.3853,0.0000,0.4410,0.4410,Off,0
fix_ownoff,1091,10.1500,0.0000,0.3980,0.0000,0.4406,0.4406,Off,0
fix_ownoff,1092,10.1667,0.0000,0.3956,0.0000,0.4402,0.4402,Off,0
fix_ownoff,1093,10.1833,0.0000,0.3842,0.0000,0.4398,0.4398,Off,0
fix_ownoff,1094,10.2000,0.0000,0.3925,0.0000,0.4394,0.4394,Off,0
fix_ownoff,1095,10.2167,0.0000,0.3996,0.0000,0.4390,0.4390,Off,0
fix_ownoff,1096,10.2333,0.0000,0.3876,0.0000,0.4386,0.4386,Off,0
fix_ownoff,1097,10.2500,0.0000,0.3867,0.0000,0.4382,0.4382,Off,0
fix_ownoff,1098,10.2667,0.0000,0.3991,0.0000,0.4378,0.4378,Off,0
fix_ownoff,1099,10.2833,0.0000,0.3936,0.0000,0.4374,0.4374,Off,0
fix_ownoff,1100,10.3000,0.0000,0.3840,0.0000,0.4370,0.4370,Off,0
fix_ownoff,1101,10.3167,0.0000,0.3946,0.0000,0.4366,0.4366,Off,0
fix_ownoff,1102,10.3333,0.0000,0.3986,0.0000,0.4362,0.4362,Off,0
fix_ownoff,1103,10.3500,0.0000,0.3860,0.0000,0.4358,0.4358,Off,0
fix_ownoff,1104,10.3667,0.0000,0.3885,0.0000,0.4354,0.4354,Off,0
fix_ownoff,1105,10.3833,0.0000,0.3998,0.0000,0.4350,0.4350,Off,0
fix_ownoff,1106,10.4000,0.0000,0.3914,0.0000,0.4346,0.4346,Off,0
fix_ownoff,1107,10.4167,0.0000,0.3845,0.0000,0.4342,0.4342,Off,0
fix_ownoff,1108,10.4333,0.0000,0.3965,0.0000,0.4338,0.4338,Off,0
fix_ownoff,1109,10.4500,0.0000,0.3972,0.0000,0.4334,0.4334,Off,0
fix_ownoff,1110,10.4667,0.0000,0.3848,0.0000,0.4331,0.4331,Off,0
fix_ownoff,1111,10.4833,0.0000,0.3905,0.0000,0.4327,0.4327,Off,0
fix_ownoff,1112,10.5000,0.0000,0.4000,0.0000,0.4323,0.4323,Off,0
fix_ownoff,1113,10.5167,0.0000,0.3894,0.0000,0.4319,0.4319,Off,0
fix_ownoff,1114,10.5333,0.0000,0.3854,0.0000,0.4315,0.4315,Off,0
fix_ownoff,1115,10.5500,0.0000,0.3981,0.0000,0.4311,0.4311,Off,0
fix_ownoff,1116,10.5667,0.0000,0.3955,0.0000,0.4307,0.4307,Off,0
fix_ownoff,1117,10.5833,0.0000,0.3842,0.0000,0.4303,0.4303,Off,0
fix_ownoff,1118,10.6000,0.0000,0.3926,0.0000,0.4300,0.4300,Off,0
fix_ownoff,1119,10.6167,0.0000,0.3995,0.0000,0.4296,0.4296,Off,0
fix_ownoff,1120,10.6333,0.0000,0.3875,0.0000,0.4292,0.4292,Off,0
fix_ownoff,1121,10.6500,0.0000,0.3868,0.0000,0.4288,0.4288,Off,0
fix_ownoff,1122,10.6667,0.0000,0.3992,0.0000,0.4284,0.4284,Off,0
fix_ownoff,1123,10.6833,0.0000,0.3934,0.0000,0.4280,0.4280,Off,0
fix_ownoff,1124,10.7000,0.0000,0.3840,0.0000,0.4277,0.4277,Off,0
fix_ownoff,1125,10.7167,0.0000,0.3947,0.0000,0.4273,0.4273,Off,0
fix_ownoff,1126,10.7333,0.0000,0.3986,0.0000,0.4269,0.4269,Off,0
fix_ownoff,1127,10.7500,0.0000,0.3859,0.0000,0.4265,0.4265,Off,0
fix_ownoff,1128,10.7667,0.0000,0.3886,0.0000,0.4261,0.4261,Off,0
fix_ownoff,1129,10.7833,0.0000,0.3999,0.0000,0.4258,0.4258,Off,0
fix_ownoff,1130,10.8000,0.0000,0.3913,0.0000,0.4254,0.4254,Off,0
fix_ownoff,1131,10.8167,0.0000,0.3845,0.0000,0.4250,0.4250,Off,0
fix_ownoff,1132,10.8333,0.0000,0.3966,0.0000,0.4246,0.4246,Off,0
fix_ownoff,1133,10.8500,0.0000,0.3971,0.0000,0.4243,0.4243,Off,0
fix_ownoff,1134,10.8667,0.0000,0.3848,0.0000,0.4239,0.4239,Off,0
fix_ownoff,1135,10.8833,0.0000,0.3906,0.0000,0.4235,0.4235,Off,0
fix_ownoff,1136,10.9000,0.0000,0.3999,0.0000,0.4231,0.4231,Off,0
fix_ownoff,1137,10.9167,0.0000,0.3892,0.0000,0.4228,0.4228,Off,0
fix_ownoff,1138,10.9333,0.0000,0.3855,0.0000,0.4224,0.4224,Off,0
fix_ownoff,1139,10.9500,0.0000,0.3981,0.0000,0.4220,0.4220,Off,0
fix_ownoff,1140,10.9667,0.0000,0.3953,0.0000,0.4216,0.4216,Off,0
fix_ownoff,1141,10.9833,0.0000,0.3841,0.0000,0.4213,0.4213,Off,0
fix_ownoff,1142,11.0000,0.0000,0.3928,0.0000,0.4209,0.4209,Off,0
fix_ownoff,1143,11.0167,0.0000,0.3995,0.0000,0.4205,0.4205,Off,0
fix_ownoff,1144,11.0333,0.0000,0.3874,0.0000,0.4202,0.4202,Off,0
fix_ownoff,1145,11.0500,0.0000,0.3869,0.0000,0.4198,0.4198,Off,0
fix_ownoff,1146,11.0667,0.0000,0.3993,0.0000,0.4194,0.4194,Off,0
fix_ownoff,1147,11.0833,0.0000,0.3933,0.0000,0.4191,0.4191,Off,0
fix_ownoff,1148,11.1000,0.0000,0.3841,0.0000,0.4187,0.4187,Off,0
fix_ownoff,1149,11.1167,0.0000,0.3948,0.0000,0.4183,0.4183,Off,0
fix_ownoff,1150,11.1333,0.0000,0.3985,0.0000,0.4180,0.4180,Off,0
fix_ownoff,1151,11.1500,0.0000,0.3858,0.0000,0.4176,0.4176,Off,0
fix_ownoff,1152,11.1667,0.0000,0.3887,0.0000,0.4172,0.4172,Off,0
fix_ownoff,1153,11.1833,0.0000,0.3999,0.0000,0.4169,0.4169,Off,0
fix_ownoff,1154,11.2000,0.0000,0.3912,0.0000,0.4165,0.4165,Off,0
fix_ownoff,1155,11.2167,0.0000,0.3845,0.0000,0.4162,0.4162,Off,0
fix_ownoff,1156,11.2333,0.0000,0.3967,0.0000,0.4158,0.4158,Off,0
fix_ownoff,1157,11.2500,0.0000,0.3970,0.0000,0.4154,0.4154,Off,0
fix_ownoff,1158,11.2667,0.0000,0.3847,0.0000,0.4151,0.4151,Off,0
fix_ownoff,1159,11.2833,0.0000,0.3908,0.0000,0.4147,0.4147,Off,0
fix_ownoff,1160,11.3000,0.0000,0.3999,0.0000,0.4144,0.4144,Off,0
fix_ownoff,1161,11.3167,0.0000,0.3891,0.0000,0.4140,0.4140,Off,0
fix_ownoff,1162,11.3333,0.0000,0.3856,0.0000,0.4137,0.4137,Off,0
fix_ownoff,1163,11.3500,0.0000,0.3982,0.0000,0.4133,0.4133,Off,0
fix_ownoff,1164,11.3667,0.0000,0.3952,0.0000,0.4129,0.4129,Off,0
fix_ownoff,1165,11.3833,0.0000,0.3841,0.0000,0.4126,0.4126,Off,0
fix_ownoff,1166,11.4000,0.0000,0.3929,0.0000,0.4122,0.4122,Off,0
fix_ownoff,1167,11.4167,0.0000,0.3994,0.0000,0.4119,0.4119,Off,0
fix_ownoff,1168,11.4333,0.0000,0.3873,0.0000,0.4115,0.4115,Off,0
fix_ownoff,1169,11.4500,0.0000,0.3870,0.0000,0.4112,0.4112,Off,0
fix_ownoff,1170,11.4667,0.0000,0.3993,0.0000,0.4108,0.4108,Off,0
fix_ownoff,1171,11.4833,0.0000,0.3932,0.0000,0.4105,0.4105,Off,0
fix_ownoff,1172,11.5000,0.0000,0.3841,0.0000,0.4101,0.4101,Off,0
fix_ownoff,1173,11.5167,0.0000,0.3949,0.0000,0.4098,0.4098,Off,0
fix_ownoff,1174,11.5333,0.0000,0.3984,0.0000,0.4094,0.4094,Off,0
fix_ownoff,1175,11.5500,0.0000,0.3857,0.0000,0.4091,0.4091,Off,0
fix_ownoff,1176,11.5667,0.0000,0.3889,0.0000,0.4087,0.4087,Off,0
fix_ownoff,1177,11.5833,0.0000,0.3999,0.0000,0.4084,0.4084,Off,0
fix_ownoff,1178,11.6000,0.0000,0.3910,0.0000,0.4080,0.4080,Off,0
fix_ownoff,1179,11.6167,0.0000,0.3846,0.0000,0.4077,0.4077,Off,0
fix_ownoff,1180,11.6333,0.0000,0.3968,0.0000,0.4073,0.4073,Off,0
fix_ownoff,1181,11.6500,0.0000,0.3969,0.0000,0.4070,0.4070,Off,0
fix_ownoff,1182,11.6667,0.0000,0.3847,0.0000,0.4066,0.4066,Off,0
fix_ownoff,1183,11.6833,0.0000,0.3909,0.0000,0.4063,0.4063,Off,0
fix_ownoff,1184,11.7000,0.0000,0.3999,0.0000,0.4060,0.4060,Off,0
fix_ownoff,1185,11.7167,0.0000,0.3890,0.0000,0.4056,0.4056,Off,0
fix_ownoff,1186,11.7333,0.0000,0.3856,0.0000,0.4053,0.4053,Off,0
fix_ownoff,1187,11.7500,0.0000,0.3983,0.0000,0.4049,0.4049,Off,0
fix_ownoff,1188,11.7667,0.0000,0.3951,0.0000,0.4046,0.4046,Off,0
fix_ownoff,1189,11.7833,0.0000,0.3841,0.0000,0.4042,0.4042,Off,0
fix_ownoff,1190,11.8000,0.0000,0.3930,0.0000,0.4039,0.4039,Off,0
fix_ownoff,1191,11.8167,0.0000,0.3994,0.0000,0.4036,0.4036,Off,0
fix_ownoff,1192,11.8333,0.0000,0.3871,0.0000,0.4032,0.4032,Off,0
fix_ownoff,1193,11.8500,0.0000,0.3871,0.0000,0.4029,0.4029,Off,0
fix_ownoff,1194,11.8667,0.0000,0.3994,0.0000,0.4026,0.4026,Off,0
fix_ownoff,1195,11.8833,0.0000,0.3930,0.0000,0.4022,0.4022,Off,0
fix_ownoff,1196,11.9000,0.0000,0.3841,0.0000,0.4019,0.4019,Off,0
fix_ownoff,1197,11.9167,0.0000,0.3951,0.0000,0.4015,0.4015,Off,0
fix_ownoff,1198,11.9333,0.0000,0.3983,0.0000,0.4012,0.4012,Off,0
fix_ownoff,1199,11.9500,0.0000,0.3856,0.0000,0.4009,0.4009,Off,0
fix_ownoff,1200,11.9667,0.0000,0.3890,0.0000,0.4005,0.4005,Off,0
fix_ownoff,1201,11.9833,0.0000,0.3999,0.0000,0.4002,0.4002,Off,0
fix_ownoff,1202,12.0000,0.0000,0.3909,0.0000,0.3999,0.3999,Off,0
fix_ownoff,1203,12.0167,0.0000,0.3847,0.0000,0.3995,0.3995,Off,0
fix_ownoff,1204,12.0333,0.0000,0.3969,0.0000,0.3992,0.3992,Off,0
fix_ownoff,1205,12.0500,0.0000,0.3968,0.0000,0.3989,0.3989,Off,0
fix_ownoff,1206,12.0667,0.0000,0.3846,0.0000,0.3985,0.3985,Off,0
fix_ownoff,1207,12.0833,0.0000,0.3910,0.0000,0.3982,0.3982,Off,0
fix_ownoff,1208,12.1000,0.0000,0.3999,0.0000,0.3982,0.3982,Off,0
fix_ownoff,1209,12.1167,0.0000,0.3889,0.0000,0.3979,0.3982,Off,0
fix_ownoff,1210,12.1333,0.0000,0.3857,0.0000,0.3976,0.3982,Off,0
fix_ownoff,1211,12.1500,0.0000,0.3984,0.0000,0.3976,0.3982,Off,0
fix_ownoff,1212,12.1667,0.0000,0.3950,0.0000,0.3972,0.3982,Off,0
fix_ownoff,1213,12.1833,0.0000,0.3841,0.0000,0.3969,0.3982,Off,0
fix_ownoff,1214,12.2000,0.0000,0.3932,0.0000,0.3966,0.3982,Off,0
fix_ownoff,1215,12.2167,0.0000,0.3993,0.0000,0.3966,0.3982,Off,0
fix_ownoff,1216,12.2333,0.0000,0.3870,0.0000,0.3963,0.3982,Off,0
fix_ownoff,1217,12.2500,0.0000,0.3873,0.0000,0.3960,0.3982,Off,0
fix_ownoff,1218,12.2667,0.0000,0.3994,0.0000,0.3960,0.3982,Off,0
fix_ownoff,1219,12.2833,0.0000,0.3929,0.0000,0.3957,0.3982,Off,0
fix_ownoff,1220,12.3000,0.0000,0.3841,0.0000,0.3953,0.3982,Off,0
fix_ownoff,1221,12.3167,0.0000,0.3952,0.0000,0.3950,0.3982,Off,0
fix_ownoff,1222,12.3333,0.0000,0.3982,0.0000,0.3950,0.3982,Off,0
fix_ownoff,1223,12.3500,0.0000,0.3856,0.0000,0.3947,0.3982,Off,0
fix_ownoff,1224,12.3667,0.0000,0.3891,0.0000,0.3944,0.3982,Off,0
fix_ownoff,1225,12.3833,0.0000,0.3999,0.0000,0.3944,0.3982,Off,0
fix_ownoff,1226,12.4000,0.0000,0.3908,0.0000,0.3941,0.3982,Off,0
fix_ownoff,1227,12.4167,0.0000,0.3847,0.0000,0.3938,0.3982,Off,0
fix_ownoff,1228,12.4333,0.0000,0.3970,0.0000,0.3938,0.3982,Off,0
fix_ownoff,1229,12.4500,0.0000,0.3967,0.0000,0.3938,0.3982,Off,0
fix_ownoff,1230,12.4667,0.0000,0.3846,0.0000,0.3935,0.3982,Off,0
fix_ownoff,1231,12.4833,0.0000,0.3912,0.0000,0.3932,0.3982,Off,0
fix_ownoff,1232,12.5000,0.0000,0.3999,0.0000,0.3932,0.3982,Off,0
fix_ownoff,1233,12.5167,0.0000,0.3887,0.0000,0.3929,0.3982,Off,0
fix_ownoff,1234,12.5333,0.0000,0.3858,0.0000,0.3926,0.3982,Off,0
fix_ownoff,1235,12.5500,0.0000,0.3985,0.0000,0.3926,0.3982,Off,0
fix_ownoff,1236,12.5667,0.0000,0.3948,0.0000,0.3927,0.3982,Off,0
fix_ownoff,1237,12.5833,0.0000,0.3841,0.0000,0.3923,0.3982,Off,0
fix_ownoff,1238,12.6000,0.0000,0.3933,0.0000,0.3924,0.3982,Off,0
fix_ownoff,1239,12.6167,0.0000,0.3993,0.0000,0.3924,0.3982,Off,0
fix_ownoff,1240,12.6333,0.0000,0.3869,0.0000,0.3921,0.3982,Off,0
fix_ownoff,1241,12.6500,0.0000,0.3874,0.0000,0.3918,0.3982,Off,0
fix_ownoff,1242,12.6667,0.0000,0.3995,0.0000,0.3918,0.3982,Off,0
fix_ownoff,1243,12.6833,0.0000,0.3928,0.0000,0.3918,0.3982,Off,0
fix_ownoff,1244,12.7000,0.0000,0.3841,0.0000,0.3915,0.3915,Off,0
fix_ownoff,1245,12.7167,0.0000,0.3953,0.0000,0.3916,0.3916,Off,0
fix_ownoff,1246,12.7333,0.0000,0.3981,0.0000,0.3916,0.3916,Off,0
fix_ownoff,1247,12.7500,0.0000,0.3855,0.0000,0.3913,0.3916,Off,0
fix_ownoff,1248,12.7667,0.0000,0.3892,0.0000,0.3910,0.3916,Off,0
fix_ownoff,1249,12.7833,0.0000,0.3999,0.0000,0.3910,0.3916,Off,0
fix_ownoff,1250,12.8000,0.0000,0.3906,0.0000,0.3907,0.3916,Off,0
fix_ownoff,1251,12.8167,0.0000,0.3848,0.0000,0.3904,0.3916,Off,0
fix_ownoff,1252,12.8333,0.0000,0.3971,0.0000,0.3905,0.3916,Off,0
fix_ownoff,1253,12.8500,0.0000,0.3966,0.0000,0.3905,0.3916,Off,0
fix_ownoff,1254,12.8667,0.0000,0.3845,0.0000,0.3902,0.3916,Off,0
fix_ownoff,1255,12.8833,0.0000,0.3913,0.0000,0.3902,0.3916,Off,0
fix_ownoff,1256,12.9000,0.0000,0.3999,0.0000,0.3903,0.3916,Off,0
fix_ownoff,1257,12.9167,0.0000,0.3886,0.0000,0.3900,0.3916,Off,0
fix_ownoff,1258,12.9333,0.0000,0.3859,0.0000,0.3897,0.3916,Off,0
fix_ownoff,1259,12.9500,0.0000,0.3986,0.0000,0.3897,0.3916,Off,0
fix_ownoff,1260,12.9667,0.0000,0.3947,0.0000,0.3898,0.3916,Off,0
fix_ownoff,1261,12.9833,0.0000,0.3840,0.0000,0.3895,0.3916,Off,0
fix_ownoff,1262,13.0000,0.0000,0.3934,0.0000,0.3895,0.3916,Off,0
fix_ownoff,1263,13.0167,0.0000,0.3992,0.0000,0.3896,0.3916,Off,0
fix_ownoff,1264,13.0333,0.0000,0.3868,0.0000,0.3892,0.3916,Off,0
fix_ownoff,1265,13.0500,0.0000,0.3875,0.0000,0.3889,0.3916,Off,0
fix_ownoff,1266,13.0667,0.0000,0.3995,0.0000,0.3890,0.3916,Off,0
fix_ownoff,1267,13.0833,0.0000,0.3926,0.0000,0.3891,0.3916,Off,0
fix_ownoff,1268,13.1000,0.0000,0.3842,0.0000,0.3887,0.3916,Off,0
fix_ownoff,1269,13.1167,0.0000,0.3954,0.0000,0.3888,0.3916,Off,0
fix_ownoff,1270,13.1333,0.0000,0.3981,0.0000,0.3889,0.3916,Off,0
fix_ownoff,1271,13.1500,0.0000,0.3854,0.0000,0.3886,0.3916,Off,0
fix_ownoff,1272,13.1667,0.0000,0.3894,0.0000,0.3886,0.3916,Off,0
fix_ownoff,1273,13.1833,0.0000,0.4000,0.0000,0.3887,0.3916,Off,0
fix_ownoff,1274,13.2000,0.0000,0.3905,0.0000,0.3887,0.3916,Off,0
fix_ownoff,1275,13.2167,0.0000,0.3848,0.0000,0.3884,0.3916,Off,0
fix_ownoff,1276,13.2333,0.0000,0.3972,0.0000,0.3884,0.3916,Off,0
fix_ownoff,1277,13.2500,0.0000,0.3965,0.0000,0.3885,0.3916,Off,0
fix_ownoff,1278,13.2667,0.0000,0.3845,0.0000,0.3882,0.3916,Off,0
fix_ownoff,1279,13.2833,0.0000,0.3914,0.0000,0.3882,0.3916,Off,0
fix_ownoff,1280,13.3000,0.0000,0.3998,0.0000,0.3883,0.3916,Off,0
fix_ownoff,1281,13.3167,0.0000,0.3885,0.0000,0.3883,0.3916,Off,0
fix_ownoff,1282,13.3333,0.0000,0.3860,0.0000,0.3880,0.3880,Off,0
fix_ownoff,1283,13.3500,0.0000,0.3986,0.0000,0.3881,0.3881,Off,0
fix_ownoff,1284,13.3667,0.0000,0.3946,0.0000,0.3881,0.3881,Off,0
fix_ownoff,1285,13.3833,0.0000,0.3840,0.0000,0.3878,0.3881,Off,0
fix_ownoff,1286,13.4000,0.0000,0.3936,0.0000,0.3879,0.3881,Off,0
fix_ownoff,1287,13.4167,0.0000,0.3992,0.0000,0.3880,0.3881,Off,0
fix_ownoff,1288,13.4333,0.0000,0.3867,0.0000,0.3877,0.3881,Off,0
fix_ownoff,1289,13.4500,0.0000,0.3876,0.0000,0.3873,0.3881,Off,0
fix_ownoff,1290,13.4667,0.0000,0.3996,0.0000,0.3874,0.3881,Off,0
fix_ownoff,1291,13.4833,0.0000,0.3925,0.0000,0.3875,0.3881,Off,0
fix_ownoff,1292,13.5000,0.0000,0.3842,0.0000,0.3872,0.3881,Off,0
fix_ownoff,1293,13.5167,0.0000,0.3956,0.0000,0.3872,0.3881,Off,0
fix_ownoff,1294,13.5333,0.0000,0.3980,0.0000,0.3873,0.3881,Off,0
fix_ownoff,1295,13.5500,0.0000,0.3853,0.0000,0.3870,0.3881,Off,0
fix_ownoff,1296,13.5667,0.0000,0.3895,0.0000,0.3870,0.3881,Off,0
fix_ownoff,1297,13.5833,0.0000,0.4000,0.0000,0.3871,0.3881,Off,0
fix_ownoff,1298,13.6000,0.0000,0.3904,0.0000,0.3872,0.3881,Off,0
fix_ownoff,1299,13.6167,0.0000,0.3849,0.0000,0.3869,0.3881,Off,0
fix_ownoff,1300,13.6333,0.0000,0.3973,0.0000,0.3869,0.3881,Off,0
fix_ownoff,1301,13.6500,0.0000,0.3964,0.0000,0.3870,0.3881,Off,0
fix_ownoff,1302,13.6667,0.0000,0.3844,0.0000,0.3867,0.3881,Off,0
fix_ownoff,1303,13.6833,0.0000,0.3916,0.0000,0.3868,0.3881,Off,0
fix_ownoff,1304,13.7000,0.0000,0.3998,0.0000,0.3869,0.3881,Off,0
fix_ownoff,1305,13.7167,0.0000,0.3884,0.0000,0.3869,0.3881,Off,0
fix_ownoff,1306,13.7333,0.0000,0.3861,0.0000,0.3866,0.3881,Off,0
fix_ownoff,1307,13.7500,0.0000,0.3987,0.0000,0.3867,0.3881,Off,0
fix_ownoff,1308,13.7667,0.0000,0.3944,0.0000,0.3867,0.3881,Off,0
fix_ownoff,1309,13.7833,0.0000,0.3840,0.0000,0.3864,0.3881,Off,0
fix_ownoff,1310,13.8000,0.0000,0.3937,0.0000,0.3865,0.3881,Off,0
fix_ownoff,1311,13.8167,0.0000,0.3991,0.0000,0.3866,0.3881,Off,0
fix_ownoff,1312,13.8333,0.0000,0.3866,0.0000,0.3866,0.3881,Off,0
fix_ownoff,1313,13.8500,0.0000,0.3877,0.0000,0.3866,0.3881,Off,0
fix_ownoff,1314,13.8667,0.0000,0.3996,0.0000,0.3867,0.3881,Off,0
fix_ownoff,1315,13.8833,0.0000,0.3924,0.0000,0.3867,0.3881,Off,0
fix_ownoff,1316,13.9000,0.0000,0.3842,0.0000,0.3864,0.3881,Off,0
fix_ownoff,1317,13.9167,0.0000,0.3957,0.0000,0.3865,0.3881,Off,0
fix_ownoff,1318,13.9333,0.0000,0.3979,0.0000,0.3866,0.3881,Off,0
fix_ownoff,1319,13.9500,0.0000,0.3853,0.0000,0.3863,0.3881,Off,0
fix_ownoff,1320,13.9667,0.0000,0.3896,0.0000,0.3863,0.3863,Off,0
fix_ownoff,1321,13.9833,0.0000,0.4000,0.0000,0.3864,0.3864,Off,0
fix_ownoff,1322,14.0000,0.0000,0.3902,0.0000,0.3865,0.3865,Off,0
fix_ownoff,1323,14.0167,0.0000,0.3849,0.0000,0.3862,0.3865,Off,0
fix_ownoff,1324,14.0333,0.0000,0.3974,0.0000,0.3862,0.3865,Off,0
fix_ownoff,1325,14.0500,0.0000,0.3962,0.0000,0.3863,0.3865,Off,0
fix_ownoff,1326,14.0667,0.0000,0.3844,0.0000,0.3860,0.3865,Off,0
fix_ownoff,1327,14.0833,0.0000,0.3917,0.0000,0.3861,0.3865,Off,0
fix_ownoff,1328,14.1000,0.0000,0.3998,0.0000,0.3862,0.3865,Off,0
fix_ownoff,1329,14.1167,0.0000,0.3883,0.0000,0.3862,0.3865,Off,0
fix_ownoff,1330,14.1333,0.0000,0.3862,0.0000,0.3859,0.3865,Off,0
fix_ownoff,1331,14.1500,0.0000,0.3988,0.0000,0.3860,0.3865,Off,0
fix_ownoff,1332,14.1667,0.0000,0.3943,0.0000,0.3861,0.3865,Off,0
fix_ownoff,1333,14.1833,0.0000,0.3840,0.0000,0.3858,0.3865,Off,0
fix_ownoff,1334,14.2000,0.0000,0.3938,0.0000,0.3858,0.3865,Off,0
fix_ownoff,1335,14.2167,0.0000,0.3990,0.0000,0.3859,0.3865,Off,0
fix_ownoff,1336,14.2333,0.0000,0.3865,0.0000,0.3859,0.3865,Off,0
fix_ownoff,1337,14.2500,0.0000,0.3878,0.0000,0.3860,0.3865,Off,0
fix_ownoff,1338,14.2667,0.0000,0.3996,0.0000,0.3861,0.3865,Off,0
fix_ownoff,1339,14.2833,0.0000,0.3922,0.0000,0.3861,0.3865,Off,0
fix_ownoff,1340,14.3000,0.0000,0.3842,0.0000,0.3858,0.3865,Off,0
fix_ownoff,1341,14.3167,0.0000,0.3958,0.0000,0.3859,0.3865,Off,0
fix_ownoff,1342,14.3333,0.0000,0.3978,0.0000,0.3860,0.3865,Off,0
fix_ownoff,1343,14.3500,0.0000,0.3852,0.0000,0.3857,0.3865,Off,0
fix_ownoff,1344,14.3667,0.0000,0.3898,0.0000,0.3857,0.3865,Off,0
fix_ownoff,1345,14.3833,0.0000,0.4000,0.0000,0.3858,0.3865,Off,0
fix_ownoff,1346,14.4000,0.0000,0.3901,0.0000,0.3859,0.3865,Off,0
fix_ownoff,1347,14.4167,0.0000,0.3850,0.0000,0.3856,0.3865,Off,0
fix_ownoff,1348,14.4333,0.0000,0.3975,0.0000,0.3857,0.3865,Off,0
fix_ownoff,1349,14.4500,0.0000,0.3961,0.0000,0.3857,0.3865,Off,0
fix_ownoff,1350,14.4667,0.0000,0.3843,0.0000,0.3854,0.3865,Off,0
fix_ownoff,1351,14.4833,0.0000,0.3919,0.0000,0.3855,0.3865,Off,0
fix_ownoff,1352,14.5000,0.0000,0.3997,0.0000,0.3856,0.3865,Off,0
fix_ownoff,1353,14.5167,0.0000,0.3881,0.0000,0.3856,0.3865,Off,0
fix_ownoff,1354,14.5333,0.0000,0.3863,0.0000,0.3856,0.3865,Off,0
fix_ownoff,1355,14.5500,0.0000,0.3988,0.0000,0.3857,0.3865,Off,0
fix_ownoff,1356,14.5667,0.0000,0.3942,0.0000,0.3858,0.3865,Off,0
fix_ownoff,1357,14.5833,0.0000,0.3840,0.0000,0.3855,0.3865,Off,0
fix_ownoff,1358,14.6000,0.0000,0.3940,0.0000,0.3856,0.3856,Off,0
fix_ownoff,1359,14.6167,0.0000,0.3990,0.0000,0.3857,0.3857,Off,0
fix_ownoff,1360,14.6333,0.0000,0.3864,0.0000,0.3857,0.3857,Off,0
fix_ownoff,1361,14.6500,0.0000,0.3879,0.0000,0.3857,0.3857,Off,0
fix_ownoff,1362,14.6667,0.0000,0.3997,0.0000,0.3858,0.3858,Off,0
fix_ownoff,1363,14.6833,0.0000,0.3921,0.0000,0.3859,0.3859,Off,0
fix_ownoff,1364,14.7000,0.0000,0.3843,0.0000,0.3856,0.3859,Off,0
fix_ownoff,1365,14.7167,0.0000,0.3959,0.0000,0.3856,0.3859,Off,0
fix_ownoff,1366,14.7333,0.0000,0.3977,0.0000,0.3857,0.3859,Off,0
fix_ownoff,1367,14.7500,0.0000,0.3851,0.0000,0.3854,0.3859,Off,0
fix_ownoff,1368,14.7667,0.0000,0.3899,0.0000,0.3855,0.3859,Off,0
fix_ownoff,1369,14.7833,0.0000,0.4000,0.0000,0.3856,0.3859,Off,0
fix_ownoff,1370,14.8000,0.0000,0.3900,0.0000,0.3856,0.3859,Off,0
fix_ownoff,1371,14.8167,0.0000,0.3851,0.0000,0.3853,0.3859,Off,0
fix_ownoff,1372,14.8333,0.0000,0.3976,0.0000,0.3854,0.3859,Off,0
fix_ownoff,1373,14.8500,0.0000,0.3960,0.0000,0.3855,0.3859,Off,0
fix_ownoff,1374,14.8667,0.0000,0.3843,0.0000,0.3852,0.3859,Off,0
fix_ownoff,1375,14.8833,0.0000,0.3920,0.0000,0.3853,0.3859,Off,0
fix_ownoff,1376,14.9000,0.0000,0.3997,0.0000,0.3854,0.3859,Off,0
fix_ownoff,1377,14.9167,0.0000,0.3880,0.0000,0.3854,0.3859,Off,0
fix_ownoff,1378,14.9333,0.0000,0.3864,0.0000,0.3854,0.3859,Off,0
fix_ownoff,1379,14.9500,0.0000,0.3989,0.0000,0.3855,0.3859,Off,0
fix_ownoff,1380,14.9667,0.0000,0.3940,0.0000,0.3856,0.3859,Off,0
fix_ownoff,1381,14.9833,0.0000,0.3840,0.0000,0.3853,0.3859,Off,0
fix_ownoff,1382,15.0000,0.0000,0.3941,0.0000,0.3854,0.3859,Off,0
fix_ownoff,1383,15.0167,0.0000,0.3989,0.0000,0.3855,0.3859,Off,0
fix_ownoff,1384,15.0333,0.0000,0.3863,0.0000,0.3855,0.3859,Off,0
fix_ownoff,1385,15.0500,0.0000,0.3880,0.0000,0.3855,0.3859,Off,0
fix_ownoff,1386,15.0667,0.0000,0.3997,0.0000,0.3856,0.3859,Off,0
fix_ownoff,1387,15.0833,0.0000,0.3919,0.0000,0.3857,0.3859,Off,0
fix_ownoff,1388,15.1000,0.0000,0.3843,0.0000,0.3854,0.3859,Off,0
fix_relight,1389,0.0167,0.9953,1.0000,0.0463,0.3905,0.3905,Off,0
fix_relight,1390,0.0333,0.9636,1.0000,0.0889,0.3955,0.3955,Off,0
fix_relight,1391,0.0500,0.9731,1.0000,0.1301,0.4005,0.4005,Off,0
fix_relight,1392,0.0667,0.9999,1.0000,0.1705,0.4055,0.4024,Off,0
fix_relight,1393,0.0833,0.9765,1.0000,0.2080,0.4104,0.4024,Off,0
fix_relight,1394,0.1000,0.9619,1.0000,0.2431,0.4153,0.4024,Off,0
fix_relight,1395,0.1167,0.9929,1.0000,0.2779,0.4202,0.4024,Off,0
fix_relight,1396,0.1333,0.9914,1.0000,0.3111,0.4250,0.4024,Off,0
fix_relight,1397,0.1500,0.9612,1.0000,0.3413,0.4298,0.4024,Off,0
fix_relight,1398,0.1667,0.9783,1.0000,0.3710,0.4345,0.4024,Off,0
fix_relight,1399,0.1833,0.9997,1.0000,0.4002,0.4392,0.4024,Off,0
fix_relight,1400,0.2000,0.9714,1.0000,0.4268,0.4438,0.4024,Off,0
fix_relight,1401,0.2167,0.9648,1.0000,0.4518,0.4485,0.4024,Off,0
fix_relight,1402,0.2333,0.9965,1.0000,0.4771,0.4530,0.4024,Off,0
fix_relight,1403,0.2500,0.9867,1.0000,0.5008,0.4576,0.4024,Off,0
fix_relight,1404,0.2667,0.9601,1.0000,0.5222,0.4621,0.4024,Off,0
fix_relight,1405,0.2833,0.9837,1.0000,0.5436,0.4665,0.4024,Off,0
fix_relight,1406,0.3000,0.9980,1.0000,0.5648,0.4710,0.4024,Off,0
fix_relight,1407,0.3167,0.9670,1.0000,0.5835,0.4754,0.4024,Off,0
fix_relight,1408,0.3333,0.9687,1.0000,0.6014,0.4797,0.4024,Off,0
fix_relight,1409,0.3500,0.9989,1.0000,0.6199,0.4840,0.4024,Off,0
fix_relight,1410,0.3667,0.9815,1.0000,0.6367,0.4883,0.4024,Off,0
fix_relight,1411,0.3833,0.9604,1.0000,0.6517,0.4926,0.4024,Off,0
fix_relight,1412,0.4000,0.9887,1.0000,0.6674,0.4968,0.4024,Off,0
fix_relight,1413,0.4167,0.9951,1.0000,0.6826,0.5009,0.4024,Off,0
fix_relight,1414,0.4333,0.9634,1.0000,0.6957,0.5051,0.4024,Steady,0
fix_relight,1415,0.4500,0.9735,1.0000,0.7086,0.5092,0.4024,Steady,0
fix_relight,1416,0.4667,1.0000,1.0000,0.7222,0.5133,0.4024,Steady,0
fix_relight,1417,0.4833,0.9762,1.0000,0.7340,0.5173,0.4024,Steady,0
fix_relight,1418,0.5000,0.9620,1.0000,0.7446,0.5213,0.4024,Steady,0
fix_relight,1419,0.5167,0.9931,1.0000,0.7561,0.5253,0.4024,Steady,0
fix_relight,1420,0.5333,0.9911,1.0000,0.7671,0.5292,0.4024,Steady,0
fix_relight,1421,0.5500,0.9611,1.0000,0.7761,0.5331,0.4024,Steady,0
fix_relight,1422,0.5667,0.9787,1.0000,0.7855,0.5370,0.4024,Steady,0
fix_relight,1423,0.5833,0.9996,1.0000,0.7955,0.5409,0.4024,Steady,0
fix_relight,1424,0.6000,0.9711,1.0000,0.8036,0.5447,0.4024,Steady,0
fix_relight,1425,0.6167,0.9650,1.0000,0.8111,0.5484,0.4024,Steady,0
fix_relight,1426,0.6333,0.9967,1.0000,0.8198,0.5522,0.4024,Steady,0
fix_relight,1427,0.6500,0.9864,1.0000,0.8275,0.5559,0.4024,Steady,0
fix_relight,1428,0.6667,0.9600,1.0000,0.8337,0.5596,0.3691,Steady,0
fix_relight,1429,0.6833,0.9840,1.0000,0.8407,0.5632,0.3358,Steady,0
fix_relight,1430,0.7000,0.9979,1.0000,0.8480,0.5669,0.3024,Steady,0
fix_relight,1431,0.7167,0.9667,1.0000,0.8535,0.5705,0.2691,Steady,0
fix_relight,1432,0.7333,0.9690,1.0000,0.8589,0.5740,0.2358,Steady,0
fix_relight,1433,0.7500,0.9990,1.0000,0.8654,0.5776,0.2024,Steady,0
fix_relight,1434,0.7667,0.9811,1.0000,0.8708,0.5811,0.1691,Steady,0
fix_relight,1435,0.7833,0.9604,1.0000,0.8749,0.5845,0.1358,Steady,0
fix_relight,1436,0.8000,0.9890,1.0000,0.8802,0.5880,0.1024,Steady,0
fix_relight,1437,0.8167,0.9949,1.0000,0.8856,0.5914,0.0691,Steady,0
fix_relight,1438,0.8333,0.9633,1.0000,0.8892,0.5948,0.0358,Steady,0
fix_relight,1439,0.8500,0.9738,1.0000,0.8931,0.5982,0.0024,Steady,0
fix_relight,1440,0.8667,1.0000,1.0000,0.8981,0.6015,0.0000,Steady,0
fix_relight,1441,0.8833,0.9758,1.0000,0.9017,0.6048,0.0000,Steady,0
fix_relight,1442,0.9000,0.9622,1.0000,0.9045,0.6081,0.0000,Steady,0
fix_relight,1443,0.9167,0.9934,1.0000,0.9087,0.6113,0.0000,Steady,0
fix_relight,1444,0.9333,0.9909,1.0000,0.9125,0.6146,0.0000,Steady,0
fix_relight,1445,0.9500,0.9610,1.0000,0.9147,0.6178,0.0000,Steady,0
fix_relight,1446,0.9667,0.9790,1.0000,0.9177,0.6209,0.0000,Steady,0
fix_relight,1447,0.9833,0.9995,1.0000,0.9215,0.6241,0.0000,Steady,0
fix_relight,1448,1.0000,0.9708,1.0000,0.9238,0.6272,0.0000,Steady,0
fix_relight,1449,1.0167,0.9652,1.0000,0.9257,0.6303,0.0000,Steady,0
fix_relight,1450,1.0333,0.9968,1.0000,0.9290,0.6334,0.0000,Steady,0
fix_relight,1451,1.0500,0.9860,1.0000,0.9317,0.6364,0.0000,Steady,0
fix_relight,1452,1.0667,0.9600,1.0000,0.9330,0.6394,0.0000,Steady,0
fix_relight,1453,1.0833,0.9843,1.0000,0.9354,0.6424,0.0000,Steady,0
fix_relight,1454,1.1000,0.9977,1.0000,0.9383,0.6454,0.0000,Steady,0
fix_relight,1455,1.1167,0.9665,1.0000,0.9396,0.6483,0.0000,Steady,0
fix_relight,1456,1.1333,0.9693,1.0000,0.9410,0.6512,0.0000,Steady,0
fix_relight,1457,1.1500,0.9991,1.0000,0.9437,0.6541,0.0000,Steady,0
fix_relight,1458,1.1667,0.9808,1.0000,0.9454,0.6570,0.0000,Steady,0
fix_relight,1459,1.1833,0.9605,1.0000,0.9461,0.6599,0.0000,Steady,0
fix_relight,1460,1.2000,0.9893,1.0000,0.9481,0.6627,0.0000,Steady,0
fix_relight,1461,1.2167,0.9947,1.0000,0.9503,0.6655,0.0000,Steady,0
fix_relight,1462,1.2333,0.9631,1.0000,0.9509,0.6683,0.0000,Steady,0
fix_relight,1463,1.2500,0.9741,1.0000,0.9520,0.6710,0.0000,Steady,0
fix_relight,1464,1.2667,1.0000,1.0000,0.9542,0.6737,0.0000,Steady,0
fix_relight,1465,1.2833,0.9755,1.0000,0.9552,0.6764,0.0000,Steady,0
fix_relight,1466,1.3000,0.9623,1.0000,0.9555,0.6791,0.0000,Steady,0
fix_relight,1467,1.3167,0.9937,1.0000,0.9573,0.6818,0.0000,Steady,0
fix_relight,1468,1.3333,0.9906,1.0000,0.9588,0.6844,0.0000,Steady,0
fix_relight,1469,1.3500,0.9609,1.0000,0.9589,0.6871,0.0000,Steady,0
fix_relight,1470,1.3667,0.9794,1.0000,0.9599,0.6896,0.0000,Steady,0
fix_relight,1471,1.3833,0.9995,1.0000,0.9617,0.6922,0.0000,Steady,0
fix_relight,1472,1.4000,0.9705,1.0000,0.9621,0.6948,0.0000,Steady,0
fix_relight,1473,1.4167,0.9654,1.0000,0.9623,0.6973,0.0000,Steady,0
fix_relight,1474,1.4333,0.9970,1.0000,0.9639,0.6998,0.0000,Steady,0
fix_relight,1475,1.4500,0.9857,1.0000,0.9649,0.7023,0.0000,Steady,0
fix_relight,1476,1.4667,0.9600,1.0000,0.9647,0.7048,0.0000,Steady,0
fix_relight,1477,1.4833,0.9847,1.0000,0.9656,0.7072,0.0000,Steady,0
fix_relight,1478,1.5000,0.9976,1.0000,0.9671,0.7097,0.0000,Steady,0
fix_relight,1479,1.5167,0.9662,1.0000,0.9671,0.7121,0.0000,Steady,0
fix_relight,1480,1.5333,0.9696,1.0000,0.9672,0.7145,0.0000,Steady,0
fix_relight,1481,1.5500,0.9992,1.0000,0.9687,0.7168,0.0000,Steady,0
fix_relight,1482,1.5667,0.9805,1.0000,0.9692,0.7192,0.0000,Steady,0
fix_relight,1483,1.5833,0.9606,1.0000,0.9688,0.7215,0.0000,Steady,0
fix_relight,1484,1.6000,0.9896,1.0000,0.9698,0.7238,0.0000,Steady,0
fix_relight,1485,1.6167,0.9944,1.0000,0.9709,0.7261,0.0000,Steady,0
fix_relight,1486,1.6333,0.9629,1.0000,0.9706,0.7284,0.0000,Steady,0
fix_relight,1487,1.6500,0.9744,1.0000,0.9707,0.7306,0.0000,Steady,0
fix_relight,1488,1.6667,1.0000,1.0000,0.9721,0.7329,0.0000,Steady,0
fix_relight,1489,1.6833,0.9752,1.0000,0.9722,0.7351,0.0000,Steady,0
fix_relight,1490,1.7000,0.9625,1.0000,0.9718,0.7373,0.0000,Steady,0
fix_relight,1491,1.7167,0.9939,1.0000,0.9728,0.7395,0.0000,Steady,0
fix_relight,1492,1.7333,0.9903,1.0000,0.9736,0.7416,0.0000,Steady,0
fix_relight,1493,1.7500,0.9608,1.0000,0.9730,0.7438,0.0000,Steady,0
fix_relight,1494,1.7667,0.9797,1.0000,0.9733,0.7459,0.0000,Steady,0
fix_relight,1495,1.7833,0.9994,1.0000,0.9746,0.7480,0.0000,Steady,0
fix_relight,1496,1.8000,0.9702,1.0000,0.9744,0.7501,0.0000,Steady,0
fix_relight,1497,1.8167,0.9657,1.0000,0.9739,0.7522,0.0000,Steady,0
fix_relight,1498,1.8333,0.9972,1.0000,0.9750,0.7542,0.0000,Steady,0
fix_relight,1499,1.8500,0.9854,1.0000,0.9755,0.7563,0.0000,Steady,0
fix_relight,1500,1.8667,0.9600,1.0000,0.9748,0.7583,0.0000,Steady,0
fix_relight,1501,1.8833,0.9850,1.0000,0.9753,0.7603,0.0000,Steady,0
fix_relight,1502,1.9000,0.9974,1.0000,0.9763,0.7623,0.0000,Steady,0
fix_relight,1503,1.9167,0.9660,1.0000,0.9758,0.7643,0.0000,Steady,0
fix_relight,1504,1.9333,0.9699,1.0000,0.9755,0.7662,0.0000,Steady,0
fix_relight,1505,1.9500,0.9993,1.0000,0.9766,0.7682,0.0000,Steady,0
fix_relight,1506,1.9667,0.9801,1.0000,0.9768,0.7701,0.0000,Steady,0
fix_relight,1507,1.9833,0.9607,1.0000,0.9761,0.7720,0.0000,Steady,0
fix_relight,1508,2.0000,0.9899,1.0000,0.9767,0.7739,0.0000,Steady,0
fix_relight,1509,2.0167,0.9942,1.0000,0.9775,0.7758,0.0000,Steady,0
fix_relight,1510,2.0333,0.9627,1.0000,0.9768,0.7776,0.0000,Steady,0
fix_relight,1511,2.0500,0.9748,1.0000,0.9767,0.7795,0.0000,Steady,0
fix_relight,1512,2.0667,1.0000,1.0000,0.9778,0.7813,0.0000,Steady,0
fix_relight,1513,2.0833,0.9749,1.0000,0.9777,0.7831,0.0000,Steady,0
fix_relight,1514,2.1000,0.9627,1.0000,0.9770,0.7849,0.0000,Steady,0
fix_relight,1515,2.1167,0.9941,1.0000,0.9778,0.7867,0.0000,Steady,0
fix_relight,1516,2.1333,0.9900,1.0000,0.9783,0.7885,0.0000,Steady,0
fix_relight,1517,2.1500,0.9607,1.0000,0.9775,0.7902,0.0000,Steady,0
fix_relight,1518,2.1667,0.9800,1.0000,0.9776,0.7920,0.0000,Steady,0
fix_relight,1519,2.1833,0.9993,1.0000,0.9786,0.7937,0.0000,Steady,0
fix_relight,1520,2.2000,0.9699,1.0000,0.9782,0.7954,0.0000,Steady,0
fix_relight,1521,2.2167,0.9659,1.0000,0.9777,0.7971,0.0000,Steady,0
fix_relight,1522,2.2333,0.9974,1.0000,0.9786,0.7988,0.0000,Steady,0
fix_relight,1523,2.2500,0.9851,1.0000,0.9789,0.8005,0.0000,Steady,0
fix_relight,1524,2.2667,0.9600,1.0000,0.9780,0.8021,0.0000,Steady,0
fix_relight,1525,2.2833,0.9853,1.0000,0.9783,0.8038,0.0000,Steady,0
fix_relight,1526,2.3000,0.9972,1.0000,0.9792,0.8054,0.0000,Steady,0
fix_relight,1527,2.3167,0.9657,1.0000,0.9786,0.8070,0.0000,Steady,0
fix_relight,1528,2.3333,0.9702,1.0000,0.9782,0.8086,0.0000,Steady,0
fix_relight,1529,2.3500,0.9994,1.0000,0.9792,0.8102,0.0000,Steady,0
fix_relight,1530,2.3667,0.9798,1.0000,0.9792,0.8118,0.0000,Steady,0
fix_relight,1531,2.3833,0.9607,1.0000,0.9784,0.8133,0.0000,Steady,0
fix_relight,1532,2.4000,0.9902,1.0000,0.9789,0.8149,0.0000,Steady,0
fix_relight,1533,2.4167,0.9940,1.0000,0.9796,0.8164,0.0000,Steady,0
fix_relight,1534,2.4333,0.9625,1.0000,0.9788,0.8179,0.0000,Steady,0
fix_relight,1535,2.4500,0.9751,1.0000,0.9786,0.8194,0.0000,Steady,0
fix_relight,1536,2.4667,1.0000,1.0000,0.9796,0.8209,0.0000,Steady,0
fix_relight,1537,2.4833,0.9745,1.0000,0.9794,0.8224,0.0000,Steady,0
fix_relight,1538,2.5000,0.9628,1.0000,0.9786,0.8239,0.0000,Steady,0
fix_relight,1539,2.5167,0.9944,1.0000,0.9794,0.8254,0.0000,Steady,0
fix_relight,1540,2.5333,0.9897,1.0000,0.9798,0.8268,0.0000,Steady,0
fix_relight,1541,2.5500,0.9606,1.0000,0.9789,0.8282,0.0000,Steady,0
fix_relight,1542,2.5667,0.9804,1.0000,0.9790,0.8297,0.0000,Steady,0
fix_relight,1543,2.5833,0.9992,1.0000,0.9800,0.8311,0.0000,Steady,0
fix_relight,1544,2.6000,0.9696,1.0000,0.9795,0.8325,0.0000,Steady,0
fix_relight,1545,2.6167,0.9662,1.0000,0.9789,0.8339,0.0000,Steady,0
fix_relight,1546,2.6333,0.9975,1.0000,0.9797,0.8353,0.0000,Steady,0
fix_relight,1547,2.6500,0.9847,1.0000,0.9800,0.8366,0.0000,Steady,0
fix_relight,1548,2.6667,0.9600,1.0000,0.9790,0.8380,0.0000,Steady,0
fix_relight,1549,2.6833,0.9856,1.0000,0.9793,0.8393,0.0000,Steady,0
fix_relight,1550,2.7000,0.9971,1.0000,0.9802,0.8407,0.0000,Steady,0
fix_relight,1551,2.7167,0.9655,1.0000,0.9795,0.8420,0.0000,Steady,0
fix_relight,1552,2.7333,0.9705,1.0000,0.9791,0.8433,0.0000,Steady,0
fix_relight,1553,2.7500,0.9995,1.0000,0.9800,0.8446,0.0000,Steady,0
fix_relight,1554,2.7667,0.9794,1.0000,0.9800,0.8459,0.0000,Steady,0
fix_relight,1555,2.7833,0.9608,1.0000,0.9791,0.8472,0.0000,Steady,0
fix_relight,1556,2.8000,0.9905,1.0000,0.9796,0.8484,0.0000,Steady,0
fix_relight,1557,2.8167,0.9937,1.0000,0.9803,0.8497,0.0000,Steady,0
fix_relight,1558,2.8333,0.9624,1.0000,0.9794,0.8509,0.0000,Steady,0
fix_relight,1559,2.8500,0.9754,1.0000,0.9793,0.8522,0.0000,Steady,0
fix_relight,1560,2.8667,1.0000,1.0000,0.9802,0.8534,0.0000,Steady,0
fix_relight,1561,2.8833,0.9742,1.0000,0.9799,0.8546,0.0000,Steady,0
fix_relight,1562,2.9000,0.9630,1.0000,0.9792,0.8558,0.0000,Steady,0
fix_relight,1563,2.9167,0.9946,1.0000,0.9799,0.8570,0.0000,Steady,0
fix_relight,1564,2.9333,0.9894,1.0000,0.9803,0.8582,0.0000,Steady,0
fix_relight,1565,2.9500,0.9605,1.0000,0.9794,0.8594,0.0000,Steady,0
fix_relight,1566,2.9667,0.9807,1.0000,0.9795,0.8605,0.0000,Steady,0
fix_relight,1567,2.9833,0.9991,1.0000,0.9804,0.8617,0.0000,Steady,0
fix_relight,1568,3.0000,0.9694,1.0000,0.9799,0.8629,0.0000,Steady,0
fix_relight,1569,3.0167,0.9664,1.0000,0.9792,0.8640,0.0000,Steady,0
fix_relight,1570,3.0333,0.9977,1.0000,0.9801,0.8651,0.0000,Steady,0
fix_relight,1571,3.0500,0.9844,1.0000,0.9803,0.8662,0.0000,Steady,0
fix_relight,1572,3.0667,0.9600,1.0000,0.9794,0.8674,0.0000,Steady,0
fix_relight,1573,3.0833,0.9860,1.0000,0.9797,0.8685,0.0000,Steady,0
fix_relight,1574,3.1000,0.9969,1.0000,0.9805,0.8695,0.0000,Steady,0
fix_relight,1575,3.1167,0.9653,1.0000,0.9798,0.8706,0.0000,Steady,0
fix_relight,1576,3.1333,0.9708,1.0000,0.9793,0.8717,0.0000,Steady,0
fix_relight,1577,3.1500,0.9995,1.0000,0.9803,0.8728,0.0000,Steady,0
fix_relight,1578,3.1667,0.9791,1.0000,0.9802,0.8738,0.0000,Steady,0
fix_relight,1579,3.1833,0.9609,1.0000,0.9793,0.8749,0.0000,Steady,0
fix_relight,1580,3.2000,0.9908,1.0000,0.9799,0.8759,0.0000,Steady,0
fix_relight,1581,3.2167,0.9935,1.0000,0.9805,0.8769,0.0000,Steady,0
fix_relight,1582,3.2333,0.9622,1.0000,0.9796,0.8780,0.0000,Steady,0
fix_relight,1583,3.2500,0.9758,1.0000,0.9795,0.8790,0.0000,Steady,0
fix_relight,1584,3.2667,1.0000,1.0000,0.9804,0.8800,0.0000,Steady,0
fix_relight,1585,3.2833,0.9739,1.0000,0.9801,0.8810,0.0000,Steady,0
fix_relight,1586,3.3000,0.9632,1.0000,0.9793,0.8820,0.0000,Steady,0
fix_relight,1587,3.3167,0.9948,1.0000,0.9800,0.8829,0.0000,Steady,0
fix_relight,1588,3.3333,0.9891,1.0000,0.9805,0.8839,0.0000,Steady,0
fix_relight,1589,3.3500,0.9604,1.0000,0.9795,0.8849,0.0000,Steady,0
fix_relight,1590,3.3667,0.9811,1.0000,0.9796,0.8858,0.0000,Steady,0
fix_relight,1591,3.3833,0.9990,1.0000,0.9805,0.8868,0.0000,Steady,0
fix_relight,1592,3.4000,0.9691,1.0000,0.9800,0.8877,0.0000,Steady,0
fix_relight,1593,3.4167,0.9667,1.0000,0.9794,0.8886,0.0000,Steady,0
fix_relight,1594,3.4333,0.9979,1.0000,0.9802,0.8896,0.0000,Steady,0
fix_relight,1595,3.4500,0.9841,1.0000,0.9804,0.8905,0.0000,Steady,0
fix_relight,1596,3.4667,0.9600,1.0000,0.9794,0.8914,0.0000,Steady,0
fix_relight,1597,3.4833,0.9863,1.0000,0.9798,0.8923,0.0000,Steady,0
fix_relight,1598,3.5000,0.9967,1.0000,0.9806,0.8932,0.0000,Steady,0
fix_relight,1599,3.5167,0.9650,1.0000,0.9798,0.8941,0.0000,Steady,0
fix_relight,1600,3.5333,0.9711,1.0000,0.9794,0.8950,0.0000,Steady,0
fix_relight,1601,3.5500,0.9996,1.0000,0.9804,0.8958,0.0000,Steady,0
fix_relight,1602,3.5667,0.9788,1.0000,0.9803,0.8967,0.0000,Steady,0
fix_relight,1603,3.5833,0.9610,1.0000,0.9794,0.8975,0.0000,Steady,0
fix_relight,1604,3.6000,0.9911,1.0000,0.9799,0.8984,0.0000,Steady,0
fix_relight,1605,3.6167,0.9932,1.0000,0.9806,0.8992,0.0000,Steady,0
fix_relight,1606,3.6333,0.9621,1.0000,0.9797,0.9001,0.0000,Steady,0
fix_relight,1607,3.6500,0.9761,1.0000,0.9795,0.9009,0.0000,Steady,0
fix_relight,1608,3.6667,1.0000,1.0000,0.9805,0.9017,0.0000,Steady,0
fix_relight,1609,3.6833,0.9735,1.0000,0.9802,0.9025,0.0000,Steady,0
fix_relight,1610,3.7000,0.9634,1.0000,0.9794,0.9034,0.0000,Steady,0
fix_relight,1611,3.7167,0.9951,1.0000,0.9801,0.9042,0.0000,Steady,0
fix_relight,1612,3.7333,0.9888,1.0000,0.9805,0.9050,0.0000,Steady,0
fix_relight,1613,3.7500,0.9604,1.0000,0.9796,0.9057,0.0000,Steady,0
fix_relight,1614,3.7667,0.9814,1.0000,0.9797,0.9065,0.0000,Steady,0
fix_relight,1615,3.7833,0.9989,1.0000,0.9806,0.9073,0.0000,Steady,0
fix_relight,1616,3.8000,0.9688,1.0000,0.9800,0.9081,0.0000,Steady,0
fix_relight,1617,3.8167,0.9669,1.0000,0.9794,0.9088,0.0000,Steady,0
fix_relight,1618,3.8333,0.9980,1.0000,0.9803,0.9096,0.0000,Steady,0
fix_relight,1619,3.8500,0.9837,1.0000,0.9804,0.9103,0.0000,Steady,0
fix_relight,1620,3.8667,0.9601,1.0000,0.9795,0.9111,0.0000,Steady,0
fix_relight,1621,3.8833,0.9866,1.0000,0.9798,0.9118,0.0000,Steady,0
fix_relight,1622,3.9000,0.9965,1.0000,0.9806,0.9126,0.0000,Steady,0
fix_relight,1623,3.9167,0.9648,1.0000,0.9799,0.9133,0.0000,Steady,0
fix_relight,1624,3.9333,0.9714,1.0000,0.9795,0.9140,0.0000,Steady,0
fix_relight,1625,3.9500,0.9997,1.0000,0.9804,0.9147,0.0000,Steady,0
fix_relight,1626,3.9667,0.9784,1.0000,0.9803,0.9154,0.0000,Steady,0
fix_relight,1627,3.9833,0.9612,1.0000,0.9794,0.9161,0.0000,Steady,0
fix_relight,1628,4.0000,0.9914,1.0000,0.9800,0.9168,0.0000,Steady,0
fix_relight,1629,4.0167,0.9930,1.0000,0.9806,0.9175,0.0000,Steady,0
fix_relight,1630,4.0333,0.9619,1.0000,0.9797,0.9182,0.0000,Steady,0
fix_relight,1631,4.0500,0.9764,1.0000,0.9796,0.9189,0.0000,Steady,0
fix_relight,1632,4.0667,0.9999,1.0000,0.9805,0.9195,0.0000,Steady,0
fix_relight,1633,4.0833,0.9732,1.0000,0.9802,0.9202,0.0000,Steady,0
fix_relight,1634,4.1000,0.9636,1.0000,0.9794,0.9209,0.0000,Steady,0
fix_relight,1635,4.1167,0.9953,1.0000,0.9801,0.9215,0.0000,Steady,0
fix_relight,1636,4.1333,0.9885,1.0000,0.9805,0.9222,0.0000,Steady,0
fix_relight,1637,4.1500,0.9603,1.0000,0.9796,0.9228,0.0000,Steady,0
fix_relight,1638,4.1667,0.9817,1.0000,0.9797,0.9235,0.0000,Steady,0
fix_relight,1639,4.1833,0.9988,1.0000,0.9806,0.9241,0.0000,Steady,0
fix_relight,1640,4.2000,0.9685,1.0000,0.9800,0.9247,0.0000,Steady,0
fix_relight,1641,4.2167,0.9672,1.0000,0.9794,0.9254,0.0000,Steady,0
fix_relight,1642,4.2333,0.9982,1.0000,0.9803,0.9260,0.0000,Steady,0
fix_relight,1643,4.2500,0.9834,1.0000,0.9804,0.9266,0.0000,Steady,0
fix_relight,1644,4.2667,0.9601,1.0000,0.9795,0.9272,0.0000,Steady,0
fix_relight,1645,4.2833,0.9869,1.0000,0.9798,0.9278,0.0000,Steady,0
fix_relight,1646,4.3000,0.9963,1.0000,0.9806,0.9284,0.0000,Steady,0
fix_relight,1647,4.3167,0.9646,1.0000,0.9799,0.9290,0.0000,Steady,0
fix_relight,1648,4.3333,0.9717,1.0000,0.9795,0.9296,0.0000,Steady,0
fix_relight,1649,4.3500,0.9997,1.0000,0.9804,0.9302,0.0000,Steady,0
fix_relight,1650,4.3667,0.9781,1.0000,0.9803,0.9308,0.0000,Steady,0
fix_relight,1651,4.3833,0.9613,1.0000,0.9794,0.9313,0.0000,Steady,0
fix_relight,1652,4.4000,0.9916,1.0000,0.9800,0.9319,0.0000,Steady,0
fix_relight,1653,4.4167,0.9927,1.0000,0.9806,0.9325,0.0000,Steady,0
fix_relight,1654,4.4333,0.9618,1.0000,0.9797,0.9330,0.0000,Steady,0
fix_relight,1655,4.4500,0.9768,1.0000,0.9796,0.9336,0.0000,Steady,0
fix_relight,1656,4.4667,0.9999,1.0000,0.9805,0.9341,0.0000,Steady,0
fix_relight,1657,4.4833,0.9729,1.0000,0.9802,0.9347,0.0000,Steady,0
fix_relight,1658,4.5000,0.9638,1.0000,0.9794,0.9352,0.0000,Steady,0
fix_relight,1659,4.5167,0.9955,1.0000,0.9801,0.9358,0.0000,Steady,0
fix_relight,1660,4.5333,0.9882,1.0000,0.9805,0.9363,0.0000,Steady,0
fix_relight,1661,4.5500,0.9602,1.0000,0.9796,0.9368,0.0000,Steady,0
fix_relight,1662,4.5667,0.9821,1.0000,0.9797,0.9373,0.0000,Steady,0
fix_relight,1663,4.5833,0.9987,1.0000,0.9806,0.9379,0.0000,Steady,0
fix_relight,1664,4.6000,0.9682,1.0000,0.9800,0.9384,0.0000,Steady,0
fix_relight,1665,4.6167,0.9674,1.0000,0.9794,0.9389,0.0000,Steady,0
fix_relight,1666,4.6333,0.9983,1.0000,0.9803,0.9394,0.0000,Steady,0
fix_relight,1667,4.6500,0.9831,1.0000,0.9804,0.9399,0.0000,Steady,0
fix_relight,1668,4.6667,0.9601,1.0000,0.9795,0.9404,0.0000,Steady,0
fix_relight,1669,4.6833,0.9873,1.0000,0.9798,0.9409,0.0000,Steady,0
fix_relight,1670,4.7000,0.9961,1.0000,0.9806,0.9414,0.0000,Steady,0
fix_relight,1671,4.7167,0.9644,1.0000,0.9798,0.9419,0.0000,Steady,0
fix_relight,1672,4.7333,0.9720,1.0000,0.9795,0.9424,0.0000,Steady,0
fix_relight,1673,4.7500,0.9998,1.0000,0.9804,0.9428,0.0000,Steady,0
fix_relight,1674,4.7667,0.9777,1.0000,0.9803,0.9433,0.0000,Steady,0
fix_relight,1675,4.7833,0.9614,1.0000,0.9794,0.9438,0.0000,Steady,0
fix_relight,1676,4.8000,0.9919,1.0000,0.9800,0.9442,0.0000,Steady,0
fix_relight,1677,4.8167,0.9924,1.0000,0.9806,0.9447,0.0000,Steady,0
fix_relight,1678,4.8333,0.9616,1.0000,0.9797,0.9452,0.0000,Steady,0
fix_relight,1679,4.8500,0.9771,1.0000,0.9796,0.9456,0.0000,Steady,0
fix_relight,1680,4.8667,0.9999,1.0000,0.9805,0.9461,0.0000,Steady,0
fix_relight,1681,4.8833,0.9726,1.0000,0.9802,0.9465,0.0000,Steady,0
fix_relight,1682,4.9000,0.9640,1.0000,0.9794,0.9470,0.0000,Steady,0
fix_relight,1683,4.9167,0.9957,1.0000,0.9802,0.9474,0.0000,Steady,0
fix_relight,1684,4.9333,0.9879,1.0000,0.9805,0.9478,0.0000,Steady,0
fix_relight,1685,4.9500,0.9602,1.0000,0.9796,0.9483,0.0000,Steady,0
fix_relight,1686,4.9667,0.9824,1.0000,0.9797,0.9487,0.0000,Steady,0
fix_relight,1687,4.9833,0.9985,1.0000,0.9806,0.9491,0.0000,Steady,0
fix_relight,1688,5.0000,0.9680,1.0000,0.9800,0.9495,0.0000,Steady,0
fix_failing_calm,1689,0.0167,0.5159,0.9024,0.9723,0.9477,0.0000,Steady,1
fix_failing_calm,1690,0.0333,0.5115,0.8992,0.9647,0.9458,0.0000,Steady,1
fix_failing_calm,1691,0.0500,0.5069,0.9065,0.9571,0.9439,0.0000,Steady,1
fix_failing_calm,1692,0.0667,0.5022,0.8945,0.9496,0.9421,0.0000,Steady,1
fix_failing_calm,1693,0.0833,0.4973,0.8816,0.9421,0.9402,0.0000,Steady,1
fix_failing_calm,1694,0.1000,0.4924,0.8881,0.9347,0.9384,0.0000,Steady,1
fix_failing_calm,1695,0.1167,0.4873,0.8851,0.9273,0.9366,0.0000,Steady,1
fix_failing_calm,1696,0.1333,0.4821,0.8673,0.9200,0.9348,0.0000,Steady,1
fix_failing_calm,1697,0.1500,0.4767,0.8664,0.9126,0.9329,0.0000,Steady,1
fix_failing_calm,1698,0.1667,0.4713,0.8713,0.9053,0.9311,0.0000,Steady,1
fix_failing_calm,1699,0.1833,0.4658,0.8560,0.8981,0.9293,0.0000,Steady,1
fix_failing_calm,1700,0.2000,0.4602,0.8452,0.8908,0.9275,0.0000,Steady,1
fix_failing_calm,1701,0.2167,0.4546,0.8521,0.8836,0.9257,0.0000,Steady,1
fix_failing_calm,1702,0.2333,0.4489,0.8451,0.8764,0.9240,0.0000,Steady,1
fix_failing_calm,1703,0.2500,0.4432,0.8276,0.8693,0.9222,0.0000,Steady,1
fix_failing_calm,1704,0.2667,0.4375,0.8292,0.8621,0.9204,0.0000,Steady,1
fix_failing_calm,1705,0.2833,0.4317,0.8315,0.8550,0.9187,0.0000,Steady,1
fix_failing_calm,1706,0.3000,0.4260,0.8142,0.8479,0.9169,0.0000,Steady,1
fix_failing_calm,1707,0.3167,0.4203,0.8065,0.8409,0.9151,0.0000,Steady,1
fix_failing_calm,1708,0.3333,0.4146,0.8134,0.8338,0.9134,0.0000,Steady,1
fix_failing_calm,1709,0.3500,0.4090,0.8032,0.8268,0.9117,0.0000,Steady,1
fix_failing_calm,1710,0.3667,0.4034,0.7874,0.8198,0.9099,0.0000,Steady,1
fix_failing_calm,1711,0.3833,0.3979,0.7918,0.8128,0.9082,0.0000,Steady,1
fix_failing_calm,1712,0.4000,0.3926,0.7916,0.8059,0.9065,0.0000,Steady,1
fix_failing_calm,1713,0.4167,0.3873,0.7738,0.7990,0.9048,0.0000,Steady,1
fix_failing_calm,1714,0.4333,0.3822,0.7700,0.7921,0.9031,0.0000,Steady,1
fix_failing_calm,1715,0.4500,0.3772,0.7769,0.7852,0.9014,0.0000,Steady,1
fix_failing_calm,1716,0.4667,0.3724,0.7646,0.7784,0.8997,0.0000,Steady,1
fix_failing_calm,1717,0.4833,0.3678,0.7521,0.7716,0.8980,0.0000,Steady,1
fix_failing_calm,1718,0.5000,0.2544,0.6503,0.7631,0.8964,0.0000,Steady,1
fix_failing_calm,1719,0.5167,0.2515,0.6492,0.7546,0.8947,0.0083,Failing,1
fix_failing_calm,1720,0.5333,0.2487,0.6339,0.7462,0.8930,0.0167,Failing,1
fix_failing_calm,1721,0.5500,0.2462,0.6360,0.7380,0.8914,0.0250,Failing,1
fix_failing_calm,1722,0.5667,0.2438,0.6438,0.7298,0.8897,0.0333,Failing,1
fix_failing_calm,1723,0.5833,0.2416,0.6317,0.7217,0.8881,0.0417,Failing,1
fix_failing_calm,1724,0.6000,0.2396,0.6247,0.7138,0.8864,0.0500,Failing,1
fix_failing_calm,1725,0.6167,0.2379,0.6354,0.7059,0.8848,0.0583,Failing,1
fix_failing_calm,1726,0.6333,0.2364,0.6325,0.6981,0.8832,0.0667,Failing,1
fix_failing_calm,1727,0.6500,0.3358,0.7202,0.6922,0.8815,0.0750,Failing,1
fix_failing_calm,1728,0.6667,0.3344,0.7263,0.6862,0.8799,0.0833,Failing,1
fix_failing_calm,1729,0.6833,0.3333,0.7330,0.6804,0.8783,0.0917,Failing,1
fix_failing_calm,1730,0.7000,0.3326,0.7207,0.6747,0.8767,0.1000,Failing,1
fix_failing_calm,1731,0.7167,0.3323,0.7186,0.6690,0.8751,0.1083,Failing,1
fix_failing_calm,1732,0.7333,0.3323,0.7312,0.6634,0.8735,0.1167,Failing,1
fix_failing_calm,1733,0.7500,0.3328,0.7270,0.6580,0.8719,0.1250,Failing,1
fix_failing_calm,1734,0.7667,0.3337,0.7177,0.6526,0.8703,0.1333,Failing,1
fix_failing_calm,1735,0.7833,0.3350,0.7290,0.6474,0.8688,0.1417,Failing,1
fix_failing_calm,1736,0.8000,0.3368,0.7357,0.6422,0.8672,0.1500,Failing,1
fix_failing_calm,1737,0.8167,0.3390,0.7254,0.6372,0.8656,0.1583,Failing,1
fix_failing_calm,1738,0.8333,0.3416,0.7295,0.6323,0.8641,0.1667,Failing,1
fix_failing_calm,1739,0.8500,0.3446,0.7443,0.6276,0.8625,0.1750,Failing,1
fix_failing_calm,1740,0.8667,0.3481,0.7401,0.6230,0.8610,0.1833,Failing,1
fix_failing_calm,1741,0.8833,0.3519,0.7362,0.6185,0.8594,0.1917,Failing,1
fix_failing_calm,1742,0.9000,0.3563,0.7522,0.6141,0.8579,0.2000,Failing,1
fix_failing_calm,1743,0.9167,0.3610,0.7586,0.6100,0.8564,0.2083,Failing,1
fix_failing_calm,1744,0.9333,0.3661,0.7512,0.6059,0.8548,0.2167,Failing,1
fix_failing_calm,1745,0.9500,0.3716,0.7616,0.6021,0.8533,0.2250,Failing,1
fix_failing_calm,1746,0.9667,0.3776,0.7776,0.5983,0.8518,0.2333,Failing,1
fix_failing_calm,1747,0.9833,0.3839,0.7738,0.5948,0.8503,0.2417,Failing,1
fix_failing_calm,1748,1.0000,0.3906,0.7757,0.5914,0.8488,0.2500,Failing,1
fix_failing_calm,1749,1.0167,0.3976,0.7953,0.5882,0.8473,0.2583,Failing,1
fix_failing_calm,1750,1.0333,0.4050,0.8009,0.5852,0.8458,0.2667,Failing,1
fix_failing_calm,1751,1.0500,0.4127,0.7970,0.5823,0.8443,0.2750,Failing,1
fix_failing_calm,1752,1.0667,0.4207,0.8127,0.5797,0.8428,0.2833,Failing,1
fix_failing_calm,1753,1.0833,0.4289,0.8286,0.5772,0.8414,0.2917,Failing,1
fix_failing_calm,1754,1.1000,0.4375,0.8255,0.5749,0.8399,0.3000,Failing,1
fix_failing_calm,1755,1.1167,0.4463,0.8327,0.5727,0.8384,0.3083,Failing,1
fix_failing_calm,1756,1.1333,0.4553,0.8542,0.5708,0.8386,0.3167,Failing,1
fix_failing_calm,1757,1.1500,0.4644,0.8585,0.5690,0.8387,0.3250,Failing,1
fix_failing_calm,1758,1.1667,0.4738,0.8578,0.5675,0.8389,0.3333,Failing,1
fix_failing_calm,1759,1.1833,0.4833,0.8774,0.5661,0.8392,0.3337,Failing,1
fix_failing_calm,1760,1.2000,0.4929,0.8918,0.5649,0.8396,0.3337,Failing,1
fix_failing_calm,1761,1.2167,0.5026,0.8889,0.5638,0.8400,0.3337,Failing,1
fix_failing_calm,1762,1.2333,0.5123,0.9004,0.5630,0.8405,0.3337,Failing,1
fix_failing_calm,1763,1.2500,0.5221,0.9219,0.5623,0.8412,0.3337,Failing,1
fix_failing_calm,1764,1.2667,0.5319,0.9238,0.5618,0.8419,0.3337,Failing,1
fix_failing_calm,1765,1.2833,0.5416,0.9260,0.5615,0.8426,0.3337,Failing,1
fix_failing_calm,1766,1.3000,0.5513,0.9474,0.5613,0.8435,0.3337,Failing,1
fix_failing_calm,1767,1.3167,0.5609,0.9584,0.5613,0.8444,0.3337,Failing,1
fix_failing_calm,1768,1.3333,0.5703,0.9554,0.5614,0.8453,0.3337,Failing,1
fix_failing_calm,1769,1.3500,0.5796,0.9697,0.5617,0.8464,0.3337,Failing,1
fix_failing_calm,1770,1.3667,0.5888,0.9887,0.5622,0.8476,0.3337,Failing,1
fix_failing_calm,1771,1.3833,0.5977,0.9875,0.5628,0.8487,0.3337,Failing,1
fix_failing_calm,1772,1.4000,0.6063,0.9915,0.5635,0.8499,0.3337,Failing,1
fix_failing_calm,1773,1.4167,0.6147,1.0000,0.5643,0.8511,0.3337,Failing,1
fix_failing_calm,1774,1.4333,0.6228,1.0000,0.5653,0.8524,0.3337,Failing,1
fix_failing_calm,1775,1.4500,0.6305,1.0000,0.5664,0.8536,0.3337,Failing,1
fix_failing_calm,1776,1.4667,0.6379,1.0000,0.5676,0.8548,0.3337,Failing,1
fix_failing_calm,1777,1.4833,0.6448,1.0000,0.5688,0.8560,0.3337,Failing,1
fix_failing_calm,1778,1.5000,0.6514,1.0000,0.5702,0.8572,0.3337,Failing,1
fix_failing_calm,1779,1.5167,0.6576,1.0000,0.5717,0.8584,0.3337,Failing,1
fix_failing_calm,1780,1.5333,0.6632,1.0000,0.5732,0.8596,0.3337,Failing,1
fix_failing_calm,1781,1.5500,0.6684,1.0000,0.5747,0.8607,0.3337,Failing,1
fix_failing_calm,1782,1.5667,0.6731,1.0000,0.5764,0.8619,0.3337,Failing,1
fix_failing_calm,1783,1.5833,0.6773,1.0000,0.5780,0.8631,0.3337,Failing,1
fix_failing_calm,1784,1.6000,0.6809,1.0000,0.5797,0.8642,0.3337,Failing,1
fix_failing_calm,1785,1.6167,0.6840,1.0000,0.5815,0.8653,0.3337,Failing,1
fix_failing_calm,1786,1.6333,0.6866,1.0000,0.5832,0.8664,0.3337,Failing,1
fix_failing_calm,1787,1.6500,0.6885,1.0000,0.5849,0.8675,0.3337,Failing,1
fix_failing_calm,1788,1.6667,0.6898,1.0000,0.5867,0.8686,0.3337,Failing,1
fix_failing_calm,1789,1.6833,0.6906,1.0000,0.5884,0.8697,0.3337,Failing,1
fix_failing_calm,1790,1.7000,0.6908,1.0000,0.5901,0.8708,0.3337,Failing,1
fix_failing_calm,1791,1.7167,0.6903,1.0000,0.5917,0.8719,0.3337,Failing,1
fix_failing_calm,1792,1.7333,0.6892,1.0000,0.5934,0.8729,0.3337,Failing,1
fix_failing_calm,1793,1.7500,0.6876,1.0000,0.5949,0.8740,0.3337,Failing,1
fix_failing_calm,1794,1.7667,0.6853,1.0000,0.5964,0.8750,0.3337,Failing,1
fix_failing_calm,1795,1.7833,0.6824,1.0000,0.5978,0.8761,0.3337,Failing,1
fix_failing_calm,1796,1.8000,0.6789,1.0000,0.5992,0.8771,0.3337,Failing,1
fix_failing_calm,1797,1.8167,0.6748,1.0000,0.6004,0.8781,0.3337,Failing,1
fix_failing_calm,1798,1.8333,0.6702,1.0000,0.6016,0.8791,0.3337,Failing,1
fix_failing_calm,1799,1.8500,0.6649,1.0000,0.6026,0.8801,0.3337,Failing,1
fix_failing_calm,1800,1.8667,0.6591,1.0000,0.6035,0.8811,0.3337,Failing,1
fix_failing_calm,1801,1.8833,0.6528,1.0000,0.6044,0.8821,0.3337,Failing,1
fix_failing_calm,1802,1.9000,0.6460,1.0000,0.6051,0.8831,0.3337,Failing,1
fix_failing_calm,1803,1.9167,0.6386,1.0000,0.6056,0.8841,0.3337,Failing,1
fix_failing_calm,1804,1.9333,0.6308,1.0000,0.6060,0.8850,0.3337,Failing,1
fix_failing_calm,1805,1.9500,0.6225,1.0000,0.6063,0.8860,0.3337,Failing,1
fix_failing_calm,1806,1.9667,0.6138,0.9978,0.6064,0.8869,0.3337,Failing,1
fix_failing_calm,1807,1.9833,0.6047,0.9990,0.6064,0.8878,0.3337,Failing,1
fix_failing_calm,1808,2.0000,0.5951,0.9939,0.6062,0.8887,0.3337,Failing,1
fix_failing_calm,1809,2.0167,0.5853,0.9714,0.6059,0.8894,0.3337,Failing,1
fix_failing_calm,1810,2.0333,0.5751,0.9634,0.6053,0.8900,0.3254,Failing,1
fix_failing_calm,1811,2.0500,0.5646,0.9644,0.6047,0.8906,0.3203,Failing,1
fix_failing_calm,1812,2.0667,0.5539,0.9455,0.6038,0.8911,0.3202,Failing,1
fix_failing_calm,1813,2.0833,0.5429,0.9273,0.6028,0.8914,0.3200,Failing,1
fix_failing_calm,1814,2.1000,0.5317,0.9280,0.6017,0.8917,0.3198,Failing,1
fix_failing_calm,1815,2.1167,0.5204,0.9178,0.6003,0.8919,0.3196,Failing,1
fix_failing_calm,1816,2.1333,0.5090,0.8939,0.5988,0.8919,0.3194,Failing,1
fix_failing_calm,1817,2.1500,0.4974,0.8877,0.5971,0.8903,0.3192,Failing,1
fix_failing_calm,1818,2.1667,0.4858,0.8858,0.5953,0.8886,0.3190,Failing,1
fix_failing_calm,1819,2.1833,0.4742,0.8638,0.5933,0.8870,0.3188,Failing,1
fix_failing_calm,1820,2.2000,0.4626,0.8479,0.5911,0.8854,0.3186,Failing,1
fix_failing_calm,1821,2.2167,0.4511,0.8490,0.5888,0.8837,0.3184,Failing,1
fix_failing_calm,1822,2.2333,0.4396,0.8353,0.5863,0.8821,0.3182,Failing,1
fix_failing_calm,1823,2.2500,0.4283,0.8125,0.5837,0.8805,0.3180,Failing,1
fix_failing_calm,1824,2.2667,0.4171,0.8096,0.5810,0.8789,0.3178,Failing,1
fix_failing_calm,1825,2.2833,0.4062,0.8057,0.5781,0.8773,0.3176,Failing,1
fix_failing_calm,1826,2.3000,0.3954,0.7830,0.5751,0.8757,0.3174,Failing,1
fix_failing_calm,1827,2.3167,0.3849,0.7716,0.5719,0.8741,0.3172,Failing,1
fix_failing_calm,1828,2.3333,0.3747,0.7738,0.5687,0.8725,0.3170,Failing,1
fix_failing_calm,1829,2.3500,0.3648,0.7584,0.5653,0.8709,0.3168,Failing,1
fix_failing_calm,1830,2.3667,0.3553,0.7393,0.5618,0.8693,0.3166,Failing,1
fix_failing_calm,1831,2.3833,0.3461,0.7406,0.5583,0.8678,0.3163,Failing,1
fix_failing_calm,1832,2.4000,0.3374,0.7360,0.5546,0.8662,0.3161,Failing,1
fix_failing_calm,1833,2.4167,0.3290,0.7150,0.5509,0.8646,0.3159,Failing,1
fix_failing_calm,1834,2.4333,0.3211,0.7096,0.5471,0.8631,0.3157,Failing,1
fix_failing_calm,1835,2.4500,0.3137,0.7135,0.5432,0.8615,0.3155,Failing,1
fix_failing_calm,1836,2.4667,0.3068,0.6983,0.5393,0.8600,0.3152,Failing,1
fix_failing_calm,1837,2.4833,0.3004,0.6848,0.5354,0.8584,0.3150,Failing,1
fix_failing_calm,1838,2.5000,0.2945,0.6909,0.5314,0.8569,0.3148,Failing,1
fix_failing_calm,1839,2.5167,0.2892,0.6864,0.5274,0.8554,0.3146,Failing,1
fix_failing_calm,1840,2.5333,0.2844,0.6692,0.5234,0.8539,0.3143,Failing,1
fix_failing_calm,1841,2.5500,0.2802,0.6706,0.5194,0.8523,0.3141,Failing,1
fix_failing_calm,1842,2.5667,0.2766,0.6765,0.5153,0.8508,0.3139,Failing,1
fix_failing_calm,1843,2.5833,0.2735,0.6629,0.5113,0.8493,0.3137,Failing,1
fix_failing_calm,1844,2.6000,0.2710,0.6564,0.5074,0.8478,0.3136,Failing,1
fix_failing_calm,1845,2.6167,0.2692,0.6672,0.5034,0.8463,0.3135,Failing,1
fix_failing_calm,1846,2.6333,0.2679,0.6634,0.4995,0.8448,0.3134,Failing,1
fix_failing_calm,1847,2.6500,0.2672,0.6514,0.4957,0.8434,0.3134,Failing,1
fix_failing_calm,1848,2.6667,0.2671,0.6597,0.4919,0.8419,0.3134,Failing,1
fix_failing_calm,1849,2.6833,0.2676,0.6671,0.4882,0.8404,0.3135,Failing,1
fix_failing_calm,1850,2.7000,0.2686,0.6562,0.4846,0.8389,0.3136,Failing,1
fix_failing_calm,1851,2.7167,0.2703,0.6571,0.4810,0.8375,0.3137,Failing,1
fix_failing_calm,1852,2.7333,0.2725,0.6717,0.4776,0.8360,0.3138,Failing,1
fix_failing_calm,1853,2.7500,0.2752,0.6687,0.4742,0.8346,0.3140,Failing,1
fix_failing_calm,1854,2.7667,0.2785,0.6625,0.4710,0.8331,0.3141,Failing,1
fix_failing_calm,1855,2.7833,0.2823,0.6769,0.4679,0.8317,0.3144,Failing,1
fix_failing_calm,1856,2.8000,0.2866,0.6851,0.4649,0.8302,0.3146,Failing,1
fix_failing_calm,1857,2.8167,0.2913,0.6773,0.4620,0.8288,0.3148,Failing,1
fix_failing_calm,1858,2.8333,0.2966,0.6851,0.4593,0.8274,0.3151,Failing,1
fix_failing_calm,1859,2.8500,0.3022,0.7021,0.4567,0.8259,0.3153,Failing,1
fix_failing_calm,1860,2.8667,0.3083,0.6997,0.4542,0.8245,0.3156,Failing,1
fix_failing_calm,1861,2.8833,0.3148,0.6993,0.4519,0.8231,0.3158,Failing,1
fix_failing_calm,1862,2.9000,0.3217,0.7182,0.4498,0.8217,0.3161,Failing,1
fix_failing_calm,1863,2.9167,0.3289,0.7260,0.4478,0.8203,0.3164,Failing,1
fix_failing_calm,1864,2.9333,0.3364,0.7212,0.4459,0.8189,0.3167,Failing,1
fix_failing_calm,1865,2.9500,0.3442,0.7348,0.4443,0.8175,0.3169,Failing,1
fix_failing_calm,1866,2.9667,0.3523,0.7523,0.4427,0.8161,0.3172,Failing,1
fix_failing_calm,1867,2.9833,0.3606,0.7499,0.4414,0.8147,0.3175,Failing,1
fix_failing_calm,1868,3.0000,0.3692,0.7546,0.4402,0.8133,0.3178,Failing,1
fix_failing_calm,1869,3.0167,0.3779,0.7760,0.4392,0.8120,0.3180,Failing,1
fix_failing_calm,1870,3.0333,0.3867,0.7821,0.4383,0.8106,0.3183,Failing,1
fix_failing_calm,1871,3.0500,0.3957,0.7798,0.4376,0.8092,0.3186,Failing,1
fix_failing_calm,1872,3.0667,0.4048,0.7975,0.4370,0.8079,0.3188,Failing,1
fix_failing_calm,1873,3.0833,0.4139,0.8134,0.4367,0.8079,0.3191,Failing,1
fix_failing_calm,1874,3.1000,0.4231,0.8105,0.4364,0.8079,0.3194,Failing,1
fix_failing_calm,1875,3.1167,0.4323,0.8192,0.4364,0.8080,0.3196,Failing,1
fix_failing_calm,1876,3.1333,0.4414,0.8407,0.4365,0.8083,0.3199,Failing,1
fix_failing_calm,1877,3.1500,0.4505,0.8439,0.4367,0.8086,0.3202,Failing,1
fix_failing_calm,1878,3.1667,0.4596,0.8436,0.4371,0.8089,0.3204,Failing,1
fix_failing_calm,1879,3.1833,0.4685,0.8633,0.4376,0.8093,0.3207,Failing,1
fix_failing_calm,1880,3.2000,0.4773,0.8758,0.4382,0.8099,0.3209,Failing,1
fix_failing_calm,1881,3.2167,0.4859,0.8718,0.4390,0.8104,0.3212,Failing,1
fix_failing_calm,1882,3.2333,0.4944,0.8831,0.4399,0.8110,0.3214,Failing,1
fix_failing_calm,1883,3.2500,0.5027,0.9026,0.4410,0.8118,0.3217,Failing,1
fix_failing_calm,1884,3.2667,0.5108,0.9020,0.4421,0.8125,0.3219,Failing,1
fix_failing_calm,1885,3.2833,0.5186,0.9031,0.4434,0.8133,0.3222,Failing,1
fix_failing_calm,1886,3.3000,0.5261,0.9228,0.4448,0.8142,0.3224,Failing,1
fix_failing_calm,1887,3.3167,0.5334,0.9305,0.4462,0.8151,0.3226,Failing,1
fix_failing_calm,1888,3.3333,0.5404,0.9251,0.4478,0.8161,0.3229,Failing,1
fix_failing_calm,1889,3.3500,0.5471,0.9378,0.4494,0.8171,0.3231,Failing,1
fix_failing_calm,1890,3.3667,0.5535,0.9534,0.4511,0.8182,0.3233,Failing,1
fix_failing_calm,1891,3.3833,0.5595,0.9486,0.4529,0.8193,0.3236,Failing,1
fix_failing_calm,1892,3.4000,0.5652,0.9507,0.4548,0.8204,0.3238,Failing,1
fix_failing_calm,1893,3.4167,0.5705,0.9687,0.4567,0.8216,0.3240,Failing,1
fix_failing_calm,1894,3.4333,0.5754,0.9707,0.4587,0.8228,0.3242,Failing,1
fix_failing_calm,1895,3.4500,0.5800,0.9641,0.4607,0.8240,0.3244,Failing,1
fix_failing_calm,1896,3.4667,0.5842,0.9770,0.4627,0.8253,0.3246,Failing,1
fix_failing_calm,1897,3.4833,0.5880,0.9875,0.4648,0.8266,0.3248,Failing,1
fix_failing_calm,1898,3.5000,0.5914,0.9787,0.4669,0.8279,0.3250,Failing,1
fix_failing_calm,1899,3.5167,0.5945,0.9815,0.4690,0.8292,0.3252,Failing,1
fix_failing_calm,1900,3.5333,0.5971,0.9964,0.4711,0.8306,0.3254,Failing,1
fix_failing_calm,1901,3.5500,0.5994,0.9926,0.4732,0.8319,0.3255,Failing,1
fix_failing_calm,1902,3.5667,0.6012,0.9853,0.4753,0.8332,0.3257,Failing,1
fix_failing_calm,1903,3.5833,0.6027,0.9976,0.4774,0.8345,0.3259,Failing,1
fix_failing_calm,1904,3.6000,0.6038,1.0000,0.4795,0.8359,0.3261,Failing,1
fix_failing_calm,1905,3.6167,0.6045,0.9903,0.4816,0.8372,0.3262,Failing,1
fix_failing_calm,1906,3.6333,0.6048,0.9937,0.4836,0.8385,0.3264,Failing,1
fix_failing_calm,1907,3.6500,0.6048,1.0000,0.4856,0.8398,0.3265,Failing,1
fix_failing_calm,1908,3.6667,0.6044,0.9955,0.4876,0.8411,0.3267,Failing,1
fix_failing_calm,1909,3.6833,0.6037,0.9883,0.4895,0.8423,0.3268,Failing,1
fix_failing_calm,1910,3.7000,0.6026,0.9994,0.4914,0.8436,0.3269,Failing,1
fix_failing_calm,1911,3.7167,0.6012,0.9982,0.4932,0.8449,0.3271,Failing,1
fix_failing_calm,1912,3.7333,0.5995,0.9842,0.4950,0.8461,0.3272,Failing,1
fix_failing_calm,1913,3.7500,0.5975,0.9884,0.4967,0.8473,0.3273,Failing,1
fix_failing_calm,1914,3.7667,0.5952,0.9951,0.4983,0.8485,0.3274,Failing,1
fix_failing_calm,1915,3.7833,0.5926,0.9816,0.4998,0.8496,0.3276,Failing,1
fix_failing_calm,1916,3.8000,0.5898,0.9754,0.5013,0.8506,0.3277,Failing,1
fix_failing_calm,1917,3.8167,0.5866,0.9849,0.5027,0.8518,0.3278,Failing,1
fix_failing_calm,1918,3.8333,0.5833,0.9784,0.5041,0.8528,0.3279,Failing,1
fix_failing_calm,1919,3.8500,0.5797,0.9638,0.5053,0.8537,0.3280,Failing,1
fix_failing_calm,1920,3.8667,0.5759,0.9689,0.5065,0.8547,0.3280,Failing,1
fix_failing_calm,1921,3.8833,0.5719,0.9713,0.5076,0.8556,0.3281,Failing,1
fix_failing_calm,1922,3.9000,0.3974,0.7846,0.5058,0.8541,0.3282,Failing,1
fix_failing_calm,1923,3.9167,0.3944,0.7815,0.5039,0.8526,0.3283,Failing,1
fix_failing_calm,1924,3.9333,0.3913,0.7906,0.5021,0.8511,0.3284,Failing,1
fix_failing_calm,1925,3.9500,0.3880,0.7811,0.5002,0.8496,0.3284,Failing,1
fix_failing_calm,1926,3.9667,0.3847,0.7688,0.4983,0.8481,0.3285,Failing,1
fix_failing_calm,1927,3.9833,0.3813,0.7763,0.4963,0.8466,0.3286,Failing,1
fix_failing_calm,1928,4.0000,0.3778,0.7762,0.4944,0.8451,0.3286,Failing,1
fix_failing_calm,1929,4.0167,0.3743,0.7600,0.4924,0.8436,0.3287,Failing,1
fix_failing_calm,1930,4.0333,0.3707,0.7597,0.4904,0.8421,0.3287,Failing,1
fix_failing_calm,1931,4.0500,0.3671,0.7670,0.4883,0.8407,0.3288,Failing,1
fix_failing_calm,1932,4.0667,0.3635,0.7544,0.4863,0.8392,0.3288,Failing,1
fix_failing_calm,1933,4.0833,0.3598,0.7445,0.4842,0.8377,0.3288,Failing,1
fix_failing_calm,1934,4.1000,0.3562,0.7531,0.4821,0.8363,0.3289,Failing,1
fix_failing_calm,1935,4.1167,0.3525,0.7494,0.4799,0.8348,0.3289,Failing,1
fix_failing_calm,1936,4.1333,0.3489,0.7335,0.4778,0.8334,0.3289,Failing,1
fix_failing_calm,1937,4.1500,0.3452,0.7362,0.4756,0.8319,0.3290,Failing,1
fix_failing_calm,1938,4.1667,0.3416,0.7415,0.4734,0.8305,0.3290,Failing,1
fix_failing_calm,1939,4.1833,0.3380,0.7269,0.4711,0.8290,0.3290,Failing,1
fix_failing_calm,1940,4.2000,0.3344,0.7201,0.4689,0.8276,0.3290,Failing,1
fix_failing_calm,1941,4.2167,0.3309,0.7293,0.4666,0.8262,0.3290,Failing,1
fix_failing_calm,1942,4.2333,0.3274,0.7224,0.4643,0.8248,0.3291,Failing,1
fix_failing_calm,1943,4.2500,0.3240,0.7081,0.4620,0.8234,0.3291,Failing,1
fix_failing_calm,1944,4.2667,0.3207,0.7138,0.4596,0.8219,0.3291,Failing,1
fix_failing_calm,1945,4.2833,0.3174,0.7167,0.4573,0.8205,0.3291,Failing,1
fix_failing_calm,1946,4.3000,0.3142,0.7013,0.4549,0.8191,0.3291,Failing,1
fix_failing_calm,1947,4.3167,0.3110,0.6983,0.4525,0.8177,0.3291,Failing,1
fix_failing_calm,1948,4.3333,0.3080,0.7074,0.4501,0.8164,0.3291,Failing,1
fix_failing_calm,1949,4.3500,0.3050,0.6980,0.4477,0.8150,0.3291,Failing,1
fix_failing_calm,1950,4.3667,0.3022,0.6863,0.4453,0.8136,0.3291,Failing,1
fix_failing_calm,1951,4.3833,0.2994,0.6945,0.4429,0.8122,0.3291,Failing,1
fix_failing_calm,1952,4.4000,0.2967,0.6949,0.4405,0.8108,0.3291,Failing,1
fix_failing_calm,1953,4.4167,0.2941,0.6797,0.4381,0.8095,0.3291,Failing,1
fix_failing_calm,1954,4.4333,0.2917,0.6807,0.4357,0.8081,0.3291,Failing,1
fix_failing_calm,1955,4.4500,0.2893,0.6892,0.4332,0.8068,0.3292,Failing,1
fix_failing_calm,1956,4.4667,0.2870,0.6779,0.4308,0.8054,0.3292,Failing,1
fix_failing_calm,1957,4.4833,0.2849,0.6696,0.4284,0.8040,0.3293,Failing,1
fix_failing_calm,1958,4.5000,0.2829,0.6799,0.4260,0.8027,0.3294,Failing,1
fix_failing_calm,1959,4.5167,0.4015,0.7982,0.4256,0.8014,0.3294,Failing,1
fix_failing_calm,1960,4.5333,0.3989,0.7835,0.4252,0.8000,0.3295,Failing,1
fix_failing_calm,1961,4.5500,0.3966,0.7877,0.4247,0.7987,0.3296,Failing,1
fix_failing_calm,1962,4.5667,0.3944,0.7943,0.4242,0.7974,0.3297,Failing,1
fix_failing_calm,1963,4.5833,0.3925,0.7813,0.4237,0.7960,0.3298,Failing,1
fix_failing_calm,1964,4.6000,0.3907,0.7765,0.4231,0.7947,0.3299,Failing,1
fix_failing_calm,1965,4.6167,0.3891,0.7876,0.4226,0.7934,0.3300,Failing,1
fix_failing_calm,1966,4.6333,0.3878,0.7826,0.4220,0.7921,0.3300,Failing,1
fix_failing_calm,1967,4.6500,0.3866,0.7706,0.4214,0.7908,0.3301,Failing,1
fix_failing_calm,1968,4.6667,0.3856,0.7789,0.4208,0.7895,0.3302,Failing,1
fix_failing_calm,1969,4.6833,0.3848,0.7841,0.4202,0.7882,0.3303,Failing,1
fix_failing_calm,1970,4.7000,0.3843,0.7712,0.4196,0.7869,0.3304,Failing,1
fix_failing_calm,1971,4.7167,0.3839,0.7713,0.4190,0.7856,0.3304,Failing,1
fix_failing_calm,1972,4.7333,0.3838,0.7833,0.4185,0.7843,0.3305,Failing,1
fix_failing_calm,1973,4.7500,0.3839,0.7767,0.4179,0.7831,0.3306,Failing,1
fix_failing_calm,1974,4.7667,0.3842,0.7683,0.4173,0.7818,0.3307,Failing,1
fix_failing_calm,1975,4.7833,0.3847,0.7800,0.4168,0.7805,0.3307,Failing,1
fix_failing_calm,1976,4.8000,0.3854,0.7836,0.4163,0.7805,0.3308,Failing,1
fix_failing_calm,1977,4.8167,0.3864,0.7719,0.4158,0.7793,0.3309,Failing,1
fix_failing_calm,1978,4.8333,0.3876,0.7768,0.4153,0.7780,0.3310,Failing,1
fix_failing_calm,1979,4.8500,0.3890,0.7889,0.4149,0.7781,0.3310,Failing,1
fix_failing_calm,1980,4.8667,0.3906,0.7813,0.4145,0.7781,0.3311,Failing,1
fix_failing_calm,1981,4.8833,0.3925,0.7772,0.4141,0.7769,0.3312,Failing,1
fix_failing_calm,1982,4.9000,0.3945,0.7916,0.4138,0.7770,0.3313,Failing,1
fix_failing_calm,1983,4.9167,0.3968,0.7935,0.4135,0.7771,0.3313,Failing,1
fix_failing_calm,1984,4.9333,0.3994,0.7839,0.4133,0.7772,0.3314,Failing,1
fix_failing_calm,1985,4.9500,0.4021,0.7934,0.4131,0.7773,0.3315,Failing,1
fix_failing_calm,1986,4.9667,0.4051,0.8049,0.4130,0.7775,0.3315,Failing,1
fix_failing_calm,1987,4.9833,0.4083,0.7969,0.4129,0.7777,0.3316,Failing,1
fix_failing_calm,1988,5.0000,0.4117,0.7975,0.4129,0.7779,0.3317,Failing,1
fix_failing_calm,1989,5.0167,0.4153,0.8138,0.4129,0.7782,0.3317,Failing,1
fix_failing_calm,1990,5.0333,0.4191,0.8138,0.4130,0.7785,0.3318,Failing,1
fix_failing_calm,1991,5.0500,0.4231,0.8071,0.4132,0.7787,0.3319,Failing,1
fix_failing_calm,1992,5.0667,0.4273,0.8207,0.4134,0.7791,0.3319,Failing,1
fix_failing_calm,1993,5.0833,0.4317,0.8309,0.4137,0.7795,0.3320,Failing,1
fix_failing_calm,1994,5.1000,0.4363,0.8232,0.4141,0.7798,0.3320,Failing,1
fix_failing_calm,1995,5.1167,0.4411,0.8285,0.4145,0.7802,0.3321,Failing,1
fix_failing_calm,1996,5.1333,0.4460,0.8455,0.4150,0.7808,0.3322,Failing,1
fix_failing_calm,1997,5.1500,0.4511,0.8438,0.4156,0.7813,0.3322,Failing,1
fix_failing_calm,1998,5.1667,0.4564,0.8405,0.4163,0.7818,0.3323,Failing,1
fix_failing_calm,1999,5.1833,0.4618,0.8572,0.4171,0.7824,0.3323,Failing,1
fix_failing_calm,2000,5.2000,0.4673,0.8654,0.4179,0.7831,0.3324,Failing,1
fix_failing_calm,2001,5.2167,0.4730,0.8584,0.4188,0.7837,0.3324,Failing,1
fix_failing_calm,2002,5.2333,0.4788,0.8681,0.4198,0.7844,0.3324,Failing,1
fix_failing_calm,2003,5.2500,0.4846,0.8846,0.4209,0.7853,0.3325,Failing,1
fix_failing_calm,2004,5.2667,0.4906,0.8811,0.4220,0.7861,0.3325,Failing,1
fix_failing_calm,2005,5.2833,0.3476,0.7324,0.4208,0.7848,0.3326,Failing,1
fix_failing_calm,2006,5.3000,0.3519,0.7491,0.4196,0.7835,0.3326,Failing,1
fix_failing_calm,2007,5.3167,0.3562,0.7527,0.4186,0.7822,0.3326,Failing,1
fix_failing_calm,2008,5.3333,0.3605,0.7450,0.4176,0.7810,0.3327,Failing,1
fix_failing_calm,2009,5.3500,0.3649,0.7563,0.4168,0.7797,0.3327,Failing,1
fix_failing_calm,2010,5.3667,0.3692,0.7690,0.4160,0.7784,0.3327,Failing,1
fix_failing_calm,2011,5.3833,0.3735,0.7620,0.4153,0.7772,0.3328,Failing,1
fix_failing_calm,2012,5.4000,0.3778,0.7637,0.4147,0.7759,0.3328,Failing,1
fix_failing_calm,2013,5.4167,0.3820,0.7806,0.4141,0.7759,0.3328,Failing,1
fix_failing_calm,2014,5.4333,0.3862,0.7808,0.4137,0.7760,0.3329,Failing,1
fix_failing_calm,2015,5.4500,0.3903,0.7744,0.4133,0.7747,0.3329,Failing,1
fix_failing_calm,2016,5.4667,0.3944,0.7879,0.4130,0.7748,0.3329,Failing,1
fix_failing_calm,2017,5.4833,0.3983,0.7975,0.4127,0.7750,0.3329,Failing,1
fix_failing_calm,2018,5.5000,0.4022,0.7890,0.4125,0.7751,0.3330,Failing,1
fix_failing_calm,2019,5.5167,0.4059,0.7935,0.4124,0.7753,0.3330,Failing,1
fix_failing_calm,2020,5.5333,0.4095,0.8091,0.4124,0.7756,0.3330,Failing,1
fix_failing_calm,2021,5.5500,0.4130,0.8055,0.4124,0.7758,0.3330,Failing,1
fix_failing_calm,2022,5.5667,0.4163,0.8005,0.4125,0.7760,0.3330,Failing,1
fix_failing_calm,2023,5.5833,0.4194,0.8150,0.4126,0.7764,0.3330,Failing,1
fix_failing_calm,2024,5.6000,0.4224,0.8204,0.4127,0.7767,0.3331,Failing,1
fix_failing_calm,2025,5.6167,0.4251,0.8105,0.4129,0.7770,0.3331,Failing,1
fix_failing_calm,2026,5.6333,0.4277,0.8171,0.4132,0.7773,0.3331,Failing,1
fix_failing_calm,2027,5.6500,0.6143,1.0000,0.4165,0.7792,0.3331,Failing,1
fix_failing_calm,2028,5.6667,0.6173,1.0000,0.4198,0.7810,0.3331,Failing,1
fix_failing_calm,2029,5.6833,0.6200,1.0000,0.4231,0.7828,0.3331,Failing,1
fix_failing_calm,2030,5.7000,0.6222,1.0000,0.4264,0.7846,0.3331,Failing,1
fix_failing_calm,2031,5.7167,0.6241,1.0000,0.4297,0.7864,0.3331,Failing,1
fix_failing_calm,2032,5.7333,0.6257,1.0000,0.4329,0.7882,0.3331,Failing,1
fix_failing_calm,2033,5.7500,0.6268,1.0000,0.4361,0.7900,0.3331,Failing,1
fix_failing_calm,2034,5.7667,0.6275,1.0000,0.4393,0.7917,0.3331,Failing,1
fix_failing_calm,2035,5.7833,0.6278,1.0000,0.4424,0.7934,0.3331,Failing,1
fix_failing_calm,2036,5.8000,0.6276,1.0000,0.4455,0.7951,0.3331,Failing,1
fix_failing_calm,2037,5.8167,0.6271,1.0000,0.4485,0.7968,0.3331,Failing,1
fix_failing_calm,2038,5.8333,0.6260,1.0000,0.4514,0.7985,0.3331,Failing,1
fix_failing_calm,2039,5.8500,0.6245,1.0000,0.4543,0.8002,0.3331,Failing,1
fix_failing_calm,2040,5.8667,0.6226,1.0000,0.4571,0.8019,0.3331,Failing,1
fix_failing_calm,2041,5.8833,0.6202,1.0000,0.4598,0.8035,0.3331,Failing,1
fix_failing_calm,2042,5.9000,0.6174,1.0000,0.4624,0.8051,0.3331,Failing,1
fix_failing_calm,2043,5.9167,0.6141,1.0000,0.4649,0.8067,0.3331,Failing,1
fix_failing_calm,2044,5.9333,0.6103,1.0000,0.4673,0.8083,0.3331,Failing,1
fix_failing_calm,2045,5.9500,0.6061,0.9985,0.4696,0.8099,0.3331,Failing,1
fix_failing_calm,2046,5.9667,0.6014,0.9856,0.4717,0.8114,0.3331,Failing,1
fix_failing_calm,2047,5.9833,0.5963,0.9920,0.4738,0.8129,0.3331,Failing,1
fix_failing_calm,2048,6.0000,0.5908,0.9887,0.4757,0.8143,0.3331,Failing,1
fix_failing_calm,2049,6.0167,0.5849,0.9701,0.4775,0.8156,0.3331,Failing,1
fix_failing_calm,2050,6.0333,0.5785,0.9681,0.4792,0.8169,0.3331,Failing,1
fix_failing_calm,2051,6.0500,0.5717,0.9717,0.4807,0.8182,0.3331,Failing,1
fix_failing_calm,2052,6.0667,0.5646,0.9549,0.4821,0.8193,0.3331,Failing,1
fix_failing_calm,2053,6.0833,0.5571,0.9420,0.4834,0.8203,0.3331,Failing,1
fix_failing_calm,2054,6.1000,0.5493,0.9467,0.4845,0.8214,0.3331,Failing,1
fix_failing_calm,2055,6.1167,0.5411,0.9374,0.4854,0.8223,0.3331,Failing,1
fix_failing_calm,2056,6.1333,0.5326,0.9170,0.4862,0.8231,0.3331,Failing,1
fix_failing_calm,2057,6.1500,0.5238,0.9155,0.4868,0.8239,0.3331,Failing,1
fix_failing_calm,2058,6.1667,0.5148,0.9146,0.4873,0.8247,0.3331,Failing,1
fix_failing_calm,2059,6.1833,0.5055,0.8938,0.4876,0.8252,0.3331,Failing,1
fix_failing_calm,2060,6.2000,0.4961,0.8822,0.4877,0.8257,0.3331,Failing,1
fix_failing_calm,2061,6.2167,0.4864,0.8851,0.4877,0.8262,0.3331,Failing,1
fix_failing_calm,2062,6.2333,0.4766,0.8709,0.4875,0.8266,0.3331,Failing,1
fix_failing_calm,2063,6.2500,0.4666,0.8506,0.4872,0.8268,0.3331,Failing,1
fix_failing_calm,2064,6.2667,0.4565,0.8503,0.4866,0.8270,0.3331,Failing,1
fix_failing_calm,2065,6.2833,0.4464,0.8454,0.4860,0.8271,0.3331,Failing,1
fix_failing_calm,2066,6.3000,0.4362,0.8228,0.4852,0.8257,0.3331,Failing,1
fix_failing_calm,2067,6.3167,0.4260,0.8138,0.4842,0.8243,0.3331,Failing,1
fix_failing_calm,2068,6.3333,0.4159,0.8155,0.4831,0.8229,0.3331,Failing,1
fix_failing_calm,2069,6.3500,0.4057,0.7980,0.4818,0.8215,0.3331,Failing,1
fix_failing_calm,2070,6.3667,0.3957,0.7799,0.4803,0.8200,0.3331,Failing,1
fix_failing_calm,2071,6.3833,0.3858,0.7816,0.4788,0.8187,0.3331,Failing,1
fix_failing_calm,2072,6.4000,0.3760,0.7738,0.4771,0.8173,0.3331,Failing,1
fix_failing_calm,2073,6.4167,0.3664,0.7516,0.4753,0.8159,0.3331,Failing,1
fix_failing_calm,2074,6.4333,0.3570,0.7468,0.4733,0.8145,0.3331,Failing,1
fix_failing_calm,2075,6.4500,0.3479,0.7479,0.4712,0.8131,0.3331,Failing,1
fix_failing_calm,2076,6.4667,0.3390,0.7292,0.4690,0.8117,0.3331,Failing,1
fix_failing_calm,2077,6.4833,0.3305,0.7155,0.4668,0.8104,0.3331,Failing,1
fix_failing_calm,2078,6.5000,0.3223,0.7197,0.4644,0.8090,0.3331,Failing,1
fix_failing_calm,2079,6.5167,0.3144,0.7105,0.4619,0.8076,0.3331,Failing,1
fix_failing_calm,2080,6.5333,0.3069,0.6912,0.4593,0.8063,0.3331,Failing,1
fix_failing_calm,2081,6.5500,0.2998,0.6916,0.4567,0.8049,0.3331,Failing,1
fix_failing_calm,2082,6.5667,0.2932,0.6929,0.4540,0.8036,0.3331,Failing,1
fix_failing_calm,2083,6.5833,0.2870,0.6752,0.4512,0.8022,0.3331,Failing,1
fix_failing_calm,2084,6.6000,0.2813,0.6676,0.4484,0.8009,0.3331,Failing,1
fix_failing_calm,2085,6.6167,0.2762,0.6750,0.4456,0.7996,0.3331,Failing,1
fix_failing_calm,2086,6.6333,0.2715,0.6657,0.4427,0.7982,0.3331,Failing,1
fix_failing_calm,2087,6.6500,0.2674,0.6514,0.4398,0.7969,0.3331,Failing,1
fix_failing_calm,2088,6.6667,0.2638,0.6578,0.4369,0.7956,0.3331,Failing,1
fix_failing_calm,2089,6.6833,0.2609,0.6598,0.4340,0.7943,0.3331,Failing,1
fix_failing_calm,2090,6.7000,0.2585,0.6449,0.4311,0.7930,0.3331,Failing,1
fix_failing_calm,2091,6.7167,0.2567,0.6446,0.4282,0.7916,0.3331,Failing,1
fix_failing_calm,2092,6.7333,0.2555,0.6551,0.4253,0.7903,0.3331,Failing,1
fix_failing_calm,2093,6.7500,0.1784,0.5705,0.4213,0.7890,0.3331,Failing,1
fix_failing_calm,2094,6.7667,0.1785,0.5627,0.4172,0.7877,0.3331,Failing,1
fix_failing_calm,2095,6.7833,0.1789,0.5748,0.4133,0.7865,0.3331,Failing,1
fix_failing_calm,2096,6.8000,0.1798,0.5775,0.4094,0.7852,0.3331,Failing,1
fix_failing_calm,2097,6.8167,0.1811,0.5663,0.4057,0.7839,0.3331,Failing,1
fix_failing_calm,2098,6.8333,0.1829,0.5727,0.4020,0.7826,0.3331,Failing,1
fix_failing_calm,2099,6.8500,0.1851,0.5850,0.3984,0.7813,0.3331,Failing,1
fix_failing_calm,2100,6.8667,0.1877,0.5777,0.3949,0.7801,0.3331,Failing,1
fix_failing_calm,2101,6.8833,0.1907,0.5757,0.3915,0.7788,0.3331,Failing,1
fix_failing_calm,2102,6.9000,0.1941,0.5917,0.3883,0.7775,0.3331,Failing,1
fix_failing_calm,2103,6.9167,0.1979,0.5940,0.3851,0.7763,0.3331,Failing,1
fix_failing_calm,2104,6.9333,0.2021,0.5865,0.3821,0.7750,0.3331,Failing,1
fix_failing_calm,2105,6.9500,0.2067,0.5987,0.3792,0.7738,0.3331,Failing,1
fix_failing_calm,2106,6.9667,0.2117,0.6114,0.3764,0.7725,0.3331,Failing,1
fix_failing_calm,2107,6.9833,0.2170,0.6050,0.3738,0.7713,0.3334,Failing,1
fix_failing_calm,2108,7.0000,0.2226,0.6089,0.3713,0.7701,0.3339,Failing,1
fix_failing_calm,2109,7.0167,0.2285,0.6274,0.3690,0.7688,0.3345,Failing,1
fix_failing_calm,2110,7.0333,0.2347,0.6288,0.3667,0.7676,0.3350,Failing,1
fix_failing_calm,2111,7.0500,0.2412,0.6253,0.3647,0.7664,0.3356,Failing,1
fix_failing_calm,2112,7.0667,0.2480,0.6420,0.3627,0.7651,0.3361,Failing,1
fix_failing_calm,2113,7.0833,0.2550,0.6539,0.3609,0.7639,0.3367,Failing,1
fix_failing_calm,2114,7.1000,0.2622,0.6486,0.3593,0.7627,0.3372,Failing,1
fix_failing_calm,2115,7.1167,0.2696,0.6576,0.3578,0.7615,0.3378,Failing,1
fix_failing_calm,2116,7.1333,0.2771,0.6769,0.3565,0.7603,0.3383,Failing,1
fix_failing_calm,2117,7.1500,0.2849,0.6768,0.3553,0.7591,0.3389,Failing,1
fix_failing_calm,2118,7.1667,0.2927,0.6770,0.3543,0.7579,0.3394,Failing,1
fix_failing_calm,2119,7.1833,0.3006,0.6966,0.3534,0.7567,0.3400,Failing,1
fix_failing_calm,2120,7.2000,0.3086,0.7062,0.3527,0.7555,0.3405,Failing,1
fix_failing_calm,2121,7.2167,0.3167,0.7017,0.3521,0.7543,0.3411,Failing,1
fix_failing_calm,2122,7.2333,0.3247,0.7147,0.3516,0.7531,0.3416,Failing,1
fix_failing_calm,2123,7.2500,0.3328,0.7328,0.3513,0.7520,0.3421,Failing,1
fix_failing_calm,2124,7.2667,0.3408,0.7307,0.3511,0.7508,0.3427,Failing,1
fix_failing_calm,2125,7.2833,0.4983,0.8834,0.3536,0.7519,0.3432,Failing,1
fix_failing_calm,2126,7.3000,0.5096,0.9073,0.3561,0.7532,0.3437,Failing,1
fix_failing_calm,2127,7.3167,0.5208,0.9167,0.3589,0.7545,0.3443,Failing,1
fix_failing_calm,2128,7.3333,0.5318,0.9161,0.3617,0.7559,0.3448,Failing,1
fix_failing_calm,2129,7.3500,0.5426,0.9346,0.3647,0.7574,0.3453,Failing,1
fix_failing_calm,2130,7.3667,0.5531,0.9528,0.3678,0.7590,0.3459,Failing,1
fix_failing_calm,2131,7.3833,0.5634,0.9513,0.3711,0.7606,0.3464,Failing,1
fix_failing_calm,2132,7.4000,0.5733,0.9598,0.3744,0.7622,0.3469,Failing,1
fix_failing_calm,2133,7.4167,0.5830,0.9819,0.3778,0.7641,0.3474,Failing,1
fix_failing_calm,2134,7.4333,0.5922,0.9862,0.3814,0.7659,0.3479,Failing,1
fix_failing_calm,2135,7.4500,0.6011,0.9851,0.3850,0.7677,0.3484,Failing,1
fix_failing_calm,2136,7.4667,0.6096,1.0000,0.3887,0.7696,0.3489,Failing,1
fix_failing_calm,2137,7.4833,0.6176,1.0000,0.3925,0.7716,0.3494,Failing,1
fix_failing_calm,2138,7.5000,0.6252,1.0000,0.3964,0.7734,0.3499,Failing,1
fix_failing_calm,2139,7.5167,0.6323,1.0000,0.4003,0.7753,0.3504,Failing,1
fix_failing_calm,2140,7.5333,0.6389,1.0000,0.4042,0.7772,0.3508,Failing,1
fix_failing_calm,2141,7.5500,0.6451,1.0000,0.4082,0.7790,0.3513,Failing,1
fix_failing_calm,2142,7.5667,0.6506,1.0000,0.4122,0.7809,0.3518,Failing,1
fix_failing_calm,2143,7.5833,0.6557,1.0000,0.4162,0.7827,0.3522,Failing,1
fix_failing_calm,2144,7.6000,0.6602,1.0000,0.4202,0.7845,0.3527,Failing,1
fix_failing_calm,2145,7.6167,0.6641,1.0000,0.4243,0.7863,0.3531,Failing,1
fix_failing_calm,2146,7.6333,0.6675,1.0000,0.4283,0.7881,0.3535,Failing,1
fix_failing_calm,2147,7.6500,0.6703,1.0000,0.4323,0.7898,0.3539,Failing,1
fix_failing_calm,2148,7.6667,0.6725,1.0000,0.4363,0.7916,0.3544,Failing,1
fix_failing_calm,2149,7.6833,0.6741,1.0000,0.4402,0.7933,0.3548,Failing,1
fix_failing_calm,2150,7.7000,0.6752,1.0000,0.4441,0.7950,0.3552,Failing,1
fix_failing_calm,2151,7.7167,0.6757,1.0000,0.4479,0.7967,0.3556,Failing,1
fix_failing_calm,2152,7.7333,0.6756,1.0000,0.4517,0.7984,0.3560,Failing,1
fix_failing_calm,2153,7.7500,0.6750,1.0000,0.4554,0.8001,0.3564,Failing,1
fix_failing_calm,2154,7.7667,0.6738,1.0000,0.4590,0.8017,0.3567,Failing,1
fix_failing_calm,2155,7.7833,0.6721,1.0000,0.4625,0.8034,0.3571,Failing,1
fix_failing_calm,2156,7.8000,0.6698,1.0000,0.4659,0.8050,0.3575,Failing,1
fix_failing_calm,2157,7.8167,0.6670,1.0000,0.4693,0.8066,0.3578,Failing,1
fix_failing_calm,2158,7.8333,0.6637,1.0000,0.4725,0.8082,0.3582,Failing,1
fix_failing_calm,2159,7.8500,0.6599,1.0000,0.4756,0.8098,0.3585,Failing,1
fix_failing_calm,2160,7.8667,0.6557,1.0000,0.4785,0.8114,0.3588,Failing,1
fix_failing_calm,2161,7.8833,0.6510,1.0000,0.4814,0.8130,0.3592,Failing,1
fix_failing_calm,2162,7.9000,0.6458,1.0000,0.4841,0.8145,0.3595,Failing,1
fix_failing_calm,2163,7.9167,0.6402,1.0000,0.4867,0.8161,0.3598,Failing,1
fix_failing_calm,2164,7.9333,0.6343,1.0000,0.4891,0.8176,0.3601,Failing,1
fix_failing_calm,2165,7.9500,0.6280,1.0000,0.4914,0.8191,0.3604,Failing,1
fix_failing_calm,2166,7.9667,0.6213,1.0000,0.4936,0.8206,0.3607,Failing,1
fix_failing_calm,2167,7.9833,0.6143,1.0000,0.4956,0.8221,0.3610,Failing,1
fix_failing_calm,2168,8.0000,0.6071,1.0000,0.4974,0.8236,0.3613,Failing,1
fix_failing_calm,2169,8.0167,0.5995,0.9845,0.4991,0.8249,0.3616,Failing,1
fix_failing_calm,2170,8.0333,0.5918,0.9820,0.5006,0.8262,0.3618,Failing,1
fix_failing_calm,2171,8.0500,0.5838,0.9838,0.5020,0.8275,0.3621,Failing,1
fix_failing_calm,2172,8.0667,0.5756,0.9652,0.5032,0.8287,0.3623,Failing,1
fix_failing_calm,2173,8.0833,0.5673,0.9525,0.5043,0.8297,0.3626,Failing,1
fix_failing_calm,2174,8.1000,0.5588,0.9567,0.5052,0.8307,0.3628,Failing,1
fix_failing_calm,2175,8.1167,0.5503,0.9460,0.5059,0.8317,0.3631,Failing,1
fix_failing_calm,2176,8.1333,0.5416,0.9258,0.5065,0.8325,0.3633,Failing,1
fix_failing_calm,2177,8.1500,0.5330,0.9253,0.5070,0.8332,0.3635,Failing,1
fix_failing_calm,2178,8.1667,0.5243,0.9239,0.5072,0.8340,0.3638,Failing,1
fix_failing_calm,2179,8.1833,0.5156,0.9033,0.5074,0.8346,0.3640,Failing,1
fix_failing_calm,2180,8.2000,0.5069,0.8935,0.5074,0.8351,0.3642,Failing,1
fix_failing_calm,2181,8.2167,0.4983,0.8974,0.5072,0.8356,0.3644,Failing,1
fix_failing_calm,2182,8.2333,0.4898,0.8835,0.5069,0.8360,0.3646,Failing,1
fix_failing_calm,2183,8.2500,0.4814,0.8654,0.5065,0.8362,0.3648,Failing,1
fix_failing_calm,2184,8.2667,0.4731,0.8675,0.5060,0.8365,0.3650,Failing,1
fix_failing_calm,2185,8.2833,0.4650,0.8637,0.5053,0.8367,0.3652,Failing,1
fix_failing_calm,2186,8.3000,0.4570,0.8431,0.5045,0.8368,0.3653,Failing,1
fix_failing_calm,2187,8.3167,0.4493,0.8376,0.5036,0.8368,0.3655,Failing,1
fix_failing_calm,2188,8.3333,0.4417,0.8415,0.5025,0.8368,0.3657,Failing,1
fix_failing_calm,2189,8.3500,0.4344,0.8260,0.5014,0.8353,0.3658,Failing,1
fix_failing_calm,2190,8.3667,0.4273,0.8117,0.5002,0.8339,0.3660,Failing,1
fix_failing_calm,2191,8.3833,0.4205,0.8169,0.4989,0.8324,0.3661,Failing,1
fix_failing_calm,2192,8.4000,0.4140,0.8113,0.4975,0.8310,0.3663,Failing,1
fix_failing_calm,2193,8.4167,0.4078,0.7927,0.4960,0.8296,0.3664,Failing,1
fix_failing_calm,2194,8.4333,0.4019,0.7922,0.4944,0.8281,0.3665,Failing,1
fix_failing_calm,2195,8.4500,0.3963,0.7962,0.4928,0.8267,0.3667,Failing,1
fix_failing_calm,2196,8.4667,0.3910,0.7805,0.4911,0.8253,0.3668,Failing,1
fix_failing_calm,2197,8.4833,0.3861,0.7714,0.4894,0.8239,0.3669,Failing,1
fix_failing_calm,2198,8.5000,0.3815,0.7794,0.4876,0.8225,0.3670,Failing,1
fix_failing_calm,2199,8.5167,0.3772,0.7728,0.4858,0.8211,0.3671,Failing,1
fix_failing_calm,2200,8.5333,0.3733,0.7575,0.4839,0.8197,0.3672,Failing,1
fix_failing_calm,2201,8.5500,0.3698,0.7623,0.4820,0.8183,0.3673,Failing,1
fix_failing_calm,2202,8.5667,0.3666,0.7662,0.4801,0.8169,0.3674,Failing,1
fix_failing_calm,2203,8.5833,0.3638,0.7514,0.4782,0.8155,0.3675,Failing,1
fix_failing_calm,2204,8.6000,0.3614,0.7481,0.4763,0.8141,0.3676,Failing,1
fix_failing_calm,2205,8.6167,0.3593,0.7584,0.4743,0.8127,0.3677,Failing,1
fix_failing_calm,2206,8.6333,0.3576,0.7511,0.4724,0.8113,0.3678,Failing,1
fix_failing_calm,2207,8.6500,0.3562,0.7402,0.4705,0.8100,0.3679,Failing,1
fix_failing_calm,2208,8.6667,0.3552,0.7497,0.4686,0.8086,0.3679,Failing,1
fix_failing_calm,2209,8.6833,0.3545,0.7531,0.4667,0.8072,0.3680,Failing,1
fix_failing_calm,2210,8.7000,0.3542,0.7402,0.4648,0.8059,0.3681,Failing,1
fix_failing_calm,2211,8.7167,0.3542,0.7427,0.4630,0.8045,0.3682,Failing,1
fix_failing_calm,2212,8.7333,0.3545,0.7544,0.4612,0.8032,0.3682,Failing,1
fix_failing_calm,2213,8.7500,0.3552,0.7466,0.4595,0.8019,0.3683,Failing,1
fix_failing_calm,2214,8.7667,0.3561,0.7406,0.4578,0.8005,0.3683,Failing,1
fix_failing_calm,2215,8.7833,0.3574,0.7539,0.4561,0.7992,0.3684,Failing,1
fix_failing_calm,2216,8.8000,0.3590,0.7562,0.4545,0.7979,0.3685,Failing,1
fix_failing_calm,2217,8.8167,0.3608,0.7456,0.4529,0.7965,0.3685,Failing,1
fix_failing_calm,2218,8.8333,0.3629,0.7534,0.4515,0.7952,0.3686,Failing,1
fix_failing_calm,2219,8.8500,0.3653,0.7652,0.4500,0.7939,0.3686,Failing,1
fix_failing_calm,2220,8.8667,0.3679,0.7573,0.4487,0.7926,0.3687,Failing,1
fix_failing_calm,2221,8.8833,0.3707,0.7561,0.4474,0.7913,0.3687,Failing,1
fix_failing_calm,2222,8.9000,0.3738,0.7718,0.4462,0.7900,0.3687,Failing,1
fix_failing_calm,2223,8.9167,0.3771,0.7725,0.4450,0.7887,0.3688,Failing,1
fix_failing_calm,2224,8.9333,0.3805,0.7647,0.4440,0.7874,0.3688,Failing,1
fix_failing_calm,2225,8.9500,0.3842,0.7768,0.4430,0.7861,0.3689,Failing,1
fix_failing_calm,2226,8.9667,0.3880,0.7875,0.4421,0.7861,0.3689,Failing,1
fix_failing_calm,2227,8.9833,0.3920,0.7795,0.4412,0.7848,0.3689,Failing,1
fix_failing_calm,2228,9.0000,0.3961,0.7830,0.4405,0.7835,0.3690,Failing,1
fix_failing_calm,2229,9.0167,0.4004,0.7996,0.4398,0.7837,0.3690,Failing,1
fix_failing_calm,2230,9.0333,0.4048,0.7982,0.4393,0.7838,0.3690,Failing,1
fix_failing_calm,2231,9.0500,0.4093,0.7933,0.4388,0.7839,0.3691,Failing,1
fix_failing_calm,2232,9.0667,0.4139,0.8086,0.4383,0.7841,0.3691,Failing,1
fix_failing_calm,2233,9.0833,0.4185,0.8171,0.4380,0.7844,0.3691,Failing,1
fix_failing_calm,2234,9.1000,0.4233,0.8092,0.4378,0.7846,0.3691,Failing,1
fix_failing_calm,2235,9.1167,0.4281,0.8167,0.4376,0.7848,0.3692,Failing,1
fix_failing_calm,2236,9.1333,0.4329,0.8328,0.4375,0.7852,0.3692,Failing,1
fix_failing_calm,2237,9.1500,0.4378,0.8291,0.4375,0.7856,0.3692,Failing,1
fix_failing_calm,2238,9.1667,0.4427,0.8272,0.4376,0.7859,0.3692,Failing,1
fix_failing_calm,2239,9.1833,0.4477,0.8443,0.4378,0.7864,0.3692,Failing,1
fix_failing_calm,2240,9.2000,0.4526,0.8497,0.4380,0.7869,0.3692,Failing,1
fix_failing_calm,2241,9.2167,0.4575,0.8423,0.4384,0.7874,0.3693,Failing,1
fix_failing_calm,2242,9.2333,0.4625,0.8531,0.4388,0.7879,0.3693,Failing,1
fix_failing_calm,2243,9.2500,0.4674,0.8673,0.4392,0.7886,0.3693,Failing,1
fix_failing_calm,2244,9.2667,0.4722,0.8615,0.4398,0.7892,0.3693,Failing,1
fix_failing_calm,2245,9.2833,0.4770,0.8625,0.4404,0.7898,0.3693,Failing,1
fix_failing_calm,2246,9.3000,0.4818,0.8800,0.4411,0.7906,0.3693,Failing,1
fix_failing_calm,2247,9.3167,0.4865,0.8819,0.4418,0.7913,0.3693,Failing,1
fix_failing_calm,2248,9.3333,0.4912,0.8753,0.4426,0.7920,0.3693,Failing,1
fix_failing_calm,2249,9.3500,0.4958,0.8885,0.4435,0.7928,0.3693,Failing,1
fix_failing_calm,2250,9.3667,0.5003,0.8997,0.4445,0.7937,0.3693,Failing,1
fix_failing_calm,2251,9.3833,0.5047,0.8920,0.4455,0.7945,0.3693,Failing,1
fix_failing_calm,2252,9.4000,0.5090,0.8959,0.4465,0.7954,0.3693,Failing,1
fix_failing_calm,2253,9.4167,0.5132,0.9125,0.4476,0.7963,0.3693,Failing,1
fix_failing_calm,2254,9.4333,0.5173,0.9106,0.4488,0.7973,0.3693,Failing,1
fix_failing_calm,2255,9.4500,0.5213,0.9054,0.4500,0.7982,0.3693,Failing,1
fix_failing_calm,2256,9.4667,0.5252,0.9200,0.4512,0.7992,0.3693,Failing,1
fix_failing_calm,2257,9.4833,0.5289,0.9274,0.4525,0.8003,0.3693,Failing,1
fix_failing_calm,2258,9.5000,0.5326,0.9184,0.4538,0.8012,0.3693,Failing,1
fix_failing_calm,2259,9.5167,0.5360,0.9248,0.4552,0.8023,0.3693,Failing,1
fix_failing_calm,2260,9.5333,0.5394,0.9393,0.4566,0.8034,0.3693,Failing,1
fix_failing_calm,2261,9.5500,0.5426,0.9337,0.4580,0.8045,0.3693,Failing,1
fix_failing_calm,2262,9.5667,0.5456,0.9301,0.4594,0.8055,0.3693,Failing,1
fix_failing_calm,2263,9.5833,0.5485,0.9452,0.4609,0.8067,0.3693,Failing,1
fix_failing_calm,2264,9.6000,0.5512,0.9482,0.4624,0.8079,0.3693,Failing,1
fix_failing_calm,2265,9.6167,0.5537,0.9384,0.4639,0.8089,0.3693,Failing,1
fix_failing_calm,2266,9.6333,0.5561,0.9468,0.4654,0.8101,0.3693,Failing,1
fix_failing_calm,2267,9.6500,0.5583,0.9582,0.4670,0.8113,0.3693,Failing,1
fix_failing_calm,2268,9.6667,0.5603,0.9494,0.4685,0.8125,0.3693,Failing,1
fix_failing_calm,2269,9.6833,0.5621,0.9476,0.4701,0.8136,0.3693,Failing,1
fix_failing_calm,2270,9.7000,0.5637,0.9619,0.4716,0.8148,0.3693,Failing,1
fix_failing_calm,2271,9.7167,0.5651,0.9603,0.4731,0.8160,0.3693,Failing,1
fix_failing_calm,2272,9.7333,0.5663,0.9504,0.4747,0.8171,0.3693,Failing,1
fix_failing_calm,2273,9.7500,0.5673,0.9602,0.4762,0.8183,0.3693,Failing,1
fix_failing_calm,2274,9.7667,0.5681,0.9675,0.4777,0.8196,0.3693,Failing,1
fix_failing_calm,2275,9.7833,0.5686,0.9559,0.4792,0.8207,0.3693,Failing,1
fix_failing_calm,2276,9.8000,0.5690,0.9560,0.4807,0.8218,0.3693,Failing,1
fix_failing_calm,2277,9.8167,0.5691,0.9684,0.4822,0.8230,0.3693,Failing,1
fix_failing_calm,2278,9.8333,0.5690,0.9622,0.4836,0.8242,0.3693,Failing,1
fix_failing_calm,2279,9.8500,0.5687,0.9527,0.4850,0.8253,0.3693,Failing,1
fix_failing_calm,2280,9.8667,0.5681,0.9630,0.4864,0.8264,0.3693,Failing,1
fix_failing_calm,2281,9.8833,0.5673,0.9657,0.4877,0.8276,0.3693,Failing,1
fix_failing_calm,2282,9.9000,0.5662,0.9519,0.4890,0.8286,0.3693,Failing,1
fix_failing_calm,2283,9.9167,0.5649,0.9538,0.4903,0.8296,0.3693,Failing,1
fix_failing_calm,2284,9.9333,0.5634,0.9633,0.4915,0.8307,0.3693,Failing,1
fix_failing_calm,2285,9.9500,0.5616,0.9526,0.4926,0.8317,0.3693,Failing,1
fix_failing_calm,2286,9.9667,0.5596,0.9442,0.4938,0.8327,0.3693,Failing,1
fix_failing_calm,2287,9.9833,0.5573,0.9541,0.4948,0.8337,0.3693,Failing,1
fix_failing_calm,2288,10.0000,0.5548,0.9517,0.4958,0.8347,0.3693,Failing,1
fix_failing_calm,2289,10.0167,0.5520,0.9366,0.4967,0.8355,0.3693,Failing,1
fix_failing_calm,2290,10.0333,0.5490,0.9399,0.4976,0.8364,0.3693,Failing,1
fix_failing_calm,2291,10.0500,0.5457,0.9456,0.4984,0.8373,0.3693,Failing,1
fix_failing_calm,2292,10.0667,0.5422,0.9312,0.4991,0.8381,0.3693,Failing,1
fix_failing_calm,2293,10.0833,0.5385,0.9241,0.4998,0.8388,0.3693,Failing,1
fix_failing_calm,2294,10.1000,0.5345,0.9328,0.5003,0.8396,0.3693,Failing,1
fix_failing_calm,2295,10.1167,0.5303,0.9254,0.5008,0.8403,0.3693,Failing,1
fix_failing_calm,2296,10.1333,0.5259,0.9100,0.5012,0.8409,0.3693,Failing,1
fix_failing_calm,2297,10.1500,0.5213,0.9143,0.5016,0.8415,0.3693,Failing,1
fix_failing_calm,2298,10.1667,0.5164,0.9158,0.5018,0.8421,0.3693,Failing,1
fix_failing_calm,2299,10.1833,0.5114,0.8985,0.5020,0.8425,0.3693,Failing,1
fix_failing_calm,2300,10.2000,0.5061,0.8933,0.5020,0.8430,0.3693,Failing,1
fix_failing_calm,2301,10.2167,0.5007,0.9001,0.5020,0.8434,0.3693,Failing,1
fix_failing_calm,2302,10.2333,0.4951,0.8881,0.5019,0.8438,0.3693,Failing,1
fix_failing_calm,2303,10.2500,0.4893,0.8734,0.5017,0.8441,0.3693,Failing,1
fix_failing_calm,2304,10.2667,0.4834,0.8785,0.5014,0.8443,0.3693,Failing,1
fix_failing_calm,2305,10.2833,0.4773,0.8757,0.5010,0.8446,0.3693,Failing,1
fix_failing_calm,2306,10.3000,0.4712,0.8568,0.5005,0.8447,0.3693,Failing,1
fix_failing_calm,2307,10.3167,0.4649,0.8538,0.4999,0.8448,0.3693,Failing,1
fix_failing_calm,2308,10.3333,0.4585,0.8584,0.4992,0.8449,0.3693,Failing,1
fix_failing_calm,2309,10.3500,0.4520,0.8429,0.4985,0.8434,0.3693,Failing,1
fix_failing_calm,2310,10.3667,0.4454,0.8301,0.4976,0.8419,0.3693,Failing,1
fix_failing_calm,2311,10.3833,0.4388,0.8357,0.4966,0.8405,0.3693,Failing,1
fix_failing_calm,2312,10.4000,0.4322,0.8290,0.4955,0.8390,0.3693,Failing,1
fix_failing_calm,2313,10.4167,0.4255,0.8101,0.4944,0.8375,0.3693,Failing,1
fix_failing_calm,2314,10.4333,0.4189,0.8099,0.4931,0.8361,0.3693,Failing,1
fix_failing_calm,2315,10.4500,0.4123,0.8122,0.4918,0.8346,0.3693,Failing,1
fix_failing_calm,2316,10.4667,0.4057,0.7945,0.4904,0.8332,0.3693,Failing,1
fix_failing_calm,2317,10.4833,0.3992,0.7849,0.4889,0.8317,0.3693,Failing,1
fix_failing_calm,2318,10.5000,0.3927,0.7911,0.4873,0.8303,0.3693,Failing,1
fix_failing_calm,2319,10.5167,0.3864,0.7814,0.4856,0.8288,0.3693,Failing,1
fix_failing_calm,2320,10.5333,0.3802,0.7643,0.4839,0.8274,0.3693,Failing,1
fix_failing_calm,2321,10.5500,0.3741,0.7673,0.4821,0.8260,0.3693,Failing,1
fix_failing_calm,2322,10.5667,0.3682,0.7676,0.4802,0.8246,0.3693,Failing,1
fix_failing_calm,2323,10.5833,0.3625,0.7496,0.4782,0.8232,0.3693,Failing,1
fix_failing_calm,2324,10.6000,0.3570,0.7443,0.4762,0.8217,0.3693,Failing,1
fix_failing_calm,2325,10.6167,0.3517,0.7512,0.4742,0.8203,0.3693,Failing,1
fix_failing_calm,2326,10.6333,0.3467,0.7396,0.4721,0.8189,0.3693,Failing,1
fix_failing_calm,2327,10.6500,0.3419,0.7260,0.4699,0.8175,0.3693,Failing,1
fix_failing_calm,2328,10.6667,0.3374,0.7327,0.4677,0.8162,0.3693,Failing,1
fix_failing_calm,2329,10.6833,0.3333,0.7315,0.4655,0.8148,0.3693,Failing,1
fix_failing_calm,2330,10.7000,0.3294,0.7150,0.4632,0.8134,0.3693,Failing,1
fix_failing_calm,2331,10.7167,0.3259,0.7150,0.4610,0.8120,0.3693,Failing,1
fix_failing_calm,2332,10.7333,0.3228,0.7227,0.4587,0.8106,0.3693,Failing,1
fix_failing_calm,2333,10.7500,0.3200,0.7108,0.4564,0.8093,0.3693,Failing,1
fix_failing_calm,2334,10.7667,0.3176,0.7023,0.4541,0.8079,0.3693,Failing,1
fix_failing_calm,2335,10.7833,0.3157,0.7127,0.4518,0.8066,0.3693,Failing,1
fix_failing_calm,2336,10.8000,0.3141,0.7108,0.4495,0.8052,0.3693,Failing,1
fix_failing_calm,2337,10.8167,0.3130,0.6976,0.4473,0.8039,0.3610,Failing,1
fix_failing_calm,2338,10.8333,0.3123,0.7035,0.4451,0.8025,0.3571,Failing,1
fix_failing_calm,2339,10.8500,0.3121,0.7120,0.4429,0.8012,0.3570,Failing,1
fix_failing_calm,2340,10.8667,0.3124,0.7011,0.4407,0.7998,0.3569,Failing,1
fix_failing_calm,2341,10.8833,0.3131,0.6989,0.4386,0.7985,0.3568,Failing,1
fix_failing_calm,2342,10.9000,0.3143,0.7127,0.4365,0.7972,0.3567,Failing,1
fix_failing_calm,2343,10.9167,0.3159,0.7108,0.4345,0.7959,0.3566,Failing,1
fix_failing_calm,2344,10.9333,0.3181,0.7021,0.4326,0.7945,0.3566,Failing,1
fix_failing_calm,2345,10.9500,0.3207,0.7140,0.4308,0.7932,0.3565,Failing,1
fix_failing_calm,2346,10.9667,0.3238,0.7231,0.4290,0.7919,0.3565,Failing,1
fix_failing_calm,2347,10.9833,0.3274,0.7144,0.4273,0.7906,0.3565,Failing,1
fix_failing_calm,2348,11.0000,0.3315,0.7189,0.4257,0.7893,0.3565,Failing,1
fix_failing_calm,2349,11.0167,0.3361,0.7355,0.4243,0.7880,0.3565,Failing,1
fix_failing_calm,2350,11.0333,0.3411,0.7339,0.4229,0.7867,0.3565,Failing,1
fix_failing_calm,2351,11.0500,0.3466,0.7307,0.4216,0.7854,0.3565,Failing,1
fix_failing_calm,2352,11.0667,0.3525,0.7478,0.4205,0.7842,0.3565,Failing,1
fix_failing_calm,2353,11.0833,0.3589,0.7570,0.4195,0.7829,0.3565,Failing,1
fix_failing_calm,2354,11.1000,0.3656,0.7511,0.4186,0.7816,0.3566,Failing,1
fix_failing_calm,2355,11.1167,0.3728,0.7621,0.4178,0.7803,0.3566,Failing,1
fix_failing_calm,2356,11.1333,0.3804,0.7804,0.4172,0.7803,0.3566,Failing,1
fix_failing_calm,2357,11.1500,0.3884,0.7790,0.4167,0.7791,0.3566,Failing,1
fix_failing_calm,2358,11.1667,0.3967,0.7814,0.4164,0.7791,0.3566,Failing,1
fix_failing_calm,2359,11.1833,0.4053,0.8024,0.4162,0.7793,0.3566,Failing,1
fix_failing_calm,2360,11.2000,0.4143,0.8109,0.4162,0.7795,0.3566,Failing,1
fix_failing_calm,2361,11.2167,0.4235,0.8080,0.4163,0.7798,0.3566,Failing,1
fix_failing_calm,2362,11.2333,0.4330,0.8243,0.4166,0.7802,0.3566,Failing,1
fix_failing_calm,2363,11.2500,0.4427,0.8426,0.4170,0.7807,0.3566,Failing,1
fix_failing_calm,2364,11.2667,0.4527,0.8413,0.4176,0.7812,0.3566,Failing,1
fix_failing_calm,2365,11.2833,0.4628,0.8487,0.4183,0.7817,0.3567,Failing,1
fix_failing_calm,2366,11.3000,0.4731,0.8716,0.4192,0.7825,0.3567,Failing,1
fix_failing_calm,2367,11.3167,0.4835,0.8782,0.4203,0.7833,0.3567,Failing,1
fix_failing_calm,2368,11.3333,0.4939,0.8780,0.4215,0.7841,0.3567,Failing,1
fix_failing_calm,2369,11.3500,0.5045,0.8979,0.4229,0.7850,0.3567,Failing,1
fix_failing_calm,2370,11.3667,0.5150,0.9142,0.4244,0.7861,0.3567,Failing,1
fix_failing_calm,2371,11.3833,0.5256,0.9124,0.4261,0.7871,0.3567,Failing,1
fix_failing_calm,2372,11.4000,0.5361,0.9236,0.4279,0.7883,0.3567,Failing,1
fix_failing_calm,2373,11.4167,0.5465,0.9461,0.4299,0.7896,0.3567,Failing,1
fix_failing_calm,2374,11.4333,0.5569,0.9495,0.4320,0.7909,0.3567,Failing,1
fix_failing_calm,2375,11.4500,0.5671,0.9512,0.4342,0.7922,0.3567,Failing,1
fix_failing_calm,2376,11.4667,0.5771,0.9725,0.4366,0.7937,0.3567,Failing,1
fix_failing_calm,2377,11.4833,0.5869,0.9850,0.4390,0.7953,0.3567,Failing,1
fix_failing_calm,2378,11.5000,0.5965,0.9819,0.4417,0.7969,0.3567,Failing,1
fix_failing_calm,2379,11.5167,0.6058,0.9952,0.4444,0.7985,0.3567,Failing,1
fix_failing_calm,2380,11.5333,0.6148,1.0000,0.4472,0.8002,0.3567,Failing,1
fix_failing_calm,2381,11.5500,0.6235,1.0000,0.4501,0.8018,0.3567,Failing,1
fix_failing_calm,2382,11.5667,0.6319,1.0000,0.4531,0.8035,0.3567,Failing,1
fix_failing_calm,2383,11.5833,0.6398,1.0000,0.4562,0.8051,0.3567,Failing,1
fix_failing_calm,2384,11.6000,0.6474,1.0000,0.4593,0.8067,0.3567,Failing,1
fix_failing_calm,2385,11.6167,0.6545,1.0000,0.4626,0.8083,0.3567,Failing,1
fix_failing_calm,2386,11.6333,0.6611,1.0000,0.4659,0.8099,0.3567,Failing,1
fix_failing_calm,2387,11.6500,0.6673,1.0000,0.4692,0.8115,0.3567,Failing,1
fix_failing_calm,2388,11.6667,0.6729,1.0000,0.4726,0.8131,0.3567,Failing,1
fix_failing_calm,2389,11.6833,0.6780,1.0000,0.4759,0.8146,0.3567,Failing,1
fix_failing_calm,2390,11.7000,0.6826,1.0000,0.4794,0.8162,0.3567,Failing,1
fix_failing_calm,2391,11.7167,0.6866,1.0000,0.4828,0.8177,0.3567,Failing,1
fix_failing_calm,2392,11.7333,0.6901,1.0000,0.4862,0.8192,0.3567,Failing,1
fix_failing_calm,2393,11.7500,0.6929,1.0000,0.4896,0.8207,0.3567,Failing,1
fix_failing_calm,2394,11.7667,0.6951,1.0000,0.4930,0.8222,0.3567,Failing,1
fix_failing_calm,2395,11.7833,0.6968,1.0000,0.4964,0.8237,0.3567,Failing,1
fix_failing_calm,2396,11.8000,0.6978,1.0000,0.4997,0.8251,0.3567,Failing,1
fix_failing_calm,2397,11.8167,0.6982,1.0000,0.5030,0.8266,0.3567,Failing,1
fix_failing_calm,2398,11.8333,0.6979,1.0000,0.5062,0.8280,0.3567,Failing,1
fix_failing_calm,2399,11.8500,0.6971,1.0000,0.5094,0.8294,0.3567,Failing,1
fix_failing_calm,2400,11.8667,0.6956,1.0000,0.5125,0.8309,0.3567,Failing,1
fix_failing_calm,2401,11.8833,0.6935,1.0000,0.5155,0.8323,0.3567,Failing,1
fix_failing_calm,2402,11.9000,0.6908,1.0000,0.5183,0.8336,0.3567,Failing,1
fix_failing_calm,2403,11.9167,0.6874,1.0000,0.5211,0.8350,0.3567,Failing,1
fix_failing_calm,2404,11.9333,0.6835,1.0000,0.5238,0.8364,0.3567,Failing,1
fix_failing_calm,2405,11.9500,0.6790,1.0000,0.5264,0.8378,0.3567,Failing,1
fix_failing_calm,2406,11.9667,0.6739,1.0000,0.5288,0.8391,0.3567,Failing,1
fix_failing_calm,2407,11.9833,0.6682,1.0000,0.5311,0.8404,0.3567,Failing,1
fix_failing_calm,2408,12.0000,0.6620,1.0000,0.5333,0.8418,0.3567,Failing,1
fix_failing_calm,2409,12.0167,0.6553,1.0000,0.5353,0.8431,0.3567,Failing,1
fix_failing_calm,2410,12.0333,0.6481,1.0000,0.5372,0.8444,0.3567,Failing,1
fix_failing_calm,2411,12.0500,0.6404,1.0000,0.5389,0.8457,0.3567,Failing,1
fix_failing_calm,2412,12.0667,0.6322,1.0000,0.5404,0.8469,0.3567,Failing,1
fix_failing_calm,2413,12.0833,0.6236,1.0000,0.5418,0.8482,0.3567,Failing,1
fix_failing_calm,2414,12.1000,0.6146,1.0000,0.5430,0.8495,0.3567,Failing,1
fix_failing_calm,2415,12.1167,0.6052,0.9996,0.5440,0.8507,0.3567,Failing,1
fix_failing_calm,2416,12.1333,0.5955,0.9795,0.5449,0.8518,0.3567,Failing,1
fix_failing_calm,2417,12.1500,0.5854,0.9791,0.5456,0.8528,0.3567,Failing,1
fix_failing_calm,2418,12.1667,0.5751,0.9742,0.5460,0.8539,0.3567,Failing,1
fix_failing_calm,2419,12.1833,0.5645,0.9512,0.5463,0.8547,0.3567,Failing,1
fix_failing_calm,2420,12.2000,0.5537,0.9414,0.5465,0.8554,0.3567,Failing,1
fix_failing_calm,2421,12.2167,0.5428,0.9424,0.5464,0.8561,0.3567,Failing,1
fix_failing_calm,2422,12.2333,0.5316,0.9240,0.5462,0.8567,0.3567,Failing,1
fix_failing_calm,2423,12.2500,0.5204,0.9046,0.5457,0.8571,0.3567,Failing,1
fix_failing_calm,2424,12.2667,0.5090,0.9047,0.5451,0.8575,0.3567,Failing,1
fix_failing_calm,2425,12.2833,0.4977,0.8955,0.5443,0.8578,0.3567,Failing,1
fix_failing_calm,2426,12.3000,0.4863,0.8715,0.5434,0.8579,0.3567,Failing,1
fix_failing_calm,2427,12.3167,0.4749,0.8645,0.5423,0.8579,0.3567,Failing,1
fix_failing_calm,2428,12.3333,0.4636,0.8636,0.5410,0.8580,0.3567,Failing,1
fix_failing_calm,2429,12.3500,0.4524,0.8426,0.5395,0.8565,0.3567,Failing,1
fix_failing_calm,2430,12.3667,0.4413,0.8263,0.5379,0.8549,0.3567,Failing,1
fix_failing_calm,2431,12.3833,0.4304,0.8278,0.5361,0.8534,0.3567,Failing,1
fix_failing_calm,2432,12.4000,0.4196,0.8159,0.5342,0.8519,0.3567,Failing,1
fix_failing_calm,2433,12.4167,0.4091,0.7935,0.5321,0.8504,0.3567,Failing,1
fix_failing_calm,2434,12.4333,0.3989,0.7906,0.5299,0.8489,0.3567,Failing,1
fix_failing_calm,2435,12.4500,0.3889,0.7887,0.5276,0.8474,0.3567,Failing,1
fix_failing_calm,2436,12.4667,0.3792,0.7675,0.5251,0.8459,0.3567,Failing,1
fix_failing_calm,2437,12.4833,0.3699,0.7561,0.5226,0.8444,0.3567,Failing,1
fix_failing_calm,2438,12.5000,0.3610,0.7598,0.5199,0.8429,0.3567,Failing,1
fix_failing_calm,2439,12.5167,0.3524,0.7467,0.5171,0.8414,0.3567,Failing,1
fix_failing_calm,2440,12.5333,0.3443,0.7283,0.5143,0.8400,0.3567,Failing,1
fix_failing_calm,2441,12.5500,0.3366,0.7304,0.5113,0.8385,0.3567,Failing,1
fix_failing_calm,2442,12.5667,0.3293,0.7284,0.5083,0.8370,0.3567,Failing,1
fix_failing_calm,2443,12.5833,0.3225,0.7091,0.5052,0.8356,0.3567,Failing,1
fix_failing_calm,2444,12.6000,0.3163,0.7041,0.5021,0.8341,0.3567,Failing,1
fix_failing_calm,2445,12.6167,0.3105,0.7101,0.4989,0.8327,0.3567,Failing,1
fix_failing_calm,2446,12.6333,0.3052,0.6974,0.4957,0.8312,0.3567,Failing,1
fix_failing_calm,2447,12.6500,0.3005,0.6847,0.4925,0.8298,0.3567,Failing,1
fix_failing_calm,2448,12.6667,0.2963,0.6921,0.4893,0.8284,0.3567,Failing,1
fix_failing_calm,2449,12.6833,0.2926,0.6904,0.4860,0.8270,0.3567,Failing,1
fix_failing_calm,2450,12.7000,0.2896,0.6747,0.4828,0.8255,0.3567,Failing,1
fix_failing_calm,2451,12.7167,0.2870,0.6768,0.4795,0.8241,0.3567,Failing,1
fix_failing_calm,2452,12.7333,0.2850,0.6850,0.4763,0.8227,0.3567,Failing,1
fix_failing_calm,2453,12.7500,0.2836,0.6737,0.4731,0.8213,0.3567,Failing,1
fix_failing_calm,2454,12.7667,0.2827,0.6677,0.4700,0.8199,0.3567,Failing,1
fix_failing_calm,2455,12.7833,0.2824,0.6799,0.4669,0.8185,0.3567,Failing,1
fix_failing_calm,2456,12.8000,0.2826,0.6788,0.4639,0.8171,0.3567,Failing,1
fix_failing_calm,2457,12.8167,0.2834,0.6677,0.4609,0.8157,0.3567,Failing,1
fix_failing_calm,2458,12.8333,0.2847,0.6765,0.4580,0.8143,0.3567,Failing,1
fix_failing_calm,2459,12.8500,0.2865,0.6862,0.4551,0.8129,0.3567,Failing,1
fix_failing_calm,2460,12.8667,0.2888,0.6770,0.4524,0.8116,0.3567,Failing,1
fix_failing_calm,2461,12.8833,0.2916,0.6779,0.4497,0.8102,0.3483,Failing,1
fix_failing_calm,2462,12.9000,0.2949,0.6938,0.4472,0.8088,0.3457,Failing,1
fix_failing_calm,2463,12.9167,0.2987,0.6928,0.4447,0.8075,0.3457,Failing,1
fix_failing_calm,2464,12.9333,0.3029,0.6869,0.4424,0.8061,0.3458,Failing,1
fix_failing_calm,2465,12.9500,0.3075,0.7014,0.4401,0.8048,0.3458,Failing,1
fix_failing_calm,2466,12.9667,0.3125,0.7115,0.4380,0.8034,0.3459,Failing,1
fix_failing_calm,2467,12.9833,0.3179,0.7043,0.4360,0.8021,0.3460,Failing,1
fix_failing_calm,2468,13.0000,0.3237,0.7116,0.4342,0.8007,0.3461,Failing,1
fix_failing_calm,2469,13.0167,0.3298,0.7295,0.4325,0.7994,0.3462,Failing,1
fix_failing_calm,2470,13.0333,0.3362,0.7283,0.4309,0.7981,0.3464,Failing,1
fix_failing_calm,2471,13.0500,0.3429,0.7272,0.4294,0.7968,0.3465,Failing,1
fix_failing_calm,2472,13.0667,0.3499,0.7458,0.4281,0.7954,0.3466,Failing,1
fix_failing_calm,2473,13.0833,0.3571,0.7548,0.4269,0.7941,0.3467,Failing,1
fix_failing_calm,2474,13.1000,0.3645,0.7496,0.4259,0.7928,0.3468,Failing,1
fix_failing_calm,2475,13.1167,0.3721,0.7620,0.4250,0.7915,0.3469,Failing,1
fix_failing_calm,2476,13.1333,0.3799,0.7799,0.4243,0.7902,0.3470,Failing,1
fix_failing_calm,2477,13.1500,0.3878,0.7778,0.4236,0.7889,0.3471,Failing,1
fix_failing_calm,2478,13.1667,0.3958,0.7809,0.4232,0.7876,0.3472,Failing,1
fix_failing_calm,2479,13.1833,0.4039,0.8016,0.4229,0.7877,0.3473,Failing,1
fix_failing_calm,2480,13.2000,0.4121,0.8081,0.4227,0.7879,0.3474,Failing,1
fix_failing_calm,2481,13.2167,0.4203,0.8046,0.4227,0.7880,0.3476,Failing,1
fix_failing_calm,2482,13.2333,0.4285,0.8205,0.4227,0.7883,0.3477,Failing,1
fix_failing_calm,2483,13.2500,0.4367,0.8364,0.4230,0.7887,0.3478,Failing,1
fix_failing_calm,2484,13.2667,0.4448,0.8328,0.4233,0.7891,0.3479,Failing,1
fix_failing_calm,2485,13.2833,0.4529,0.8393,0.4238,0.7895,0.3480,Failing,1
fix_failing_calm,2486,13.3000,0.4609,0.8598,0.4244,0.7901,0.3481,Failing,1
fix_failing_calm,2487,13.3167,0.4688,0.8628,0.4252,0.7907,0.3482,Failing,1
fix_failing_calm,2488,13.3333,0.4766,0.8606,0.4260,0.7912,0.3483,Failing,1
fix_failing_calm,2489,13.3500,0.4842,0.8782,0.4270,0.7920,0.3484,Failing,1
fix_failing_calm,2490,13.3667,0.4916,0.8905,0.4281,0.7928,0.3485,Failing,1
fix_failing_calm,2491,13.3833,0.4988,0.8852,0.4292,0.7936,0.3486,Failing,1
fix_failing_calm,2492,13.4000,0.5059,0.8939,0.4305,0.7944,0.3487,Failing,1
fix_failing_calm,2493,13.4167,0.5127,0.9124,0.4319,0.7954,0.3487,Failing,1
fix_failing_calm,2494,13.4333,0.5193,0.9112,0.4333,0.7963,0.3488,Failing,1
fix_failing_calm,2495,13.4500,0.5256,0.9099,0.4348,0.7973,0.3489,Failing,1
fix_failing_calm,2496,13.4667,0.5317,0.9277,0.4364,0.7984,0.3490,Failing,1
fix_failing_calm,2497,13.4833,0.5375,0.9351,0.4381,0.7995,0.3491,Failing,1
fix_failing_calm,2498,13.5000,0.5430,0.9280,0.4398,0.8006,0.3491,Failing,1
fix_failing_calm,2499,13.5167,0.5482,0.9382,0.4416,0.8017,0.3492,Failing,1
fix_failing_calm,2500,13.5333,0.5531,0.9531,0.4435,0.8030,0.3493,Failing,1
fix_failing_calm,2501,13.5500,0.5577,0.9475,0.4453,0.8042,0.3494,Failing,1
fix_failing_calm,2502,13.5667,0.5619,0.9471,0.4473,0.8053,0.3494,Failing,1
fix_failing_calm,2503,13.5833,0.5659,0.9636,0.4492,0.8067,0.3495,Failing,1
fix_failing_calm,2504,13.6000,0.5695,0.9654,0.4512,0.8080,0.3495,Failing,1
fix_failing_calm,2505,13.6167,0.5728,0.9571,0.4532,0.8092,0.3496,Failing,1
fix_failing_calm,2506,13.6333,0.5758,0.9679,0.4553,0.8105,0.3496,Failing,1
fix_failing_calm,2507,13.6500,0.5784,0.9781,0.4573,0.8119,0.3497,Failing,1
fix_failing_calm,2508,13.6667,0.5807,0.9686,0.4593,0.8132,0.3497,Failing,1
fix_failing_calm,2509,13.6833,0.5826,0.9691,0.4614,0.8145,0.3498,Failing,1
fix_failing_calm,2510,13.7000,0.5843,0.9832,0.4634,0.8159,0.3498,Failing,1
fix_failing_calm,2511,13.7167,0.5856,0.9795,0.4654,0.8173,0.3498,Failing,1
fix_failing_calm,2512,13.7333,0.5865,0.9706,0.4674,0.8185,0.3499,Failing,1
fix_failing_calm,2513,13.7500,0.5872,0.9814,0.4694,0.8199,0.3499,Failing,1
fix_failing_calm,2514,13.7667,0.5876,0.9864,0.4714,0.8213,0.3499,Failing,1
fix_failing_calm,2515,13.7833,0.5876,0.9738,0.4733,0.8225,0.3499,Failing,1
fix_failing_calm,2516,13.8000,0.5873,0.9755,0.4752,0.8238,0.3499,Failing,1
fix_failing_calm,2517,13.8167,0.5868,0.9865,0.4770,0.8252,0.3499,Failing,1
fix_failing_calm,2518,13.8333,0.5859,0.9778,0.4788,0.8264,0.3499,Failing,1
fix_failing_calm,2519,13.8500,0.5848,0.9692,0.4806,0.8276,0.3499,Failing,1
fix_failing_calm,2520,13.8667,0.5835,0.9796,0.4823,0.8289,0.3499,Failing,1
fix_failing_calm,2521,13.8833,0.5818,0.9793,0.4839,0.8301,0.3499,Failing,1
fix_failing_calm,2522,13.9000,0.5799,0.9649,0.4855,0.8312,0.3499,Failing,1
fix_failing_calm,2523,13.9167,0.5778,0.9680,0.4870,0.8324,0.3499,Failing,1
fix_failing_calm,2524,13.9333,0.5755,0.9754,0.4885,0.8336,0.3499,Failing,1
fix_failing_calm,2525,13.9500,0.5729,0.9626,0.4899,0.8346,0.3499,Failing,1
fix_failing_calm,2526,13.9667,0.5701,0.9553,0.4912,0.8356,0.3499,Failing,1
fix_failing_calm,2527,13.9833,0.5671,0.9649,0.4925,0.8367,0.3499,Failing,1
fix_failing_calm,2528,14.0000,0.5640,0.9597,0.4936,0.8377,0.3499,Failing,1
fix_failing_calm,2529,14.0167,0.5606,0.9449,0.4947,0.8386,0.3499,Failing,1
fix_failing_calm,2530,14.0333,0.5571,0.9494,0.4958,0.8395,0.3499,Failing,1
fix_failing_calm,2531,14.0500,0.5535,0.9531,0.4967,0.8405,0.3499,Failing,1
fix_failing_calm,2532,14.0667,0.5497,0.9374,0.4976,0.8413,0.3499,Failing,1
fix_failing_calm,2533,14.0833,0.5457,0.9323,0.4984,0.8420,0.3499,Failing,1
fix_failing_calm,2534,14.1000,0.5417,0.9407,0.4991,0.8429,0.3499,Failing,1
fix_failing_calm,2535,14.1167,0.5375,0.9313,0.4998,0.8436,0.3499,Failing,1
fix_failing_calm,2536,14.1333,0.5333,0.9173,0.5003,0.8442,0.3499,Failing,1
fix_failing_calm,2537,14.1500,0.5289,0.9233,0.5008,0.8449,0.3499,Failing,1
fix_failing_calm,2538,14.1667,0.5245,0.9232,0.5012,0.8455,0.3499,Failing,1
fix_failing_calm,2539,14.1833,0.5200,0.9061,0.5015,0.8460,0.3499,Failing,1
fix_failing_calm,2540,14.2000,0.5154,0.9037,0.5017,0.8465,0.3499,Failing,1
fix_failing_calm,2541,14.2167,0.5108,0.9106,0.5019,0.8470,0.3499,Failing,1
fix_failing_calm,2542,14.2333,0.5061,0.8978,0.5019,0.8474,0.3499,Failing,1
fix_failing_calm,2543,14.2500,0.5015,0.8858,0.5019,0.8478,0.3499,Failing,1
fix_failing_calm,2544,14.2667,0.4967,0.8930,0.5018,0.8481,0.3499,Failing,1
fix_failing_calm,2545,14.2833,0.4920,0.8894,0.5017,0.8485,0.3499,Failing,1
fix_failing_calm,2546,14.3000,0.4873,0.8722,0.5014,0.8487,0.3499,Failing,1
fix_failing_calm,2547,14.3167,0.4826,0.8728,0.5011,0.8489,0.3499,Failing,1
fix_failing_calm,2548,14.3333,0.4778,0.8778,0.5007,0.8491,0.3499,Failing,1
fix_failing_calm,2549,14.3500,0.4731,0.8627,0.5003,0.8492,0.3499,Failing,1
fix_failing_calm,2550,14.3667,0.4685,0.8538,0.4998,0.8493,0.3499,Failing,1
fix_failing_calm,2551,14.3833,0.4638,0.8617,0.4992,0.8494,0.3499,Failing,1
fix_failing_calm,2552,14.4000,0.4592,0.8549,0.4985,0.8494,0.3499,Failing,1
fix_failing_calm,2553,14.4167,0.4547,0.8389,0.4978,0.8479,0.3499,Failing,1
fix_failing_calm,2554,14.4333,0.4502,0.8426,0.4970,0.8464,0.3499,Failing,1
fix_failing_calm,2555,14.4500,0.4458,0.8454,0.4961,0.8449,0.3499,Failing,1
fix_failing_calm,2556,14.4667,0.4414,0.8291,0.4952,0.8434,0.3499,Failing,1
fix_failing_calm,2557,14.4833,0.4372,0.8238,0.4943,0.8420,0.3499,Failing,1
fix_failing_calm,2558,14.5000,0.4330,0.8321,0.4933,0.8405,0.3499,Failing,1
fix_failing_calm,2559,14.5167,0.4289,0.8225,0.4922,0.8390,0.3499,Failing,1
fix_failing_calm,2560,14.5333,0.4249,0.8089,0.4911,0.8376,0.3499,Failing,1
fix_failing_calm,2561,14.5500,0.4210,0.8155,0.4899,0.8361,0.3499,Failing,1
fix_failing_calm,2562,14.5667,0.4173,0.8159,0.4887,0.8346,0.3499,Failing,1
fix_failing_calm,2563,14.5833,0.4136,0.7997,0.4875,0.8332,0.3499,Failing,1
fix_failing_calm,2564,14.6000,0.4101,0.7985,0.4862,0.8318,0.3499,Failing,1
fix_failing_calm,2565,14.6167,0.4067,0.8065,0.4849,0.8303,0.3499,Failing,1
fix_failing_calm,2566,14.6333,0.4035,0.7950,0.4836,0.8289,0.3499,Failing,1
fix_failing_calm,2567,14.6500,0.4004,0.7848,0.4822,0.8275,0.3499,Failing,1
fix_failing_calm,2568,14.6667,0.3974,0.7938,0.4808,0.8260,0.3499,Failing,1
fix_failing_calm,2569,14.6833,0.3946,0.7919,0.4794,0.8246,0.3499,Failing,1
fix_failing_calm,2570,14.7000,0.3920,0.7769,0.4779,0.8232,0.3499,Failing,1
fix_failing_calm,2571,14.7167,0.3896,0.7800,0.4765,0.8218,0.3499,Failing,1
fix_failing_calm,2572,14.7333,0.3874,0.7873,0.4750,0.8204,0.3499,Failing,1
fix_failing_calm,2573,14.7500,0.3853,0.7748,0.4735,0.8190,0.3499,Failing,1
fix_failing_calm,2574,14.7667,0.3835,0.7688,0.4720,0.8176,0.3499,Failing,1
fix_failing_calm,2575,14.7833,0.3818,0.7798,0.4705,0.8162,0.3499,Failing,1
fix_failing_calm,2576,14.8000,0.3804,0.7759,0.4690,0.8148,0.3499,Failing,1
fix_failing_calm,2577,14.8167,0.3791,0.7633,0.4675,0.8134,0.3499,Failing,1
fix_failing_calm,2578,14.8333,0.3781,0.7706,0.4661,0.8121,0.3499,Failing,1
fix_failing_calm,2579,14.8500,0.3773,0.7769,0.4646,0.8107,0.3499,Failing,1
fix_failing_calm,2580,14.8667,0.3768,0.7643,0.4631,0.8093,0.3499,Failing,1
fix_failing_calm,2581,14.8833,0.3765,0.7632,0.4617,0.8080,0.3499,Failing,1
fix_failing_calm,2582,14.9000,0.3764,0.7756,0.4603,0.8066,0.3499,Failing,1
fix_failing_calm,2583,14.9167,0.3766,0.7701,0.4589,0.8052,0.3499,Failing,1
fix_failing_calm,2584,14.9333,0.3771,0.7611,0.4576,0.8039,0.3499,Failing,1
fix_failing_calm,2585,14.9500,0.3777,0.7724,0.4562,0.8025,0.3499,Failing,1
fix_failing_calm,2586,14.9667,0.3787,0.7773,0.4550,0.8012,0.3499,Failing,1
fix_failing_calm,2587,14.9833,0.3799,0.7659,0.4537,0.7999,0.3499,Failing,1
fix_failing_calm,2588,15.0000,0.3814,0.7700,0.4525,0.7985,0.3499,Failing,1
fix_failing_calm,2589,15.0167,0.3832,0.7830,0.4514,0.7972,0.3499,Failing,1
fix_failing_calm,2590,15.0333,0.3852,0.7766,0.4503,0.7959,0.3499,Failing,1
fix_failing_calm,2591,15.0500,0.3875,0.7720,0.4493,0.7946,0.3499,Failing,1
fix_failing_calm,2592,15.0667,0.3901,0.7866,0.4483,0.7933,0.3499,Failing,1
fix_failing_calm,2593,15.0833,0.3930,0.7902,0.4474,0.7920,0.3499,Failing,1
fix_failing_calm,2594,15.1000,0.3961,0.7809,0.4465,0.7907,0.3499,Failing,1
fix_failing_calm,2595,15.1167,0.3995,0.7900,0.4457,0.7894,0.3499,Failing,1
fix_failing_calm,2596,15.1333,0.4031,0.8031,0.4450,0.7895,0.3499,Failing,1
fix_failing_calm,2597,15.1500,0.4071,0.7964,0.4444,0.7895,0.3499,Failing,1
fix_failing_calm,2598,15.1667,0.4112,0.7967,0.4439,0.7896,0.3499,Failing,1
fix_failing_calm,2599,15.1833,0.4157,0.8138,0.4434,0.7898,0.3499,Failing,1
fix_failing_calm,2600,15.2000,0.4204,0.8158,0.4430,0.7900,0.3499,Failing,1
fix_failing_calm,2601,15.2167,0.4253,0.8094,0.4427,0.7902,0.3499,Failing,1
fix_failing_calm,2602,15.2333,0.4305,0.8231,0.4425,0.7904,0.3499,Failing,1
fix_failing_calm,2603,15.2500,0.4358,0.8353,0.4424,0.7908,0.3499,Failing,1
fix_failing_calm,2604,15.2667,0.4414,0.8289,0.4424,0.7911,0.3499,Failing,1
fix_failing_calm,2605,15.2833,0.4473,0.8341,0.4425,0.7915,0.3499,Failing,1
fix_failing_calm,2606,15.3000,0.4532,0.8525,0.4426,0.7920,0.3499,Failing,1
fix_failing_calm,2607,15.3167,0.4594,0.8528,0.4429,0.7925,0.3499,Failing,1
fix_failing_calm,2608,15.3333,0.4658,0.8498,0.4433,0.7930,0.3499,Failing,1
fix_failing_calm,2609,15.3500,0.4723,0.8670,0.4438,0.7936,0.3416,Failing,1
fix_failing_calm,2610,15.3667,0.4789,0.8775,0.4444,0.7943,0.3385,Failing,1
fix_failing_calm,2611,15.3833,0.4857,0.8716,0.4450,0.7949,0.3383,Failing,1
fix_failing_calm,2612,15.4000,0.4926,0.8812,0.4458,0.7956,0.3381,Failing,1
fix_failing_calm,2613,15.4167,0.4995,0.8994,0.4467,0.7965,0.3380,Failing,1
fix_failing_calm,2614,15.4333,0.5066,0.8978,0.4477,0.7973,0.3378,Failing,1
fix_failing_calm,2615,15.4500,0.5137,0.8982,0.4488,0.7982,0.3376,Failing,1
fix_failing_calm,2616,15.4667,0.5208,0.9174,0.4500,0.7992,0.3374,Failing,1
fix_failing_calm,2617,15.4833,0.5279,0.9250,0.4513,0.8002,0.3373,Failing,1
fix_failing_calm,2618,15.5000,0.5351,0.9198,0.4527,0.8012,0.3371,Failing,1
fix_failing_calm,2619,15.5167,0.5422,0.9328,0.4541,0.8023,0.3369,Failing,1
fix_failing_calm,2620,15.5333,0.5492,0.9492,0.4557,0.8035,0.3367,Failing,1
fix_failing_calm,2621,15.5500,0.5562,0.9454,0.4574,0.8047,0.3365,Failing,1
fix_failing_calm,2622,15.5667,0.5631,0.9486,0.4591,0.8059,0.3363,Failing,1
fix_failing_calm,2623,15.5833,0.5698,0.9680,0.4610,0.8072,0.3362,Failing,1
fix_failing_calm,2624,15.6000,0.5765,0.9718,0.4629,0.8086,0.3360,Failing,1
fix_failing_calm,2625,15.6167,0.5829,0.9671,0.4648,0.8099,0.3358,Failing,1
fix_failing_calm,2626,15.6333,0.5892,0.9820,0.4669,0.8113,0.3356,Failing,1
fix_failing_calm,2627,15.6500,0.5953,0.9948,0.4690,0.8129,0.3354,Failing,1
fix_failing_calm,2628,15.6667,0.6012,0.9885,0.4712,0.8143,0.3352,Failing,1
fix_failing_calm,2629,15.6833,0.6068,0.9937,0.4734,0.8158,0.3350,Failing,1
fix_failing_calm,2630,15.7000,0.6121,1.0000,0.4757,0.8173,0.3348,Failing,1
fix_failing_calm,2631,15.7167,0.6171,1.0000,0.4781,0.8189,0.3346,Failing,1
fix_failing_calm,2632,15.7333,0.6218,1.0000,0.4805,0.8204,0.3344,Failing,1
fix_failing_calm,2633,15.7500,0.6262,1.0000,0.4829,0.8218,0.3342,Failing,1
fix_failing_calm,2634,15.7667,0.6303,1.0000,0.4853,0.8233,0.3340,Failing,1
fix_failing_calm,2635,15.7833,0.6339,1.0000,0.4878,0.8248,0.3338,Failing,1
fix_failing_calm,2636,15.8000,0.6372,1.0000,0.4902,0.8262,0.3335,Failing,1
fix_failing_calm,2637,15.8167,0.6400,1.0000,0.4927,0.8277,0.3333,Failing,1
fix_failing_calm,2638,15.8333,0.6425,1.0000,0.4952,0.8291,0.3331,Failing,1
fix_failing_calm,2639,15.8500,0.6445,1.0000,0.4976,0.8305,0.3329,Failing,1
fix_failing_calm,2640,15.8667,0.6460,1.0000,0.5001,0.8319,0.3327,Failing,1
fix_failing_calm,2641,15.8833,0.6471,1.0000,0.5025,0.8333,0.3324,Failing,1
fix_failing_calm,2642,15.9000,0.6477,1.0000,0.5049,0.8347,0.3322,Failing,1
fix_failing_calm,2643,15.9167,0.6478,1.0000,0.5073,0.8361,0.3320,Failing,1
fix_failing_calm,2644,15.9333,0.6474,1.0000,0.5096,0.8374,0.3318,Failing,1
fix_failing_calm,2645,15.9500,0.6466,1.0000,0.5119,0.8388,0.3315,Failing,1
fix_failing_calm,2646,15.9667,0.6452,1.0000,0.5141,0.8401,0.3313,Failing,1
fix_failing_calm,2647,15.9833,0.6433,1.0000,0.5162,0.8415,0.3311,Failing,1
fix_failing_calm,2648,16.0000,0.6409,1.0000,0.5183,0.8428,0.3308,Failing,1
fix_failing_calm,2649,16.0167,0.6380,1.0000,0.5202,0.8441,0.3306,Failing,1
fix_failing_calm,2650,16.0333,0.6346,1.0000,0.5221,0.8454,0.3303,Failing,1
fix_failing_calm,2651,16.0500,0.6307,1.0000,0.5239,0.8467,0.3301,Failing,1
fix_failing_calm,2652,16.0667,0.6263,1.0000,0.5256,0.8479,0.3298,Failing,1
fix_failing_calm,2653,16.0833,0.6214,1.0000,0.5272,0.8492,0.3296,Failing,1
fix_failing_calm,2654,16.1000,0.6160,1.0000,0.5287,0.8504,0.3293,Failing,1
fix_failing_calm,2655,16.1167,0.6101,1.0000,0.5300,0.8517,0.3291,Failing,1
fix_failing_calm,2656,16.1333,0.6038,0.9879,0.5312,0.8528,0.3288,Failing,1
fix_failing_calm,2657,16.1500,0.5971,0.9920,0.5323,0.8540,0.3286,Failing,1
fix_failing_calm,2658,16.1667,0.5899,0.9882,0.5333,0.8551,0.3283,Failing,1
fix_failing_calm,2659,16.1833,0.5822,0.9679,0.5341,0.8560,0.3281,Failing,1
fix_failing_calm,2660,16.2000,0.5742,0.9631,0.5348,0.8569,0.3278,Failing,1
fix_failing_calm,2661,16.2167,0.5658,0.9657,0.5353,0.8578,0.3275,Failing,1
fix_failing_calm,2662,16.2333,0.5571,0.9481,0.5356,0.8586,0.3273,Failing,1
fix_failing_calm,2663,16.2500,0.5480,0.9326,0.5358,0.8592,0.3270,Failing,1
fix_failing_calm,2664,16.2667,0.5386,0.9354,0.5359,0.8598,0.3267,Failing,1
fix_failing_calm,2665,16.2833,0.5289,0.9258,0.5358,0.8604,0.3265,Failing,1
fix_failing_calm,2666,16.3000,0.5190,0.9036,0.5355,0.8607,0.3262,Failing,1
fix_failing_calm,2667,16.3167,0.5089,0.8998,0.5350,0.8610,0.3259,Failing,1
fix_failing_calm,2668,16.3333,0.4985,0.8984,0.5344,0.8614,0.3256,Failing,1
fix_failing_calm,2669,16.3500,0.4880,0.8769,0.5337,0.8615,0.3254,Failing,1
fix_failing_calm,2670,16.3667,0.4773,0.8630,0.5327,0.8615,0.3251,Failing,1
fix_failing_calm,2671,16.3833,0.4666,0.8649,0.5316,0.8615,0.3248,Failing,1
fix_failing_calm,2672,16.4000,0.4557,0.8508,0.5304,0.8600,0.3245,Failing,1
fix_failing_calm,2673,16.4167,0.4448,0.8289,0.5290,0.8584,0.3242,Failing,1
fix_failing_calm,2674,16.4333,0.4340,0.8270,0.5274,0.8569,0.3240,Failing,1
fix_failing_calm,2675,16.4500,0.4231,0.8225,0.5257,0.8554,0.3237,Failing,1
fix_failing_calm,2676,16.4667,0.4123,0.7994,0.5238,0.8539,0.3234,Failing,1
fix_failing_calm,2677,16.4833,0.4016,0.7888,0.5218,0.8523,0.3231,Failing,1
fix_failing_calm,2678,16.5000,0.3910,0.7904,0.5196,0.8508,0.3228,Failing,1
fix_failing_calm,2679,16.5167,0.3806,0.7736,0.5173,0.8493,0.3225,Failing,1
fix_failing_calm,2680,16.5333,0.3704,0.7545,0.5149,0.8478,0.3222,Failing,1
fix_failing_calm,2681,16.5500,0.3604,0.7555,0.5124,0.8463,0.3219,Failing,1
fix_failing_calm,2682,16.5667,0.3507,0.7490,0.5097,0.8448,0.3216,Failing,1
fix_failing_calm,2683,16.5833,0.3413,0.7269,0.5069,0.8434,0.3213,Failing,1
fix_failing_calm,2684,16.6000,0.3321,0.7212,0.5040,0.8419,0.3210,Failing,1
fix_failing_calm,2685,16.6167,0.3234,0.7233,0.5010,0.8404,0.3207,Failing,1
fix_failing_calm,2686,16.6333,0.3150,0.7058,0.4979,0.8389,0.3204,Failing,1
fix_failing_calm,2687,16.6500,0.3070,0.6917,0.4948,0.8375,0.3201,Failing,1
fix_failing_calm,2688,16.6667,0.2995,0.6964,0.4916,0.8360,0.3198,Failing,1
fix_failing_calm,2689,16.6833,0.2924,0.6891,0.4883,0.8346,0.3195,Failing,1
fix_failing_calm,2690,16.7000,0.2858,0.6704,0.4849,0.8331,0.3192,Failing,1
fix_failing_calm,2691,16.7167,0.2797,0.6708,0.4815,0.8317,0.3190,Failing,1
fix_failing_calm,2692,16.7333,0.2741,0.6740,0.4781,0.8302,0.3187,Failing,1
fix_failing_calm,2693,16.7500,0.2691,0.6579,0.4746,0.8288,0.3185,Failing,1
fix_failing_calm,2694,16.7667,0.2647,0.6504,0.4712,0.8274,0.3184,Failing,1
fix_failing_calm,2695,16.7833,0.2608,0.6592,0.4677,0.8259,0.3182,Failing,1
fix_failing_calm,2696,16.8000,0.2575,0.6524,0.4642,0.8245,0.3181,Failing,1
fix_failing_calm,2697,16.8167,0.2548,0.6389,0.4608,0.8231,0.3181,Failing,1
fix_failing_calm,2698,16.8333,0.2527,0.6459,0.4573,0.8217,0.3181,Failing,1
fix_failing_calm,2699,16.8500,0.2513,0.6506,0.4539,0.8203,0.3181,Failing,1
fix_failing_calm,2700,16.8667,0.2504,0.6374,0.4506,0.8189,0.3182,Failing,1
fix_failing_calm,2701,16.8833,0.2502,0.6375,0.4472,0.8175,0.3183,Failing,1
fix_failing_calm,2702,16.9000,0.2507,0.6501,0.4440,0.8161,0.3184,Failing,1
fix_failing_calm,2703,16.9167,0.2517,0.6446,0.4408,0.8147,0.3186,Failing,1
fix_failing_calm,2704,16.9333,0.2534,0.6375,0.4377,0.8133,0.3188,Failing,1
fix_failing_calm,2705,16.9500,0.2557,0.6510,0.4347,0.8120,0.3190,Failing,1
fix_failing_calm,2706,16.9667,0.2587,0.6569,0.4318,0.8106,0.3192,Failing,1
fix_failing_calm,2707,16.9833,0.2622,0.6477,0.4290,0.8092,0.3195,Failing,1
fix_failing_calm,2708,17.0000,0.2663,0.6555,0.4263,0.8079,0.3198,Failing,1
fix_failing_calm,2709,17.0167,0.2710,0.6710,0.4237,0.8065,0.3201,Failing,1
fix_failing_calm,2710,17.0333,0.2763,0.6670,0.4213,0.8052,0.3204,Failing,1
fix_failing_calm,2711,17.0500,0.2821,0.6668,0.4190,0.8038,0.3207,Failing,1
fix_failing_calm,2712,17.0667,0.2885,0.6855,0.4168,0.8025,0.3210,Failing,1
fix_failing_calm,2713,17.0833,0.2953,0.6920,0.4148,0.8011,0.3214,Failing,1
fix_failing_calm,2714,17.1000,0.3027,0.6872,0.4130,0.7998,0.3217,Failing,1
fix_failing_calm,2715,17.1167,0.3105,0.7017,0.4113,0.7985,0.3220,Failing,1
fix_failing_calm,2716,17.1333,0.3187,0.7186,0.4098,0.7971,0.3224,Failing,1
fix_failing_calm,2717,17.1500,0.3274,0.7161,0.4084,0.7958,0.3227,Failing,1
fix_failing_calm,2718,17.1667,0.3364,0.7223,0.4072,0.7945,0.3230,Failing,1
fix_failing_calm,2719,17.1833,0.3458,0.7443,0.4062,0.7932,0.3234,Failing,1
fix_failing_calm,2720,17.2000,0.3556,0.7504,0.4054,0.7919,0.3237,Failing,1
fix_failing_calm,2721,17.2167,0.3656,0.7497,0.4047,0.7906,0.3240,Failing,1
fix_failing_calm,2722,17.2333,0.3759,0.7692,0.4042,0.7893,0.3244,Failing,1
fix_failing_calm,2723,17.2500,0.3864,0.7857,0.4039,0.7880,0.3247,Failing,1
fix_failing_calm,2724,17.2667,0.3971,0.7840,0.4038,0.7867,0.3250,Failing,1
fix_failing_calm,2725,17.2833,0.4080,0.7954,0.4039,0.7868,0.3254,Failing,1
fix_failing_calm,2726,17.3000,0.4190,0.8185,0.4041,0.7870,0.3257,Failing,1
fix_failing_calm,2727,17.3167,0.4301,0.8228,0.4046,0.7873,0.3260,Failing,1
fix_failing_calm,2728,17.3333,0.4413,0.8254,0.4052,0.7876,0.3263,Failing,1
fix_failing_calm,2729,17.3500,0.4524,0.8478,0.4060,0.7881,0.3267,Failing,1
fix_failing_calm,2730,17.3667,0.4636,0.8617,0.4069,0.7887,0.3270,Failing,1
fix_failing_calm,2731,17.3833,0.4748,0.8602,0.4080,0.7893,0.3273,Failing,1
fix_failing_calm,2732,17.4000,0.4858,0.8751,0.4093,0.7901,0.3276,Failing,1
fix_failing_calm,2733,17.4167,0.4968,0.8967,0.4108,0.7909,0.3279,Failing,1
fix_failing_calm,2734,17.4333,0.5075,0.8981,0.4124,0.7918,0.3282,Failing,1
fix_failing_calm,2735,17.4500,0.5182,0.9030,0.4141,0.7927,0.3285,Failing,1
fix_failing_calm,2736,17.4667,0.5286,0.9258,0.4160,0.7939,0.3288,Failing,1
fix_failing_calm,2737,17.4833,0.5388,0.9353,0.4180,0.7950,0.3291,Failing,1
fix_failing_calm,2738,17.5000,0.5487,0.9332,0.4202,0.7962,0.3294,Failing,1
fix_failing_calm,2739,17.5167,0.5583,0.9497,0.4225,0.7974,0.3297,Failing,1
fix_failing_calm,2740,17.5333,0.5676,0.9675,0.4249,0.7989,0.3300,Failing,1
fix_failing_calm,2741,17.5500,0.5766,0.9651,0.4274,0.8002,0.3303,Failing,1
fix_failing_calm,2742,17.5667,0.5851,0.9711,0.4300,0.8017,0.3306,Failing,1
fix_failing_calm,2743,17.5833,0.5933,0.9919,0.4327,0.8032,0.3309,Failing,1
fix_failing_calm,2744,17.6000,0.6011,0.9958,0.4355,0.8048,0.3311,Failing,1
fix_failing_calm,2745,17.6167,0.6084,0.9925,0.4383,0.8064,0.3314,Failing,1
fix_failing_calm,2746,17.6333,0.6153,1.0000,0.4413,0.8080,0.3317,Failing,1
fix_failing_calm,2747,17.6500,0.6218,1.0000,0.4442,0.8096,0.3319,Failing,1
fix_failing_calm,2748,17.6667,0.6277,1.0000,0.4473,0.8112,0.3322,Failing,1
fix_failing_calm,2749,17.6833,0.6331,1.0000,0.4503,0.8127,0.3324,Failing,1
fix_failing_calm,2750,17.7000,0.6380,1.0000,0.4534,0.8143,0.3327,Failing,1
fix_failing_calm,2751,17.7167,0.6425,1.0000,0.4566,0.8158,0.3329,Failing,1
fix_failing_calm,2752,17.7333,0.4524,0.8366,0.4565,0.8160,0.3331,Failing,1
fix_failing_calm,2753,17.7500,0.4548,0.8503,0.4565,0.8163,0.3334,Failing,1
fix_failing_calm,2754,17.7667,0.4568,0.8548,0.4565,0.8166,0.3336,Failing,1
fix_failing_calm,2755,17.7833,0.4584,0.8438,0.4565,0.8168,0.3338,Failing,1
fix_failing_calm,2756,17.8000,0.4596,0.8490,0.4566,0.8171,0.3340,Failing,1
fix_failing_calm,2757,17.8167,0.4605,0.8604,0.4566,0.8175,0.3342,Failing,1
fix_failing_calm,2758,17.8333,0.4609,0.8514,0.4567,0.8177,0.3344,Failing,1
fix_failing_calm,2759,17.8500,0.4611,0.8459,0.4568,0.8180,0.3346,Failing,1
fix_failing_calm,2760,17.8667,0.4608,0.8581,0.4568,0.8183,0.3348,Failing,1
fix_failing_calm,2761,17.8833,0.4602,0.8566,0.4569,0.8186,0.3350,Failing,1
fix_failing_calm,2762,17.9000,0.4592,0.8437,0.4569,0.8188,0.3352,Failing,1
fix_failing_calm,2763,17.9167,0.4579,0.8494,0.4569,0.8191,0.3354,Failing,1
fix_failing_calm,2764,17.9333,0.4563,0.8561,0.4569,0.8194,0.3355,Failing,1
fix_failing_calm,2765,17.9500,0.4543,0.8428,0.4569,0.8196,0.3357,Failing,1
fix_failing_calm,2766,17.9667,0.4521,0.8381,0.4568,0.8197,0.3359,Failing,1
fix_failing_calm,2767,17.9833,0.4495,0.8482,0.4567,0.8200,0.3360,Failing,1
fix_failing_calm,2768,18.0000,0.4466,0.8412,0.4565,0.8202,0.3362,Failing,1
fix_failing_calm,2769,18.0167,0.4435,0.8275,0.4563,0.8202,0.3363,Failing,1
fix_failing_calm,2770,18.0333,0.4401,0.8337,0.4560,0.8203,0.3365,Failing,1
fix_failing_calm,2771,18.0500,0.4365,0.8356,0.4557,0.8205,0.3366,Failing,1
fix_failing_calm,2772,18.0667,0.4326,0.8193,0.4553,0.8191,0.3368,Failing,1
fix_failing_calm,2773,18.0833,0.4285,0.8161,0.4549,0.8177,0.3369,Failing,1
fix_failing_calm,2774,18.1000,0.4242,0.8238,0.4544,0.8177,0.3370,Failing,1
fix_failing_calm,2775,18.1167,0.5996,0.9920,0.4568,0.8192,0.3372,Failing,1
fix_failing_calm,2776,18.1333,0.5929,0.9771,0.4590,0.8205,0.3373,Failing,1
fix_failing_calm,2777,18.1500,0.5861,0.9817,0.4611,0.8218,0.3374,Failing,1
fix_failing_calm,2778,18.1667,0.5790,0.9770,0.4631,0.8231,0.3375,Failing,1
fix_failing_calm,2779,18.1833,0.5718,0.9571,0.4649,0.8242,0.3376,Failing,1
fix_failing_calm,2780,18.2000,0.5645,0.9540,0.4665,0.8253,0.3377,Failing,1
fix_failing_calm,2781,18.2167,0.5570,0.9570,0.4680,0.8264,0.3379,Failing,1
fix_failing_calm,2782,18.2333,0.5494,0.9398,0.4694,0.8273,0.3380,Failing,1
fix_failing_calm,2783,18.2500,0.5418,0.9267,0.4706,0.8281,0.3380,Failing,1
fix_failing_calm,2784,18.2667,0.5341,0.9315,0.4716,0.8290,0.3381,Failing,1
fix_failing_calm,2785,18.2833,0.5264,0.9227,0.4725,0.8298,0.3382,Failing,1
fix_failing_calm,2786,18.3000,0.5187,0.9031,0.4733,0.8304,0.3383,Failing,1
fix_failing_calm,2787,18.3167,0.5110,0.9027,0.4739,0.8310,0.3384,Failing,1
fix_failing_calm,2788,18.3333,0.5034,0.9032,0.4744,0.8316,0.3385,Failing,1
fix_failing_calm,2789,18.3500,0.4958,0.8842,0.4748,0.8320,0.3385,Failing,1
fix_failing_calm,2790,18.3667,0.4884,0.8745,0.4750,0.8324,0.3386,Failing,1
fix_failing_calm,2791,18.3833,0.4810,0.8797,0.4751,0.8328,0.3387,Failing,1
fix_failing_calm,2792,18.4000,0.4738,0.8682,0.4751,0.8331,0.3387,Failing,1
fix_failing_calm,2793,18.4167,0.4667,0.8507,0.4749,0.8332,0.3388,Failing,1
fix_failing_calm,2794,18.4333,0.4597,0.8535,0.4747,0.8334,0.3388,Failing,1
fix_failing_calm,2795,18.4500,0.4530,0.8521,0.4743,0.8335,0.3389,Failing,1
fix_failing_calm,2796,18.4667,0.4464,0.8330,0.4738,0.8321,0.3389,Failing,1
fix_failing_calm,2797,18.4833,0.4401,0.8278,0.4733,0.8306,0.3389,Failing,1
fix_failing_calm,2798,18.5000,0.4339,0.8336,0.4726,0.8307,0.3390,Failing,1
fix_failing_calm,2799,18.5167,0.4281,0.8204,0.4719,0.8292,0.3390,Failing,1
fix_failing_calm,2800,18.5333,0.4224,0.8066,0.4711,0.8278,0.3390,Failing,1
fix_failing_calm,2801,18.5500,0.4170,0.8127,0.4702,0.8264,0.3391,Failing,1
fix_failing_calm,2802,18.5667,0.4119,0.8097,0.4692,0.8250,0.3391,Failing,1
fix_failing_calm,2803,18.5833,0.4070,0.7923,0.4682,0.8235,0.3391,Failing,1
fix_failing_calm,2804,18.6000,0.4025,0.7921,0.4671,0.8221,0.3391,Failing,1
fix_failing_calm,2805,18.6167,0.3982,0.7982,0.4660,0.8207,0.3391,Failing,1
fix_failing_calm,2806,18.6333,0.3942,0.7844,0.4648,0.8193,0.3391,Failing,1
fix_failing_calm,2807,18.6500,0.3905,0.7755,0.4636,0.8179,0.3391,Failing,1
fix_failing_calm,2808,18.6667,0.3871,0.7846,0.4623,0.8165,0.3391,Failing,1
fix_failing_calm,2809,18.6833,0.3840,0.7802,0.4610,0.8152,0.3392,Failing,1
fix_failing_calm,2810,18.7000,0.3812,0.7656,0.4597,0.8138,0.3392,Failing,1
fix_failing_calm,2811,18.7167,0.3788,0.7705,0.4583,0.8124,0.3392,Failing,1
fix_failing_calm,2812,18.7333,0.3766,0.7763,0.4570,0.8110,0.3392,Failing,1
fix_failing_calm,2813,18.7500,0.3747,0.7629,0.4556,0.8097,0.3392,Failing,1
fix_failing_calm,2814,18.7667,0.3731,0.7593,0.4543,0.8083,0.3392,Failing,1
fix_failing_calm,2815,18.7833,0.3718,0.7706,0.4529,0.8069,0.3392,Failing,1
fix_failing_calm,2816,18.8000,0.3709,0.7651,0.4516,0.8056,0.3392,Failing,1
fix_failing_calm,2817,18.8167,0.3702,0.7542,0.4502,0.8042,0.3392,Failing,1
fix_failing_calm,2818,18.8333,0.3698,0.7636,0.4489,0.8029,0.3392,Failing,1
fix_failing_calm,2819,18.8500,0.3696,0.7686,0.4476,0.8015,0.3392,Failing,1
fix_failing_calm,2820,18.8667,0.3698,0.7563,0.4463,0.8002,0.3392,Failing,1
fix_failing_calm,2821,18.8833,0.3702,0.7581,0.4450,0.7989,0.3392,Failing,1
fix_failing_calm,2822,18.9000,0.3709,0.7706,0.4438,0.7975,0.3392,Failing,1
fix_failing_calm,2823,18.9167,0.3718,0.7640,0.4426,0.7962,0.3392,Failing,1
fix_failing_calm,2824,18.9333,0.3730,0.7573,0.4415,0.7949,0.3392,Failing,1
fix_failing_calm,2825,18.9500,0.3744,0.7703,0.4404,0.7936,0.3392,Failing,1
fix_failing_calm,2826,18.9667,0.3761,0.7738,0.4393,0.7923,0.3392,Failing,1
fix_failing_calm,2827,18.9833,0.3780,0.7631,0.4383,0.7910,0.3392,Failing,1
fix_failing_calm,2828,19.0000,0.3801,0.7699,0.4373,0.7897,0.3392,Failing,1
fix_failing_calm,2829,19.0167,0.3824,0.7823,0.4364,0.7884,0.3392,Failing,1
fix_failing_calm,2830,19.0333,0.3849,0.7749,0.4356,0.7871,0.3392,Failing,1
fix_failing_calm,2831,19.0500,0.3876,0.7726,0.4348,0.7858,0.3392,Failing,1
fix_failing_calm,2832,19.0667,0.3904,0.7880,0.4340,0.7858,0.3392,Failing,1
fix_failing_calm,2833,19.0833,0.3935,0.7895,0.4334,0.7858,0.3392,Failing,1
fix_failing_calm,2834,19.1000,0.3967,0.7810,0.4327,0.7846,0.3392,Failing,1
fix_failing_calm,2835,19.1167,0.4000,0.7919,0.4322,0.7846,0.3392,Failing,1
fix_failing_calm,2836,19.1333,0.4035,0.8032,0.4317,0.7848,0.3392,Failing,1
fix_failing_calm,2837,19.1500,0.4071,0.7952,0.4313,0.7849,0.3392,Failing,1
fix_failing_calm,2838,19.1667,0.4109,0.7972,0.4310,0.7850,0.3392,Failing,1
fix_failing_calm,2839,19.1833,0.4148,0.8137,0.4307,0.7852,0.3392,Failing,1
fix_failing_calm,2840,19.2000,0.4188,0.8129,0.4305,0.7854,0.3392,Failing,1
fix_failing_calm,2841,19.2167,0.4229,0.8069,0.4304,0.7856,0.3392,Failing,1
fix_failing_calm,2842,19.2333,0.4270,0.8210,0.4303,0.7859,0.3392,Failing,1
fix_failing_calm,2843,19.2500,0.4313,0.8302,0.4304,0.7863,0.3392,Failing,1
fix_failing_calm,2844,19.2667,0.4356,0.8220,0.4304,0.7866,0.3392,Failing,1
fix_failing_calm,2845,19.2833,0.4400,0.8280,0.4306,0.7869,0.3392,Failing,1
fix_failing_calm,2846,19.3000,0.4445,0.8442,0.4308,0.7874,0.3392,Failing,1
fix_failing_calm,2847,19.3167,0.4490,0.8410,0.4311,0.7878,0.3392,Failing,1
fix_failing_calm,2848,19.3333,0.4536,0.8379,0.4315,0.7882,0.3392,Failing,1
fix_failing_calm,2849,19.3500,0.4582,0.8541,0.4319,0.7888,0.3392,Failing,1
fix_failing_calm,2850,19.3667,0.4628,0.8604,0.4325,0.7894,0.3392,Failing,1
fix_failing_calm,2851,19.3833,0.4674,0.8525,0.4330,0.7899,0.3392,Failing,1
fix_failing_calm,2852,19.4000,0.4721,0.8620,0.4337,0.7905,0.3392,Failing,1
fix_failing_calm,2853,19.4167,0.4767,0.8767,0.4344,0.7912,0.3392,Failing,1
fix_failing_calm,2854,19.4333,0.4813,0.8713,0.4352,0.7919,0.3392,Failing,1
fix_failing_calm,2855,19.4500,0.4860,0.8711,0.4360,0.7925,0.3392,Failing,1
fix_failing_calm,2856,19.4667,0.4906,0.8883,0.4369,0.7933,0.3392,Failing,1
fix_failing_calm,2857,19.4833,0.4952,0.8911,0.4379,0.7942,0.3392,Failing,1
fix_failing_calm,2858,19.5000,0.4997,0.8840,0.4389,0.7949,0.3392,Failing,1
fix_failing_calm,2859,19.5167,0.5042,0.8963,0.4400,0.7957,0.3392,Failing,1
fix_failing_calm,2860,19.5333,0.5087,0.9084,0.4411,0.7967,0.3392,Failing,1
fix_failing_calm,2861,19.5500,0.5131,0.9011,0.4423,0.7975,0.3392,Failing,1
fix_failing_calm,2862,19.5667,0.5174,0.9038,0.4435,0.7984,0.3392,Failing,1
fix_failing_calm,2863,19.5833,0.5217,0.9206,0.4448,0.7994,0.3392,Failing,1
fix_failing_calm,2864,19.6000,0.5259,0.9199,0.4462,0.8004,0.3392,Failing,1
fix_failing_calm,2865,19.6167,0.5299,0.9140,0.4476,0.8014,0.3392,Failing,1
fix_failing_calm,2866,19.6333,0.5339,0.9281,0.4490,0.8024,0.3392,Failing,1
fix_failing_calm,2867,19.6500,0.5378,0.9367,0.4504,0.8035,0.3392,Failing,1
fix_failing_calm,2868,19.6667,0.5415,0.9278,0.4520,0.8046,0.3392,Failing,1
fix_failing_calm,2869,19.6833,0.5452,0.9333,0.4535,0.8056,0.3392,Failing,1
fix_failing_calm,2870,19.7000,0.5487,0.9484,0.4551,0.8068,0.3392,Failing,1
fix_failing_calm,2871,19.7167,0.5520,0.9439,0.4567,0.8080,0.3392,Failing,1
fix_failing_calm,2872,19.7333,0.5552,0.9396,0.4583,0.8091,0.3392,Failing,1
fix_failing_calm,2873,19.7500,0.5583,0.9544,0.4600,0.8103,0.3392,Failing,1
fix_failing_calm,2874,19.7667,0.5612,0.9587,0.4616,0.8115,0.3392,Failing,1
fix_failing_calm,2875,19.7833,0.5639,0.9489,0.4633,0.8126,0.3392,Failing,1
fix_failing_calm,2876,19.8000,0.5664,0.9564,0.4650,0.8138,0.3392,Failing,1
fix_failing_calm,2877,19.8167,0.5687,0.9687,0.4667,0.8151,0.3392,Failing,1
fix_failing_calm,2878,19.8333,0.5708,0.9606,0.4685,0.8163,0.3392,Failing,1
fix_failing_calm,2879,19.8500,0.5727,0.9579,0.4702,0.8175,0.3392,Failing,1
fix_failing_calm,2880,19.8667,0.5744,0.9722,0.4719,0.8188,0.3392,Failing,1
fix_failing_calm,2881,19.8833,0.5759,0.9717,0.4736,0.8200,0.3392,Failing,1
fix_failing_calm,2882,19.9000,0.5771,0.9613,0.4753,0.8212,0.3392,Failing,1
fix_failing_calm,2883,19.9167,0.5781,0.9702,0.4770,0.8225,0.3392,Failing,1
fix_failing_calm,2884,19.9333,0.5788,0.9784,0.4787,0.8238,0.3392,Failing,1
fix_failing_calm,2885,19.9500,0.5793,0.9671,0.4804,0.8249,0.3392,Failing,1
fix_failing_calm,2886,19.9667,0.5795,0.9660,0.4820,0.8261,0.3392,Failing,1
fix_failing_calm,2887,19.9833,0.5794,0.9784,0.4836,0.8274,0.3392,Failing,1
fix_failing_calm,2888,20.0000,0.5791,0.9729,0.4852,0.8286,0.3392,Failing,1
fix_failing_calm,2889,20.0167,0.5784,0.9625,0.4867,0.8297,0.3392,Failing,1
fix_failing_calm,2890,20.0333,0.5775,0.9718,0.4882,0.8309,0.3392,Failing,1
fix_failing_calm,2891,20.0500,0.5763,0.9751,0.4897,0.8321,0.3392,Failing,1
fix_failing_calm,2892,20.0667,0.5748,0.9611,0.4911,0.8331,0.3392,Failing,1
fix_failing_calm,2893,20.0833,0.5731,0.9613,0.4925,0.8342,0.3392,Failing,1
fix_failing_calm,2894,20.1000,0.5710,0.9707,0.4938,0.8353,0.3392,Failing,1
fix_failing_calm,2895,20.1167,0.5686,0.9604,0.4950,0.8364,0.3392,Failing,1
fix_failing_calm,2896,20.1333,0.5659,0.9503,0.4962,0.8373,0.3392,Failing,1
fix_failing_calm,2897,20.1500,0.5629,0.9591,0.4973,0.8383,0.3392,Failing,1
fix_failing_calm,2898,20.1667,0.5596,0.9571,0.4983,0.8393,0.3392,Failing,1
fix_failing_calm,2899,20.1833,0.5561,0.9410,0.4993,0.8402,0.3392,Failing,1
fix_failing_calm,2900,20.2000,0.5522,0.9424,0.5001,0.8410,0.3327,Failing,1
fix_failing_calm,2901,20.2167,0.5480,0.9480,0.5009,0.8419,0.3325,Failing,1
fix_failing_calm,2902,20.2333,0.5436,0.9332,0.5016,0.8427,0.3323,Failing,1
fix_failing_calm,2903,20.2500,0.5388,0.9241,0.5022,0.8433,0.3322,Failing,1
fix_failing_calm,2904,20.2667,0.5338,0.9317,0.5028,0.8441,0.3320,Failing,1
fix_failing_calm,2905,20.2833,0.5285,0.9243,0.5032,0.8447,0.3318,Failing,1
fix_failing_calm,2906,20.3000,0.5230,0.9072,0.5035,0.8452,0.3316,Failing,1
fix_failing_calm,2907,20.3167,0.5172,0.9096,0.5037,0.8458,0.3314,Failing,1
fix_failing_calm,2908,20.3333,0.5112,0.9109,0.5039,0.8463,0.3312,Failing,1
fix_failing_calm,2909,20.3500,0.5050,0.8928,0.5039,0.8467,0.3311,Failing,1
fix_failing_calm,2910,20.3667,0.4986,0.8852,0.5038,0.8470,0.3309,Failing,1
fix_failing_calm,2911,20.3833,0.4919,0.8910,0.5036,0.8474,0.3307,Failing,1
fix_failing_calm,2912,20.4000,0.4851,0.8788,0.5033,0.8477,0.3305,Failing,1
fix_failing_calm,2913,20.4167,0.4781,0.8622,0.5029,0.8478,0.3303,Failing,1
fix_failing_calm,2914,20.4333,0.4710,0.8654,0.5024,0.8479,0.3301,Failing,1
fix_failing_calm,2915,20.4500,0.4637,0.8624,0.5017,0.8480,0.3299,Failing,1
fix_failing_calm,2916,20.4667,0.4563,0.8425,0.5010,0.8465,0.3297,Failing,1
fix_failing_calm,2917,20.4833,0.4489,0.8372,0.5001,0.8451,0.3294,Failing,1
fix_failing_calm,2918,20.5000,0.4413,0.8411,0.4991,0.8436,0.3292,Failing,1
fix_failing_calm,2919,20.5167,0.4337,0.8254,0.4980,0.8421,0.3290,Failing,1
fix_failing_calm,2920,20.5333,0.4261,0.8105,0.4969,0.8406,0.3288,Failing,1
fix_failing_calm,2921,20.5500,0.4185,0.8148,0.4956,0.8391,0.3286,Failing,1
fix_failing_calm,2922,20.5667,0.4108,0.8082,0.4942,0.8377,0.3284,Failing,1
fix_failing_calm,2923,20.5833,0.4033,0.7882,0.4927,0.8362,0.3282,Failing,1
fix_failing_calm,2924,20.6000,0.3957,0.7861,0.4911,0.8348,0.3279,Failing,1
fix_failing_calm,2925,20.6167,0.3883,0.7883,0.4894,0.8333,0.3277,Failing,1
fix_failing_calm,2926,20.6333,0.3810,0.7705,0.4876,0.8319,0.3275,Failing,1
fix_failing_calm,2927,20.6500,0.3738,0.7591,0.4857,0.8304,0.3273,Failing,1
fix_failing_calm,2928,20.6667,0.3667,0.7647,0.4837,0.8290,0.3270,Failing,1
fix_failing_calm,2929,20.6833,0.3599,0.7555,0.4817,0.8276,0.3268,Failing,1
fix_failing_calm,2930,20.7000,0.3532,0.7374,0.4796,0.8261,0.3266,Failing,1
fix_failing_calm,2931,20.7167,0.3468,0.7392,0.4774,0.8247,0.3263,Failing,1
fix_failing_calm,2932,20.7333,0.3406,0.7402,0.4751,0.8233,0.3261,Failing,1
fix_failing_calm,2933,20.7500,0.3347,0.7223,0.4728,0.8219,0.3259,Failing,1
fix_failing_calm,2934,20.7667,0.3291,0.7158,0.4704,0.8205,0.3257,Failing,1
fix_failing_calm,2935,20.7833,0.3239,0.7230,0.4680,0.8191,0.3254,Failing,1
fix_failing_calm,2936,20.8000,0.3189,0.7125,0.4655,0.8177,0.3252,Failing,1
fix_failing_calm,2937,20.8167,0.2201,0.6041,0.4615,0.8163,0.3250,Failing,1
fix_failing_calm,2938,20.8333,0.2171,0.6117,0.4574,0.8149,0.3248,Failing,1
fix_failing_calm,2939,20.8500,0.2145,0.6131,0.4534,0.8135,0.3246,Failing,1
fix_failing_calm,2940,20.8667,0.2121,0.5982,0.4494,0.8122,0.3245,Failing,1
fix_failing_calm,2941,20.8833,0.2101,0.5985,0.4455,0.8108,0.3245,Failing,1
fix_failing_calm,2942,20.9000,0.2084,0.6082,0.4415,0.8094,0.3245,Failing,1
fix_failing_calm,2943,20.9167,0.2070,0.5985,0.4377,0.8081,0.3246,Failing,1
fix_failing_calm,2944,20.9333,0.2059,0.5904,0.4338,0.8067,0.3247,Failing,1
fix_failing_calm,2945,20.9500,0.2052,0.6016,0.4301,0.8054,0.3248,Failing,1
fix_failing_calm,2946,20.9667,0.2049,0.6021,0.4263,0.8040,0.3250,Failing,1
fix_failing_calm,2947,20.9833,0.2049,0.5897,0.4227,0.8027,0.3253,Failing,1
fix_failing_calm,2948,21.0000,0.2052,0.5957,0.4191,0.8013,0.3255,Failing,1
fix_failing_calm,2949,21.0167,0.2060,0.6059,0.4156,0.8000,0.3258,Failing,1
fix_failing_calm,2950,21.0333,0.2071,0.5965,0.4121,0.7987,0.3261,Failing,1
fix_failing_calm,2951,21.0500,0.2085,0.5939,0.4087,0.7973,0.3265,Failing,1
fix_failing_calm,2952,21.0667,0.2104,0.6084,0.4055,0.7960,0.3269,Failing,1
fix_failing_calm,2953,21.0833,0.2126,0.6081,0.4023,0.7947,0.3273,Failing,1
fix_failing_calm,2954,21.1000,0.3074,0.6916,0.4007,0.7934,0.3277,Failing,1
fix_failing_calm,2955,21.1167,0.3117,0.7042,0.3992,0.7921,0.3281,Failing,1
fix_failing_calm,2956,21.1333,0.3164,0.7159,0.3979,0.7908,0.3285,Failing,1
fix_failing_calm,2957,21.1500,0.3217,0.7092,0.3966,0.7895,0.3290,Failing,1
fix_failing_calm,2958,21.1667,0.3274,0.7142,0.3955,0.7882,0.3294,Failing,1
fix_failing_calm,2959,21.1833,0.3337,0.7328,0.3944,0.7869,0.3298,Failing,1
fix_failing_calm,2960,21.2000,0.3404,0.7338,0.3936,0.7856,0.3302,Failing,1
fix_failing_calm,2961,21.2167,0.3475,0.7316,0.3928,0.7843,0.3306,Failing,1
fix_failing_calm,2962,21.2333,0.3551,0.7498,0.3922,0.7830,0.3310,Failing,1
fix_failing_calm,2963,21.2500,0.3632,0.7617,0.3917,0.7817,0.3314,Failing,1
fix_failing_calm,2964,21.2667,0.3716,0.7575,0.3914,0.7805,0.3318,Failing,1
fix_failing_calm,2965,21.2833,0.3804,0.7690,0.3912,0.7792,0.3322,Failing,1
fix_failing_calm,2966,21.3000,0.3895,0.7894,0.3911,0.7793,0.3326,Failing,1
fix_failing_calm,2967,21.3167,0.3990,0.7904,0.3913,0.7794,0.3330,Failing,1
fix_failing_calm,2968,21.3333,0.4088,0.7933,0.3916,0.7795,0.3334,Failing,1
fix_failing_calm,2969,21.3500,0.4189,0.8154,0.3920,0.7798,0.3338,Failing,1
fix_failing_calm,2970,21.3667,0.3004,0.6976,0.3905,0.7785,0.3342,Failing,1
fix_failing_calm,2971,21.3833,0.3078,0.6926,0.3891,0.7773,0.3345,Failing,1
fix_failing_calm,2972,21.4000,0.3153,0.7059,0.3879,0.7760,0.3349,Failing,1
fix_failing_calm,2973,21.4167,0.3229,0.7229,0.3868,0.7748,0.3353,Failing,1
fix_failing_calm,2974,21.4333,0.3306,0.7199,0.3859,0.7735,0.3357,Failing,1
fix_failing_calm,2975,21.4500,0.3384,0.7238,0.3851,0.7723,0.3361,Failing,1
fix_failing_calm,2976,21.4667,0.3461,0.7443,0.3845,0.7710,0.3365,Failing,1
fix_failing_calm,2977,21.4833,0.3540,0.7493,0.3840,0.7698,0.3368,Failing,1
fix_failing_calm,2978,21.5000,0.3617,0.7459,0.3836,0.7686,0.3372,Failing,1
fix_failing_calm,2979,21.5167,0.3695,0.7622,0.3834,0.7673,0.3376,Failing,1
fix_failing_calm,2980,21.5333,0.3772,0.7767,0.3833,0.7674,0.3380,Failing,1
fix_failing_calm,2981,21.5500,0.3848,0.7722,0.3833,0.7674,0.3383,Failing,1
fix_failing_calm,2982,21.5667,0.3924,0.7793,0.3835,0.7675,0.3387,Failing,1
fix_failing_calm,2983,21.5833,0.3998,0.7990,0.3837,0.7678,0.3391,Failing,1
fix_failing_calm,2984,21.6000,0.4070,0.8003,0.3841,0.7681,0.3394,Failing,1
fix_failing_calm,2985,21.6167,0.4141,0.7981,0.3846,0.7683,0.3398,Failing,1
fix_failing_calm,2986,21.6333,0.4209,0.8157,0.3852,0.7687,0.3401,Failing,1
fix_failing_calm,2987,21.6500,0.4276,0.8261,0.3859,0.7692,0.3405,Failing,1
fix_failing_calm,2988,21.6667,0.4340,0.8198,0.3867,0.7696,0.3409,Failing,1
fix_failing_calm,2989,21.6833,0.4401,0.8288,0.3876,0.7701,0.3412,Failing,1
fix_failing_calm,2990,21.7000,0.4460,0.8459,0.3885,0.7707,0.3416,Failing,1
fix_failing_calm,2991,21.7167,0.4515,0.8428,0.3896,0.7713,0.3419,Failing,1
fix_failing_calm,2992,21.7333,0.4568,0.8413,0.3907,0.7719,0.3422,Failing,1
fix_failing_calm,2993,21.7500,0.4617,0.8583,0.3919,0.7726,0.3426,Failing,1
fix_failing_calm,2994,21.7667,0.4662,0.8633,0.3931,0.7734,0.3429,Failing,1
fix_failing_calm,2995,21.7833,0.4704,0.8552,0.3944,0.7741,0.3433,Failing,1
fix_failing_calm,2996,21.8000,0.4742,0.8650,0.3957,0.7748,0.3436,Failing,1
fix_failing_calm,2997,21.8167,0.4777,0.8776,0.3971,0.7757,0.3439,Failing,1
fix_failing_calm,2998,21.8333,0.4807,0.8698,0.3984,0.7765,0.3442,Failing,1
fix_failing_calm,2999,21.8500,0.4833,0.8688,0.3998,0.7772,0.3446,Failing,1
fix_failing_calm,3000,21.8667,0.4855,0.8837,0.4013,0.7781,0.3449,Failing,1
fix_failing_calm,3001,21.8833,0.4872,0.8825,0.4027,0.7790,0.3452,Failing,1
fix_failing_calm,3002,21.9000,0.4885,0.8726,0.4041,0.7797,0.3455,Failing,1
fix_failing_calm,3003,21.9167,0.6992,1.0000,0.4090,0.7816,0.3458,Failing,1
fix_failing_calm,3004,21.9333,0.6998,1.0000,0.4138,0.7834,0.3461,Failing,1
fix_failing_calm,3005,21.9500,0.6998,1.0000,0.4185,0.7852,0.3464,Failing,1
fix_failing_calm,3006,21.9667,0.6992,1.0000,0.4231,0.7870,0.3467,Failing,1
fix_failing_calm,3007,21.9833,0.6979,1.0000,0.4277,0.7887,0.3470,Failing,1
fix_failing_calm,3008,22.0000,0.6960,1.0000,0.4321,0.7905,0.3472,Failing,1
fix_failing_calm,3009,22.0167,0.6935,1.0000,0.4364,0.7922,0.3475,Failing,1
fix_failing_calm,3010,22.0333,0.6904,1.0000,0.4406,0.7939,0.3478,Failing,1
fix_failing_calm,3011,22.0500,0.6867,1.0000,0.4447,0.7957,0.3480,Failing,1
fix_failing_calm,3012,22.0667,0.6824,1.0000,0.4486,0.7974,0.3483,Failing,1
fix_failing_calm,3013,22.0833,0.6776,1.0000,0.4524,0.7990,0.3485,Failing,1
fix_failing_calm,3014,22.1000,0.6722,1.0000,0.4561,0.8007,0.3488,Failing,1
fix_failing_calm,3015,22.1167,0.6662,1.0000,0.4595,0.8024,0.3490,Failing,1
fix_failing_calm,3016,22.1333,0.6598,1.0000,0.4628,0.8040,0.3492,Failing,1
fix_failing_calm,3017,22.1500,0.6528,1.0000,0.4660,0.8056,0.3495,Failing,1
fix_failing_calm,3018,22.1667,0.6454,1.0000,0.4689,0.8072,0.3497,Failing,1
fix_failing_calm,3019,22.1833,0.6376,1.0000,0.4717,0.8088,0.3499,Failing,1
fix_failing_calm,3020,22.2000,0.6293,1.0000,0.4743,0.8104,0.3501,Failing,1
fix_failing_calm,3021,22.2167,0.6206,1.0000,0.4768,0.8120,0.3503,Failing,1
fix_failing_calm,3022,22.2333,0.6116,1.0000,0.4790,0.8136,0.3505,Failing,1
fix_failing_calm,3023,22.2500,0.6022,0.9879,0.4810,0.8150,0.3507,Failing,1
fix_failing_calm,3024,22.2667,0.5926,0.9908,0.4829,0.8165,0.3509,Failing,1
fix_failing_calm,3025,22.2833,0.5826,0.9777,0.4845,0.8178,0.3511,Failing,1
fix_failing_calm,3026,22.3000,0.5724,0.9565,0.4860,0.8190,0.3512,Failing,1
fix_failing_calm,3027,22.3167,0.5621,0.9550,0.4872,0.8201,0.3514,Failing,1
fix_failing_calm,3028,22.3333,0.5515,0.9509,0.4883,0.8212,0.3516,Failing,1
fix_failing_calm,3029,22.3500,0.5408,0.9280,0.4892,0.8221,0.3517,Failing,1
fix_failing_calm,3030,22.3667,0.5300,0.9171,0.4898,0.8228,0.3519,Failing,1
fix_failing_calm,3031,22.3833,0.5191,0.9185,0.4903,0.8236,0.3520,Failing,1
fix_failing_calm,3032,22.4000,0.5082,0.9013,0.4906,0.8243,0.3522,Failing,1
fix_failing_calm,3033,22.4167,0.4973,0.8814,0.4907,0.8248,0.3523,Failing,1
fix_failing_calm,3034,22.4333,0.4864,0.8814,0.4906,0.8252,0.3524,Failing,1
fix_failing_calm,3035,22.4500,0.4756,0.8739,0.4904,0.8256,0.3526,Failing,1
fix_failing_calm,3036,22.4667,0.4648,0.8505,0.4900,0.8258,0.3527,Failing,1
fix_failing_calm,3037,22.4833,0.4542,0.8432,0.4894,0.8260,0.3528,Failing,1
fix_failing_calm,3038,22.5000,0.4438,0.8437,0.4886,0.8261,0.3529,Failing,1
fix_failing_calm,3039,22.5167,0.4335,0.8245,0.4877,0.8247,0.3530,Failing,1
fix_failing_calm,3040,22.5333,0.4235,0.8081,0.4867,0.8233,0.3531,Failing,1
fix_failing_calm,3041,22.5500,0.4137,0.8105,0.4854,0.8219,0.3532,Failing,1
fix_failing_calm,3042,22.5667,0.4041,0.8010,0.4841,0.8205,0.3533,Failing,1
fix_failing_calm,3043,22.5833,0.3949,0.7795,0.4826,0.8191,0.3534,Failing,1
fix_failing_calm,3044,22.6000,0.3860,0.7770,0.4810,0.8177,0.3535,Failing,1
fix_failing_calm,3045,22.6167,0.3775,0.7774,0.4793,0.8163,0.3536,Failing,1
fix_failing_calm,3046,22.6333,0.3693,0.7582,0.4775,0.8149,0.3536,Failing,1
fix_failing_calm,3047,22.6500,0.3615,0.7472,0.4756,0.8135,0.3537,Failing,1
fix_failing_calm,3048,22.6667,0.3541,0.7525,0.4736,0.8121,0.3538,Failing,1
fix_failing_calm,3049,22.6833,0.3472,0.7422,0.4715,0.8108,0.3538,Failing,1
fix_failing_calm,3050,22.7000,0.3407,0.7248,0.4693,0.8094,0.3539,Failing,1
fix_failing_calm,3051,22.7167,0.3346,0.7278,0.4671,0.8080,0.3540,Failing,1
fix_failing_calm,3052,22.7333,0.3291,0.7284,0.4648,0.8067,0.3540,Failing,1
fix_failing_calm,3053,22.7500,0.3240,0.7111,0.4625,0.8053,0.3541,Failing,1
fix_failing_calm,3054,22.7667,0.3194,0.7066,0.4601,0.8040,0.3541,Failing,1
fix_failing_calm,3055,22.7833,0.3153,0.7147,0.4577,0.8026,0.3542,Failing,1
fix_failing_calm,3056,22.8000,0.3117,0.7047,0.4553,0.8013,0.3542,Failing,1
fix_failing_calm,3057,22.8167,0.3087,0.6928,0.4529,0.8000,0.3542,Failing,1
fix_failing_calm,3058,22.8333,0.3061,0.7012,0.4505,0.7986,0.3543,Failing,1
fix_failing_calm,3059,22.8500,0.3040,0.7023,0.4480,0.7973,0.3543,Failing,1
fix_failing_calm,3060,22.8667,0.3025,0.6881,0.4456,0.7960,0.3544,Failing,1
fix_failing_calm,3061,22.8833,0.3015,0.6905,0.4433,0.7947,0.3544,Failing,1
fix_failing_calm,3062,22.9000,0.3009,0.7009,0.4409,0.7934,0.3544,Failing,1
fix_failing_calm,3063,22.9167,0.3009,0.6917,0.4386,0.7920,0.3545,Failing,1
fix_failing_calm,3064,22.9333,0.3014,0.6861,0.4363,0.7907,0.3545,Failing,1
fix_failing_calm,3065,22.9500,0.3023,0.6993,0.4341,0.7894,0.3545,Failing,1
fix_failing_calm,3066,22.9667,0.3037,0.7005,0.4320,0.7881,0.3545,Failing,1
fix_failing_calm,3067,22.9833,0.3056,0.6902,0.4299,0.7869,0.3546,Failing,1
fix_failing_calm,3068,23.0000,0.3079,0.6991,0.4279,0.7856,0.3546,Failing,1
fix_failing_calm,3069,23.0167,0.3107,0.7106,0.4259,0.7843,0.3546,Failing,1
fix_failing_calm,3070,23.0333,0.3139,0.7026,0.4241,0.7830,0.3546,Failing,1
fix_failing_calm,3071,23.0500,0.3174,0.7032,0.4223,0.7817,0.3547,Failing,1
fix_failing_calm,3072,23.0667,0.3214,0.7198,0.4206,0.7805,0.3547,Failing,1
fix_failing_calm,3073,23.0833,0.3257,0.7206,0.4191,0.7792,0.3547,Failing,1
fix_failing_calm,3074,23.1000,0.3303,0.7144,0.4176,0.7779,0.3547,Failing,1
fix_failing_calm,3075,23.1167,0.3353,0.7286,0.4162,0.7767,0.3548,Failing,1
fix_failing_calm,3076,23.1333,0.3406,0.7399,0.4150,0.7754,0.3548,Failing,1
fix_failing_calm,3077,23.1500,0.3462,0.7331,0.4138,0.7742,0.3548,Failing,1
fix_failing_calm,3078,23.1667,0.3520,0.7393,0.4128,0.7729,0.3548,Failing,1
fix_failing_calm,3079,23.1833,0.3581,0.7575,0.4119,0.7717,0.3549,Failing,1
fix_failing_calm,3080,23.2000,0.3644,0.7572,0.4111,0.7704,0.3549,Failing,1
fix_failing_calm,3081,23.2167,0.3708,0.7550,0.4105,0.7692,0.3549,Failing,1
fix_failing_calm,3082,23.2333,0.3775,0.7728,0.4099,0.7692,0.3549,Failing,1
fix_failing_calm,3083,23.2500,0.3843,0.7824,0.4095,0.7693,0.3549,Failing,1
fix_failing_calm,3084,23.2667,0.3912,0.7767,0.4092,0.7694,0.3550,Failing,1
fix_failing_calm,3085,23.2833,0.3982,0.7874,0.4090,0.7695,0.3550,Failing,1
fix_failing_calm,3086,23.3000,0.4053,0.8052,0.4090,0.7698,0.3550,Failing,1
fix_failing_calm,3087,23.3167,0.4124,0.8031,0.4090,0.7701,0.3550,Failing,1
fix_failing_calm,3088,23.3333,0.4196,0.8044,0.4092,0.7704,0.3550,Failing,1
fix_failing_calm,3089,23.3500,0.4268,0.8239,0.4095,0.7709,0.3551,Failing,1
fix_failing_calm,3090,23.3667,0.4340,0.8307,0.4099,0.7713,0.3551,Failing,1
fix_failing_calm,3091,23.3833,0.4412,0.8257,0.4104,0.7718,0.3551,Failing,1
fix_failing_calm,3092,23.4000,0.4483,0.8396,0.4110,0.7724,0.3551,Failing,1
fix_failing_calm,3093,23.4167,0.4554,0.8552,0.4118,0.7730,0.3551,Failing,1
fix_failing_calm,3094,23.4333,0.4623,0.8510,0.4126,0.7737,0.3552,Failing,1
fix_failing_calm,3095,23.4500,0.4692,0.8551,0.4135,0.7744,0.3552,Failing,1
fix_failing_calm,3096,23.4667,0.4760,0.8745,0.4146,0.7752,0.3552,Failing,1
fix_failing_calm,3097,23.4833,0.4826,0.8773,0.4157,0.7760,0.3552,Failing,1
fix_failing_calm,3098,23.5000,0.4890,0.8731,0.4169,0.7769,0.3552,Failing,1
fix_failing_calm,3099,23.5167,0.4953,0.8887,0.4182,0.7778,0.3552,Failing,1
fix_failing_calm,3100,23.5333,0.5014,0.9006,0.4196,0.7788,0.3552,Failing,1
fix_failing_calm,3101,23.5500,0.5073,0.8942,0.4210,0.7798,0.3552,Failing,1
fix_failing_calm,3102,23.5667,0.5130,0.9005,0.4225,0.7808,0.3552,Failing,1
fix_failing_calm,3103,23.5833,0.5185,0.9180,0.4241,0.7819,0.3552,Failing,1
fix_failing_calm,3104,23.6000,0.5238,0.9165,0.4258,0.7830,0.3552,Failing,1
fix_failing_calm,3105,23.6167,0.5288,0.9130,0.4275,0.7841,0.3552,Failing,1
fix_failing_calm,3106,23.6333,0.5336,0.9290,0.4292,0.7853,0.3552,Failing,1
fix_failing_calm,3107,23.6500,0.5382,0.9362,0.4310,0.7866,0.3552,Failing,1
fix_failing_calm,3108,23.6667,0.5425,0.9279,0.4329,0.7877,0.3552,Failing,1
fix_failing_calm,3109,23.6833,0.5465,0.9358,0.4348,0.7890,0.3552,Failing,1
fix_failing_calm,3110,23.7000,0.5502,0.9502,0.4367,0.7903,0.3552,Failing,1
fix_failing_calm,3111,23.7167,0.5537,0.9443,0.4386,0.7916,0.3552,Failing,1
fix_failing_calm,3112,23.7333,0.5569,0.9417,0.4406,0.7928,0.3552,Failing,1
fix_failing_calm,3113,23.7500,0.5599,0.9571,0.4425,0.7942,0.3552,Failing,1
fix_failing_calm,3114,23.7667,0.5626,0.9591,0.4445,0.7955,0.3552,Failing,1
fix_failing_calm,3115,23.7833,0.5649,0.9494,0.4465,0.7968,0.3552,Failing,1
fix_failing_calm,3116,23.8000,0.5671,0.9585,0.4485,0.7982,0.3552,Failing,1
fix_failing_calm,3117,23.8167,0.5689,0.9687,0.4505,0.7996,0.3552,Failing,1
fix_failing_calm,3118,23.8333,0.5705,0.9590,0.4525,0.8009,0.3552,Failing,1
fix_failing_calm,3119,23.8500,0.5718,0.9577,0.4544,0.8022,0.3552,Failing,1
fix_failing_calm,3120,23.8667,0.5728,0.9714,0.4564,0.8036,0.3552,Failing,1
fix_failing_calm,3121,23.8833,0.5735,0.9681,0.4583,0.8050,0.3552,Failing,1
fix_failing_calm,3122,23.9000,0.5740,0.9581,0.4602,0.8062,0.3552,Failing,1
fix_failing_calm,3123,23.9167,0.5743,0.9678,0.4621,0.8076,0.3552,Failing,1
fix_failing_calm,3124,23.9333,0.5743,0.9734,0.4640,0.8090,0.3552,Failing,1
fix_failing_calm,3125,23.9500,0.5740,0.9608,0.4658,0.8102,0.3552,Failing,1
fix_failing_calm,3126,23.9667,0.5735,0.9610,0.4676,0.8115,0.3552,Failing,1
fix_failing_calm,3127,23.9833,0.5727,0.9723,0.4693,0.8128,0.3552,Failing,1
fix_failing_calm,3128,24.0000,0.5718,0.9643,0.4710,0.8141,0.3552,Failing,1
fix_failing_calm,3129,24.0167,0.5706,0.9547,0.4727,0.8152,0.3552,Failing,1
fix_failing_calm,3130,24.0333,0.5692,0.9647,0.4743,0.8165,0.3552,Failing,1
fix_failing_calm,3131,24.0500,0.5675,0.9655,0.4758,0.8177,0.3552,Failing,1
fix_failing_calm,3132,24.0667,0.5657,0.9510,0.4773,0.8188,0.3552,Failing,1
fix_failing_calm,3133,24.0833,0.5636,0.9531,0.4787,0.8199,0.3552,Failing,1
fix_failing_calm,3134,24.1000,0.5614,0.9614,0.4801,0.8211,0.3552,Failing,1
fix_failing_calm,3135,24.1167,0.5590,0.9494,0.4814,0.8222,0.3552,Failing,1
fix_failing_calm,3136,24.1333,0.5564,0.9413,0.4826,0.8232,0.3552,Failing,1
fix_failing_calm,3137,24.1500,0.5536,0.9509,0.4838,0.8242,0.3552,Failing,1
fix_failing_calm,3138,24.1667,0.5507,0.9471,0.4849,0.8252,0.3552,Failing,1
fix_failing_calm,3139,24.1833,0.5476,0.9321,0.4859,0.8261,0.3552,Failing,1
fix_failing_calm,3140,24.2000,0.5444,0.9359,0.4869,0.8270,0.3552,Failing,1
fix_failing_calm,3141,24.2167,0.5410,0.9408,0.4878,0.8280,0.3552,Failing,1
fix_failing_calm,3142,24.2333,0.5375,0.9259,0.4886,0.8288,0.3552,Failing,1
fix_failing_calm,3143,24.2500,0.5339,0.9199,0.4894,0.8295,0.3552,Failing,1
fix_failing_calm,3144,24.2667,0.5301,0.9288,0.4900,0.8304,0.3552,Failing,1
fix_failing_calm,3145,24.2833,0.5262,0.9207,0.4906,0.8311,0.3552,Failing,1
fix_failing_calm,3146,24.3000,0.5222,0.9063,0.4912,0.8317,0.3552,Failing,1
fix_failing_calm,3147,24.3167,0.5182,0.9118,0.4916,0.8324,0.3552,Failing,1
fix_failing_calm,3148,24.3333,0.5140,0.9131,0.4920,0.8331,0.3552,Failing,1
fix_failing_calm,3149,24.3500,0.5097,0.8964,0.4923,0.8336,0.3552,Failing,1
fix_failing_calm,3150,24.3667,0.5054,0.8930,0.4925,0.8341,0.3552,Failing,1
fix_failing_calm,3151,24.3833,0.5010,0.9006,0.4926,0.8346,0.3552,Failing,1
fix_failing_calm,3152,24.4000,0.4965,0.8889,0.4927,0.8351,0.3552,Failing,1
fix_failing_calm,3153,24.4167,0.4920,0.8762,0.4927,0.8354,0.3552,Failing,1
fix_failing_calm,3154,24.4333,0.4874,0.8830,0.4926,0.8358,0.3552,Failing,1
fix_failing_calm,3155,24.4500,0.4828,0.8807,0.4924,0.8362,0.3552,Failing,1
fix_failing_calm,3156,24.4667,0.4781,0.8634,0.4922,0.8364,0.3552,Failing,1
fix_failing_calm,3157,24.4833,0.4734,0.8630,0.4919,0.8367,0.3552,Failing,1
fix_failing_calm,3158,24.5000,0.4687,0.8687,0.4915,0.8369,0.3552,Failing,1
fix_failing_calm,3159,24.5167,0.4640,0.8543,0.4910,0.8371,0.3552,Failing,1
fix_failing_calm,3160,24.5333,0.4593,0.8442,0.4905,0.8371,0.3552,Failing,1
fix_failing_calm,3161,24.5500,0.4546,0.8520,0.4899,0.8372,0.3552,Failing,1
fix_failing_calm,3162,24.5667,0.4499,0.8462,0.4893,0.8373,0.3552,Failing,1
fix_failing_calm,3163,24.5833,0.4452,0.8296,0.4885,0.8359,0.3552,Failing,1
fix_failing_calm,3164,24.6000,0.4406,0.8323,0.4877,0.8344,0.3552,Failing,1
fix_failing_calm,3165,24.6167,0.4360,0.8358,0.4869,0.8344,0.3552,Failing,1
fix_failing_calm,3166,24.6333,0.4315,0.8198,0.4860,0.8330,0.3552,Failing,1
fix_failing_calm,3167,24.6500,0.4270,0.8131,0.4850,0.8315,0.3552,Failing,1
fix_failing_calm,3168,24.6667,0.4226,0.8213,0.4840,0.8301,0.3552,Failing,1
fix_failing_calm,3169,24.6833,0.4182,0.8126,0.4829,0.8287,0.3552,Failing,1
fix_failing_calm,3170,24.7000,0.4140,0.7980,0.4817,0.8272,0.3552,Failing,1
fix_failing_calm,3171,24.7167,0.4098,0.8036,0.4806,0.8258,0.3552,Failing,1
fix_failing_calm,3172,24.7333,0.4058,0.8048,0.4793,0.8244,0.3552,Failing,1
fix_failing_calm,3173,24.7500,0.4019,0.7884,0.4780,0.8230,0.3552,Failing,1
fix_failing_calm,3174,24.7667,0.3981,0.7858,0.4767,0.8216,0.3552,Failing,1
fix_failing_calm,3175,24.7833,0.3944,0.7940,0.4754,0.8202,0.3552,Failing,1
fix_failing_calm,3176,24.8000,0.3909,0.7832,0.4740,0.8188,0.3552,Failing,1
fix_failing_calm,3177,24.8167,0.3876,0.7718,0.4725,0.8174,0.3552,Failing,1
fix_failing_calm,3178,24.8333,0.3844,0.7802,0.4711,0.8160,0.3552,Failing,1
fix_failing_calm,3179,24.8500,0.3814,0.7792,0.4696,0.8146,0.3552,Failing,1
fix_failing_calm,3180,24.8667,0.3786,0.7638,0.4681,0.8132,0.3552,Failing,1
fix_failing_calm,3181,24.8833,0.2632,0.6529,0.4647,0.8118,0.3552,Failing,1
fix_failing_calm,3182,24.9000,0.2615,0.6615,0.4613,0.8105,0.3552,Failing,1
fix_failing_calm,3183,24.9167,0.2600,0.6502,0.4580,0.8091,0.3552,Failing,1
fix_failing_calm,3184,24.9333,0.2587,0.6437,0.4547,0.8077,0.3552,Failing,1
fix_failing_calm,3185,24.9500,0.2575,0.6550,0.4515,0.8064,0.3552,Failing,1
fix_failing_calm,3186,24.9667,0.2565,0.6527,0.4482,0.8050,0.3552,Failing,1
fix_failing_calm,3187,24.9833,0.2557,0.6401,0.4451,0.8037,0.3552,Failing,1
fix_failing_calm,3188,25.0000,0.2551,0.6469,0.4419,0.8023,0.3552,Failing,1
fix_failing_calm,3189,25.0167,0.2547,0.6544,0.4388,0.8010,0.3552,Failing,1
fix_failing_calm,3190,25.0333,0.2544,0.6426,0.4358,0.7997,0.3552,Failing,1
fix_failing_calm,3191,25.0500,0.2544,0.6406,0.4328,0.7983,0.3552,Failing,1
fix_failing_calm,3192,25.0667,0.2546,0.6534,0.4298,0.7970,0.3552,Failing,1
fix_failing_calm,3193,25.0833,0.2550,0.6492,0.4269,0.7957,0.3552,Failing,1
fix_failing_calm,3194,25.1000,0.2556,0.6396,0.4241,0.7944,0.3469,Failing,1
fix_failing_calm,3195,25.1167,0.2565,0.6504,0.4213,0.7931,0.3450,Failing,1
fix_failing_calm,3196,25.1333,0.2575,0.6565,0.4186,0.7918,0.3451,Failing,1
fix_failing_calm,3197,25.1500,0.2588,0.6453,0.4160,0.7904,0.3453,Failing,1
fix_failing_calm,3198,25.1667,0.2604,0.6483,0.4134,0.7891,0.3454,Failing,1
fix_failing_calm,3199,25.1833,0.2621,0.6618,0.4109,0.7879,0.3456,Failing,1
fix_failing_calm,3200,25.2000,0.2641,0.6562,0.4085,0.7866,0.3458,Failing,1
fix_failing_calm,3201,25.2167,0.2663,0.6506,0.4061,0.7853,0.3461,Failing,1
fix_failing_calm,3202,25.2333,0.2688,0.6647,0.4039,0.7840,0.3463,Failing,1
fix_failing_calm,3203,25.2500,0.2715,0.6692,0.4017,0.7827,0.3466,Failing,1
fix_failing_calm,3204,25.2667,0.2744,0.6595,0.3996,0.7814,0.3469,Failing,1
fix_failing_calm,3205,25.2833,0.2775,0.6673,0.3976,0.7802,0.3471,Failing,1
fix_failing_calm,3206,25.3000,0.2808,0.6808,0.3956,0.7789,0.3474,Failing,1
fix_failing_calm,3207,25.3167,0.2844,0.6744,0.3938,0.7776,0.3477,Failing,1
fix_failing_calm,3208,25.3333,0.2881,0.6732,0.3920,0.7764,0.3480,Failing,1
fix_failing_calm,3209,25.3500,0.2921,0.6897,0.3904,0.7751,0.3483,Failing,1
fix_failing_calm,3210,25.3667,0.2963,0.6923,0.3888,0.7739,0.3486,Failing,1
fix_failing_calm,3211,25.3833,0.3006,0.6849,0.3874,0.7726,0.3489,Failing,1
fix_failing_calm,3212,25.4000,0.4359,0.8278,0.3882,0.7731,0.3492,Failing,1
fix_failing_calm,3213,25.4167,0.4426,0.8423,0.3891,0.7737,0.3495,Failing,1
fix_failing_calm,3214,25.4333,0.4495,0.8375,0.3901,0.7742,0.3498,Failing,1
fix_failing_calm,3215,25.4500,0.4566,0.8429,0.3912,0.7748,0.3501,Failing,1
fix_failing_calm,3216,25.4667,0.4639,0.8628,0.3924,0.7755,0.3504,Failing,1
fix_failing_calm,3217,25.4833,0.4714,0.8655,0.3937,0.7762,0.3507,Failing,1
fix_failing_calm,3218,25.5000,0.4791,0.8631,0.3951,0.7770,0.3510,Failing,1
fix_failing_calm,3219,25.5167,0.4869,0.8809,0.3966,0.7778,0.3513,Failing,1
fix_failing_calm,3220,25.5333,0.4948,0.8937,0.3982,0.7788,0.3516,Failing,1
fix_failing_calm,3221,25.5500,0.5027,0.8891,0.4000,0.7797,0.3519,Failing,1
fix_failing_calm,3222,25.5667,0.5108,0.8988,0.4018,0.7807,0.3522,Failing,1
fix_failing_calm,3223,25.5833,0.5189,0.9186,0.4037,0.7818,0.3525,Failing,1
fix_failing_calm,3224,25.6000,0.5271,0.9190,0.4058,0.7830,0.3528,Failing,1
fix_failing_calm,3225,25.6167,0.5352,0.9195,0.4079,0.7841,0.3530,Failing,1
fix_failing_calm,3226,25.6333,0.5433,0.9393,0.4101,0.7854,0.3533,Failing,1
fix_failing_calm,3227,25.6500,0.5514,0.9490,0.4125,0.7868,0.3536,Failing,1
fix_failing_calm,3228,25.6667,0.5594,0.9444,0.4149,0.7881,0.3539,Failing,1
fix_failing_calm,3229,25.6833,0.5672,0.9572,0.4174,0.7895,0.3541,Failing,1
fix_failing_calm,3230,25.7000,0.5750,0.9750,0.4200,0.7910,0.3544,Failing,1
fix_failing_calm,3231,25.7167,0.5826,0.9725,0.4227,0.7925,0.3546,Failing,1
fix_failing_calm,3232,25.7333,0.5900,0.9752,0.4255,0.7940,0.3549,Failing,1
fix_failing_calm,3233,25.7500,0.5973,0.9949,0.4283,0.7957,0.3551,Failing,1
fix_failing_calm,3234,25.7667,0.6043,1.0000,0.4312,0.7974,0.3554,Failing,1
fix_failing_calm,3235,25.7833,0.6110,0.9953,0.4342,0.7990,0.3556,Failing,1
fix_failing_calm,3236,25.8000,0.6175,1.0000,0.4372,0.8007,0.3558,Failing,1
fix_failing_calm,3237,25.8167,0.6236,1.0000,0.4403,0.8024,0.3561,Failing,1
fix_failing_calm,3238,25.8333,0.6294,1.0000,0.4434,0.8040,0.3563,Failing,1
fix_failing_calm,3239,25.8500,0.6349,1.0000,0.4466,0.8056,0.3565,Failing,1
fix_failing_calm,3240,25.8667,0.6400,1.0000,0.4498,0.8072,0.3567,Failing,1
fix_failing_calm,3241,25.8833,0.6447,1.0000,0.4530,0.8088,0.3569,Failing,1
fix_failing_calm,3242,25.9000,0.6490,1.0000,0.4563,0.8104,0.3571,Failing,1
fix_failing_calm,3243,25.9167,0.6529,1.0000,0.4595,0.8120,0.3573,Failing,1
fix_failing_calm,3244,25.9333,0.6563,1.0000,0.4628,0.8136,0.3575,Failing,1
fix_failing_calm,3245,25.9500,0.6593,1.0000,0.4660,0.8151,0.3577,Failing,1
fix_failing_calm,3246,25.9667,0.6617,1.0000,0.4692,0.8166,0.3578,Failing,1
fix_failing_calm,3247,25.9833,0.6637,1.0000,0.4725,0.8182,0.3580,Failing,1
fix_failing_calm,3248,26.0000,0.6651,1.0000,0.4756,0.8197,0.3582,Failing,1
fix_failing_calm,3249,26.0167,0.6660,1.0000,0.4788,0.8212,0.3583,Failing,1
fix_failing_calm,3250,26.0333,0.6664,1.0000,0.4819,0.8226,0.3585,Failing,1
fix_failing_calm,3251,26.0500,0.6663,1.0000,0.4849,0.8241,0.3586,Failing,1
fix_failing_calm,3252,26.0667,0.6656,1.0000,0.4879,0.8256,0.3588,Failing,1
fix_failing_calm,3253,26.0833,0.6643,1.0000,0.4908,0.8270,0.3589,Failing,1
fix_failing_calm,3254,26.1000,0.6625,1.0000,0.4937,0.8285,0.3591,Failing,1
fix_failing_calm,3255,26.1167,0.6602,1.0000,0.4964,0.8299,0.3592,Failing,1
fix_failing_calm,3256,26.1333,0.6573,1.0000,0.4991,0.8313,0.3593,Failing,1
fix_failing_calm,3257,26.1500,0.6538,1.0000,0.5016,0.8327,0.3594,Failing,1
fix_failing_calm,3258,26.1667,0.6498,1.0000,0.5041,0.8341,0.3595,Failing,1
fix_failing_calm,3259,26.1833,0.6453,1.0000,0.5064,0.8355,0.3597,Failing,1
fix_failing_calm,3260,26.2000,0.6402,1.0000,0.5086,0.8368,0.3598,Failing,1
fix_failing_calm,3261,26.2167,0.6346,1.0000,0.5107,0.8382,0.3599,Failing,1
fix_failing_calm,3262,26.2333,0.6285,1.0000,0.5127,0.8395,0.3599,Failing,1
fix_failing_calm,3263,26.2500,0.6219,1.0000,0.5145,0.8409,0.3600,Failing,1
fix_failing_calm,3264,26.2667,0.6148,1.0000,0.5161,0.8422,0.3601,Failing,1
fix_failing_calm,3265,26.2833,0.6073,1.0000,0.5176,0.8435,0.3602,Failing,1
fix_failing_calm,3266,26.3000,0.5993,0.9833,0.5190,0.8446,0.3603,Failing,1
fix_failing_calm,3267,26.3167,0.5909,0.9852,0.5202,0.8458,0.3603,Failing,1
fix_failing_calm,3268,26.3333,0.5821,0.9809,0.5212,0.8469,0.3604,Failing,1
fix_failing_calm,3269,26.3500,0.5729,0.9591,0.5221,0.8479,0.3605,Failing,1
fix_failing_calm,3270,26.3667,0.5634,0.9516,0.5227,0.8487,0.3605,Failing,1
fix_failing_calm,3271,26.3833,0.5536,0.9533,0.5232,0.8496,0.3606,Failing,1
fix_failing_calm,3272,26.4000,0.5434,0.9351,0.5236,0.8503,0.3606,Failing,1
fix_failing_calm,3273,26.4167,0.5330,0.9174,0.5237,0.8509,0.3607,Failing,1
fix_failing_calm,3274,26.4333,0.5224,0.9186,0.5237,0.8514,0.3607,Failing,1
fix_failing_calm,3275,26.4500,0.5115,0.9090,0.5235,0.8519,0.3607,Failing,1
fix_failing_calm,3276,26.4667,0.5005,0.8855,0.5231,0.8522,0.3608,Failing,1
fix_failing_calm,3277,26.4833,0.4894,0.8796,0.5226,0.8524,0.3608,Failing,1
fix_failing_calm,3278,26.5000,0.4781,0.8781,0.5218,0.8526,0.3608,Failing,1
fix_failing_calm,3279,26.5167,0.4668,0.8564,0.5209,0.8527,0.3608,Failing,1
fix_failing_calm,3280,26.5333,0.4554,0.8407,0.5198,0.8511,0.3608,Failing,1
fix_failing_calm,3281,26.5500,0.4441,0.8419,0.5186,0.8496,0.3608,Failing,1
fix_failing_calm,3282,26.5667,0.4327,0.8284,0.5172,0.8481,0.3608,Failing,1
fix_failing_calm,3283,26.5833,0.4215,0.8057,0.5156,0.8466,0.3608,Failing,1
fix_failing_calm,3284,26.6000,0.4103,0.8027,0.5139,0.8451,0.3608,Failing,1
fix_failing_calm,3285,26.6167,0.3993,0.7989,0.5120,0.8437,0.3608,Failing,1
fix_failing_calm,3286,26.6333,0.3885,0.7762,0.5099,0.8422,0.3608,Failing,1
fix_failing_calm,3287,26.6500,0.3778,0.7645,0.5077,0.8407,0.3608,Failing,1
fix_failing_calm,3288,26.6667,0.3674,0.7665,0.5054,0.8392,0.3608,Failing,1
fix_failing_calm,3289,26.6833,0.3573,0.7510,0.5030,0.8378,0.3608,Failing,1
fix_failing_calm,3290,26.7000,0.3475,0.7315,0.5004,0.8363,0.3608,Failing,1
fix_failing_calm,3291,26.7167,0.3380,0.7325,0.4977,0.8349,0.3608,Failing,1
fix_failing_calm,3292,26.7333,0.3289,0.7276,0.4949,0.8334,0.3608,Failing,1
fix_failing_calm,3293,26.7500,0.3202,0.7063,0.4920,0.8320,0.3608,Failing,1
fix_failing_calm,3294,26.7667,0.3119,0.7002,0.4891,0.8305,0.3608,Failing,1
fix_failing_calm,3295,26.7833,0.3040,0.7038,0.4860,0.8291,0.3608,Failing,1
fix_failing_calm,3296,26.8000,0.2966,0.6882,0.4829,0.8277,0.3608,Failing,1
fix_failing_calm,3297,26.8167,0.2898,0.6742,0.4797,0.8262,0.3608,Failing,1
fix_failing_calm,3298,26.8333,0.2834,0.6797,0.4764,0.8248,0.3608,Failing,1
fix_failing_calm,3299,26.8500,0.2776,0.6749,0.4731,0.8234,0.3608,Failing,1
fix_failing_calm,3300,26.8667,0.2723,0.6572,0.4698,0.8220,0.3608,Failing,1
fix_failing_calm,3301,26.8833,0.2676,0.6579,0.4665,0.8206,0.3608,Failing,1
fix_failing_calm,3302,26.9000,0.2634,0.6634,0.4631,0.8192,0.3608,Failing,1
fix_failing_calm,3303,26.9167,0.2599,0.6494,0.4598,0.8178,0.3608,Failing,1
fix_failing_calm,3304,26.9333,0.2570,0.6423,0.4564,0.8164,0.3608,Failing,1
fix_failing_calm,3305,26.9500,0.2547,0.6527,0.4531,0.8150,0.3608,Failing,1
fix_failing_calm,3306,26.9667,0.2530,0.6486,0.4498,0.8136,0.3608,Failing,1
fix_failing_calm,3307,26.9833,0.2520,0.6361,0.4465,0.8123,0.3608,Failing,1
fix_failing_calm,3308,27.0000,0.2515,0.6440,0.4433,0.8109,0.3608,Failing,1
fix_failing_calm,3309,27.0167,0.2517,0.6513,0.4401,0.8095,0.3608,Failing,1
fix_failing_calm,3310,27.0333,0.2525,0.6401,0.4370,0.8082,0.3608,Failing,1
fix_failing_calm,3311,27.0500,0.2540,0.6407,0.4340,0.8068,0.3608,Failing,1
fix_failing_calm,3312,27.0667,0.2560,0.6552,0.4311,0.8054,0.3608,Failing,1
fix_failing_calm,3313,27.0833,0.2587,0.6523,0.4282,0.8041,0.3608,Failing,1
fix_failing_calm,3314,27.1000,0.2620,0.6460,0.4255,0.8027,0.3608,Failing,1
fix_failing_calm,3315,27.1167,0.2658,0.6604,0.4228,0.8014,0.3608,Failing,1
fix_failing_calm,3316,27.1333,0.2702,0.6688,0.4203,0.8001,0.3608,Failing,1
fix_failing_calm,3317,27.1500,0.2752,0.6612,0.4179,0.7987,0.3609,Failing,1
fix_failing_calm,3318,27.1667,0.2807,0.6692,0.4156,0.7974,0.3611,Failing,1
fix_failing_calm,3319,27.1833,0.2867,0.6865,0.4135,0.7961,0.3613,Failing,1
fix_failing_calm,3320,27.2000,0.2932,0.6846,0.4115,0.7948,0.3615,Failing,1
fix_failing_calm,3321,27.2167,0.3002,0.6846,0.4097,0.7935,0.3617,Failing,1
fix_failing_calm,3322,27.2333,0.3076,0.7041,0.4080,0.7921,0.3620,Failing,1
fix_failing_calm,3323,27.2500,0.3154,0.7127,0.4065,0.7908,0.3622,Failing,1
fix_failing_calm,3324,27.2667,0.3237,0.7085,0.4051,0.7895,0.3624,Failing,1
fix_failing_calm,3325,27.2833,0.3323,0.7228,0.4039,0.7882,0.3627,Failing,1
fix_failing_calm,3326,27.3000,0.3413,0.7412,0.4028,0.7870,0.3629,Failing,1
fix_failing_calm,3327,27.3167,0.3505,0.7399,0.4020,0.7857,0.3631,Failing,1
fix_failing_calm,3328,27.3333,0.3601,0.7455,0.4013,0.7844,0.3633,Failing,1
fix_failing_calm,3329,27.3500,0.3698,0.7679,0.4008,0.7831,0.3636,Failing,1
fix_failing_calm,3330,27.3667,0.3798,0.7753,0.4004,0.7818,0.3638,Failing,1
fix_failing_calm,3331,27.3833,0.3900,0.7742,0.4003,0.7806,0.3640,Failing,1
fix_failing_calm,3332,27.4000,0.4004,0.7930,0.4003,0.7807,0.3643,Failing,1
fix_failing_calm,3333,27.4167,0.4108,0.8103,0.4004,0.7809,0.3645,Failing,1
fix_failing_calm,3334,27.4333,0.4213,0.8088,0.4008,0.7811,0.3647,Failing,1
fix_failing_calm,3335,27.4500,0.4319,0.8188,0.4013,0.7814,0.3649,Failing,1
fix_failing_calm,3336,27.4667,0.4425,0.8418,0.4020,0.7819,0.3651,Failing,1
fix_failing_calm,3337,27.4833,0.4531,0.8466,0.4028,0.7825,0.3654,Failing,1
fix_failing_calm,3338,27.5000,0.4637,0.8477,0.4038,0.7830,0.3656,Failing,1
fix_failing_calm,3339,27.5167,0.4741,0.8688,0.4050,0.7837,0.3658,Failing,1
fix_failing_calm,3340,27.5333,0.4845,0.8831,0.4063,0.7846,0.3660,Failing,1
fix_failing_calm,3341,27.5500,0.4947,0.8806,0.4078,0.7854,0.3662,Failing,1
fix_failing_calm,3342,27.5667,0.5048,0.8934,0.4094,0.7863,0.3664,Failing,1
fix_failing_calm,3343,27.5833,0.5146,0.9145,0.4111,0.7873,0.3666,Failing,1
fix_failing_calm,3344,27.6000,0.5242,0.9156,0.4130,0.7884,0.3668,Failing,1
fix_failing_calm,3345,27.6167,0.5336,0.9181,0.4150,0.7895,0.3670,Failing,1
fix_failing_calm,3346,27.6333,0.5427,0.9393,0.4171,0.7907,0.3672,Failing,1
fix_failing_calm,3347,27.6500,0.5515,0.9486,0.4193,0.7920,0.3674,Failing,1
fix_failing_calm,3348,27.6667,0.5600,0.9447,0.4216,0.7933,0.3676,Failing,1
fix_failing_calm,3349,27.6833,0.5681,0.9587,0.4240,0.7947,0.3678,Failing,1
fix_failing_calm,3350,27.7000,0.5758,0.9758,0.4266,0.7962,0.3680,Failing,1
fix_failing_calm,3351,27.7167,0.5832,0.9724,0.4291,0.7976,0.3682,Failing,1
fix_failing_calm,3352,27.7333,0.5901,0.9756,0.4318,0.7991,0.3683,Failing,1
fix_failing_calm,3353,27.7500,0.5967,0.9948,0.4345,0.8007,0.3685,Failing,1
fix_failing_calm,3354,27.7667,0.6028,0.9981,0.4373,0.8024,0.3687,Failing,1
fix_failing_calm,3355,27.7833,0.6084,0.9925,0.4401,0.8039,0.3688,Failing,1
fix_failing_calm,3356,27.8000,0.6136,1.0000,0.4430,0.8056,0.3690,Failing,1
fix_failing_calm,3357,27.8167,0.6183,1.0000,0.4459,0.8072,0.3691,Failing,1
fix_failing_calm,3358,27.8333,0.6226,1.0000,0.4488,0.8088,0.3693,Failing,1
fix_failing_calm,3359,27.8500,0.6264,1.0000,0.4518,0.8104,0.3694,Failing,1
fix_failing_calm,3360,27.8667,0.6297,1.0000,0.4547,0.8119,0.3696,Failing,1
fix_failing_calm,3361,27.8833,0.6325,1.0000,0.4576,0.8135,0.3697,Failing,1
fix_failing_calm,3362,27.9000,0.6348,1.0000,0.4606,0.8150,0.3698,Failing,1
fix_failing_calm,3363,27.9167,0.6366,1.0000,0.4635,0.8166,0.3699,Failing,1
fix_failing_calm,3364,27.9333,0.6379,1.0000,0.4664,0.8181,0.3701,Failing,1
fix_failing_calm,3365,27.9500,0.6388,1.0000,0.4692,0.8196,0.3702,Failing,1
fix_failing_calm,3366,27.9667,0.4474,0.8362,0.4688,0.8198,0.3703,Failing,1
fix_failing_calm,3367,27.9833,0.4474,0.8473,0.4685,0.8200,0.3704,Failing,1
fix_failing_calm,3368,28.0000,0.4470,0.8382,0.4681,0.8201,0.3705,Failing,1
fix_failing_calm,3369,28.0167,0.4463,0.8309,0.4678,0.8202,0.3706,Failing,1
fix_failing_calm,3370,28.0333,0.4453,0.8420,0.4674,0.8204,0.3706,Failing,1
fix_failing_calm,3371,28.0500,0.4440,0.8410,0.4670,0.8206,0.3707,Failing,1
fix_failing_calm,3372,28.0667,0.4424,0.8271,0.4666,0.8206,0.3708,Failing,1
fix_failing_calm,3373,28.0833,0.4405,0.8313,0.4662,0.8207,0.3709,Failing,1
fix_failing_calm,3374,28.1000,0.4384,0.8383,0.4657,0.8209,0.3709,Failing,1
fix_failing_calm,3375,28.1167,0.4360,0.8251,0.4652,0.8209,0.3710,Failing,1
fix_failing_calm,3376,28.1333,0.4334,0.8189,0.4647,0.8195,0.3711,Failing,1
fix_failing_calm,3377,28.1500,0.4305,0.8287,0.4641,0.8196,0.3711,Failing,1
fix_failing_calm,3378,28.1667,0.6105,1.0000,0.4666,0.8211,0.3712,Failing,1
fix_failing_calm,3379,28.1833,0.6058,0.9899,0.4689,0.8225,0.3712,Failing,1
fix_failing_calm,3380,28.2000,0.6008,0.9937,0.4710,0.8239,0.3713,Failing,1
fix_failing_calm,3381,28.2167,0.5955,0.9950,0.4731,0.8253,0.3713,Failing,1
fix_failing_calm,3382,28.2333,0.5901,0.9773,0.4750,0.8266,0.3713,Failing,1
fix_failing_calm,3383,28.2500,0.5843,0.9714,0.4768,0.8278,0.3714,Failing,1
fix_failing_calm,3384,28.2667,0.5784,0.9778,0.4785,0.8290,0.3714,Failing,1
fix_failing_calm,3385,28.2833,0.5724,0.9655,0.4801,0.8301,0.3714,Failing,1
fix_failing_calm,3386,28.3000,0.5661,0.9502,0.4815,0.8311,0.3714,Failing,1
fix_failing_calm,3387,28.3167,0.5598,0.9547,0.4828,0.8322,0.3714,Failing,1
fix_failing_calm,3388,28.3333,0.5533,0.9517,0.4840,0.8332,0.3715,Failing,1
fix_failing_calm,3389,28.3500,0.5467,0.9325,0.4850,0.8340,0.3715,Failing,1
fix_failing_calm,3390,28.3667,0.5401,0.9290,0.4859,0.8348,0.3715,Failing,1
fix_failing_calm,3391,28.3833,0.5334,0.9333,0.4867,0.8356,0.3715,Failing,1
fix_failing_calm,3392,28.4000,0.5267,0.9178,0.4873,0.8363,0.3715,Failing,1
fix_failing_calm,3393,28.4167,0.5200,0.9046,0.4879,0.8368,0.3715,Failing,1
fix_failing_calm,3394,28.4333,0.5133,0.9101,0.4883,0.8375,0.3715,Failing,1
fix_failing_calm,3395,28.4500,0.5067,0.9036,0.4886,0.8380,0.3715,Failing,1
fix_failing_calm,3396,28.4667,0.5000,0.8847,0.4888,0.8384,0.3715,Failing,1
fix_failing_calm,3397,28.4833,0.4935,0.8844,0.4889,0.8388,0.3715,Failing,1
fix_failing_calm,3398,28.5000,0.4870,0.8869,0.4888,0.8392,0.3715,Failing,1
fix_failing_calm,3399,28.5167,0.4806,0.8696,0.4887,0.8394,0.3715,Failing,1
fix_failing_calm,3400,28.5333,0.4743,0.8600,0.4885,0.8396,0.3715,Failing,1
fix_failing_calm,3401,28.5500,0.4681,0.8665,0.4881,0.8398,0.3715,Failing,1
fix_failing_calm,3402,28.5667,0.4621,0.8572,0.4877,0.8400,0.3715,Failing,1
fix_failing_calm,3403,28.5833,0.4563,0.8404,0.4872,0.8400,0.3715,Failing,1
fix_failing_calm,3404,28.6000,0.4506,0.8436,0.4866,0.8400,0.3715,Failing,1
fix_failing_calm,3405,28.6167,0.4450,0.8444,0.4859,0.8400,0.3715,Failing,1
fix_failing_calm,3406,28.6333,0.4397,0.8268,0.4851,0.8386,0.3715,Failing,1
fix_failing_calm,3407,28.6500,0.4346,0.8217,0.4843,0.8371,0.3715,Failing,1
fix_failing_calm,3408,28.6667,0.4296,0.8290,0.4834,0.8356,0.3715,Failing,1
fix_failing_calm,3409,28.6833,0.4249,0.8179,0.4824,0.8342,0.3715,Failing,1
fix_failing_calm,3410,28.7000,0.4204,0.8045,0.4814,0.8327,0.3715,Failing,1
fix_failing_calm,3411,28.7167,0.4161,0.8112,0.4803,0.8313,0.3715,Failing,1
fix_failing_calm,3412,28.7333,0.4120,0.8103,0.4792,0.8299,0.3715,Failing,1
fix_failing_calm,3413,28.7500,0.4082,0.7939,0.4780,0.8284,0.3715,Failing,1
fix_failing_calm,3414,28.7667,0.4046,0.7936,0.4768,0.8270,0.3715,Failing,1
fix_failing_calm,3415,28.7833,0.4013,0.8012,0.4756,0.8256,0.3715,Failing,1
fix_failing_calm,3416,28.8000,0.3982,0.7891,0.4743,0.8242,0.3715,Failing,1
fix_failing_calm,3417,28.8167,0.3953,0.7800,0.4730,0.8228,0.3715,Failing,1
fix_failing_calm,3418,28.8333,0.3928,0.7897,0.4716,0.8213,0.3715,Failing,1
fix_failing_calm,3419,28.8500,0.3904,0.7872,0.4703,0.8199,0.3715,Failing,1
fix_failing_calm,3420,28.8667,0.3883,0.7729,0.4689,0.8185,0.3715,Failing,1
fix_failing_calm,3421,28.8833,0.3865,0.7775,0.4676,0.8171,0.3715,Failing,1
fix_failing_calm,3422,28.9000,0.3849,0.7848,0.4662,0.8158,0.3715,Failing,1
fix_failing_calm,3423,28.9167,0.3835,0.7724,0.4649,0.8144,0.3715,Failing,1
fix_failing_calm,3424,28.9333,0.3824,0.7681,0.4635,0.8130,0.3715,Failing,1
fix_failing_calm,3425,28.9500,0.3815,0.7799,0.4621,0.8116,0.3715,Failing,1
fix_failing_calm,3426,28.9667,0.3809,0.7759,0.4608,0.8103,0.3715,Failing,1
fix_failing_calm,3427,28.9833,0.3805,0.7646,0.4595,0.8089,0.3715,Failing,1
fix_failing_calm,3428,29.0000,0.3804,0.7736,0.4582,0.8075,0.3715,Failing,1
fix_failing_calm,3429,29.0167,0.3805,0.7798,0.4569,0.8062,0.3715,Failing,1
fix_failing_calm,3430,29.0333,0.3808,0.7678,0.4556,0.8048,0.3715,Failing,1
fix_failing_calm,3431,29.0500,0.3813,0.7686,0.4544,0.8035,0.3715,Failing,1
fix_failing_calm,3432,29.0667,0.3821,0.7815,0.4532,0.8021,0.3715,Failing,1
fix_failing_calm,3433,29.0833,0.3830,0.7759,0.4520,0.8008,0.3715,Failing,1
fix_failing_calm,3434,29.1000,0.3842,0.7683,0.4509,0.7995,0.3715,Failing,1
fix_failing_calm,3435,29.1167,0.3856,0.7808,0.4498,0.7981,0.3715,Failing,1
fix_failing_calm,3436,29.1333,0.3872,0.7854,0.4488,0.7968,0.3715,Failing,1
fix_failing_calm,3437,29.1500,0.3890,0.7746,0.4478,0.7955,0.3715,Failing,1
fix_failing_calm,3438,29.1667,0.3910,0.7801,0.4469,0.7942,0.3715,Failing,1
fix_failing_calm,3439,29.1833,0.3931,0.7931,0.4460,0.7929,0.3715,Failing,1
fix_failing_calm,3440,29.2000,0.3955,0.7862,0.4451,0.7915,0.3715,Failing,1
fix_failing_calm,3441,29.2167,0.3980,0.7827,0.4444,0.7902,0.3715,Failing,1
fix_failing_calm,3442,29.2333,0.4007,0.7977,0.4436,0.7903,0.3715,Failing,1
fix_failing_calm,3443,29.2500,0.4035,0.8002,0.4430,0.7904,0.3715,Failing,1
fix_failing_calm,3444,29.2667,0.4066,0.7911,0.4424,0.7904,0.3715,Failing,1
fix_failing_calm,3445,29.2833,0.4097,0.8009,0.4418,0.7905,0.3715,Failing,1
fix_failing_calm,3446,29.3000,0.4130,0.8129,0.4414,0.7907,0.3715,Failing,1
fix_failing_calm,3447,29.3167,0.4165,0.8052,0.4410,0.7908,0.3715,Failing,1
fix_failing_calm,3448,29.3333,0.4201,0.8059,0.4406,0.7909,0.3715,Failing,1
fix_failing_calm,3449,29.3500,0.4238,0.8223,0.4403,0.7912,0.3715,Failing,1
fix_failing_calm,3450,29.3667,0.4277,0.8225,0.4401,0.7914,0.3715,Failing,1
fix_failing_calm,3451,29.3833,0.4317,0.8157,0.4400,0.7916,0.3715,Failing,1
fix_failing_calm,3452,29.4000,0.4357,0.8290,0.4399,0.7919,0.3715,Failing,1
fix_failing_calm,3453,29.4167,0.4399,0.8392,0.4399,0.7923,0.3715,Failing,1
fix_failing_calm,3454,29.4333,0.4442,0.8312,0.4400,0.7927,0.3715,Failing,1
fix_failing_calm,3455,29.4500,0.4486,0.8360,0.4401,0.7930,0.3715,Failing,1
fix_failing_calm,3456,29.4667,0.4531,0.8526,0.4403,0.7935,0.3715,Failing,1
fix_failing_calm,3457,29.4833,0.4576,0.8504,0.4406,0.7940,0.3715,Failing,1
fix_failing_calm,3458,29.5000,0.4623,0.8464,0.4410,0.7944,0.3715,Failing,1
fix_failing_calm,3459,29.5167,0.4669,0.8623,0.4414,0.7950,0.3715,Failing,1
fix_failing_calm,3460,29.5333,0.4717,0.8698,0.4419,0.7956,0.3715,Failing,1
fix_failing_calm,3461,29.5500,0.4765,0.8620,0.4425,0.7962,0.3715,Failing,1
fix_failing_calm,3462,29.5667,0.4813,0.8705,0.4431,0.7968,0.3715,Failing,1
fix_failing_calm,3463,29.5833,0.4862,0.8861,0.4438,0.7975,0.3715,Failing,1
fix_failing_calm,3464,29.6000,0.4911,0.8817,0.4446,0.7982,0.3715,Failing,1
fix_failing_calm,3465,29.6167,0.4960,0.8807,0.4455,0.7989,0.3715,Failing,1
fix_failing_calm,3466,29.6333,0.5009,0.8980,0.4464,0.7997,0.3715,Failing,1
fix_failing_calm,3467,29.6500,0.5058,0.9023,0.4474,0.8006,0.3715,Failing,1
fix_failing_calm,3468,29.6667,0.5106,0.8951,0.4484,0.8014,0.3715,Failing,1
fix_failing_calm,3469,29.6833,0.5155,0.9068,0.4495,0.8022,0.3715,Failing,1
fix_failing_calm,3470,29.7000,0.5203,0.9202,0.4507,0.8032,0.3715,Failing,1
fix_failing_calm,3471,29.7167,0.5251,0.9137,0.4519,0.8041,0.3715,Failing,1
fix_failing_calm,3472,29.7333,0.5298,0.9157,0.4532,0.8051,0.3715,Failing,1
fix_failing_calm,3473,29.7500,0.5344,0.9330,0.4545,0.8061,0.3715,Failing,1
fix_failing_calm,3474,29.7667,0.5390,0.9337,0.4559,0.8072,0.3715,Failing,1
fix_failing_calm,3475,29.7833,0.5435,0.9275,0.4574,0.8082,0.3715,Failing,1
fix_failing_calm,3476,29.8000,0.5479,0.9413,0.4589,0.8093,0.3715,Failing,1
fix_failing_calm,3477,29.8167,0.5521,0.9513,0.4604,0.8105,0.3715,Failing,1
fix_failing_calm,3478,29.8333,0.5562,0.9431,0.4620,0.8116,0.3715,Failing,1
fix_failing_calm,3479,29.8500,0.5602,0.9477,0.4636,0.8127,0.3715,Failing,1
fix_failing_calm,3480,29.8667,0.5640,0.9636,0.4653,0.8139,0.3631,Failing,1
fix_failing_calm,3481,29.8833,0.5677,0.9603,0.4670,0.8152,0.3613,Failing,1
fix_failing_calm,3482,29.9000,0.5712,0.9553,0.4687,0.8163,0.3611,Failing,1
fix_failing_calm,3483,29.9167,0.5745,0.9699,0.4705,0.8176,0.3609,Failing,1
fix_failing_calm,3484,29.9333,0.5776,0.9756,0.4722,0.8189,0.3607,Failing,1
fix_failing_calm,3485,29.9500,0.5804,0.9658,0.4740,0.8201,0.3605,Failing,1
fix_failing_calm,3486,29.9667,0.5831,0.9724,0.4758,0.8214,0.3603,Failing,1
fix_failing_calm,3487,29.9833,0.5855,0.9854,0.4776,0.8227,0.3601,Failing,1
fix_failing_calm,3488,30.0000,0.5876,0.9781,0.4794,0.8240,0.3599,Failing,1
fix_failing_calm,3489,30.0167,0.5895,0.9743,0.4813,0.8253,0.3597,Failing,1
fix_failing_calm,3490,30.0333,0.5911,0.9883,0.4831,0.8266,0.3595,Failing,1
fix_failing_calm,3491,30.0500,0.5924,0.9889,0.4849,0.8280,0.3593,Failing,1
fix_failing_calm,3492,30.0667,0.5935,0.9779,0.4867,0.8292,0.3591,Failing,1
fix_failing_calm,3493,30.0833,0.5942,0.9856,0.4885,0.8305,0.3589,Failing,1
fix_failing_calm,3494,30.1000,0.5946,0.9944,0.4902,0.8319,0.3587,Failing,1
fix_failing_calm,3495,30.1167,0.5947,0.9832,0.4919,0.8331,0.3585,Failing,1
fix_failing_calm,3496,30.1333,0.5945,0.9805,0.4936,0.8344,0.3583,Failing,1
fix_failing_calm,3497,30.1500,0.5939,0.9925,0.4953,0.8357,0.3581,Failing,1
fix_failing_calm,3498,30.1667,0.5930,0.9875,0.4969,0.8369,0.3578,Failing,1
fix_failing_calm,3499,30.1833,0.5917,0.9757,0.4985,0.8381,0.3576,Failing,1
fix_failing_calm,3500,30.2000,0.5901,0.9837,0.5000,0.8393,0.3574,Failing,1
fix_failing_calm,3501,30.2167,0.5881,0.9873,0.5014,0.8405,0.3572,Failing,1
fix_failing_calm,3502,30.2333,0.5858,0.9725,0.5028,0.8416,0.3569,Failing,1
fix_failing_calm,3503,30.2500,0.5831,0.9707,0.5042,0.8427,0.3567,Failing,1
fix_failing_calm,3504,30.2667,0.5801,0.9796,0.5054,0.8438,0.3564,Failing,1
fix_failing_calm,3505,30.2833,0.5767,0.9692,0.5066,0.8449,0.3562,Failing,1
fix_failing_calm,3506,30.3000,0.5729,0.9571,0.5077,0.8458,0.3560,Failing,1
fix_failing_calm,3507,30.3167,0.5688,0.9644,0.5087,0.8468,0.3557,Failing,1
fix_failing_calm,3508,30.3333,0.5644,0.9623,0.5096,0.8477,0.3555,Failing,1
fix_failing_calm,3509,30.3500,0.5596,0.9449,0.5105,0.8485,0.3552,Failing,1
fix_failing_calm,3510,30.3667,0.5544,0.9439,0.5112,0.8493,0.3550,Failing,1
fix_failing_calm,3511,30.3833,0.5490,0.9489,0.5118,0.8502,0.3547,Failing,1
fix_failing_calm,3512,30.4000,0.5432,0.9336,0.5123,0.8509,0.3545,Failing,1
fix_failing_calm,3513,30.4167,0.5371,0.9220,0.5127,0.8514,0.3542,Failing,1
fix_failing_calm,3514,30.4333,0.5307,0.9281,0.5130,0.8521,0.3540,Failing,1
fix_failing_calm,3515,30.4500,0.5241,0.9204,0.5132,0.8527,0.3537,Failing,1
fix_failing_calm,3516,30.4667,0.5171,0.9016,0.5133,0.8531,0.3534,Failing,1
fix_failing_calm,3517,30.4833,0.5100,0.9015,0.5132,0.8535,0.3532,Failing,1
fix_failing_calm,3518,30.5000,0.5025,0.9023,0.5130,0.8539,0.3529,Failing,1
fix_failing_calm,3519,30.5167,0.4949,0.8833,0.5127,0.8541,0.3526,Failing,1
fix_failing_calm,3520,30.5333,0.4871,0.8732,0.5123,0.8543,0.3524,Failing,1
fix_failing_calm,3521,30.5500,0.4791,0.8778,0.5118,0.8545,0.3521,Failing,1
fix_failing_calm,3522,30.5667,0.4709,0.8653,0.5111,0.8546,0.3518,Failing,1
fix_failing_calm,3523,30.5833,0.4626,0.8466,0.5103,0.8530,0.3515,Failing,1
fix_failing_calm,3524,30.6000,0.4542,0.8479,0.5094,0.8515,0.3513,Failing,1
fix_failing_calm,3525,30.6167,0.4456,0.8447,0.5083,0.8500,0.3510,Failing,1
fix_failing_calm,3526,30.6333,0.4371,0.8237,0.5071,0.8485,0.3507,Failing,1
fix_failing_calm,3527,30.6500,0.4285,0.8162,0.5058,0.8470,0.3504,Failing,1
fix_failing_calm,3528,30.6667,0.4198,0.8194,0.5044,0.8455,0.3501,Failing,1
fix_failing_calm,3529,30.6833,0.4112,0.8035,0.5029,0.8440,0.3498,Failing,1
fix_failing_calm,3530,30.7000,0.4026,0.7868,0.5012,0.8426,0.3495,Failing,1
fix_failing_calm,3531,30.7167,0.3941,0.7898,0.4994,0.8411,0.3493,Failing,1
fix_failing_calm,3532,30.7333,0.3857,0.7835,0.4976,0.8396,0.3490,Failing,1
fix_failing_calm,3533,30.7500,0.3773,0.7626,0.4956,0.8381,0.3487,Failing,1
fix_failing_calm,3534,30.7667,0.3692,0.7588,0.4935,0.8367,0.3484,Failing,1
fix_failing_calm,3535,30.7833,0.3612,0.7612,0.4913,0.8352,0.3481,Failing,1
fix_failing_calm,3536,30.8000,0.3534,0.7436,0.4890,0.8338,0.3478,Failing,1
fix_failing_calm,3537,30.8167,0.3458,0.7308,0.4867,0.8323,0.3475,Failing,1
fix_failing_calm,3538,30.8333,0.3385,0.7360,0.4842,0.8309,0.3472,Failing,1
fix_failing_calm,3539,30.8500,0.3315,0.7278,0.4817,0.8294,0.3469,Failing,1
fix_failing_calm,3540,30.8667,0.3248,0.7092,0.4791,0.8280,0.3466,Failing,1
fix_failing_calm,3541,30.8833,0.3184,0.7101,0.4764,0.8266,0.3463,Failing,1
fix_failing_calm,3542,30.9000,0.3124,0.7122,0.4737,0.8252,0.3460,Failing,1
fix_failing_calm,3543,30.9167,0.3067,0.6950,0.4710,0.8238,0.3457,Failing,1
fix_failing_calm,3544,30.9333,0.3015,0.6877,0.4682,0.8223,0.3454,Failing,1
fix_failing_calm,3545,30.9500,0.2967,0.6954,0.4653,0.8209,0.3451,Failing,1
fix_failing_calm,3546,30.9667,0.2923,0.6866,0.4625,0.8195,0.3449,Failing,1
fix_failing_calm,3547,30.9833,0.2884,0.6724,0.4596,0.8181,0.3447,Failing,1
fix_failing_calm,3548,31.0000,0.2849,0.6788,0.4567,0.8167,0.3445,Failing,1
fix_failing_calm,3549,31.0167,0.2820,0.6810,0.4538,0.8154,0.3443,Failing,1
fix_failing_calm,3550,31.0333,0.2796,0.6661,0.4509,0.8140,0.3442,Failing,1
fix_failing_calm,3551,31.0500,0.2777,0.6655,0.4481,0.8126,0.3441,Failing,1
fix_failing_calm,3552,31.0667,0.1934,0.5931,0.4439,0.8112,0.3441,Failing,1
fix_failing_calm,3553,31.0833,0.1929,0.5851,0.4397,0.8099,0.3441,Failing,1
fix_failing_calm,3554,31.1000,0.1927,0.5769,0.4356,0.8085,0.3442,Failing,1
fix_failing_calm,3555,31.1167,0.1929,0.5887,0.4316,0.8071,0.3443,Failing,1
fix_failing_calm,3556,31.1333,0.1935,0.5913,0.4277,0.8058,0.3445,Failing,1
fix_failing_calm,3557,31.1500,0.1946,0.5798,0.4238,0.8044,0.3447,Failing,1
fix_failing_calm,3558,31.1667,0.1960,0.5858,0.4201,0.8031,0.3449,Failing,1
fix_failing_calm,3559,31.1833,0.1978,0.5978,0.4164,0.8017,0.3452,Failing,1
fix_failing_calm,3560,31.2000,0.2000,0.5901,0.4128,0.8004,0.3455,Failing,1
fix_failing_calm,3561,31.2167,0.2027,0.5877,0.4093,0.7991,0.3459,Failing,1
fix_failing_calm,3562,31.2333,0.2057,0.6032,0.4060,0.7977,0.3462,Failing,1
fix_failing_calm,3563,31.2500,0.2091,0.6052,0.4027,0.7964,0.3466,Failing,1
fix_failing_calm,3564,31.2667,0.2128,0.5972,0.3996,0.7951,0.3470,Failing,1
fix_failing_calm,3565,31.2833,0.2170,0.6088,0.3966,0.7938,0.3475,Failing,1
fix_failing_calm,3566,31.3000,0.2215,0.6212,0.3937,0.7925,0.3479,Failing,1
fix_failing_calm,3567,31.3167,0.2264,0.6145,0.3909,0.7912,0.3484,Failing,1
fix_failing_calm,3568,31.3333,0.2315,0.6178,0.3883,0.7899,0.3489,Failing,1
fix_failing_calm,3569,31.3500,0.2371,0.6359,0.3858,0.7886,0.3494,Failing,1
fix_failing_calm,3570,31.3667,0.2429,0.6371,0.3834,0.7873,0.3499,Failing,1
fix_failing_calm,3571,31.3833,0.2490,0.6330,0.3812,0.7860,0.3504,Failing,1
fix_failing_calm,3572,31.4000,0.2554,0.6494,0.3791,0.7847,0.3509,Failing,1
fix_failing_calm,3573,31.4167,0.2620,0.6610,0.3772,0.7834,0.3514,Failing,1
fix_failing_calm,3574,31.4333,0.2689,0.6553,0.3754,0.7821,0.3519,Failing,1
fix_failing_calm,3575,31.4500,0.2760,0.6640,0.3737,0.7809,0.3524,Failing,1
fix_failing_calm,3576,31.4667,0.2833,0.6830,0.3723,0.7796,0.3529,Failing,1
fix_failing_calm,3577,31.4833,0.2908,0.6829,0.3709,0.7783,0.3534,Failing,1
fix_failing_calm,3578,31.5000,0.2984,0.6827,0.3697,0.7771,0.3539,Failing,1
fix_failing_calm,3579,31.5167,0.3062,0.7021,0.3687,0.7758,0.3544,Failing,1
fix_failing_calm,3580,31.5333,0.3141,0.7118,0.3678,0.7746,0.3549,Failing,1
fix_failing_calm,3581,31.5500,0.3220,0.7071,0.3670,0.7733,0.3554,Failing,1
fix_failing_calm,3582,31.5667,0.3300,0.7199,0.3664,0.7721,0.3558,Failing,1
fix_failing_calm,3583,31.5833,0.4830,0.8830,0.3683,0.7730,0.3563,Failing,1
fix_failing_calm,3584,31.6000,0.4945,0.8845,0.3704,0.7739,0.3568,Failing,1
fix_failing_calm,3585,31.6167,0.5060,0.8911,0.3726,0.7749,0.3573,Failing,1
fix_failing_calm,3586,31.6333,0.5174,0.9151,0.3750,0.7761,0.3578,Failing,1
fix_failing_calm,3587,31.6500,0.5288,0.9248,0.3776,0.7773,0.3583,Failing,1
fix_failing_calm,3588,31.6667,0.5400,0.9243,0.3803,0.7785,0.3588,Failing,1
fix_failing_calm,3589,31.6833,0.5511,0.9431,0.3831,0.7799,0.3592,Failing,1
fix_failing_calm,3590,31.7000,0.5619,0.9617,0.3860,0.7814,0.3597,Failing,1
fix_failing_calm,3591,31.7167,0.5726,0.9606,0.3891,0.7829,0.3602,Failing,1
fix_failing_calm,3592,31.7333,0.5830,0.9693,0.3923,0.7844,0.3606,Failing,1
fix_failing_calm,3593,31.7500,0.5931,0.9920,0.3956,0.7861,0.3611,Failing,1
fix_failing_calm,3594,31.7667,0.6028,0.9969,0.3991,0.7879,0.3616,Failing,1
fix_failing_calm,3595,31.7833,0.6122,0.9962,0.4026,0.7896,0.3620,Failing,1
fix_failing_calm,3596,31.8000,0.6212,1.0000,0.4062,0.7914,0.3625,Failing,1
fix_failing_calm,3597,31.8167,0.6298,1.0000,0.4099,0.7931,0.3629,Failing,1
fix_failing_calm,3598,31.8333,0.6380,1.0000,0.4137,0.7948,0.3633,Failing,1
fix_failing_calm,3599,31.8500,0.6457,1.0000,0.4175,0.7965,0.3638,Failing,1
fix_failing_calm,3600,31.8667,0.6529,1.0000,0.4214,0.7982,0.3642,Failing,1
fix_failing_calm,3601,31.8833,0.6597,1.0000,0.4253,0.7999,0.3646,Failing,1
fix_failing_calm,3602,31.9000,0.6658,1.0000,0.4293,0.8015,0.3650,Failing,1
fix_failing_calm,3603,31.9167,0.6715,1.0000,0.4333,0.8032,0.3654,Failing,1
fix_failing_calm,3604,31.9333,0.6766,1.0000,0.4373,0.8048,0.3658,Failing,1
fix_failing_calm,3605,31.9500,0.6811,1.0000,0.4414,0.8064,0.3662,Failing,1
fix_failing_calm,3606,31.9667,0.6850,1.0000,0.4454,0.8081,0.3666,Failing,1
fix_failing_calm,3607,31.9833,0.6883,1.0000,0.4494,0.8096,0.3669,Failing,1
fix_failing_calm,3608,32.0000,0.6910,1.0000,0.4534,0.8112,0.3673,Failing,1
fix_failing_calm,3609,32.0167,0.6931,1.0000,0.4574,0.8128,0.3677,Failing,1
fix_failing_calm,3610,32.0333,0.6946,1.0000,0.4613,0.8143,0.3680,Failing,1
fix_failing_calm,3611,32.0500,0.6954,1.0000,0.4652,0.8159,0.3684,Failing,1
fix_failing_calm,3612,32.0667,0.6956,1.0000,0.4690,0.8174,0.3687,Failing,1
fix_failing_calm,3613,32.0833,0.6953,1.0000,0.4727,0.8189,0.3690,Failing,1
fix_failing_calm,3614,32.1000,0.6943,1.0000,0.4764,0.8204,0.3694,Failing,1
fix_failing_calm,3615,32.1167,0.6926,1.0000,0.4799,0.8219,0.3697,Failing,1
fix_failing_calm,3616,32.1333,0.6904,1.0000,0.4834,0.8234,0.3700,Failing,1
fix_failing_calm,3617,32.1500,0.6876,1.0000,0.4868,0.8249,0.3703,Failing,1
fix_failing_calm,3618,32.1667,0.6842,1.0000,0.4901,0.8263,0.3706,Failing,1
fix_failing_calm,3619,32.1833,0.6803,1.0000,0.4932,0.8278,0.3709,Failing,1
fix_failing_calm,3620,32.2000,0.6758,1.0000,0.4962,0.8292,0.3712,Failing,1
fix_failing_calm,3621,32.2167,0.6708,1.0000,0.4991,0.8306,0.3714,Failing,1
fix_failing_calm,3622,32.2333,0.6652,1.0000,0.5019,0.8320,0.3717,Failing,1
fix_failing_calm,3623,32.2500,0.6592,1.0000,0.5045,0.8334,0.3720,Failing,1
fix_failing_calm,3624,32.2667,0.6527,1.0000,0.5069,0.8348,0.3722,Failing,1
fix_failing_calm,3625,32.2833,0.6457,1.0000,0.5092,0.8362,0.3725,Failing,1
fix_failing_calm,3626,32.3000,0.6383,1.0000,0.5113,0.8375,0.3727,Failing,1
fix_failing_calm,3627,32.3167,0.6305,1.0000,0.5133,0.8389,0.3730,Failing,1
fix_failing_calm,3628,32.3333,0.6224,1.0000,0.5151,0.8402,0.3732,Failing,1
fix_failing_calm,3629,32.3500,0.6139,0.9989,0.5167,0.8415,0.3734,Failing,1
fix_failing_calm,3630,32.3667,0.6051,0.9952,0.5182,0.8428,0.3737,Failing,1
fix_failing_calm,3631,32.3833,0.5960,0.9960,0.5195,0.8441,0.3739,Failing,1
fix_failing_calm,3632,32.4000,0.5866,0.9763,0.5206,0.8452,0.3741,Failing,1
fix_failing_calm,3633,32.4167,0.5771,0.9623,0.5215,0.8461,0.3743,Failing,1
fix_failing_calm,3634,32.4333,0.5673,0.9651,0.5223,0.8471,0.3745,Failing,1
fix_failing_calm,3635,32.4500,0.5574,0.9532,0.5229,0.8480,0.3747,Failing,1
fix_failing_calm,3636,32.4667,0.5473,0.9316,0.5233,0.8487,0.3749,Failing,1
fix_failing_calm,3637,32.4833,0.5372,0.9295,0.5235,0.8494,0.3751,Failing,1
fix_failing_calm,3638,32.5000,0.5270,0.9266,0.5236,0.8500,0.3752,Failing,1
fix_failing_calm,3639,32.5167,0.5168,0.9045,0.5234,0.8505,0.3754,Failing,1
fix_failing_calm,3640,32.5333,0.5065,0.8931,0.5232,0.8508,0.3756,Failing,1
fix_failing_calm,3641,32.5500,0.4963,0.8954,0.5227,0.8512,0.3757,Failing,1
fix_failing_calm,3642,32.5667,0.4862,0.8800,0.5221,0.8514,0.3759,Failing,1
fix_failing_calm,3643,32.5833,0.4761,0.8601,0.5214,0.8515,0.3760,Failing,1
fix_failing_calm,3644,32.6000,0.4662,0.8605,0.5204,0.8516,0.3762,Failing,1
fix_failing_calm,3645,32.6167,0.4564,0.8552,0.5194,0.8516,0.3763,Failing,1
fix_failing_calm,3646,32.6333,0.4468,0.8329,0.5182,0.8501,0.3765,Failing,1
fix_failing_calm,3647,32.6500,0.4374,0.8257,0.5168,0.8486,0.3766,Failing,1
fix_failing_calm,3648,32.6667,0.4282,0.8280,0.5154,0.8471,0.3767,Failing,1
fix_failing_calm,3649,32.6833,0.4193,0.8110,0.5138,0.8456,0.3768,Failing,1
fix_failing_calm,3650,32.7000,0.4107,0.7951,0.5121,0.8441,0.3769,Failing,1
fix_failing_calm,3651,32.7167,0.4024,0.7987,0.5103,0.8426,0.3770,Failing,1
fix_failing_calm,3652,32.7333,0.3944,0.7918,0.5084,0.8412,0.3771,Failing,1
fix_failing_calm,3653,32.7500,0.3867,0.7717,0.5064,0.8397,0.3772,Failing,1
fix_failing_calm,3654,32.7667,0.3794,0.7697,0.5043,0.8382,0.3773,Failing,1
fix_failing_calm,3655,32.7833,0.3725,0.7725,0.5021,0.8368,0.3774,Failing,1
fix_failing_calm,3656,32.8000,0.3660,0.7556,0.4998,0.8353,0.3775,Failing,1
fix_failing_calm,3657,32.8167,0.3599,0.7452,0.4975,0.8338,0.3776,Failing,1
fix_failing_calm,3658,32.8333,0.3542,0.7521,0.4951,0.8324,0.3776,Failing,1
fix_failing_calm,3659,32.8500,0.3489,0.7446,0.4927,0.8310,0.3777,Failing,1
fix_failing_calm,3660,32.8667,0.3441,0.7283,0.4903,0.8295,0.3778,Failing,1
fix_failing_calm,3661,32.8833,0.3397,0.7321,0.4878,0.8281,0.3778,Failing,1
fix_failing_calm,3662,32.9000,0.3358,0.7354,0.4853,0.8267,0.3779,Failing,1
fix_failing_calm,3663,32.9167,0.3323,0.7200,0.4827,0.8252,0.3779,Failing,1
fix_failing_calm,3664,32.9333,0.3293,0.7160,0.4802,0.8238,0.3780,Failing,1
fix_failing_calm,3665,32.9500,0.3268,0.7259,0.4777,0.8224,0.3780,Failing,1
fix_failing_calm,3666,32.9667,0.3247,0.7183,0.4751,0.8210,0.3781,Failing,1
fix_failing_calm,3667,32.9833,0.3230,0.7071,0.4726,0.8196,0.3781,Failing,1
fix_failing_calm,3668,33.0000,0.3219,0.7164,0.4701,0.8182,0.3782,Failing,1
fix_failing_calm,3669,33.0167,0.3211,0.7198,0.4677,0.8168,0.3782,Failing,1
fix_failing_calm,3670,33.0333,0.3209,0.7069,0.4652,0.8154,0.3782,Failing,1
fix_failing_calm,3671,33.0500,0.3210,0.7094,0.4629,0.8140,0.3783,Failing,1
fix_failing_calm,3672,33.0667,0.3216,0.7214,0.4605,0.8127,0.3783,Failing,1
fix_failing_calm,3673,33.0833,0.3226,0.7142,0.4583,0.8113,0.3783,Failing,1
fix_failing_calm,3674,33.1000,0.3240,0.7085,0.4560,0.8099,0.3784,Failing,1
fix_failing_calm,3675,33.1167,0.3259,0.7223,0.4539,0.8086,0.3784,Failing,1
fix_failing_calm,3676,33.1333,0.3281,0.7253,0.4518,0.8072,0.3784,Failing,1
fix_failing_calm,3677,33.1500,0.3306,0.7155,0.4498,0.8058,0.3784,Failing,1
fix_failing_calm,3678,33.1667,0.3335,0.7240,0.4479,0.8045,0.3785,Failing,1
fix_failing_calm,3679,33.1833,0.3368,0.7368,0.4460,0.8032,0.3785,Failing,1
fix_failing_calm,3680,33.2000,0.3404,0.7298,0.4443,0.8018,0.3785,Failing,1
fix_failing_calm,3681,33.2167,0.3443,0.7296,0.4426,0.8005,0.3785,Failing,1
fix_failing_calm,3682,33.2333,0.3484,0.7464,0.4411,0.7991,0.3785,Failing,1
fix_failing_calm,3683,33.2500,0.3529,0.7484,0.4396,0.7978,0.3786,Failing,1
fix_failing_calm,3684,33.2667,0.3576,0.7418,0.4383,0.7965,0.3786,Failing,1
fix_failing_calm,3685,33.2833,0.3625,0.7551,0.4370,0.7952,0.3786,Failing,1
fix_failing_calm,3686,33.3000,0.3677,0.7672,0.4359,0.7939,0.3786,Failing,1
fix_failing_calm,3687,33.3167,0.3730,0.7606,0.4348,0.7925,0.3786,Failing,1
fix_failing_calm,3688,33.3333,0.3785,0.7653,0.4339,0.7912,0.3786,Failing,1
fix_failing_calm,3689,33.3500,0.3842,0.7834,0.4331,0.7899,0.3786,Failing,1
fix_failing_calm,3690,33.3667,0.3900,0.7835,0.4324,0.7886,0.3787,Failing,1
fix_failing_calm,3691,33.3833,0.3959,0.7800,0.4318,0.7873,0.3787,Failing,1
fix_failing_calm,3692,33.4000,0.4019,0.7966,0.4313,0.7874,0.3787,Failing,1
fix_failing_calm,3693,33.4167,0.4081,0.8067,0.4309,0.7876,0.3787,Failing,1
fix_failing_calm,3694,33.4333,0.4142,0.8002,0.4306,0.7877,0.3787,Failing,1
fix_failing_calm,3695,33.4500,0.4204,0.8090,0.4304,0.7879,0.3787,Failing,1
fix_failing_calm,3696,33.4667,0.4267,0.8265,0.4304,0.7882,0.3787,Failing,1
fix_failing_calm,3697,33.4833,0.4329,0.8243,0.4304,0.7885,0.3787,Failing,1
fix_failing_calm,3698,33.5000,0.4391,0.8236,0.4306,0.7888,0.3787,Failing,1
fix_failing_calm,3699,33.5167,0.4453,0.8419,0.4308,0.7892,0.3787,Failing,1
fix_failing_calm,3700,33.5333,0.4515,0.8487,0.4312,0.7897,0.3787,Failing,1
fix_failing_calm,3701,33.5500,0.4576,0.8424,0.4316,0.7901,0.3787,Failing,1
fix_failing_calm,3702,33.5667,0.4637,0.8542,0.4321,0.7907,0.3787,Failing,1
fix_failing_calm,3703,33.5833,0.4696,0.8696,0.4327,0.7913,0.3787,Failing,1
fix_failing_calm,3704,33.6000,0.4755,0.8648,0.4334,0.7919,0.3787,Failing,1
fix_failing_calm,3705,33.6167,0.4812,0.8667,0.4342,0.7926,0.3787,Failing,1
fix_failing_calm,3706,33.6333,0.4868,0.8849,0.4351,0.7933,0.3787,Failing,1
fix_failing_calm,3707,33.6500,0.4923,0.8877,0.4361,0.7941,0.3787,Failing,1
fix_failing_calm,3708,33.6667,0.4977,0.8818,0.4371,0.7948,0.3787,Failing,1
fix_failing_calm,3709,33.6833,0.5029,0.8955,0.4382,0.7957,0.3787,Failing,1
fix_failing_calm,3710,33.7000,0.5079,0.9074,0.4393,0.7966,0.3787,Failing,1
fix_failing_calm,3711,33.7167,0.5127,0.9002,0.4405,0.7975,0.3787,Failing,1
fix_failing_calm,3712,33.7333,0.5174,0.9043,0.4418,0.7983,0.3787,Failing,1
fix_failing_calm,3713,33.7500,0.5219,0.9211,0.4431,0.7994,0.3787,Failing,1
fix_failing_calm,3714,33.7667,0.5262,0.9196,0.4445,0.8004,0.3787,Failing,1
fix_failing_calm,3715,33.7833,0.5303,0.9143,0.4459,0.8013,0.3787,Failing,1
fix_failing_calm,3716,33.8000,0.5342,0.9289,0.4474,0.8024,0.3787,Failing,1
fix_failing_calm,3717,33.8167,0.5378,0.9364,0.4489,0.8035,0.3787,Failing,1
fix_failing_calm,3718,33.8333,0.5413,0.9272,0.4504,0.8045,0.3787,Failing,1
fix_failing_calm,3719,33.8500,0.5446,0.9332,0.4520,0.8056,0.3787,Failing,1
fix_failing_calm,3720,33.8667,0.5476,0.9475,0.4535,0.8068,0.3787,Failing,1
fix_failing_calm,3721,33.8833,0.5504,0.9417,0.4551,0.8079,0.3787,Failing,1
fix_failing_calm,3722,33.9000,0.5530,0.9375,0.4568,0.8089,0.3787,Failing,1
fix_failing_calm,3723,33.9167,0.5553,0.9520,0.4584,0.8101,0.3787,Failing,1
fix_failing_calm,3724,33.9333,0.5575,0.9545,0.4600,0.8113,0.3787,Failing,1
fix_failing_calm,3725,33.9500,0.5594,0.9441,0.4617,0.8124,0.3787,Failing,1
fix_failing_calm,3726,33.9667,0.5610,0.9517,0.4633,0.8136,0.3787,Failing,1
fix_failing_calm,3727,33.9833,0.5625,0.9624,0.4649,0.8148,0.3787,Failing,1
fix_failing_calm,3728,34.0000,0.5637,0.9529,0.4666,0.8160,0.3787,Failing,1
fix_failing_calm_back,3729,0.0167,0.9942,1.0000,0.4753,0.8175,0.3787,Failing,1
fix_failing_calm_back,3730,0.0333,0.9900,1.0000,0.4838,0.8190,0.3787,Failing,1
fix_failing_calm_back,3731,0.0500,0.9607,1.0000,0.4917,0.8205,0.3787,Failing,1
fix_failing_calm_back,3732,0.0667,0.9801,1.0000,0.4998,0.8220,0.3787,Steady,1
fix_failing_calm_back,3733,0.0833,0.9993,1.0000,0.5080,0.8235,0.3787,Steady,1
fix_failing_calm_back,3734,0.1000,0.9699,1.0000,0.5156,0.8249,0.3787,Steady,1
fix_failing_calm_back,3735,0.1167,0.9659,1.0000,0.5231,0.8264,0.3787,Steady,1
fix_failing_calm_back,3736,0.1333,0.9974,1.0000,0.5309,0.8278,0.3787,Steady,1
fix_failing_calm_back,3737,0.1500,0.9851,1.0000,0.5384,0.8293,0.3787,Steady,1
fix_failing_calm_back,3738,0.1667,0.9600,1.0000,0.5454,0.8307,0.3787,Steady,1
fix_failing_calm_back,3739,0.1833,0.9853,1.0000,0.5527,0.8321,0.3787,Steady,1
fix_failing_calm_back,3740,0.2000,0.9972,1.0000,0.5600,0.8335,0.3787,Steady,1
fix_failing_calm_back,3741,0.2167,0.9657,1.0000,0.5667,0.8349,0.3787,Steady,1
fix_failing_calm_back,3742,0.2333,0.9702,1.0000,0.5734,0.8362,0.3787,Steady,1
fix_failing_calm_back,3743,0.2500,0.9994,1.0000,0.5804,0.8376,0.3787,Steady,1
fix_failing_calm_back,3744,0.2667,0.9798,1.0000,0.5870,0.8389,0.3787,Steady,1
fix_failing_calm_back,3745,0.2833,0.9607,1.0000,0.5932,0.8403,0.3787,Steady,1
fix_failing_calm_back,3746,0.3000,0.9902,1.0000,0.5998,0.8416,0.3787,Steady,1
fix_failing_calm_back,3747,0.3167,0.9940,1.0000,0.6063,0.8429,0.3787,Steady,1
fix_failing_calm_back,3748,0.3333,0.9625,1.0000,0.6122,0.8442,0.3787,Steady,1
fix_failing_calm_back,3749,0.3500,0.9751,1.0000,0.6182,0.8455,0.3787,Steady,1
fix_failing_calm_back,3750,0.3667,1.0000,1.0000,0.6245,0.8468,0.3787,Steady,1
fix_failing_calm_back,3751,0.3833,0.9745,1.0000,0.6303,0.8481,0.3787,Steady,1
fix_failing_calm_back,3752,0.4000,0.9629,1.0000,0.6358,0.8493,0.3787,Steady,1
fix_failing_calm_back,3753,0.4167,0.9944,1.0000,0.6417,0.8506,0.3787,Steady,1
fix_failing_calm_back,3754,0.4333,0.9897,1.0000,0.6475,0.8518,0.3787,Steady,1
fix_failing_calm_back,3755,0.4500,0.9606,1.0000,0.6526,0.8531,0.3787,Steady,1
fix_failing_calm_back,3756,0.4667,0.9804,1.0000,0.6580,0.8543,0.3787,Steady,1
fix_failing_calm_back,3757,0.4833,0.9992,1.0000,0.6637,0.8555,0.3787,Steady,1
fix_failing_calm_back,3758,0.5000,0.9696,1.0000,0.6687,0.8567,0.3787,Steady,1
fix_failing_calm_back,3759,0.5167,0.9662,1.0000,0.6737,0.8579,0.3787,Steady,1
fix_failing_calm_back,3760,0.5333,0.9975,1.0000,0.6790,0.8590,0.3787,Steady,1
fix_failing_calm_back,3761,0.5500,0.9847,1.0000,0.6841,0.8602,0.3787,Steady,1
fix_failing_calm_back,3762,0.5667,0.9600,1.0000,0.6886,0.8614,0.3787,Steady,1
fix_failing_calm_back,3763,0.5833,0.9856,1.0000,0.6935,0.8625,0.3787,Steady,1
fix_failing_calm_back,3764,0.6000,0.9971,1.0000,0.6986,0.8637,0.3787,Steady,1
fix_failing_calm_back,3765,0.6167,0.9655,1.0000,0.7030,0.8648,0.3787,Steady,1
fix_failing_calm_back,3766,0.6333,0.9705,1.0000,0.7074,0.8659,0.3787,Steady,1
fix_failing_calm_back,3767,0.6500,0.9995,1.0000,0.7122,0.8670,0.3787,Steady,1
fix_failing_calm_back,3768,0.6667,0.9794,1.0000,0.7166,0.8681,0.3787,Steady,1
fix_failing_calm_back,3769,0.6833,0.9608,1.0000,0.7207,0.8692,0.3787,Steady,1
fix_failing_calm_back,3770,0.7000,0.9905,1.0000,0.7251,0.8703,0.3787,Steady,1
fix_failing_calm_back,3771,0.7167,0.9937,1.0000,0.7296,0.8714,0.3787,Steady,1
fix_failing_calm_back,3772,0.7333,0.9624,1.0000,0.7334,0.8725,0.3787,Steady,1
fix_failing_calm_back,3773,0.7500,0.9754,1.0000,0.7374,0.8735,0.3787,Steady,1
fix_failing_calm_back,3774,0.7667,1.0000,1.0000,0.7418,0.8746,0.3787,Steady,1
fix_failing_calm_back,3775,0.7833,0.9742,1.0000,0.7456,0.8756,0.3787,Steady,1
fix_failing_calm_back,3776,0.8000,0.9630,1.0000,0.7492,0.8766,0.3787,Steady,1
fix_failing_calm_back,3777,0.8167,0.9946,1.0000,0.7532,0.8777,0.3787,Steady,1
fix_failing_calm_back,3778,0.8333,0.9894,1.0000,0.7571,0.8787,0.3787,Steady,1
fix_failing_calm_back,3779,0.8500,0.9605,1.0000,0.7605,0.8797,0.3787,Steady,1
fix_failing_calm_back,3780,0.8667,0.9807,1.0000,0.7641,0.8807,0.3787,Steady,1
fix_failing_calm_back,3781,0.8833,0.9991,1.0000,0.7680,0.8817,0.3787,Steady,1
fix_failing_calm_back,3782,0.9000,0.9694,1.0000,0.7714,0.8827,0.3787,Steady,1
fix_failing_calm_back,3783,0.9167,0.9664,1.0000,0.7746,0.8836,0.3787,Steady,1
fix_failing_calm_back,3784,0.9333,0.9977,1.0000,0.7783,0.8846,0.3787,Steady,1
fix_failing_calm_back,3785,0.9500,0.9844,1.0000,0.7817,0.8856,0.3787,Steady,1
fix_failing_calm_back,3786,0.9667,0.9600,1.0000,0.7846,0.8865,0.3787,Steady,1
fix_failing_calm_back,3787,0.9833,0.9860,1.0000,0.7880,0.8874,0.3787,Steady,1
fix_failing_calm_back,3788,1.0000,0.9969,1.0000,0.7914,0.8884,0.3787,Steady,1
fix_failing_calm_back,3789,1.0167,0.9653,1.0000,0.7943,0.8893,0.3787,Steady,1
fix_failing_calm_back,3790,1.0333,0.9708,1.0000,0.7972,0.8902,0.3787,Steady,1
fix_failing_calm_back,3791,1.0500,0.9995,1.0000,0.8005,0.8911,0.3704,Steady,1
fix_failing_calm_back,3792,1.0667,0.9791,1.0000,0.8035,0.8920,0.3620,Steady,1
fix_failing_calm_back,3793,1.0833,0.9609,1.0000,0.8061,0.8929,0.3537,Steady,1
fix_failing_calm_back,3794,1.1000,0.9908,1.0000,0.8091,0.8938,0.3454,Steady,1
fix_failing_calm_back,3795,1.1167,0.9935,1.0000,0.8122,0.8947,0.3370,Steady,1
fix_failing_calm_back,3796,1.1333,0.9622,1.0000,0.8147,0.8956,0.3287,Steady,1
fix_failing_calm_back,3797,1.1500,0.9758,1.0000,0.8173,0.8964,0.3204,Steady,1
fix_failing_calm_back,3798,1.1667,1.0000,1.0000,0.8204,0.8973,0.3120,Steady,1
fix_failing_calm_back,3799,1.1833,0.9739,1.0000,0.8229,0.8982,0.3037,Steady,1
fix_failing_calm_back,3800,1.2000,0.9632,1.0000,0.8252,0.8990,0.2954,Steady,1
fix_failing_calm_back,3801,1.2167,0.9949,1.0000,0.8280,0.8998,0.2870,Steady,1
fix_failing_calm_back,3802,1.2333,0.9891,1.0000,0.8307,0.9007,0.2787,Steady,1
fix_failing_calm_back,3803,1.2500,0.9604,1.0000,0.8328,0.9015,0.2704,Steady,1
fix_failing_calm_back,3804,1.2667,0.9811,1.0000,0.8353,0.9023,0.2620,Steady,1
fix_failing_calm_back,3805,1.2833,0.9990,1.0000,0.8380,0.9031,0.2537,Steady,1
fix_failing_calm_back,3806,1.3000,0.9691,1.0000,0.8401,0.9039,0.2454,Steady,1
fix_failing_calm_back,3807,1.3167,0.9667,1.0000,0.8422,0.9047,0.2370,Steady,1
fix_failing_calm_back,3808,1.3333,0.9979,1.0000,0.8448,0.9055,0.2287,Steady,1
fix_failing_calm_back,3809,1.3500,0.9841,1.0000,0.8471,0.9063,0.2204,Steady,1
fix_failing_calm_back,3810,1.3667,0.9600,1.0000,0.8490,0.9071,0.2120,Steady,1
fix_failing_calm_back,3811,1.3833,0.9863,1.0000,0.8512,0.9079,0.2037,Steady,1
fix_failing_calm_back,3812,1.4000,0.9967,1.0000,0.8537,0.9086,0.1954,Steady,1
fix_failing_calm_back,3813,1.4167,0.9650,1.0000,0.8555,0.9094,0.1870,Steady,1
fix_failing_calm_back,3814,1.4333,0.9711,1.0000,0.8574,0.9101,0.1787,Steady,1
fix_failing_calm_back,3815,1.4500,0.9996,1.0000,0.8598,0.9109,0.1704,Steady,1
fix_failing_calm_back,3816,1.4667,0.9787,1.0000,0.8617,0.9116,0.1620,Steady,1
fix_failing_calm_back,3817,1.4833,0.9610,1.0000,0.8634,0.9123,0.1537,Steady,1
fix_failing_calm_back,3818,1.5000,0.9911,1.0000,0.8655,0.9131,0.1454,Steady,1
fix_failing_calm_back,3819,1.5167,0.9932,1.0000,0.8676,0.9138,0.1370,Steady,1
fix_failing_calm_back,3820,1.5333,0.9621,1.0000,0.8691,0.9145,0.1287,Steady,1
fix_failing_calm_back,3821,1.5500,0.9761,1.0000,0.8709,0.9152,0.1204,Steady,1
fix_failing_calm_back,3822,1.5667,1.0000,1.0000,0.8730,0.9159,0.1120,Steady,1
fix_failing_calm_back,3823,1.5833,0.9735,1.0000,0.8747,0.9166,0.1037,Steady,1
fix_failing_calm_back,3824,1.6000,0.9634,1.0000,0.8762,0.9173,0.0954,Steady,1
fix_failing_calm_back,3825,1.6167,0.9951,1.0000,0.8781,0.9180,0.0870,Steady,1
fix_failing_calm_back,3826,1.6333,0.9888,1.0000,0.8800,0.9187,0.0787,Steady,1
fix_failing_calm_back,3827,1.6500,0.9604,1.0000,0.8813,0.9194,0.0704,Steady,1
fix_failing_calm_back,3828,1.6667,0.9814,1.0000,0.8830,0.9200,0.0620,Steady,1
fix_failing_calm_back,3829,1.6833,0.9989,1.0000,0.8849,0.9207,0.0537,Steady,1
fix_failing_calm_back,3830,1.7000,0.9688,1.0000,0.8863,0.9213,0.0454,Steady,1
fix_failing_calm_back,3831,1.7167,0.9669,1.0000,0.8876,0.9220,0.0370,Steady,1
fix_failing_calm_back,3832,1.7333,0.9980,1.0000,0.8894,0.9226,0.0287,Steady,1
fix_failing_calm_back,3833,1.7500,0.9837,1.0000,0.8910,0.9233,0.0204,Steady,1
fix_failing_calm_back,3834,1.7667,0.9601,1.0000,0.8921,0.9239,0.0120,Steady,1
fix_failing_calm_back,3835,1.7833,0.9866,1.0000,0.8937,0.9246,0.0037,Steady,1
fix_failing_calm_back,3836,1.8000,0.9965,1.0000,0.8954,0.9252,0.0000,Steady,1
fix_failing_calm_back,3837,1.8167,0.9648,1.0000,0.8965,0.9258,0.0000,Steady,1
fix_failing_calm_back,3838,1.8333,0.9714,1.0000,0.8978,0.9264,0.0000,Steady,1
fix_failing_calm_back,3839,1.8500,0.9997,1.0000,0.8994,0.9270,0.0000,Steady,1
fix_failing_calm_back,3840,1.8667,0.9784,1.0000,0.9008,0.9276,0.0000,Steady,1
fix_failing_calm_back,3841,1.8833,0.9612,1.0000,0.9017,0.9282,0.0000,Steady,1
fix_failing_calm_back,3842,1.9000,0.9914,1.0000,0.9032,0.9288,0.0000,Steady,1
fix_failing_calm_back,3843,1.9167,0.9930,1.0000,0.9047,0.9294,0.0000,Steady,1
fix_failing_calm_back,3844,1.9333,0.9619,1.0000,0.9057,0.9300,0.0000,Steady,1
fix_failing_calm_back,3845,1.9500,0.9764,1.0000,0.9068,0.9306,0.0000,Steady,1
fix_failing_calm_back,3846,1.9667,0.9999,1.0000,0.9084,0.9312,0.0000,Steady,1
fix_failing_calm_back,3847,1.9833,0.9732,1.0000,0.9094,0.9317,0.0000,Steady,1
fix_failing_calm_back,3848,2.0000,0.9636,1.0000,0.9103,0.9323,0.0000,Steady,1
fix_failing_calm_back,3849,2.0167,0.9953,1.0000,0.9117,0.9329,0.0000,Steady,1
fix_failing_calm_back,3850,2.0333,0.9885,1.0000,0.9130,0.9334,0.0000,Steady,1
fix_failing_calm_back,3851,2.0500,0.9603,1.0000,0.9138,0.9340,0.0000,Steady,1
fix_failing_calm_back,3852,2.0667,0.9818,1.0000,0.9149,0.9345,0.0000,Steady,1
fix_failing_calm_back,3853,2.0833,0.9988,1.0000,0.9163,0.9351,0.0000,Steady,1
fix_failing_calm_back,3854,2.1000,0.9685,1.0000,0.9172,0.9356,0.0000,Steady,1
fix_failing_calm_back,3855,2.1167,0.9672,1.0000,0.9180,0.9361,0.0000,Steady,1
fix_failing_calm_back,3856,2.1333,0.9982,1.0000,0.9193,0.9367,0.0000,Steady,1
fix_failing_calm_back,3857,2.1500,0.9834,1.0000,0.9204,0.9372,0.0000,Steady,1
fix_failing_calm_back,3858,2.1667,0.9601,1.0000,0.9210,0.9377,0.0000,Steady,1
fix_failing_calm_back,3859,2.1833,0.9869,1.0000,0.9221,0.9382,0.0000,Steady,1
fix_failing_calm_back,3860,2.2000,0.9963,1.0000,0.9233,0.9387,0.0000,Steady,1
fix_failing_calm_back,3861,2.2167,0.9646,1.0000,0.9240,0.9393,0.0000,Steady,1
fix_failing_calm_back,3862,2.2333,0.9717,1.0000,0.9248,0.9398,0.0000,Steady,1
fix_failing_calm_back,3863,2.2500,0.9997,1.0000,0.9261,0.9403,0.0000,Steady,1
fix_failing_calm_back,3864,2.2667,0.9781,1.0000,0.9269,0.9408,0.0000,Steady,1
fix_failing_calm_back,3865,2.2833,0.9613,1.0000,0.9275,0.9412,0.0000,Steady,1
fix_failing_calm_back,3866,2.3000,0.9916,1.0000,0.9285,0.9417,0.0000,Steady,1
fix_failing_calm_back,3867,2.3167,0.9927,1.0000,0.9296,0.9422,0.0000,Steady,1
fix_failing_calm_back,3868,2.3333,0.9618,1.0000,0.9301,0.9427,0.0000,Steady,1
fix_failing_calm_back,3869,2.3500,0.9768,1.0000,0.9309,0.9432,0.0000,Steady,1
fix_failing_calm_back,3870,2.3667,0.9999,1.0000,0.9320,0.9436,0.0000,Steady,1
fix_failing_calm_back,3871,2.3833,0.9729,1.0000,0.9327,0.9441,0.0000,Steady,1
fix_failing_calm_back,3872,2.4000,0.9638,1.0000,0.9332,0.9446,0.0000,Steady,1
fix_failing_calm_back,3873,2.4167,0.9955,1.0000,0.9343,0.9450,0.0000,Steady,1
fix_failing_calm_back,3874,2.4333,0.9882,1.0000,0.9352,0.9455,0.0000,Steady,1
fix_failing_calm_back,3875,2.4500,0.9602,1.0000,0.9356,0.9459,0.0000,Steady,1
fix_failing_calm_back,3876,2.4667,0.9821,1.0000,0.9363,0.9464,0.0000,Steady,1
fix_failing_calm_back,3877,2.4833,0.9987,1.0000,0.9374,0.9468,0.0000,Steady,1
fix_failing_calm_back,3878,2.5000,0.9682,1.0000,0.9379,0.9473,0.0000,Steady,1
fix_failing_calm_back,3879,2.5167,0.9674,1.0000,0.9384,0.9477,0.0000,Steady,1
fix_failing_calm_back,3880,2.5333,0.9983,1.0000,0.9394,0.9481,0.0000,Steady,1
fix_failing_calm_back,3881,2.5500,0.9831,1.0000,0.9401,0.9486,0.0000,Steady,1
fix_failing_calm_back,3882,2.5667,0.9601,1.0000,0.9404,0.9490,0.0000,Steady,1
fix_failing_calm_back,3883,2.5833,0.9873,1.0000,0.9412,0.9494,0.0000,Steady,1
fix_failing_calm_back,3884,2.6000,0.9961,1.0000,0.9421,0.9498,0.0000,Steady,1
fix_failing_calm_back,3885,2.6167,0.9644,1.0000,0.9425,0.9503,0.0000,Steady,1
fix_failing_calm_back,3886,2.6333,0.9720,1.0000,0.9429,0.9507,0.0000,Steady,1
fix_failing_calm_back,3887,2.6500,0.9998,1.0000,0.9439,0.9511,0.0000,Steady,1
fix_failing_calm_back,3888,2.6667,0.9777,1.0000,0.9444,0.9515,0.0000,Steady,1
fix_failing_calm_back,3889,2.6833,0.9614,1.0000,0.9447,0.9519,0.0000,Steady,1
fix_failing_calm_back,3890,2.7000,0.9919,1.0000,0.9455,0.9523,0.0000,Steady,1
fix_failing_calm_back,3891,2.7167,0.9924,1.0000,0.9463,0.9527,0.0000,Steady,1
fix_failing_calm_back,3892,2.7333,0.9616,1.0000,0.9465,0.9531,0.0000,Steady,1
fix_failing_calm_back,3893,2.7500,0.9771,1.0000,0.9470,0.9535,0.0000,Steady,1
fix_failing_calm_back,3894,2.7667,0.9999,1.0000,0.9479,0.9539,0.0000,Steady,1
fix_failing_calm_back,3895,2.7833,0.9726,1.0000,0.9483,0.9542,0.0000,Steady,1
fix_failing_calm_back,3896,2.8000,0.9640,1.0000,0.9486,0.9546,0.0000,Steady,1
fix_failing_calm_back,3897,2.8167,0.9957,1.0000,0.9494,0.9550,0.0000,Steady,1
fix_failing_calm_back,3898,2.8333,0.9879,1.0000,0.9500,0.9554,0.0000,Steady,1
fix_failing_calm_back,3899,2.8500,0.9602,1.0000,0.9502,0.9557,0.0000,Steady,1
fix_failing_calm_back,3900,2.8667,0.9824,1.0000,0.9507,0.9561,0.0000,Steady,1
fix_failing_calm_back,3901,2.8833,0.9985,1.0000,0.9515,0.9565,0.0000,Steady,1
fix_failing_calm_back,3902,2.9000,0.9679,1.0000,0.9518,0.9568,0.0000,Steady,1
fix_failing_calm_back,3903,2.9167,0.9677,1.0000,0.9520,0.9572,0.0000,Steady,1
fix_failing_calm_back,3904,2.9333,0.9984,1.0000,0.9528,0.9575,0.0000,Steady,1
fix_failing_calm_back,3905,2.9500,0.9827,1.0000,0.9533,0.9579,0.0000,Steady,1
fix_failing_calm_back,3906,2.9667,0.9602,1.0000,0.9534,0.9582,0.0000,Steady,1
fix_failing_calm_back,3907,2.9833,0.9876,1.0000,0.9540,0.9586,0.0000,Steady,1
fix_failing_calm_back,3908,3.0000,0.9959,1.0000,0.9547,0.9589,0.0000,Steady,1
fix_failing_calm_back,3909,3.0167,0.9641,1.0000,0.9548,0.9593,0.0000,Steady,1
fix_failing_calm_back,3910,3.0333,0.9724,1.0000,0.9551,0.9596,0.0000,Steady,1
fix_failing_calm_back,3911,3.0500,0.9998,1.0000,0.9558,0.9600,0.0000,Steady,1
fix_failing_calm_back,3912,3.0667,0.9773,1.0000,0.9562,0.9603,0.0000,Steady,1
fix_failing_calm_back,3913,3.0833,0.9616,1.0000,0.9563,0.9606,0.0000,Steady,1
fix_failing_calm_back,3914,3.1000,0.9923,1.0000,0.9569,0.9609,0.0000,Steady,1
fix_failing_calm_back,3915,3.1167,0.9921,1.0000,0.9575,0.9613,0.0000,Steady,1
fix_failing_calm_back,3916,3.1333,0.9615,1.0000,0.9575,0.9616,0.0000,Steady,1
fix_failing_calm_back,3917,3.1500,0.9776,1.0000,0.9579,0.9619,0.0000,Steady,1
fix_failing_calm_back,3918,3.1667,0.9998,1.0000,0.9586,0.9622,0.0000,Steady,1
fix_failing_calm_back,3919,3.1833,0.9721,1.0000,0.9588,0.9625,0.0000,Steady,1
fix_failing_calm_back,3920,3.2000,0.9643,1.0000,0.9589,0.9628,0.0000,Steady,1
fix_failing_calm_back,3921,3.2167,0.9960,1.0000,0.9595,0.9632,0.0000,Steady,1
fix_failing_calm_back,3922,3.2333,0.9874,1.0000,0.9599,0.9635,0.0000,Steady,1
fix_failing_calm_back,3923,3.2500,0.9601,1.0000,0.9599,0.9638,0.0000,Steady,1
fix_failing_calm_back,3924,3.2667,0.9830,1.0000,0.9603,0.9641,0.0000,Steady,1
fix_failing_calm_back,3925,3.2833,0.9983,1.0000,0.9610,0.9644,0.0000,Steady,1
fix_failing_calm_back,3926,3.3000,0.9675,1.0000,0.9611,0.9647,0.0000,Steady,1
fix_failing_calm_back,3927,3.3167,0.9682,1.0000,0.9612,0.9650,0.0000,Steady,1
fix_failing_calm_back,3928,3.3333,0.9986,1.0000,0.9618,0.9652,0.0000,Steady,1
fix_failing_calm_back,3929,3.3500,0.9821,1.0000,0.9621,0.9655,0.0000,Steady,1
fix_failing_calm_back,3930,3.3667,0.9602,1.0000,0.9621,0.9658,0.0000,Steady,1
fix_failing_calm_back,3931,3.3833,0.9881,1.0000,0.9625,0.9661,0.0000,Steady,1
fix_failing_calm_back,3932,3.4000,0.9955,1.0000,0.9631,0.9664,0.0000,Steady,1
fix_failing_calm_back,3933,3.4167,0.9638,1.0000,0.9631,0.9667,0.0000,Steady,1
fix_failing_calm_back,3934,3.4333,0.9729,1.0000,0.9633,0.9669,0.0000,Steady,1
fix_failing_calm_back,3935,3.4500,0.9999,1.0000,0.9639,0.9672,0.0000,Steady,1
fix_failing_calm_back,3936,3.4667,0.9768,1.0000,0.9641,0.9675,0.0000,Steady,1
fix_failing_calm_back,3937,3.4833,0.9618,1.0000,0.9640,0.9678,0.0000,Steady,1
fix_failing_calm_back,3938,3.5000,0.9927,1.0000,0.9645,0.9680,0.0000,Steady,1
fix_failing_calm_back,3939,3.5167,0.9916,1.0000,0.9650,0.9683,0.0000,Steady,1
fix_failing_calm_back,3940,3.5333,0.9613,1.0000,0.9649,0.9685,0.0000,Steady,1
fix_failing_calm_back,3941,3.5500,0.9781,1.0000,0.9651,0.9688,0.0000,Steady,1
fix_failing_calm_back,3942,3.5667,0.9997,1.0000,0.9657,0.9691,0.0000,Steady,1
fix_failing_calm_back,3943,3.5833,0.9716,1.0000,0.9658,0.9693,0.0000,Steady,1
fix_failing_calm_back,3944,3.6000,0.9646,1.0000,0.9658,0.9696,0.0000,Steady,1
fix_failing_calm_back,3945,3.6167,0.9964,1.0000,0.9663,0.9698,0.0000,Steady,1
fix_failing_calm_back,3946,3.6333,0.9869,1.0000,0.9666,0.9701,0.0000,Steady,1
fix_failing_calm_back,3947,3.6500,0.9601,1.0000,0.9665,0.9703,0.0000,Steady,1
fix_failing_calm_back,3948,3.6667,0.9835,1.0000,0.9668,0.9706,0.0000,Steady,1
fix_failing_calm_back,3949,3.6833,0.9981,1.0000,0.9673,0.9708,0.0000,Steady,1
fix_failing_calm_back,3950,3.7000,0.9671,1.0000,0.9673,0.9711,0.0000,Steady,1
fix_failing_calm_back,3951,3.7167,0.9686,1.0000,0.9673,0.9713,0.0000,Steady,1
fix_failing_calm_back,3952,3.7333,0.9988,1.0000,0.9678,0.9715,0.0000,Steady,1
fix_failing_calm_back,3953,3.7500,0.9816,1.0000,0.9681,0.9718,0.0000,Steady,1
fix_failing_calm_back,3954,3.7667,0.9603,1.0000,0.9679,0.9720,0.0000,Steady,1
fix_failing_calm_back,3955,3.7833,0.9886,1.0000,0.9683,0.9722,0.0000,Steady,1
fix_failing_calm_back,3956,3.8000,0.9952,1.0000,0.9687,0.9725,0.0000,Steady,1
fix_failing_calm_back,3957,3.8167,0.9635,1.0000,0.9686,0.9727,0.0000,Steady,1
fix_failing_calm_back,3958,3.8333,0.9734,1.0000,0.9687,0.9729,0.0000,Steady,1
fix_failing_calm_back,3959,3.8500,0.9999,1.0000,0.9692,0.9732,0.0000,Steady,1
fix_failing_calm_back,3960,3.8667,0.9762,1.0000,0.9694,0.9734,0.0000,Steady,1
fix_failing_calm_back,3961,3.8833,0.9620,1.0000,0.9692,0.9736,0.0000,Steady,1
fix_failing_calm_back,3962,3.9000,0.9931,1.0000,0.9696,0.9738,0.0000,Steady,1
fix_failing_calm_back,3963,3.9167,0.9912,1.0000,0.9700,0.9740,0.0000,Steady,1
fix_failing_calm_back,3964,3.9333,0.9611,1.0000,0.9698,0.9743,0.0000,Steady,1
fix_failing_calm_back,3965,3.9500,0.9787,1.0000,0.9700,0.9745,0.0000,Steady,1
fix_failing_calm_back,3966,3.9667,0.9996,1.0000,0.9705,0.9747,0.0000,Steady,1
fix_failing_calm_back,3967,3.9833,0.9711,1.0000,0.9705,0.9749,0.0000,Steady,1
fix_failing_calm_back,3968,4.0000,0.9650,1.0000,0.9704,0.9751,0.0000,Steady,1
fix_failing_calm_back,3969,4.0167,0.9967,1.0000,0.9708,0.9753,0.0000,Steady,1
fix_failing_calm_back,3970,4.0333,0.9863,1.0000,0.9711,0.9755,0.0000,Steady,1
fix_failing_calm_back,3971,4.0500,0.9600,1.0000,0.9709,0.9757,0.0000,Steady,1
fix_failing_calm_back,3972,4.0667,0.9840,1.0000,0.9711,0.9759,0.0000,Steady,1
fix_failing_calm_back,3973,4.0833,0.9979,1.0000,0.9716,0.9761,0.0000,Steady,1
fix_failing_calm_back,3974,4.1000,0.9667,1.0000,0.9715,0.9763,0.0000,Steady,1
fix_failing_calm_back,3975,4.1167,0.9691,1.0000,0.9714,0.9765,0.0000,Steady,1
fix_failing_calm_back,3976,4.1333,0.9990,1.0000,0.9719,0.9767,0.0000,Steady,1
fix_failing_calm_back,3977,4.1500,0.9811,1.0000,0.9720,0.9769,0.0000,Steady,1
fix_failing_calm_back,3978,4.1667,0.9604,1.0000,0.9719,0.9771,0.0000,Steady,1
fix_failing_calm_back,3979,4.1833,0.9891,1.0000,0.9721,0.9773,0.0000,Steady,1
fix_failing_calm_back,3980,4.2000,0.9948,1.0000,0.9725,0.9775,0.0000,Steady,1
fix_failing_calm_back,3981,4.2167,0.9632,1.0000,0.9724,0.9777,0.0000,Steady,1
fix_failing_calm_back,3982,4.2333,0.9739,1.0000,0.9724,0.9778,0.0000,Steady,1
fix_failing_calm_back,3983,4.2500,1.0000,1.0000,0.9728,0.9780,0.0000,Steady,1
fix_failing_calm_back,3984,4.2667,0.9757,1.0000,0.9729,0.9782,0.0000,Steady,1
fix_failing_calm_back,3985,4.2833,0.9623,1.0000,0.9727,0.9784,0.0000,Steady,1
fix_failing_calm_back,3986,4.3000,0.9935,1.0000,0.9731,0.9786,0.0000,Steady,1
fix_failing_calm_back,3987,4.3167,0.9907,1.0000,0.9733,0.9787,0.0000,Steady,1
fix_failing_calm_back,3988,4.3333,0.9609,1.0000,0.9731,0.9789,0.0000,Steady,1
fix_failing_calm_back,3989,4.3500,0.9792,1.0000,0.9732,0.9791,0.0000,Steady,1
fix_failing_calm_back,3990,4.3667,0.9995,1.0000,0.9737,0.9793,0.0000,Steady,1
fix_failing_calm_back,3991,4.3833,0.9707,1.0000,0.9736,0.9794,0.0000,Steady,1
fix_failing_calm_back,3992,4.4000,0.9654,1.0000,0.9735,0.9796,0.0000,Steady,1
fix_failing_calm_back,3993,4.4167,0.9970,1.0000,0.9739,0.9798,0.0000,Steady,1
fix_failing_calm_back,3994,4.4333,0.9858,1.0000,0.9741,0.9799,0.0000,Steady,1
fix_failing_calm_back,3995,4.4500,0.9600,1.0000,0.9738,0.9801,0.0000,Steady,1
fix_failing_calm_back,3996,4.4667,0.9846,1.0000,0.9740,0.9803,0.0000,Steady,1
fix_failing_calm_back,3997,4.4833,0.9976,1.0000,0.9744,0.9804,0.0000,Steady,1
fix_failing_calm_back,3998,4.5000,0.9663,1.0000,0.9743,0.9806,0.0000,Steady,1
fix_failing_calm_back,3999,4.5167,0.9695,1.0000,0.9742,0.9808,0.0000,Steady,1
fix_failing_calm_back,4000,4.5333,0.9992,1.0000,0.9746,0.9809,0.0000,Steady,1
fix_failing_calm_back,4001,4.5500,0.9805,1.0000,0.9747,0.9811,0.0000,Steady,1
fix_failing_calm_back,4002,4.5667,0.9606,1.0000,0.9745,0.9812,0.0000,Steady,1
fix_failing_calm_back,4003,4.5833,0.9896,1.0000,0.9747,0.9814,0.0000,Steady,1
fix_failing_calm_back,4004,4.6000,0.9945,1.0000,0.9751,0.9815,0.0000,Steady,1
fix_failing_calm_back,4005,4.6167,0.9629,1.0000,0.9748,0.9817,0.0000,Steady,1
fix_failing_calm_back,4006,4.6333,0.9744,1.0000,0.9748,0.9819,0.0000,Steady,1
fix_failing_calm_back,4007,4.6500,1.0000,1.0000,0.9753,0.9820,0.0000,Steady,1
fix_failing_calm_back,4008,4.6667,0.9752,1.0000,0.9753,0.9822,0.0000,Steady,1
fix_failing_calm_back,4009,4.6833,0.9625,1.0000,0.9750,0.9823,0.0000,Steady,1
fix_failing_calm_back,4010,4.7000,0.9939,1.0000,0.9754,0.9824,0.0000,Steady,1
fix_failing_calm_back,4011,4.7167,0.9903,1.0000,0.9756,0.9826,0.0000,Steady,1
fix_failing_calm_back,4012,4.7333,0.9608,1.0000,0.9754,0.9827,0.0000,Steady,1
fix_failing_calm_back,4013,4.7500,0.9797,1.0000,0.9754,0.9829,0.0000,Steady,1
fix_failing_calm_back,4014,4.7667,0.9994,1.0000,0.9758,0.9830,0.0000,Steady,1
fix_failing_calm_back,4015,4.7833,0.9702,1.0000,0.9757,0.9832,0.0000,Steady,1
fix_failing_calm_back,4016,4.8000,0.9657,1.0000,0.9756,0.9833,0.0000,Steady,1
fix_failing_calm_back,4017,4.8167,0.9972,1.0000,0.9759,0.9834,0.0000,Steady,1
fix_failing_calm_back,4018,4.8333,0.9853,1.0000,0.9761,0.9836,0.0000,Steady,1
fix_failing_calm_back,4019,4.8500,0.9600,1.0000,0.9758,0.9837,0.0000,Steady,1
fix_failing_calm_back,4020,4.8667,0.9851,1.0000,0.9760,0.9839,0.0000,Steady,1
fix_failing_calm_back,4021,4.8833,0.9974,1.0000,0.9763,0.9840,0.0000,Steady,1
fix_failing_calm_back,4022,4.9000,0.9659,1.0000,0.9762,0.9841,0.0000,Steady,1
fix_failing_calm_back,4023,4.9167,0.9700,1.0000,0.9760,0.9843,0.0000,Steady,1
fix_failing_calm_back,4024,4.9333,0.9993,1.0000,0.9764,0.9844,0.0000,Steady,1
fix_failing_calm_back,4025,4.9500,0.9800,1.0000,0.9765,0.9845,0.0000,Steady,1
fix_failing_calm_back,4026,4.9667,0.9607,1.0000,0.9762,0.9846,0.0000,Steady,1
fix_failing_calm_back,4027,4.9833,0.9901,1.0000,0.9765,0.9848,0.0000,Steady,1
fix_failing_calm_back,4028,5.0000,0.9941,1.0000,0.9768,0.9849,0.0000,Steady,1
fix_failing_calm_back,4029,5.0167,0.9626,1.0000,0.9765,0.9850,0.0000,Steady,1
fix_failing_calm_back,4030,5.0333,0.9749,1.0000,0.9765,0.9851,0.0000,Steady,1
fix_failing_calm_back,4031,5.0500,1.0000,1.0000,0.9769,0.9853,0.0000,Steady,1
fix_failing_calm_back,4032,5.0667,0.9747,1.0000,0.9768,0.9854,0.0000,Steady,1
fix_failing_calm_back,4033,5.0833,0.9628,1.0000,0.9766,0.9855,0.0000,Steady,1
fix_failing_calm_back,4034,5.1000,0.9943,1.0000,0.9769,0.9856,0.0000,Steady,1
fix_failing_calm_back,4035,5.1167,0.9898,1.0000,0.9771,0.9858,0.0000,Steady,1
fix_failing_calm_back,4036,5.1333,0.9606,1.0000,0.9768,0.9859,0.0000,Steady,1
fix_failing_calm_back,4037,5.1500,0.9803,1.0000,0.9769,0.9860,0.0000,Steady,1
fix_failing_calm_back,4038,5.1667,0.9992,1.0000,0.9773,0.9861,0.0000,Steady,1
fix_failing_calm_back,4039,5.1833,0.9697,1.0000,0.9771,0.9862,0.0000,Steady,1
fix_failing_calm_back,4040,5.2000,0.9661,1.0000,0.9770,0.9863,0.0000,Steady,1
fix_failing_calm_back,4041,5.2167,0.9975,1.0000,0.9773,0.9864,0.0000,Steady,1
fix_failing_calm_back,4042,5.2333,0.9848,1.0000,0.9774,0.9866,0.0000,Steady,1
fix_failing_calm_back,4043,5.2500,0.9600,1.0000,0.9771,0.9867,0.0000,Steady,1
fix_failing_calm_back,4044,5.2667,0.9856,1.0000,0.9773,0.9868,0.0000,Steady,1
fix_failing_calm_back,4045,5.2833,0.9971,1.0000,0.9776,0.9869,0.0000,Steady,1
fix_failing_calm_back,4046,5.3000,0.9655,1.0000,0.9774,0.9870,0.0000,Steady,1
fix_failing_calm_back,4047,5.3167,0.9704,1.0000,0.9773,0.9871,0.0000,Steady,1
fix_failing_calm_back,4048,5.3333,0.9994,1.0000,0.9777,0.9872,0.0000,Steady,1
fix_failing_calm_back,4049,5.3500,0.9794,1.0000,0.9777,0.9873,0.0000,Steady,1
fix_failing_calm_back,4050,5.3667,0.9608,1.0000,0.9774,0.9874,0.0000,Steady,1
fix_failing_calm_back,4051,5.3833,0.9905,1.0000,0.9776,0.9875,0.0000,Steady,1
fix_failing_calm_back,4052,5.4000,0.9937,1.0000,0.9779,0.9876,0.0000,Steady,1
fix_failing_calm_back,4053,5.4167,0.9624,1.0000,0.9776,0.9877,0.0000,Steady,1
fix_failing_calm_back,4054,5.4333,0.9755,1.0000,0.9776,0.9878,0.0000,Steady,1
fix_failing_calm_back,4055,5.4500,1.0000,1.0000,0.9780,0.9879,0.0000,Steady,1
fix_failing_calm_back,4056,5.4667,0.9741,1.0000,0.9779,0.9880,0.0000,Steady,1
fix_failing_calm_back,4057,5.4833,0.9631,1.0000,0.9777,0.9881,0.0000,Steady,1
fix_failing_calm_back,4058,5.5000,0.9947,1.0000,0.9779,0.9882,0.0000,Steady,1
fix_failing_calm_back,4059,5.5167,0.9893,1.0000,0.9781,0.9883,0.0000,Steady,1
fix_failing_calm_back,4060,5.5333,0.9605,1.0000,0.9778,0.9884,0.0000,Steady,1
fix_failing_calm_back,4061,5.5500,0.9808,1.0000,0.9779,0.9885,0.0000,Steady,1
fix_failing_calm_back,4062,5.5667,0.9991,1.0000,0.9782,0.9886,0.0000,Steady,1
fix_failing_calm_back,4063,5.5833,0.9693,1.0000,0.9781,0.9887,0.0000,Steady,1
fix_failing_calm_back,4064,5.6000,0.9665,1.0000,0.9779,0.9888,0.0000,Steady,1
fix_failing_calm_back,4065,5.6167,0.9978,1.0000,0.9782,0.9889,0.0000,Steady,1
fix_failing_calm_back,4066,5.6333,0.9843,1.0000,0.9783,0.9890,0.0000,Steady,1
fix_failing_calm_back,4067,5.6500,0.9600,1.0000,0.9780,0.9891,0.0000,Steady,1
fix_failing_calm_back,4068,5.6667,0.9861,1.0000,0.9782,0.9892,0.0000,Steady,1
fix_failing_calm_back,4069,5.6833,0.9968,1.0000,0.9785,0.9893,0.0000,Steady,1
fix_failing_calm_back,4070,5.7000,0.9652,1.0000,0.9782,0.9894,0.0000,Steady,1
fix_failing_calm_back,4071,5.7167,0.9709,1.0000,0.9781,0.9894,0.0000,Steady,1
fix_failing_calm_back,4072,5.7333,0.9996,1.0000,0.9785,0.9895,0.0000,Steady,1
fix_failing_calm_back,4073,5.7500,0.9789,1.0000,0.9785,0.9896,0.0000,Steady,1
fix_failing_calm_back,4074,5.7667,0.9610,1.0000,0.9782,0.9897,0.0000,Steady,1
fix_failing_calm_back,4075,5.7833,0.9910,1.0000,0.9784,0.9898,0.0000,Steady,1
fix_failing_calm_back,4076,5.8000,0.9933,1.0000,0.9787,0.9899,0.0000,Steady,1
fix_failing_calm_back,4077,5.8167,0.9621,1.0000,0.9784,0.9900,0.0000,Steady,1
fix_failing_calm_back,4078,5.8333,0.9760,1.0000,0.9783,0.9900,0.0000,Steady,1
fix_failing_calm_back,4079,5.8500,1.0000,1.0000,0.9787,0.9901,0.0000,Steady,1
fix_failing_calm_back,4080,5.8667,0.9736,1.0000,0.9786,0.9902,0.0000,Steady,1
fix_failing_calm_back,4081,5.8833,0.9634,1.0000,0.9784,0.9903,0.0000,Steady,1
fix_failing_calm_back,4082,5.9000,0.9950,1.0000,0.9786,0.9904,0.0000,Steady,1
fix_failing_calm_back,4083,5.9167,0.9888,1.0000,0.9788,0.9904,0.0000,Steady,1
fix_failing_calm_back,4084,5.9333,0.9604,1.0000,0.9785,0.9905,0.0000,Steady,1
fix_failing_calm_back,4085,5.9500,0.9814,1.0000,0.9785,0.9906,0.0000,Steady,1
fix_failing_calm_back,4086,5.9667,0.9989,1.0000,0.9789,0.9907,0.0000,Steady,1
fix_failing_calm_back,4087,5.9833,0.9688,1.0000,0.9787,0.9908,0.0000,Steady,1
fix_failing_calm_back,4088,6.0000,0.9669,1.0000,0.9785,0.9908,0.0000,Steady,1
fix_failing_normal,4089,0.0167,0.5812,0.9686,0.9600,0.9888,0.0000,Steady,0
fix_failing_normal,4090,0.0333,0.5854,0.9848,0.9426,0.9868,0.0000,Steady,0
fix_failing_normal,4091,0.0500,0.5892,0.9820,0.9262,0.9847,0.0000,Steady,0
fix_failing_normal,4092,0.0667,0.5929,0.9770,0.9107,0.9827,0.0000,Steady,0
fix_failing_normal,4093,0.0833,0.5963,0.9917,0.8961,0.9828,0.0000,Steady,0
fix_failing_normal,4094,0.1000,0.5994,0.9975,0.8823,0.9829,0.0000,Steady,0
fix_failing_normal,4095,0.1167,0.6023,0.9877,0.8693,0.9830,0.0000,Steady,0
fix_failing_normal,4096,0.1333,0.6048,0.9941,0.8570,0.9831,0.0000,Steady,0
fix_failing_normal,4097,0.1500,0.6070,1.0000,0.8453,0.9832,0.0000,Steady,0
fix_failing_normal,4098,0.1667,0.6090,0.9995,0.8343,0.9833,0.0000,Failing,0
fix_failing_normal,4099,0.1833,0.6105,0.9953,0.8239,0.9834,0.0000,Failing,0
fix_failing_normal,4100,0.2000,0.6117,1.0000,0.8141,0.9836,0.0000,Failing,0
fix_failing_normal,4101,0.2167,0.6126,1.0000,0.8047,0.9837,0.0000,Failing,0
fix_failing_normal,4102,0.2333,0.6131,0.9975,0.7958,0.9838,0.0000,Failing,0
fix_failing_normal,4103,0.2500,0.6132,1.0000,0.7873,0.9840,0.0000,Failing,0
fix_failing_normal,4104,0.2667,0.6129,1.0000,0.7792,0.9841,0.0000,Failing,0
fix_failing_normal,4105,0.2833,0.6122,1.0000,0.7714,0.9842,0.0000,Failing,0
fix_failing_normal,4106,0.3000,0.6111,0.9970,0.7640,0.9843,0.0000,Failing,0
fix_failing_normal,4107,0.3167,0.6096,1.0000,0.7568,0.9845,0.0000,Failing,0
fix_failing_normal,4108,0.3333,0.6077,1.0000,0.7498,0.9846,0.0000,Failing,0
fix_failing_normal,4109,0.3500,0.6053,0.9894,0.7431,0.9846,0.0000,Failing,0
fix_failing_normal,4110,0.3667,0.6026,0.9961,0.7366,0.9847,0.0000,Failing,0
fix_failing_normal,4111,0.3833,0.5994,0.9986,0.7302,0.9848,0.0000,Failing,0
fix_failing_normal,4112,0.4000,0.5958,0.9826,0.7240,0.9828,0.0000,Failing,0
fix_failing_normal,4113,0.4167,0.5918,0.9794,0.7178,0.9808,0.0000,Failing,0
fix_failing_normal,4114,0.4333,0.5874,0.9870,0.7118,0.9809,0.0000,Failing,0
fix_failing_normal,4115,0.4500,0.5826,0.9751,0.7058,0.9789,0.0000,Failing,0
fix_failing_normal,4116,0.4667,0.5774,0.9616,0.6998,0.9769,0.0000,Failing,0
fix_failing_normal,4117,0.4833,0.5719,0.9674,0.6938,0.9749,0.0000,Failing,0
fix_failing_normal,4118,0.5000,0.5659,0.9639,0.6879,0.9729,0.0000,Failing,0
fix_failing_normal,4119,0.5167,0.5596,0.9449,0.6819,0.9709,0.0000,Failing,0
fix_failing_normal,4120,0.5333,0.5529,0.9424,0.6759,0.9690,0.0000,Failing,0
fix_failing_normal,4121,0.5500,0.5459,0.9458,0.6699,0.9670,0.0000,Failing,0
fix_failing_normal,4122,0.5667,0.5385,0.9289,0.6638,0.9651,0.0000,Failing,0
fix_failing_normal,4123,0.5833,0.5309,0.9158,0.6576,0.9631,0.0000,Failing,0
fix_failing_normal,4124,0.6000,0.5229,0.9203,0.6513,0.9612,0.0000,Failing,0
fix_failing_normal,4125,0.6167,0.5147,0.9111,0.6450,0.9593,0.0000,Failing,0
fix_failing_normal,4126,0.6333,0.5063,0.8907,0.6385,0.9574,0.0000,Failing,0
fix_failing_normal,4127,0.6500,0.4976,0.8892,0.6320,0.9555,0.0000,Failing,0
fix_failing_normal,4128,0.6667,0.4887,0.8885,0.6253,0.9536,0.0000,Failing,0
fix_failing_normal,4129,0.6833,0.4797,0.8680,0.6185,0.9517,0.0000,Failing,0
fix_failing_normal,4130,0.7000,0.4704,0.8565,0.6116,0.9498,0.0000,Failing,0
fix_failing_normal,4131,0.7167,0.4611,0.8598,0.6046,0.9479,0.0000,Failing,0
fix_failing_normal,4132,0.7333,0.4517,0.8460,0.5975,0.9461,0.0000,Failing,0
fix_failing_normal,4133,0.7500,0.4421,0.8262,0.5903,0.9442,0.0000,Failing,0
fix_failing_normal,4134,0.7667,0.4326,0.8263,0.5830,0.9423,0.0000,Failing,0
fix_failing_normal,4135,0.7833,0.4230,0.8221,0.5755,0.9405,0.0000,Failing,0
fix_failing_normal,4136,0.8000,0.4134,0.8000,0.5680,0.9387,0.0000,Failing,0
fix_failing_normal,4137,0.8167,0.4039,0.7917,0.5604,0.9368,0.0000,Failing,0
fix_failing_normal,4138,0.8333,0.3945,0.7941,0.5526,0.9350,0.0000,Failing,0
fix_failing_normal,4139,0.8500,0.3851,0.7774,0.5449,0.9332,0.0005,Failing,0
fix_failing_normal,4140,0.8667,0.3759,0.7601,0.5370,0.9314,0.0029,Failing,0
fix_failing_normal,4141,0.8833,0.3669,0.7626,0.5291,0.9296,0.0074,Failing,0
fix_failing_normal,4142,0.9000,0.3580,0.7558,0.5211,0.9278,0.0138,Failing,0
fix_failing_normal,4143,0.9167,0.3494,0.7346,0.5131,0.9260,0.0221,Failing,0
fix_failing_normal,4144,0.9333,0.3410,0.7307,0.5051,0.9242,0.0323,Failing,0
fix_failing_normal,4145,0.9500,0.3329,0.7329,0.4971,0.9224,0.0441,Failing,0
fix_failing_normal,4146,0.9667,0.3251,0.7153,0.4891,0.9207,0.0575,Failing,0
fix_failing_normal,4147,0.9833,0.3177,0.7027,0.4812,0.9189,0.0723,Failing,0
fix_failing_normal,4148,1.0000,0.3106,0.7081,0.4732,0.9171,0.0884,Failing,0
fix_failing_normal,4149,1.0167,0.3039,0.7001,0.4654,0.9154,0.1056,Failing,0
fix_failing_normal,4150,1.0333,0.2976,0.6820,0.4576,0.9136,0.1238,Failing,0
fix_failing_normal,4151,1.0500,0.2918,0.6836,0.4499,0.9119,0.1429,Failing,0
fix_failing_normal,4152,1.0667,0.2864,0.6862,0.4423,0.9102,0.1625,Failing,0
fix_failing_normal,4153,1.0833,0.2815,0.6697,0.4348,0.9085,0.1827,Failing,0
fix_failing_normal,4154,1.1000,0.2771,0.6634,0.4274,0.9067,0.2032,Failing,0
fix_failing_normal,4155,1.1167,0.2733,0.6721,0.4203,0.9050,0.2238,Failing,0
fix_failing_normal,4156,1.1333,0.2699,0.6641,0.4133,0.9033,0.2444,Failing,0
fix_failing_normal,4157,1.1500,0.2671,0.6512,0.4065,0.9016,0.2649,Failing,0
fix_failing_normal,4158,1.1667,0.2649,0.6589,0.3999,0.8999,0.2850,Failing,0
fix_failing_normal,4159,1.1833,0.2633,0.6622,0.3936,0.8983,0.3047,Failing,0
fix_failing_normal,4160,1.2000,0.2622,0.6486,0.3874,0.8966,0.3239,Failing,0
fix_failing_normal,4161,1.2167,0.2618,0.6497,0.3816,0.8949,0.3423,Failing,0
fix_failing_normal,4162,1.2333,0.2619,0.6616,0.3760,0.8932,0.3599,Failing,0
fix_failing_normal,4163,1.2500,0.2626,0.6547,0.3708,0.8916,0.3766,Failing,0
fix_failing_normal,4164,1.2667,0.2640,0.6482,0.3658,0.8899,0.3924,Failing,0
fix_failing_normal,4165,1.2833,0.2659,0.6619,0.3611,0.8883,0.4070,Failing,0
fix_failing_normal,4166,1.3000,0.2685,0.6661,0.3568,0.8866,0.4206,Failing,0
fix_failing_normal,4167,1.3167,0.2716,0.6567,0.3529,0.8850,0.4330,Failing,0
fix_failing_normal,4168,1.3333,0.0138,0.4037,0.3371,0.8834,0.4663,Failing,0
fix_failing_normal,4169,1.3500,0.0140,0.4140,0.3221,0.8818,0.4996,Failing,0
fix_failing_normal,4170,1.3667,0.0142,0.4042,0.3078,0.8801,0.5330,Failing,0
fix_failing_normal,4171,1.3833,0.0145,0.3996,0.2941,0.8785,0.5663,Failing,0
fix_failing_normal,4172,1.4000,0.0148,0.4125,0.2811,0.8769,0.5996,Failing,0
fix_failing_normal,4173,1.4167,0.0151,0.4111,0.2688,0.8753,0.6330,Failing,0
fix_failing_normal,4174,1.4333,0.0155,0.3998,0.2570,0.8737,0.6663,Failing,0
fix_failing_normal,4175,1.4500,0.0159,0.4079,0.2458,0.8721,0.6996,Failing,0
fix_failing_normal,4176,1.4667,0.0163,0.4159,0.2351,0.8706,0.7330,Failing,0
fix_failing_normal,4177,1.4833,0.0167,0.4046,0.2249,0.8690,0.7663,Failing,0
fix_failing_normal,4178,1.5000,0.0171,0.4035,0.2153,0.8674,0.7996,Failing,0
fix_failing_normal,4179,1.5167,0.0176,0.4165,0.2061,0.8659,0.8196,Failing,0
fix_failing_normal,4180,1.5333,0.0181,0.4120,0.1973,0.8643,0.8308,Failing,0
fix_failing_normal,4181,1.5500,0.0186,0.4026,0.1890,0.8627,0.8397,Failing,0
fix_failing_normal,4182,1.5667,0.0191,0.4133,0.1811,0.8612,0.8464,Failing,0
fix_failing_normal,4183,1.5833,0.0196,0.4185,0.1736,0.8596,0.8510,Failing,0
fix_failing_normal,4184,1.6000,0.0202,0.4064,0.1665,0.8581,0.8539,Failing,0
fix_failing_normal,4185,1.6167,0.0207,0.4088,0.1597,0.8566,0.8551,Failing,0
fix_failing_normal,4186,1.6333,0.0213,0.4210,0.1533,0.8551,0.8551,Failing,0
fix_failing_normal,4187,1.6500,0.0218,0.4137,0.1472,0.8535,0.8551,Failing,0
fix_failing_normal,4188,1.6667,0.0224,0.4068,0.1414,0.8520,0.8551,Failing,0
fix_failing_normal,4189,1.6833,0.0230,0.4191,0.1358,0.8505,0.8551,Failing,0
fix_failing_normal,4190,1.7000,0.0236,0.4211,0.1306,0.8490,0.8551,Failing,0
fix_failing_normal,4191,1.7167,0.0242,0.4092,0.1257,0.8475,0.8551,Failing,0
fix_failing_normal,4192,1.7333,0.0247,0.4149,0.1210,0.8460,0.8551,Failing,0
fix_failing_normal,4193,1.7500,0.0253,0.4253,0.1165,0.8445,0.8551,Failing,0
fix_failing_normal,4194,1.7667,0.0259,0.4156,0.1123,0.8430,0.8551,Failing,0
fix_failing_normal,4195,1.7833,0.0264,0.4117,0.1083,0.8416,0.8551,Failing,0
fix_failing_normal,4196,1.8000,0.5401,0.9379,0.1284,0.8424,0.8551,Failing,0
fix_failing_normal,4197,1.8167,0.5510,0.9468,0.1481,0.8432,0.8551,Failing,0
fix_failing_normal,4198,1.8333,0.5617,0.9459,0.1673,0.8441,0.8551,Failing,0
fix_failing_normal,4199,1.8500,0.5721,0.9644,0.1861,0.8451,0.8551,Failing,0
fix_failing_normal,4200,1.8667,0.5822,0.9819,0.2045,0.8462,0.8551,Failing,0
fix_failing_normal,4201,1.8833,0.5920,0.9798,0.2226,0.8473,0.8551,Failing,0
fix_failing_normal,4202,1.9000,0.6014,0.9880,0.2402,0.8485,0.8551,Failing,0
fix_failing_normal,4203,1.9167,0.6105,1.0000,0.2574,0.8497,0.8551,Failing,0
fix_failing_normal,4204,1.9333,0.6191,1.0000,0.2742,0.8510,0.8551,Failing,0
fix_failing_normal,4205,1.9500,0.6273,1.0000,0.2906,0.8522,0.8551,Failing,0
fix_failing_normal,4206,1.9667,0.6350,1.0000,0.3066,0.8535,0.8551,Failing,0
fix_failing_normal,4207,1.9833,0.6422,1.0000,0.3223,0.8547,0.8551,Failing,0
fix_failing_normal,4208,2.0000,0.6490,1.0000,0.3374,0.8559,0.8551,Failing,0
fix_failing_normal,4209,2.0167,0.6552,1.0000,0.3522,0.8571,0.8551,Failing,0
fix_failing_normal,4210,2.0333,0.6608,1.0000,0.3666,0.8583,0.8551,Failing,0
fix_failing_normal,4211,2.0500,0.6660,1.0000,0.3805,0.8594,0.8551,Failing,0
fix_failing_normal,4212,2.0667,0.6705,1.0000,0.3940,0.8606,0.8551,Failing,0
fix_failing_normal,4213,2.0833,0.6745,1.0000,0.4070,0.8618,0.8551,Failing,0
fix_failing_normal,4214,2.1000,0.6779,1.0000,0.4196,0.8629,0.8551,Failing,0
fix_failing_normal,4215,2.1167,0.6807,1.0000,0.4318,0.8640,0.8551,Failing,0
fix_failing_normal,4216,2.1333,0.6829,1.0000,0.4434,0.8652,0.8551,Failing,0
fix_failing_normal,4217,2.1500,0.6845,1.0000,0.4547,0.8663,0.8551,Failing,0
fix_failing_normal,4218,2.1667,0.6855,1.0000,0.4654,0.8674,0.8551,Failing,0
fix_failing_normal,4219,2.1833,0.6859,1.0000,0.4756,0.8685,0.8551,Failing,0
fix_failing_normal,4220,2.2000,0.6857,1.0000,0.4854,0.8696,0.8551,Failing,0
fix_failing_normal,4221,2.2167,0.6849,1.0000,0.4947,0.8707,0.8218,Failing,0
fix_failing_normal,4222,2.2333,0.6836,1.0000,0.5035,0.8718,0.7884,Failing,0
fix_failing_normal,4223,2.2500,0.6817,1.0000,0.5118,0.8728,0.7551,Failing,0
fix_failing_normal,4224,2.2667,0.6792,1.0000,0.5195,0.8739,0.7218,Failing,0
fix_failing_normal,4225,2.2833,0.6761,1.0000,0.5268,0.8749,0.6884,Failing,0
fix_failing_normal,4226,2.3000,0.6725,1.0000,0.5336,0.8760,0.6551,Failing,0
fix_failing_normal,4227,2.3167,0.6684,1.0000,0.5399,0.8770,0.6218,Failing,0
fix_failing_normal,4228,2.3333,0.6638,1.0000,0.5456,0.8780,0.5884,Failing,0
fix_failing_normal,4229,2.3500,0.6587,1.0000,0.5509,0.8790,0.5551,Failing,0
fix_failing_normal,4230,2.3667,0.6532,1.0000,0.5557,0.8800,0.5218,Failing,0
fix_failing_normal,4231,2.3833,0.6472,1.0000,0.5599,0.8810,0.4884,Failing,0
fix_failing_normal,4232,2.4000,0.6408,1.0000,0.5637,0.8820,0.4551,Failing,0
fix_failing_normal,4233,2.4167,0.6340,1.0000,0.5669,0.8830,0.4218,Failing,0
fix_failing_normal,4234,2.4333,0.6268,1.0000,0.5697,0.8840,0.3884,Failing,0
fix_failing_normal,4235,2.4500,0.6193,1.0000,0.5720,0.8849,0.3551,Failing,0
fix_failing_normal,4236,2.4667,0.6115,0.9959,0.5739,0.8858,0.3218,Failing,0
fix_failing_normal,4237,2.4833,0.6034,0.9999,0.5752,0.8868,0.2884,Failing,0
fix_failing_normal,4238,2.5000,0.5950,0.9922,0.5762,0.8877,0.2551,Failing,0
fix_failing_normal,4239,2.5167,0.5864,0.9712,0.5766,0.8884,0.2218,Failing,0
fix_failing_normal,4240,2.5333,0.5776,0.9681,0.5767,0.8890,0.1884,Failing,0
fix_failing_normal,4241,2.5500,0.5686,0.9685,0.5763,0.8897,0.1551,Failing,0
fix_failing_normal,4242,2.5667,0.5595,0.9488,0.5755,0.8902,0.1218,Failing,0
fix_failing_normal,4243,2.5833,0.5502,0.9357,0.5743,0.8905,0.0884,Failing,0
fix_failing_normal,4244,2.6000,0.5409,0.9390,0.5728,0.8909,0.0551,Failing,0
fix_failing_normal,4245,2.6167,0.5316,0.9269,0.5709,0.8912,0.0218,Failing,0
fix_failing_normal,4246,2.6333,0.5222,0.9063,0.5686,0.8914,0.0000,Failing,0
fix_failing_normal,4247,2.6500,0.5128,0.9055,0.5660,0.8915,0.0000,Failing,0
fix_failing_normal,4248,2.6667,0.5034,0.9029,0.5631,0.8916,0.0000,Failing,0
fix_failing_normal,4249,2.6833,0.4941,0.8815,0.5599,0.8899,0.0000,Failing,0
fix_failing_normal,4250,2.7000,0.4849,0.8718,0.5564,0.8883,0.0000,Failing,0
fix_failing_normal,4251,2.7167,0.4758,0.8751,0.5527,0.8866,0.0000,Failing,0
fix_failing_normal,4252,2.7333,0.4669,0.8602,0.5487,0.8850,0.0000,Failing,0
fix_failing_normal,4253,2.7500,0.4581,0.8421,0.5445,0.8834,0.0005,Failing,0
fix_failing_normal,4254,2.7667,0.4495,0.8443,0.5400,0.8818,0.0016,Failing,0
fix_failing_normal,4255,2.7833,0.4411,0.8396,0.5354,0.8801,0.0034,Failing,0
fix_failing_normal,4256,2.8000,0.4330,0.8188,0.5307,0.8785,0.0060,Failing,0
fix_failing_normal,4257,2.8167,0.4251,0.8138,0.5258,0.8769,0.0093,Failing,0
fix_failing_normal,4258,2.8333,0.4174,0.8173,0.5207,0.8753,0.0134,Failing,0
fix_failing_normal,4259,2.8500,0.4101,0.8013,0.5156,0.8737,0.0183,Failing,0
fix_failing_normal,4260,2.8667,0.4031,0.7876,0.5103,0.8721,0.0240,Failing,0
fix_failing_normal,4261,2.8833,0.3964,0.7931,0.5050,0.8706,0.0305,Failing,0
fix_failing_normal,4262,2.9000,0.3900,0.7871,0.4997,0.8690,0.0378,Failing,0
fix_failing_normal,4263,2.9167,0.3840,0.7687,0.4943,0.8674,0.0457,Failing,0
fix_failing_normal,4264,2.9333,0.3784,0.7691,0.4889,0.8658,0.0544,Failing,0
fix_failing_normal,4265,2.9500,0.3731,0.7730,0.4835,0.8643,0.0636,Failing,0
fix_failing_normal,4266,2.9667,0.3682,0.7573,0.4782,0.8627,0.0735,Failing,0
fix_failing_normal,4267,2.9833,0.3637,0.7493,0.4729,0.8612,0.0837,Failing,0
fix_failing_normal,4268,3.0000,0.3596,0.7579,0.4676,0.8596,0.0944,Failing,0
fix_failing_normal,4269,3.0167,0.3559,0.7511,0.4624,0.8581,0.1054,Failing,0
fix_failing_normal,4270,3.0333,0.3526,0.7367,0.4573,0.8566,0.1167,Failing,0
fix_failing_normal,4271,3.0500,0.3497,0.7427,0.4523,0.8551,0.1281,Failing,0
fix_failing_normal,4272,3.0667,0.3473,0.7467,0.4474,0.8535,0.1396,Failing,0
fix_failing_normal,4273,3.0833,0.3452,0.7324,0.4427,0.8520,0.1511,Failing,0
fix_failing_normal,4274,3.1000,0.3435,0.7306,0.4380,0.8505,0.1626,Failing,0
fix_failing_normal,4275,3.1167,0.3422,0.7415,0.4336,0.8490,0.1739,Failing,0
fix_failing_normal,4276,3.1333,0.3413,0.7345,0.4293,0.8475,0.1849,Failing,0
fix_failing_normal,4277,3.1500,0.3408,0.7249,0.4252,0.8460,0.1957,Failing,0
fix_failing_normal,4278,3.1667,0.3407,0.7357,0.4213,0.8445,0.2061,Failing,0
fix_failing_normal,4279,3.1833,0.3410,0.7393,0.4175,0.8430,0.2162,Failing,0
fix_failing_normal,4280,3.2000,0.3416,0.7273,0.4140,0.8416,0.2257,Failing,0
fix_failing_normal,4281,3.2167,0.3426,0.7315,0.4107,0.8401,0.2348,Failing,0
fix_failing_normal,4282,3.2333,0.3439,0.7438,0.4076,0.8386,0.2433,Failing,0
fix_failing_normal,4283,3.2500,0.3456,0.7365,0.4047,0.8372,0.2512,Failing,0
fix_failing_normal,4284,3.2667,0.3475,0.7322,0.4020,0.8357,0.2585,Failing,0
fix_failing_normal,4285,3.2833,0.3498,0.7467,0.3996,0.8342,0.2651,Failing,0
fix_failing_normal,4286,3.3000,0.3524,0.7493,0.3974,0.8328,0.2711,Failing,0
fix_failing_normal,4287,3.3167,0.3553,0.7399,0.3954,0.8314,0.2764,Failing,0
fix_failing_normal,4288,3.3333,0.3584,0.7494,0.3937,0.8299,0.2811,Failing,0
fix_failing_normal,4289,3.3500,0.3618,0.7617,0.3922,0.8285,0.2850,Failing,0
fix_failing_normal,4290,3.3667,0.3655,0.7544,0.3910,0.8271,0.2882,Failing,0
fix_failing_normal,4291,3.3833,0.3693,0.7550,0.3900,0.8256,0.2907,Failing,0
fix_failing_normal,4292,3.4000,0.3734,0.7718,0.3892,0.8242,0.2924,Failing,0
fix_failing_normal,4293,3.4167,0.3777,0.7727,0.3887,0.8228,0.2935,Failing,0
fix_failing_normal,4294,3.4333,0.3821,0.7662,0.3884,0.8214,0.2939,Failing,0
fix_failing_normal,4295,3.4500,0.3867,0.7799,0.3883,0.8200,0.2939,Failing,0
fix_failing_normal,4296,3.4667,0.3915,0.7908,0.3884,0.8186,0.2939,Failing,0
fix_failing_normal,4297,3.4833,0.3964,0.7834,0.3888,0.8172,0.2939,Failing,0
fix_failing_normal,4298,3.5000,0.4014,0.7886,0.3894,0.8158,0.2939,Failing,0
fix_failing_normal,4299,3.5167,0.4065,0.8059,0.3902,0.8144,0.2939,Failing,0
fix_failing_normal,4300,3.5333,0.4117,0.8046,0.3912,0.8131,0.2939,Failing,0
fix_failing_normal,4301,3.5500,0.4169,0.8010,0.3924,0.8117,0.2939,Failing,0
fix_failing_normal,4302,3.5667,0.4222,0.8174,0.3938,0.8117,0.2939,Failing,0
fix_failing_normal,4303,3.5833,0.4276,0.8258,0.3953,0.8118,0.2939,Failing,0
fix_failing_normal,4304,3.6000,0.4330,0.8186,0.3971,0.8119,0.2939,Failing,0
fix_failing_normal,4305,3.6167,0.4384,0.8275,0.3990,0.8120,0.2939,Failing,0
fix_failing_normal,4306,3.6333,0.4438,0.8437,0.4011,0.8123,0.2939,Failing,0
fix_failing_normal,4307,3.6500,0.4492,0.8400,0.4033,0.8125,0.2939,Failing,0
fix_failing_normal,4308,3.6667,0.4546,0.8393,0.4057,0.8127,0.2939,Failing,0
fix_failing_normal,4309,3.6833,0.4599,0.8569,0.4082,0.8131,0.2939,Failing,0
fix_failing_normal,4310,3.7000,0.4652,0.8619,0.4109,0.8135,0.2939,Failing,0
fix_failing_normal,4311,3.7167,0.4704,0.8550,0.4137,0.8139,0.2939,Failing,0
fix_failing_normal,4312,3.7333,0.4756,0.8668,0.4165,0.8143,0.2939,Failing,0
fix_failing_normal,4313,3.7500,0.4807,0.8806,0.4195,0.8148,0.2939,Failing,0
fix_failing_normal,4314,3.7667,0.4857,0.8744,0.4226,0.8153,0.2939,Failing,0
fix_failing_normal,4315,3.7833,0.4906,0.8764,0.4258,0.8158,0.2939,Failing,0
fix_failing_normal,4316,3.8000,0.4954,0.8939,0.4290,0.8165,0.2939,Failing,0
fix_failing_normal,4317,3.8167,0.5001,0.8949,0.4323,0.8171,0.2939,Failing,0
fix_failing_normal,4318,3.8333,0.5047,0.8888,0.4357,0.8177,0.2939,Failing,0
fix_failing_normal,4319,3.8500,0.5092,0.9025,0.4391,0.8184,0.2939,Failing,0
fix_failing_normal,4320,3.8667,0.5135,0.9127,0.4426,0.8192,0.2939,Failing,0
fix_failing_normal,4321,3.8833,0.5176,0.9045,0.4460,0.8199,0.2939,Failing,0
fix_failing_normal,4322,3.9000,0.5217,0.9091,0.4496,0.8207,0.2939,Failing,0
fix_failing_normal,4323,3.9167,0.5256,0.9251,0.4531,0.8215,0.2939,Failing,0
fix_failing_normal,4324,3.9333,0.5293,0.9220,0.4566,0.8224,0.2939,Failing,0
fix_failing_normal,4325,3.9500,0.5329,0.9170,0.4602,0.8232,0.2939,Failing,0
fix_failing_normal,4326,3.9667,0.5363,0.9316,0.4637,0.8241,0.2939,Failing,0
fix_failing_normal,4327,3.9833,0.5395,0.9376,0.4672,0.8250,0.2939,Failing,0
fix_failing_normal,4328,4.0000,0.5425,0.9280,0.4707,0.8259,0.2939,Failing,0
fix_failing_normal,4329,4.0167,0.5454,0.9347,0.4742,0.8268,0.2939,Failing,0
fix_failing_normal,4330,4.0333,0.5481,0.9481,0.4777,0.8278,0.2606,Failing,0
fix_failing_normal,4331,4.0500,0.5506,0.9412,0.4810,0.8287,0.2273,Failing,0
fix_failing_normal,4332,4.0667,0.5530,0.9378,0.4844,0.8296,0.1939,Failing,0
fix_failing_normal,4333,4.0833,0.5551,0.9523,0.4877,0.8306,0.1606,Failing,0
fix_failing_normal,4334,4.1000,0.5570,0.9535,0.4909,0.8317,0.1273,Failing,0
fix_failing_normal,4335,4.1167,0.5588,0.9433,0.4941,0.8326,0.0939,Failing,0
fix_failing_normal,4336,4.1333,0.5603,0.9517,0.4971,0.8336,0.0606,Failing,0
fix_failing_normal,4337,4.1500,0.5617,0.9615,0.5001,0.8346,0.0357,Failing,0
fix_failing_normal,4338,4.1667,0.5628,0.9513,0.5031,0.8356,0.0318,Failing,0
fix_failing_normal,4339,4.1833,0.5638,0.9497,0.5059,0.8365,0.0283,Failing,0
fix_failing_normal,4340,4.2000,0.5645,0.9631,0.5086,0.8376,0.0251,Failing,0
fix_failing_normal,4341,4.2167,0.5650,0.9596,0.5112,0.8386,0.0221,Failing,0
fix_failing_normal,4342,4.2333,0.5653,0.9494,0.5137,0.8395,0.0194,Failing,0
fix_failing_normal,4343,4.2500,0.5654,0.9590,0.5161,0.8405,0.0170,Failing,0
fix_failing_normal,4344,4.2667,0.5653,0.9645,0.5184,0.8415,0.0149,Failing,0
fix_failing_normal,4345,4.2833,0.5650,0.9517,0.5206,0.8425,0.0130,Failing,0
fix_failing_normal,4346,4.3000,0.5645,0.9521,0.5226,0.8434,0.0113,Failing,0
fix_failing_normal,4347,4.3167,0.5637,0.9633,0.5246,0.8444,0.0098,Failing,0
fix_failing_normal,4348,4.3333,0.5628,0.9552,0.5263,0.8453,0.0085,Failing,0
fix_failing_normal,4349,4.3500,0.5616,0.9458,0.5280,0.8461,0.0074,Failing,0
fix_failing_normal,4350,4.3667,0.5602,0.9558,0.5295,0.8470,0.0065,Failing,0
fix_failing_normal,4351,4.3833,0.5586,0.9565,0.5308,0.8479,0.0057,Failing,0
fix_failing_normal,4352,4.4000,0.5567,0.9421,0.5320,0.8487,0.0050,Failing,0
fix_failing_normal,4353,4.4167,0.5547,0.9442,0.5331,0.8495,0.0044,Failing,0
fix_failing_normal,4354,4.4333,0.5524,0.9524,0.5340,0.8504,0.0040,Failing,0
fix_failing_normal,4355,4.4500,0.5500,0.9403,0.5347,0.8511,0.0036,Failing,0
fix_failing_normal,4356,4.4667,0.5473,0.9322,0.5353,0.8518,0.0034,Failing,0
fix_failing_normal,4357,4.4833,0.5444,0.9418,0.5357,0.8525,0.0032,Failing,0
fix_failing_normal,4358,4.5000,0.5413,0.9376,0.5360,0.8532,0.0031,Failing,0
fix_failing_normal,4359,4.5167,0.5380,0.9224,0.5361,0.8538,0.0030,Failing,0
fix_failing_normal,4360,4.5333,0.5345,0.9261,0.5360,0.8544,0.0031,Failing,0
fix_failing_normal,4361,4.5500,0.5308,0.9306,0.5358,0.8550,0.0032,Failing,0
fix_failing_normal,4362,4.5667,0.5269,0.9152,0.5354,0.8555,0.0034,Failing,0
fix_failing_normal,4363,4.5833,0.5228,0.9090,0.5348,0.8560,0.0036,Failing,0
fix_failing_normal,4364,4.6000,0.5186,0.9173,0.5340,0.8565,0.0040,Failing,0
fix_failing_normal,4365,4.6167,0.5141,0.9085,0.5331,0.8569,0.0045,Failing,0
fix_failing_normal,4366,4.6333,0.5095,0.8936,0.5320,0.8572,0.0051,Failing,0
fix_failing_normal,4367,4.6500,0.5048,0.8985,0.5307,0.8576,0.0058,Failing,0
fix_failing_normal,4368,4.6667,0.4998,0.8989,0.5293,0.8579,0.0067,Failing,0
fix_failing_normal,4369,4.6833,0.4948,0.8813,0.5277,0.8581,0.0077,Failing,0
fix_failing_normal,4370,4.7000,0.4895,0.8773,0.5259,0.8583,0.0090,Failing,0
fix_failing_normal,4371,4.7167,0.4842,0.8838,0.5240,0.8585,0.0104,Failing,0
fix_failing_normal,4372,4.7333,0.4787,0.8710,0.5219,0.8586,0.0121,Failing,0
fix_failing_normal,4373,4.7500,0.4732,0.8574,0.5196,0.8571,0.0141,Failing,0
fix_failing_normal,4374,4.7667,0.4675,0.8633,0.5172,0.8571,0.0164,Failing,0
fix_failing_normal,4375,4.7833,0.4618,0.8596,0.5146,0.8571,0.0189,Failing,0
fix_failing_normal,4376,4.8000,0.4559,0.8411,0.5119,0.8556,0.0218,Failing,0
fix_failing_normal,4377,4.8167,0.0225,0.4122,0.4891,0.8541,0.0533,Failing,0
fix_failing_normal,4378,4.8333,0.0222,0.4222,0.4674,0.8526,0.0867,Failing,0
fix_failing_normal,4379,4.8500,0.0219,0.4120,0.4467,0.8510,0.1200,Failing,0
fix_failing_normal,4380,4.8667,0.0216,0.4066,0.4269,0.8495,0.1533,Failing,0
fix_failing_normal,4381,4.8833,0.0213,0.4188,0.4081,0.8480,0.1867,Failing,0
fix_failing_normal,4382,4.9000,0.0210,0.4172,0.3901,0.8465,0.2200,Failing,0
fix_failing_normal,4383,4.9167,0.0207,0.4051,0.3729,0.8451,0.2533,Failing,0
fix_failing_normal,4384,4.9333,0.0204,0.4123,0.3565,0.8436,0.2867,Failing,0
fix_failing_normal,4385,4.9500,0.0201,0.4199,0.3409,0.8421,0.3200,Failing,0
fix_failing_normal,4386,4.9667,0.0198,0.4080,0.3259,0.8406,0.3533,Failing,0
fix_failing_normal,4387,4.9833,0.0196,0.4058,0.3117,0.8391,0.3867,Failing,0
fix_failing_normal,4388,5.0000,0.0193,0.4181,0.2981,0.8377,0.4200,Failing,0
fix_failing_normal,4389,5.0167,0.0190,0.4132,0.2851,0.8362,0.4533,Failing,0
fix_failing_normal,4390,5.0333,0.0188,0.4028,0.2727,0.8348,0.4867,Failing,0
fix_failing_normal,4391,5.0500,0.0185,0.4125,0.2609,0.8333,0.5200,Failing,0
fix_failing_normal,4392,5.0667,0.0183,0.4172,0.2496,0.8319,0.5533,Failing,0
fix_failing_normal,4393,5.0833,0.0180,0.4044,0.2388,0.8304,0.5867,Failing,0
fix_failing_normal,4394,5.1000,0.0178,0.4058,0.2286,0.8290,0.6200,Failing,0
fix_failing_normal,4395,5.1167,0.0176,0.4173,0.2188,0.8276,0.6533,Failing,0
fix_failing_normal,4396,5.1333,0.0174,0.4095,0.2094,0.8261,0.6867,Failing,0
fix_failing_normal,4397,5.1500,0.0172,0.4015,0.2005,0.8247,0.7200,Failing,0
fix_failing_normal,4398,5.1667,0.0171,0.4130,0.1919,0.8233,0.7533,Failing,0
fix_failing_normal,4399,5.1833,0.0169,0.4146,0.1838,0.8219,0.7867,Failing,0
fix_failing_normal,4400,5.2000,0.0168,0.4019,0.1760,0.8205,0.8105,Failing,0
fix_failing_normal,4401,5.2167,0.3331,0.7231,0.1833,0.8191,0.8105,Failing,0
fix_failing_normal,4402,5.2333,0.3311,0.7311,0.1902,0.8177,0.8105,Failing,0
fix_failing_normal,4403,5.2500,0.3295,0.7194,0.1967,0.8163,0.8105,Failing,0
fix_failing_normal,4404,5.2667,0.3283,0.7134,0.2028,0.8149,0.8105,Failing,0
fix_failing_normal,4405,5.2833,0.3274,0.7251,0.2086,0.8135,0.8105,Failing,0
fix_failing_normal,4406,5.3000,0.3270,0.7229,0.2141,0.8122,0.8105,Failing,0
fix_failing_normal,4407,5.3167,0.3270,0.7112,0.2193,0.8108,0.8105,Failing,0
fix_failing_normal,4408,5.3333,0.3273,0.7194,0.2244,0.8094,0.8105,Failing,0
fix_failing_normal,4409,5.3500,0.3282,0.7279,0.2292,0.8081,0.8105,Failing,0
fix_failing_normal,4410,5.3667,0.3294,0.7174,0.2339,0.8067,0.8105,Failing,0
fix_failing_normal,4411,5.3833,0.3311,0.7175,0.2384,0.8054,0.8105,Failing,0
fix_failing_normal,4412,5.4000,0.3333,0.7322,0.2428,0.8040,0.8105,Failing,0
fix_failing_normal,4413,5.4167,0.3358,0.7298,0.2471,0.8027,0.8105,Failing,0
fix_failing_normal,4414,5.4333,0.3389,0.7229,0.2514,0.8013,0.8105,Failing,0
fix_failing_normal,4415,5.4500,0.3424,0.7365,0.2556,0.8000,0.8105,Failing,0
fix_failing_normal,4416,5.4667,0.3463,0.7451,0.2598,0.7987,0.8105,Failing,0
fix_failing_normal,4417,5.4833,0.3506,0.7369,0.2641,0.7973,0.8105,Failing,0
fix_failing_normal,4418,5.5000,0.3554,0.7435,0.2683,0.7960,0.8105,Failing,0
fix_failing_normal,4419,5.5167,0.3606,0.7604,0.2726,0.7947,0.8105,Failing,0
fix_failing_normal,4420,5.5333,0.3662,0.7581,0.2770,0.7934,0.8105,Failing,0
fix_failing_normal,4421,5.5500,0.3723,0.7566,0.2814,0.7921,0.8105,Failing,0
fix_failing_normal,4422,5.5667,0.3787,0.7748,0.2859,0.7908,0.8105,Failing,0
fix_failing_normal,4423,5.5833,0.3855,0.7830,0.2905,0.7895,0.8105,Failing,0
fix_failing_normal,4424,5.6000,0.3927,0.7776,0.2953,0.7882,0.8105,Failing,0
fix_failing_normal,4425,5.6167,0.0200,0.4102,0.2825,0.7869,0.8105,Failing,0
fix_failing_normal,4426,5.6333,0.0204,0.4204,0.2703,0.7856,0.8105,Failing,0
fix_failing_normal,4427,5.6500,0.0208,0.4105,0.2587,0.7843,0.8105,Failing,0
fix_failing_normal,4428,5.6667,0.0212,0.4064,0.2477,0.7830,0.8105,Failing,0
fix_failing_normal,4429,5.6833,0.0217,0.4195,0.2371,0.7817,0.8105,Failing,0
fix_failing_normal,4430,5.7000,0.0221,0.4179,0.2271,0.7805,0.8105,Failing,0
fix_failing_normal,4431,5.7167,0.0226,0.4068,0.2176,0.7792,0.8105,Failing,0
fix_failing_normal,4432,5.7333,0.0230,0.4153,0.2086,0.7779,0.8105,Failing,0
fix_failing_normal,4433,5.7500,0.0235,0.4232,0.2000,0.7767,0.8105,Failing,0
fix_failing_normal,4434,5.7667,0.0240,0.4118,0.1918,0.7754,0.8105,Failing,0
fix_failing_normal,4435,5.7833,0.0245,0.4111,0.1840,0.7742,0.8105,Failing,0
fix_failing_normal,4436,5.8000,0.0250,0.4241,0.1766,0.7729,0.7772,Failing,0
fix_failing_normal,4437,5.8167,0.0255,0.4193,0.1696,0.7717,0.7663,Failing,0
fix_failing_normal,4438,5.8333,0.0260,0.4100,0.1629,0.7705,0.7681,Failing,0
fix_failing_normal,4439,5.8500,0.0265,0.4209,0.1566,0.7692,0.7686,Failing,0
fix_failing_normal,4440,5.8667,0.0270,0.4257,0.1505,0.7680,0.7686,Failing,0
fix_failing_normal,4441,5.8833,0.0275,0.4136,0.1448,0.7668,0.7686,Failing,0
fix_failing_normal,4442,5.9000,0.0280,0.4163,0.1394,0.7655,0.7686,Failing,0
fix_failing_normal,4443,5.9167,0.0285,0.4283,0.1342,0.7643,0.7686,Failing,0
fix_failing_normal,4444,5.9333,0.0289,0.4206,0.1293,0.7631,0.7686,Failing,0
fix_failing_normal,4445,5.9500,0.0294,0.4138,0.1247,0.7619,0.7686,Failing,0
fix_failing_normal,4446,5.9667,0.0299,0.4262,0.1203,0.7607,0.7686,Failing,0
fix_failing_normal,4447,5.9833,0.0303,0.4276,0.1161,0.7595,0.7686,Failing,0
fix_failing_normal,4448,6.0000,0.0307,0.4156,0.1121,0.7583,0.7686,Failing,0
fix_failing_normal,4449,6.0167,0.0311,0.4215,0.1084,0.7571,0.7686,Failing,0
fix_failing_normal,4450,6.0333,0.0315,0.4315,0.1048,0.7559,0.7686,Failing,0
fix_failing_normal,4451,6.0500,0.0319,0.4214,0.1014,0.7547,0.7686,Failing,0
fix_failing_normal,4452,6.0667,0.0323,0.4176,0.0982,0.7535,0.7686,Failing,0
fix_failing_normal,4453,6.0833,0.0326,0.4306,0.0951,0.7523,0.7686,Failing,0
fix_failing_normal,4454,6.1000,0.0329,0.4285,0.0922,0.7512,0.7686,Failing,0
fix_failing_normal,4455,6.1167,0.0332,0.4174,0.0895,0.7500,0.7686,Failing,0
fix_failing_normal,4456,6.1333,0.0335,0.4260,0.0869,0.7488,0.7686,Failing,0
fix_failing_normal,4457,6.1500,0.0337,0.4333,0.0844,0.7476,0.7686,Failing,0
fix_failing_normal,4458,6.1667,0.0340,0.4215,0.0821,0.7465,0.7686,Failing,0
fix_failing_normal,4459,6.1833,0.0341,0.4209,0.0798,0.7453,0.7686,Failing,0
fix_failing_normal,4460,6.2000,0.0343,0.4335,0.0777,0.7442,0.7686,Failing,0
fix_failing_normal,4461,6.2167,0.0344,0.4280,0.0757,0.7430,0.7686,Failing,0
fix_failing_normal,4462,6.2333,0.0345,0.4186,0.0738,0.7419,0.7686,Failing,0
fix_failing_normal,4463,6.2500,0.0346,0.4292,0.0720,0.7407,0.7686,Failing,0
fix_failing_normal,4464,6.2667,0.6930,1.0000,0.1009,0.7429,0.7686,Failing,0
fix_failing_normal,4465,6.2833,0.6933,1.0000,0.1284,0.7450,0.7686,Failing,0
fix_failing_normal,4466,6.3000,0.6929,1.0000,0.1547,0.7471,0.7686,Failing,0
fix_failing_normal,4467,6.3167,0.6919,1.0000,0.1796,0.7492,0.7686,Failing,0
fix_failing_normal,4468,6.3333,0.6903,1.0000,0.2034,0.7513,0.7686,Failing,0
fix_failing_normal,4469,6.3500,0.6881,1.0000,0.2259,0.7534,0.7686,Failing,0
fix_failing_normal,4470,6.3667,0.6853,1.0000,0.2473,0.7554,0.7686,Failing,0
fix_failing_normal,4471,6.3833,0.6819,1.0000,0.2675,0.7574,0.7686,Failing,0
fix_failing_normal,4472,6.4000,0.6778,1.0000,0.2866,0.7595,0.7686,Failing,0
fix_failing_normal,4473,6.4167,0.6732,1.0000,0.3046,0.7615,0.7686,Failing,0
fix_failing_normal,4474,6.4333,0.6681,1.0000,0.3215,0.7634,0.7686,Failing,0
fix_failing_normal,4475,6.4500,0.6623,1.0000,0.3373,0.7654,0.7353,Failing,0
fix_failing_normal,4476,6.4667,0.6560,1.0000,0.3521,0.7673,0.7019,Failing,0
fix_failing_normal,4477,6.4833,0.6492,1.0000,0.3660,0.7693,0.6686,Failing,0
fix_failing_normal,4478,6.5000,0.6419,1.0000,0.3788,0.7712,0.6353,Failing,0
fix_failing_normal,4479,6.5167,0.6341,1.0000,0.3907,0.7731,0.6019,Failing,0
fix_failing_normal,4480,6.5333,0.6259,1.0000,0.4016,0.7750,0.5686,Failing,0
fix_failing_normal,4481,6.5500,0.6172,1.0000,0.4116,0.7768,0.5353,Failing,0
fix_failing_normal,4482,6.5667,0.6081,0.9955,0.4208,0.7787,0.5019,Failing,0
fix_failing_normal,4483,6.5833,0.5986,0.9855,0.4290,0.7804,0.4686,Failing,0
fix_failing_normal,4484,6.6000,0.5888,0.9880,0.4365,0.7821,0.4353,Failing,0
fix_failing_normal,4485,6.6167,0.5786,0.9719,0.4431,0.7837,0.4019,Failing,0
fix_failing_normal,4486,6.6333,0.5681,0.9522,0.4489,0.7851,0.3686,Failing,0
fix_failing_normal,4487,6.6500,0.5574,0.9522,0.4539,0.7865,0.3353,Failing,0
fix_failing_normal,4488,6.6667,0.5465,0.9450,0.4582,0.7878,0.3019,Failing,0
fix_failing_normal,4489,6.6833,0.5354,0.9212,0.4618,0.7889,0.2686,Failing,0
fix_failing_normal,4490,6.7000,0.5241,0.9128,0.4647,0.7899,0.2353,Failing,0
fix_failing_normal,4491,6.7167,0.5126,0.9125,0.4669,0.7909,0.2019,Failing,0
fix_failing_normal,4492,6.7333,0.5011,0.8923,0.4685,0.7918,0.1686,Failing,0
fix_failing_normal,4493,6.7500,0.4896,0.8741,0.4695,0.7925,0.1353,Failing,0
fix_failing_normal,4494,6.7667,0.4780,0.8747,0.4699,0.7931,0.1019,Failing,0
fix_failing_normal,4495,6.7833,0.4664,0.8635,0.4697,0.7937,0.0830,Failing,0
fix_failing_normal,4496,6.8000,0.4549,0.8396,0.4691,0.7941,0.0844,Failing,0
fix_failing_normal,4497,6.8167,0.4435,0.8343,0.4679,0.7944,0.0867,Failing,0
fix_failing_normal,4498,6.8333,0.4322,0.8321,0.4662,0.7947,0.0900,Failing,0
fix_failing_normal,4499,6.8500,0.4211,0.8102,0.4641,0.7949,0.0942,Failing,0
fix_failing_normal,4500,6.8667,0.4101,0.7957,0.4616,0.7949,0.0993,Failing,0
fix_failing_normal,4501,6.8833,0.3994,0.7976,0.4587,0.7949,0.1053,Failing,0
fix_failing_normal,4502,6.9000,0.3889,0.7841,0.4555,0.7936,0.1120,Failing,0
fix_failing_normal,4503,6.9167,0.3788,0.7629,0.4519,0.7923,0.1196,Failing,0
fix_failing_normal,4504,6.9333,0.3689,0.7618,0.4480,0.7910,0.1280,Failing,0
fix_failing_normal,4505,6.9500,0.3594,0.7588,0.4439,0.7897,0.1372,Failing,0
fix_failing_normal,4506,6.9667,0.3502,0.7375,0.4396,0.7884,0.1471,Failing,0
fix_failing_normal,4507,6.9833,0.3415,0.7286,0.4350,0.7871,0.1578,Failing,0
fix_failing_normal,4508,7.0000,0.3332,0.7325,0.4303,0.7858,0.1691,Failing,0
fix_failing_normal,4509,7.0167,0.3253,0.7184,0.4254,0.7845,0.1810,Failing,0
fix_failing_normal,4510,7.0333,0.3179,0.7020,0.4204,0.7832,0.1934,Failing,0
fix_failing_normal,4511,7.0500,0.3110,0.7060,0.4153,0.7820,0.2063,Failing,0
fix_failing_normal,4512,7.0667,0.3046,0.7029,0.4101,0.7807,0.2196,Failing,0
fix_failing_normal,4513,7.0833,0.2987,0.6844,0.4050,0.7794,0.2331,Failing,0
fix_failing_normal,4514,7.1000,0.2933,0.6822,0.3998,0.7781,0.2469,Failing,0
fix_failing_normal,4515,7.1167,0.2885,0.6884,0.3946,0.7769,0.2607,Failing,0
fix_failing_normal,4516,7.1333,0.2843,0.6752,0.3895,0.7756,0.2745,Failing,0
fix_failing_normal,4517,7.1500,0.2806,0.6652,0.3844,0.7744,0.2883,Failing,0
fix_failing_normal,4518,7.1667,0.2775,0.6744,0.3794,0.7731,0.3019,Failing,0
fix_failing_normal,4519,7.1833,0.2750,0.6718,0.3746,0.7719,0.3152,Failing,0
fix_failing_normal,4520,7.2000,0.2731,0.6577,0.3699,0.7707,0.3281,Failing,0
fix_failing_normal,4521,7.2167,0.2717,0.6627,0.3653,0.7694,0.3407,Failing,0
fix_failing_normal,4522,7.2333,0.2710,0.6709,0.3609,0.7682,0.3527,Failing,0
fix_failing_normal,4523,7.2500,0.2708,0.6597,0.3567,0.7670,0.3642,Failing,0
fix_failing_normal,4524,7.2667,0.2712,0.6569,0.3527,0.7657,0.3750,Failing,0
fix_failing_normal,4525,7.2833,0.2721,0.6705,0.3490,0.7645,0.3852,Failing,0
fix_failing_normal,4526,7.3000,0.2737,0.6686,0.3455,0.7633,0.3946,Failing,0
fix_failing_normal,4527,7.3167,0.2757,0.6598,0.3422,0.7621,0.4032,Failing,0
fix_failing_normal,4528,7.3333,0.2783,0.6715,0.3393,0.7609,0.4110,Failing,0
fix_failing_normal,4529,7.3500,0.2815,0.6808,0.3366,0.7597,0.4180,Failing,0
fix_failing_normal,4530,7.3667,0.2851,0.6722,0.3342,0.7585,0.4241,Failing,0
fix_failing_normal,4531,7.3833,0.2893,0.6765,0.3321,0.7573,0.4293,Failing,0
fix_failing_normal,4532,7.4000,0.2939,0.6933,0.3303,0.7561,0.4337,Failing,0
fix_failing_normal,4533,7.4167,0.2989,0.6918,0.3289,0.7549,0.4371,Failing,0
fix_failing_normal,4534,7.4333,0.3044,0.6885,0.3277,0.7537,0.4396,Failing,0
fix_failing_normal,4535,7.4500,0.3103,0.7055,0.3269,0.7525,0.4411,Failing,0
fix_failing_normal,4536,7.4667,0.3166,0.7148,0.3264,0.7514,0.4418,Failing,0
fix_failing_normal,4537,7.4833,0.3233,0.7088,0.3263,0.7502,0.4418,Failing,0
fix_failing_normal,4538,7.5000,0.3303,0.7194,0.3265,0.7490,0.4418,Failing,0
fix_failing_normal,4539,7.5167,0.3376,0.7375,0.3270,0.7478,0.4418,Failing,0
fix_failing_normal,4540,7.5333,0.3452,0.7359,0.3278,0.7467,0.4418,Failing,0
fix_failing_normal,4541,7.5500,0.3530,0.7377,0.3290,0.7455,0.4418,Failing,0
fix_failing_normal,4542,7.5667,0.3611,0.7581,0.3305,0.7456,0.4418,Failing,0
fix_failing_normal,4543,7.5833,0.3694,0.7661,0.3323,0.7458,0.4418,Failing,0
fix_failing_normal,4544,7.6000,0.3779,0.7624,0.3344,0.7459,0.4418,Failing,0
fix_failing_normal,4545,7.6167,0.3865,0.7777,0.3368,0.7462,0.4418,Failing,0
fix_failing_normal,4546,7.6333,0.3952,0.7951,0.3396,0.7466,0.4418,Failing,0
fix_failing_normal,4547,7.6500,0.4040,0.7927,0.3426,0.7470,0.4418,Failing,0
fix_failing_normal,4548,7.6667,0.4129,0.7987,0.3458,0.7474,0.4418,Failing,0
fix_failing_normal,4549,7.6833,0.4218,0.8203,0.3494,0.7480,0.4418,Failing,0
fix_failing_normal,4550,7.7000,0.4308,0.8255,0.3531,0.7487,0.4418,Failing,0
fix_failing_normal,4551,7.7167,0.4397,0.8237,0.3572,0.7493,0.4418,Failing,0
fix_failing_normal,4552,7.7333,0.4485,0.8419,0.3614,0.7501,0.4418,Failing,0
fix_failing_normal,4553,7.7500,0.4573,0.8566,0.3659,0.7509,0.4418,Failing,0
fix_failing_normal,4554,7.7667,0.4660,0.8529,0.3705,0.7518,0.4418,Failing,0
fix_failing_normal,4555,7.7833,0.4746,0.8620,0.3754,0.7527,0.4418,Failing,0
fix_failing_normal,4556,7.8000,0.4830,0.8825,0.3804,0.7538,0.4418,Failing,0
fix_failing_normal,4557,7.8167,0.4912,0.8839,0.3855,0.7549,0.4418,Failing,0
fix_failing_normal,4558,7.8333,0.4993,0.8835,0.3908,0.7559,0.4418,Failing,0
fix_failing_normal,4559,7.8500,0.5072,0.9026,0.3962,0.7571,0.4418,Failing,0
fix_failing_normal,4560,7.8667,0.5148,0.9129,0.4017,0.7584,0.4418,Failing,0
fix_failing_normal,4561,7.8833,0.5222,0.9076,0.4073,0.7597,0.4418,Failing,0
fix_failing_normal,4562,7.9000,0.5293,0.9186,0.4130,0.7610,0.4418,Failing,0
fix_failing_normal,4563,7.9167,0.5361,0.9360,0.4187,0.7624,0.4418,Failing,0
fix_failing_normal,4564,7.9333,0.5426,0.9332,0.4245,0.7639,0.4418,Failing,0
fix_failing_normal,4565,7.9500,0.5488,0.9336,0.4303,0.7653,0.4418,Failing,0
fix_failing_normal,4566,7.9667,0.5547,0.9519,0.4361,0.7668,0.4418,Failing,0
fix_failing_normal,4567,7.9833,0.5603,0.9568,0.4418,0.7684,0.4418,Failing,0
fix_failing_normal,4568,8.0000,0.5655,0.9500,0.4476,0.7699,0.4418,Failing,0
fix_failing_normal,4569,8.0167,0.5704,0.9618,0.4533,0.7715,0.4418,Failing,0
fix_failing_normal,4570,8.0333,0.5749,0.9747,0.4590,0.7732,0.4418,Failing,0
fix_failing_normal,4571,8.0500,0.5790,0.9675,0.4645,0.7748,0.4418,Failing,0
fix_failing_normal,4572,8.0667,0.5828,0.9688,0.4700,0.7764,0.4084,Failing,0
fix_failing_normal,4573,8.0833,0.5862,0.9848,0.4754,0.7781,0.3751,Failing,0
fix_failing_normal,4574,8.1000,0.5892,0.9838,0.4807,0.7798,0.3418,Failing,0
fix_failing_normal,4575,8.1167,0.5918,0.9759,0.4859,0.7815,0.3084,Failing,0
fix_failing_normal,4576,8.1333,0.5941,0.9877,0.4909,0.7832,0.2751,Failing,0
fix_failing_normal,4577,8.1500,0.5960,0.9951,0.4958,0.7849,0.2418,Failing,0
fix_failing_normal,4578,8.1667,0.5975,0.9842,0.5005,0.7866,0.2084,Failing,0
fix_failing_normal,4579,8.1833,0.5987,0.9863,0.5051,0.7882,0.1751,Failing,0
fix_failing_normal,4580,8.2000,0.5995,0.9990,0.5095,0.7900,0.1418,Failing,0
fix_failing_normal,4581,8.2167,0.5999,0.9924,0.5137,0.7917,0.1084,Failing,0
fix_failing_normal,4582,8.2333,0.6000,0.9842,0.5177,0.7933,0.0751,Failing,0
fix_failing_normal,4583,8.2500,0.5997,0.9953,0.5215,0.7949,0.0418,Failing,0
fix_failing_normal,4584,8.2667,0.5991,0.9971,0.5251,0.7966,0.0089,Failing,0
fix_failing_normal,4585,8.2833,0.5982,0.9835,0.5285,0.7982,0.0067,Failing,0
fix_failing_normal,4586,8.3000,0.5969,0.9865,0.5317,0.7997,0.0049,Failing,0
fix_failing_normal,4587,8.3167,0.5954,0.9954,0.5347,0.8014,0.0034,Failing,0
fix_failing_normal,4588,8.3333,0.5936,0.9839,0.5374,0.8029,0.0023,Failing,0
fix_failing_normal,4589,8.3500,0.5914,0.9763,0.5399,0.8043,0.0015,Failing,0
fix_failing_normal,4590,8.3667,0.5890,0.9864,0.5422,0.8058,0.0009,Failing,0
fix_failing_normal,4591,8.3833,0.5864,0.9827,0.5443,0.8073,0.0005,Failing,0
fix_failing_normal,4592,8.4000,0.5835,0.9679,0.5461,0.8086,0.0002,Failing,0
fix_failing_normal,4593,8.4167,0.5803,0.9720,0.5477,0.8100,0.0001,Failing,0
fix_failing_normal,4594,8.4333,0.5770,0.9768,0.5490,0.8114,0.0000,Failing,0
fix_failing_normal,4595,8.4500,0.5734,0.9617,0.5502,0.8126,0.0000,Failing,0
fix_failing_normal,4596,8.4667,0.5697,0.9558,0.5511,0.8138,0.0000,Failing,0
fix_failing_normal,4597,8.4833,0.5657,0.9645,0.5518,0.8151,0.0000,Failing,0
fix_failing_normal,4598,8.5000,0.5616,0.9560,0.5522,0.8162,0.0000,Failing,0
fix_failing_normal,4599,8.5167,0.5574,0.9414,0.5525,0.8173,0.0000,Failing,0
fix_failing_normal,4600,8.5333,0.5530,0.9468,0.5525,0.8183,0.0000,Failing,0
fix_failing_normal,4601,8.5500,0.5485,0.9475,0.5523,0.8194,0.0000,Failing,0
fix_failing_normal,4602,8.5667,0.5438,0.9304,0.5519,0.8203,0.0000,Failing,0
fix_failing_normal,4603,8.5833,0.5391,0.9269,0.5513,0.8212,0.0000,Failing,0
fix_failing_normal,4604,8.6000,0.5343,0.9339,0.5505,0.8221,0.0000,Failing,0
fix_failing_normal,4605,8.6167,0.5294,0.9217,0.5495,0.8230,0.0000,Failing,0
fix_failing_normal,4606,8.6333,0.5245,0.9087,0.5484,0.8237,0.0000,Failing,0
fix_failing_normal,4607,8.6500,0.5195,0.9152,0.5470,0.8244,0.0001,Failing,0
fix_failing_normal,4608,8.6667,0.5144,0.9122,0.5455,0.8252,0.0003,Failing,0
fix_failing_normal,4609,8.6833,0.5094,0.8946,0.5438,0.8257,0.0006,Failing,0
fix_failing_normal,4610,8.7000,0.5043,0.8940,0.5420,0.8263,0.0010,Failing,0
fix_failing_normal,4611,8.7167,0.4992,0.8992,0.5400,0.8269,0.0015,Failing,0
fix_failing_normal,4612,8.7333,0.4942,0.8843,0.5379,0.8274,0.0022,Failing,0
fix_failing_normal,4613,8.7500,0.4891,0.8741,0.5356,0.8278,0.0031,Failing,0
fix_failing_normal,4614,8.7667,0.4841,0.8816,0.5332,0.8282,0.0043,Failing,0
fix_failing_normal,4615,8.7833,0.4792,0.8753,0.5307,0.8286,0.0056,Failing,0
fix_failing_normal,4616,8.8000,0.4742,0.8586,0.5281,0.8289,0.0072,Failing,0
fix_failing_normal,4617,8.8167,0.4694,0.8612,0.5253,0.8291,0.0091,Failing,0
fix_failing_normal,4618,8.8333,0.4646,0.8643,0.5225,0.8294,0.0112,Failing,0
fix_failing_normal,4619,8.8500,0.4598,0.8480,0.5196,0.8296,0.0136,Failing,0
fix_failing_normal,4620,8.8667,0.4552,0.8415,0.5166,0.8297,0.0164,Failing,0
fix_failing_normal,4621,8.8833,0.4506,0.8495,0.5135,0.8298,0.0194,Failing,0
fix_failing_normal,4622,8.9000,0.4462,0.8403,0.5104,0.8299,0.0228,Failing,0
fix_failing_normal,4623,8.9167,0.4418,0.8258,0.5072,0.8285,0.0264,Failing,0
fix_failing_normal,4624,8.9333,0.4376,0.8315,0.5040,0.8285,0.0304,Failing,0
fix_failing_normal,4625,8.9500,0.4334,0.8324,0.5007,0.8286,0.0347,Failing,0
fix_failing_normal,4626,8.9667,0.4294,0.8158,0.4974,0.8271,0.0392,Failing,0
fix_failing_normal,4627,8.9833,0.4255,0.8135,0.4940,0.8257,0.0440,Failing,0
fix_failing_normal,4628,9.0000,0.4218,0.8215,0.4907,0.8243,0.0490,Failing,0
fix_failing_normal,4629,9.0167,0.4182,0.8102,0.4873,0.8229,0.0543,Failing,0
fix_failing_normal,4630,9.0333,0.4147,0.7990,0.4839,0.8215,0.0598,Failing,0
fix_failing_normal,4631,9.0500,0.4114,0.8074,0.4806,0.8201,0.0656,Failing,0
fix_failing_normal,4632,9.0667,0.4082,0.8059,0.4772,0.8187,0.0715,Failing,0
fix_failing_normal,4633,9.0833,0.4052,0.7903,0.4738,0.8173,0.0776,Failing,0
fix_failing_normal,4634,9.1000,0.4024,0.7924,0.4705,0.8159,0.0838,Failing,0
fix_failing_normal,4635,9.1167,0.3997,0.7997,0.4672,0.8145,0.0902,Failing,0
fix_failing_normal,4636,9.1333,0.3973,0.7872,0.4640,0.8131,0.0966,Failing,0
fix_failing_normal,4637,9.1500,0.3949,0.7801,0.4608,0.8117,0.1032,Failing,0
fix_failing_normal,4638,9.1667,0.3928,0.7905,0.4576,0.8104,0.1097,Failing,0
fix_failing_normal,4639,9.1833,0.3909,0.7868,0.4545,0.8090,0.1163,Failing,0
fix_failing_normal,4640,9.2000,0.3891,0.7734,0.4515,0.8076,0.1229,Failing,0
fix_failing_normal,4641,9.2167,0.3876,0.7796,0.4485,0.8063,0.1294,Failing,0
fix_failing_normal,4642,9.2333,0.3862,0.7859,0.4456,0.8049,0.1359,Failing,0
fix_failing_normal,4643,9.2500,0.3851,0.7730,0.4428,0.8036,0.1423,Failing,0
fix_failing_normal,4644,9.2667,0.3841,0.7705,0.4401,0.8022,0.1485,Failing,0
fix_failing_normal,4645,9.2833,0.3834,0.7823,0.4374,0.8009,0.1546,Failing,0
fix_failing_normal,4646,9.3000,0.3829,0.7768,0.4349,0.7996,0.1606,Failing,0
fix_failing_normal,4647,9.3167,0.3825,0.7666,0.4324,0.7982,0.1663,Failing,0
fix_failing_normal,4648,9.3333,0.3825,0.7766,0.4301,0.7969,0.1718,Failing,0
fix_failing_normal,4649,9.3500,0.3826,0.7814,0.4279,0.7956,0.1771,Failing,0
fix_failing_normal,4650,9.3667,0.3829,0.7692,0.4258,0.7943,0.1821,Failing,0
fix_failing_normal,4651,9.3833,0.3835,0.7717,0.4239,0.7930,0.1869,Failing,0
fix_failing_normal,4652,9.4000,0.3843,0.7841,0.4220,0.7917,0.1913,Failing,0
fix_failing_normal,4653,9.4167,0.3854,0.7772,0.4203,0.7904,0.1954,Failing,0
fix_failing_normal,4654,9.4333,0.3867,0.7710,0.4187,0.7891,0.1991,Failing,0
fix_failing_normal,4655,9.4500,0.3882,0.7843,0.4173,0.7878,0.2025,Failing,0
fix_failing_normal,4656,9.4667,0.3899,0.7874,0.4161,0.7865,0.2055,Failing,0
fix_failing_normal,4657,9.4833,0.3919,0.7769,0.4149,0.7852,0.2081,Failing,0
fix_failing_normal,4658,9.5000,0.3941,0.7843,0.4140,0.7839,0.2103,Failing,0
fix_failing_normal,4659,9.5167,0.3966,0.7966,0.4132,0.7840,0.2125,Failing,0
fix_failing_normal,4660,9.5333,0.3993,0.7890,0.4125,0.7840,0.2142,Failing,0
fix_failing_normal,4661,9.5500,0.4022,0.7874,0.4120,0.7841,0.2155,Failing,0
fix_failing_normal,4662,9.5667,0.4054,0.8032,0.4117,0.7842,0.2164,Failing,0
fix_failing_normal,4663,9.5833,0.4087,0.8045,0.4116,0.7844,0.2168,Failing,0
fix_failing_normal,4664,9.6000,0.4123,0.7966,0.4116,0.7845,0.2168,Failing,0
fix_failing_normal,4665,9.6167,0.4162,0.8085,0.4118,0.7847,0.2168,Failing,0
fix_failing_normal,4666,9.6333,0.4202,0.8198,0.4122,0.7850,0.2168,Failing,0
fix_failing_normal,4667,9.6500,0.4245,0.8122,0.4128,0.7852,0.2168,Failing,0
fix_failing_normal,4668,9.6667,0.4289,0.8155,0.4135,0.7855,0.2168,Failing,0
fix_failing_normal,4669,9.6833,0.4336,0.8327,0.4145,0.7859,0.2168,Failing,0
fix_failing_normal,4670,9.7000,0.4385,0.8322,0.4156,0.7862,0.2168,Failing,0
fix_failing_normal,4671,9.7167,0.4435,0.8276,0.4169,0.7866,0.2168,Failing,0
fix_failing_normal,4672,9.7333,0.4487,0.8431,0.4184,0.7871,0.2168,Failing,0
fix_failing_normal,4673,9.7500,0.4541,0.8529,0.4200,0.7876,0.2168,Failing,0
fix_failing_normal,4674,9.7667,0.4597,0.8458,0.4219,0.7881,0.2168,Failing,0
fix_failing_normal,4675,9.7833,0.4654,0.8537,0.4239,0.7886,0.2168,Failing,0
fix_failing_normal,4676,9.8000,0.4712,0.8710,0.4261,0.7893,0.2168,Failing,0
fix_failing_normal,4677,9.8167,0.4772,0.8688,0.4285,0.7900,0.2168,Failing,0
fix_failing_normal,4678,9.8333,0.4833,0.8677,0.4310,0.7906,0.2168,Failing,0
fix_failing_normal,4679,9.8500,0.4894,0.8858,0.4337,0.7914,0.2168,Failing,0
fix_failing_normal,4680,9.8667,0.4957,0.8930,0.4366,0.7923,0.2168,Failing,0
fix_failing_normal,4681,9.8833,0.5020,0.8869,0.4397,0.7930,0.2168,Failing,0
fix_failing_normal,4682,9.9000,0.5084,0.8987,0.4429,0.7939,0.2168,Failing,0
fix_failing_normal,4683,9.9167,0.5148,0.9147,0.4462,0.7949,0.2168,Failing,0
fix_failing_normal,4684,9.9333,0.5212,0.9107,0.4497,0.7959,0.2168,Failing,0
fix_failing_normal,4685,9.9500,0.5276,0.9130,0.4533,0.7969,0.2168,Failing,0
fix_failing_normal,4686,9.9667,0.5340,0.9320,0.4571,0.7980,0.2168,Failing,0
fix_failing_normal,4687,9.9833,0.5404,0.9360,0.4609,0.7991,0.2168,Failing,0
fix_failing_normal,4688,10.0000,0.5467,0.9309,0.4649,0.8002,0.2168,Failing,0
fix_failing_normal,4689,10.0167,0.5530,0.9455,0.4690,0.8014,0.2168,Failing,0
fix_failing_normal,4690,10.0333,0.5592,0.9587,0.4732,0.8027,0.2168,Failing,0
fix_failing_normal,4691,10.0500,0.5652,0.9528,0.4775,0.8040,0.2168,Failing,0
fix_failing_normal,4692,10.0667,0.5711,0.9579,0.4819,0.8052,0.2168,Failing,0
fix_failing_normal,4693,10.0833,0.5769,0.9760,0.4863,0.8067,0.2168,Failing,0
fix_failing_normal,4694,10.1000,0.5825,0.9760,0.4907,0.8081,0.2168,Failing,0
fix_failing_normal,4695,10.1167,0.5879,0.9719,0.4953,0.8094,0.2168,Failing,0
fix_failing_normal,4696,10.1333,0.5930,0.9877,0.4998,0.8109,0.2168,Failing,0
fix_failing_normal,4697,10.1500,0.5980,0.9966,0.5044,0.8124,0.2168,Failing,0
fix_failing_normal,4698,10.1667,0.6027,0.9887,0.5089,0.8139,0.2168,Failing,0
fix_failing_normal,4699,10.1833,0.6071,0.9957,0.5135,0.8154,0.1834,Failing,0
fix_failing_normal,4700,10.2000,0.6113,1.0000,0.5181,0.8170,0.1501,Failing,0
fix_failing_normal,4701,10.2167,0.6151,1.0000,0.5226,0.8185,0.1168,Failing,0
fix_failing_normal,4702,10.2333,0.6186,1.0000,0.5270,0.8200,0.0834,Failing,0
fix_failing_normal,4703,10.2500,0.6218,1.0000,0.5314,0.8215,0.0501,Failing,0
fix_failing_normal,4704,10.2667,0.6246,1.0000,0.5358,0.8230,0.0168,Failing,0
fix_failing_normal,4705,10.2833,0.6270,1.0000,0.5400,0.8244,0.0015,Failing,0
fix_failing_normal,4706,10.3000,0.6291,1.0000,0.5442,0.8259,0.0005,Failing,0
fix_failing_normal,4707,10.3167,0.6307,1.0000,0.5482,0.8273,0.0001,Failing,0
fix_failing_normal,4708,10.3333,0.6320,1.0000,0.5521,0.8288,0.0000,Failing,0
fix_failing_normal,4709,10.3500,0.6328,1.0000,0.5558,0.8302,0.0000,Failing,0
fix_failing_normal,4710,10.3667,0.6332,1.0000,0.5594,0.8316,0.0000,Failing,0
fix_failing_normal,4711,10.3833,0.6331,1.0000,0.5629,0.8330,0.0000,Failing,0
fix_failing_normal,4712,10.4000,0.6325,1.0000,0.5661,0.8344,0.0000,Failing,0
fix_failing_normal,4713,10.4167,0.6316,1.0000,0.5691,0.8357,0.0000,Failing,0
fix_failing_normal,4714,10.4333,0.6301,1.0000,0.5720,0.8371,0.0000,Failing,0
fix_failing_normal,4715,10.4500,0.6282,1.0000,0.5746,0.8385,0.0000,Failing,0
fix_failing_normal,4716,10.4667,0.6258,1.0000,0.5770,0.8398,0.0000,Failing,0
fix_failing_normal,4717,10.4833,0.6229,1.0000,0.5791,0.8411,0.0000,Failing,0
fix_failing_normal,4718,10.5000,0.6196,1.0000,0.5810,0.8424,0.0000,Failing,0
fix_failing_normal,4719,10.5167,0.6158,0.9998,0.5826,0.8438,0.0000,Failing,0
fix_failing_normal,4720,10.5333,0.6115,1.0000,0.5839,0.8451,0.0000,Failing,0
fix_failing_normal,4721,10.5500,0.6067,1.0000,0.5850,0.8463,0.0000,Failing,0
fix_failing_normal,4722,10.5667,0.6016,0.9874,0.5858,0.8475,0.0000,Failing,0
fix_failing_normal,4723,10.5833,0.5959,0.9847,0.5863,0.8486,0.0000,Failing,0
fix_failing_normal,4724,10.6000,0.5899,0.9897,0.5864,0.8498,0.0000,Failing,0
fix_failing_normal,4725,10.6167,0.5834,0.9746,0.5863,0.8509,0.0000,Failing,0
fix_failing_normal,4726,10.6333,0.5765,0.9611,0.5858,0.8518,0.0000,Failing,0
fix_failing_normal,4727,10.6500,0.5692,0.9659,0.5851,0.8527,0.0000,Failing,0
fix_failing_normal,4728,10.6667,0.5616,0.9586,0.5840,0.8536,0.0000,Failing,0
fix_failing_normal,4729,10.6833,0.5536,0.9383,0.5825,0.8543,0.0000,Failing,0
fix_failing_normal,4730,10.7000,0.5452,0.9360,0.5808,0.8550,0.0000,Failing,0
fix_failing_normal,4731,10.7167,0.5366,0.9365,0.5788,0.8557,0.0000,Failing,0
fix_failing_normal,4732,10.7333,0.5276,0.9167,0.5764,0.8562,0.0000,Failing,0
fix_failing_normal,4733,10.7500,0.5184,0.9040,0.5737,0.8566,0.0000,Failing,0
fix_failing_normal,4734,10.7667,0.5089,0.9072,0.5707,0.8570,0.0000,Failing,0
fix_failing_normal,4735,10.7833,0.4992,0.8944,0.5673,0.8573,0.0000,Failing,0
fix_failing_normal,4736,10.8000,0.4894,0.8735,0.5637,0.8574,0.0000,Failing,0
fix_failing_normal,4737,10.8167,0.0240,0.4169,0.5386,0.8559,0.0020,Failing,0
fix_failing_normal,4738,10.8333,0.0235,0.4229,0.5147,0.8544,0.0188,Failing,0
fix_failing_normal,4739,10.8500,0.0229,0.4102,0.4918,0.8528,0.0489,Failing,0
fix_failing_normal,4740,10.8667,0.0224,0.4095,0.4700,0.8513,0.0823,Failing,0
fix_failing_normal,4741,10.8833,0.0219,0.4213,0.4491,0.8498,0.1156,Failing,0
fix_failing_normal,4742,10.9000,0.0214,0.4145,0.4292,0.8483,0.1489,Failing,0
fix_failing_normal,4743,10.9167,0.0209,0.4050,0.4103,0.8468,0.1823,Failing,0
fix_failing_normal,4744,10.9333,0.0204,0.4154,0.3921,0.8453,0.2156,Failing,0
fix_failing_normal,4745,10.9500,0.0198,0.4182,0.3748,0.8439,0.2489,Failing,0
fix_failing_normal,4746,10.9667,0.0193,0.4050,0.3583,0.8424,0.2823,Failing,0
fix_failing_normal,4747,10.9833,0.0188,0.4078,0.3425,0.8409,0.3156,Failing,0
fix_failing_normal,4748,11.0000,0.0183,0.4183,0.3274,0.8394,0.3489,Failing,0
fix_failing_normal,4749,11.0167,0.0179,0.4088,0.3130,0.8380,0.3823,Failing,0
fix_failing_normal,4750,11.0333,0.0174,0.4020,0.2993,0.8365,0.4156,Failing,0
fix_failing_normal,4751,11.0500,0.0170,0.4138,0.2861,0.8350,0.4489,Failing,0
fix_failing_normal,4752,11.0667,0.0165,0.4134,0.2736,0.8336,0.4823,Failing,0
fix_failing_normal,4753,11.0833,0.0161,0.4007,0.2616,0.8321,0.5156,Failing,0
fix_failing_normal,4754,11.1000,0.0157,0.4067,0.2502,0.8307,0.5489,Failing,0
fix_failing_normal,4755,11.1167,0.0153,0.4152,0.2393,0.8293,0.5823,Failing,0
fix_failing_normal,4756,11.1333,0.0150,0.4038,0.2288,0.8278,0.6156,Failing,0
fix_failing_normal,4757,11.1500,0.0146,0.4003,0.2189,0.8264,0.6489,Failing,0
fix_failing_normal,4758,11.1667,0.0143,0.4127,0.2094,0.8250,0.6823,Failing,0
fix_failing_normal,4759,11.1833,0.0140,0.4090,0.2003,0.8236,0.7156,Failing,0
fix_failing_normal,4760,11.2000,0.0138,0.3978,0.1916,0.8222,0.7489,Failing,0
fix_failing_normal,4761,11.2167,0.0135,0.4067,0.1833,0.8208,0.7823,Failing,0
fix_failing_normal,4762,11.2333,0.0133,0.4126,0.1754,0.8194,0.8099,Failing,0
fix_failing_normal,4763,11.2500,0.0131,0.4002,0.1679,0.8180,0.8132,Failing,0
fix_failing_normal,4764,11.2667,0.0130,0.4002,0.1607,0.8166,0.8149,Failing,0
fix_failing_normal,4765,11.2833,0.0128,0.4123,0.1538,0.8152,0.8150,Failing,0
fix_failing_normal,4766,11.3000,0.0128,0.4056,0.1472,0.8138,0.8150,Failing,0
fix_failing_normal,4767,11.3167,0.0127,0.3968,0.1410,0.8124,0.8150,Failing,0
fix_failing_normal,4768,11.3333,0.0127,0.4079,0.1350,0.8111,0.8150,Failing,0
fix_failing_normal,4769,11.3500,0.0127,0.4109,0.1293,0.8097,0.8150,Failing,0
fix_failing_normal,4770,11.3667,0.0127,0.3982,0.1239,0.8083,0.8150,Failing,0
fix_failing_normal,4771,11.3833,0.0127,0.4019,0.1187,0.8070,0.8150,Failing,0
fix_failing_normal,4772,11.4000,0.0128,0.4128,0.1138,0.8056,0.8150,Failing,0
fix_failing_normal,4773,11.4167,0.0130,0.4037,0.1091,0.8043,0.8150,Failing,0
fix_failing_normal,4774,11.4333,0.0131,0.3978,0.1047,0.8029,0.8150,Failing,0
fix_failing_normal,4775,11.4500,0.0133,0.4103,0.1004,0.8016,0.8150,Failing,0
fix_failing_normal,4776,11.4667,0.0135,0.4102,0.0964,0.8002,0.8150,Failing,0
fix_failing_normal,4777,11.4833,0.0138,0.3983,0.0925,0.7989,0.8150,Failing,0
fix_failing_normal,4778,11.5000,0.0140,0.4053,0.0889,0.7976,0.8150,Failing,0
fix_failing_normal,4779,11.5167,0.0143,0.4142,0.0854,0.7963,0.8150,Failing,0
fix_failing_normal,4780,11.5333,0.0147,0.4034,0.0821,0.7949,0.8150,Failing,0
fix_failing_normal,4781,11.5500,0.0150,0.4009,0.0790,0.7936,0.8150,Failing,0
fix_failing_normal,4782,11.5667,0.0154,0.4139,0.0760,0.7923,0.8150,Failing,0
fix_failing_normal,4783,11.5833,0.0158,0.4106,0.0732,0.7910,0.8150,Failing,0
fix_failing_normal,4784,11.6000,0.0162,0.4003,0.0706,0.7897,0.8150,Failing,0
fix_failing_normal,4785,11.6167,0.0167,0.4100,0.0681,0.7884,0.8150,Failing,0
fix_failing_normal,4786,11.6333,0.3423,0.7415,0.0808,0.7871,0.8150,Failing,0
fix_failing_normal,4787,11.6500,0.3519,0.7388,0.0934,0.7858,0.8150,Failing,0
fix_failing_normal,4788,11.6667,0.3619,0.7493,0.1059,0.7845,0.8150,Failing,0
fix_failing_normal,4789,11.6833,0.3721,0.7716,0.1183,0.7833,0.8150,Failing,0
fix_failing_normal,4790,11.7000,0.3826,0.7753,0.1306,0.7820,0.8150,Failing,0
fix_failing_normal,4791,11.7167,0.3934,0.7775,0.1428,0.7807,0.8150,Failing,0
fix_failing_normal,4792,11.7333,0.4044,0.7998,0.1550,0.7809,0.8150,Failing,0
fix_failing_normal,4793,11.7500,0.4155,0.8136,0.1671,0.7811,0.8150,Failing,0
fix_failing_normal,4794,11.7667,0.4268,0.8122,0.1792,0.7814,0.8150,Failing,0
fix_failing_normal,4795,11.7833,0.4381,0.8275,0.1912,0.7818,0.8150,Failing,0
fix_failing_normal,4796,11.8000,0.4496,0.8495,0.2032,0.7823,0.8150,Failing,0
fix_failing_normal,4797,11.8167,0.4610,0.8516,0.2152,0.7829,0.8150,Failing,0
fix_failing_normal,4798,11.8333,0.4725,0.8573,0.2272,0.7835,0.8150,Failing,0
fix_failing_normal,4799,11.8500,0.4839,0.8811,0.2391,0.7843,0.8150,Failing,0
fix_failing_normal,4800,11.8667,0.4953,0.8917,0.2510,0.7852,0.8150,Failing,0
fix_failing_normal,4801,11.8833,0.5065,0.8909,0.2629,0.7861,0.7816,Failing,0
fix_failing_normal,4802,11.9000,0.5176,0.9090,0.2747,0.7871,0.7483,Failing,0
fix_failing_normal,4803,11.9167,0.5285,0.9283,0.2865,0.7883,0.7150,Failing,0
fix_failing_normal,4804,11.9333,0.5392,0.9277,0.2983,0.7895,0.6816,Failing,0
fix_failing_normal,4805,11.9500,0.5496,0.9356,0.3100,0.7907,0.6483,Failing,0
fix_failing_normal,4806,11.9667,0.5598,0.9585,0.3216,0.7921,0.6150,Failing,0
fix_failing_normal,4807,11.9833,0.5697,0.9643,0.3331,0.7935,0.5816,Failing,0
fix_failing_normal,4808,12.0000,0.5793,0.9633,0.3446,0.7949,0.5483,Failing,0
fix_failing_normal,4809,12.0167,0.5885,0.9820,0.3559,0.7965,0.5150,Failing,0
fix_failing_normal,4810,12.0333,0.5973,0.9964,0.3672,0.7981,0.4816,Failing,0
fix_failing_normal,4811,12.0500,0.6057,0.9924,0.3782,0.7997,0.4483,Failing,0
fix_failing_normal,4812,12.0667,0.6137,1.0000,0.3892,0.8014,0.4150,Failing,0
fix_failing_normal,4813,12.0833,0.6212,1.0000,0.4000,0.8030,0.3816,Failing,0
fix_failing_normal,4814,12.1000,0.6282,1.0000,0.4106,0.8047,0.3483,Failing,0
fix_failing_normal,4815,12.1167,0.6348,1.0000,0.4210,0.8063,0.3150,Failing,0
fix_failing_normal,4816,12.1333,0.6409,1.0000,0.4312,0.8079,0.2816,Failing,0
fix_failing_normal,4817,12.1500,0.6464,1.0000,0.4412,0.8095,0.2483,Failing,0
fix_failing_normal,4818,12.1667,0.6514,1.0000,0.4510,0.8111,0.2150,Failing,0
fix_failing_normal,4819,12.1833,0.6559,1.0000,0.4605,0.8126,0.1816,Failing,0
fix_failing_normal,4820,12.2000,0.6598,1.0000,0.4698,0.8142,0.1483,Failing,0
fix_failing_normal,4821,12.2167,0.6631,1.0000,0.4788,0.8157,0.1150,Failing,0
fix_failing_normal,4822,12.2333,0.6659,1.0000,0.4875,0.8173,0.0816,Failing,0
fix_failing_normal,4823,12.2500,0.6682,1.0000,0.4959,0.8188,0.0483,Failing,0
fix_failing_normal,4824,12.2667,0.6698,1.0000,0.5040,0.8203,0.0301,Failing,0
fix_failing_normal,4825,12.2833,0.6709,1.0000,0.5118,0.8218,0.0211,Failing,0
fix_failing_normal,4826,12.3000,0.6714,1.0000,0.5192,0.8233,0.0139,Failing,0
fix_failing_normal,4827,12.3167,0.6714,1.0000,0.5263,0.8247,0.0084,Failing,0
fix_failing_normal,4828,12.3333,0.6708,1.0000,0.5330,0.8262,0.0044,Failing,0
fix_failing_normal,4829,12.3500,0.6697,1.0000,0.5393,0.8276,0.0017,Failing,0
fix_failing_normal,4830,12.3667,0.6681,1.0000,0.5453,0.8291,0.0003,Failing,0
fix_failing_normal,4831,12.3833,0.6659,1.0000,0.5509,0.8305,0.0000,Failing,0
fix_failing_normal,4832,12.4000,0.6632,1.0000,0.5562,0.8319,0.0000,Failing,0
fix_failing_normal,4833,12.4167,0.6600,1.0000,0.5610,0.8333,0.0000,Failing,0
fix_failing_normal,4834,12.4333,0.6563,1.0000,0.5654,0.8347,0.0000,Failing,0
fix_failing_normal,4835,12.4500,0.6522,1.0000,0.5695,0.8360,0.0000,Failing,0
fix_failing_normal,4836,12.4667,0.6477,1.0000,0.5731,0.8374,0.0000,Failing,0
fix_failing_normal,4837,12.4833,0.6427,1.0000,0.5763,0.8387,0.0000,Failing,0
fix_failing_normal,4838,12.5000,0.6373,1.0000,0.5792,0.8401,0.0000,Failing,0
fix_failing_normal,4839,12.5167,0.6315,1.0000,0.5816,0.8414,0.0000,Failing,0
fix_failing_normal,4840,12.5333,0.6254,1.0000,0.5836,0.8427,0.0000,Failing,0
fix_failing_normal,4841,12.5500,0.6189,1.0000,0.5853,0.8440,0.0000,Failing,0
fix_failing_normal,4842,12.5667,0.6121,0.9973,0.5865,0.8453,0.0000,Failing,0
fix_failing_normal,4843,12.5833,0.6051,0.9948,0.5874,0.8465,0.0000,Failing,0
fix_failing_normal,4844,12.6000,0.5978,0.9977,0.5879,0.8478,0.0000,Failing,0
fix_failing_normal,4845,12.6167,0.5902,0.9803,0.5880,0.8489,0.0000,Failing,0
fix_failing_normal,4846,12.6333,0.5825,0.9675,0.5877,0.8499,0.0000,Failing,0
fix_failing_normal,4847,12.6500,0.5745,0.9721,0.5871,0.8509,0.0000,Failing,0
fix_failing_normal,4848,12.6667,0.5665,0.9626,0.5861,0.8518,0.0000,Failing,0
fix_failing_normal,4849,12.6833,0.5583,0.9426,0.5849,0.8526,0.0000,Failing,0
fix_failing_normal,4850,12.7000,0.5500,0.9418,0.5832,0.8533,0.0000,Failing,0
fix_failing_normal,4851,12.7167,0.5416,0.9413,0.5813,0.8540,0.0000,Failing,0
fix_failing_normal,4852,12.7333,0.5332,0.9213,0.5791,0.8546,0.0000,Failing,0
fix_failing_normal,4853,12.7500,0.5247,0.9110,0.5765,0.8551,0.0000,Failing,0
fix_failing_normal,4854,12.7667,0.5163,0.9152,0.5737,0.8556,0.0000,Failing,0
fix_failing_normal,4855,12.7833,0.5079,0.9020,0.5707,0.8560,0.0000,Failing,0
fix_failing_normal,4856,12.8000,0.4995,0.8836,0.5674,0.8562,0.0000,Failing,0
fix_failing_normal,4857,12.8167,0.4913,0.8853,0.5638,0.8564,0.0000,Failing,0
fix_failing_normal,4858,12.8333,0.4831,0.8821,0.5601,0.8566,0.0000,Failing,0
fix_failing_normal,4859,12.8500,0.4751,0.8615,0.5561,0.8567,0.0000,Failing,0
fix_failing_normal,4860,12.8667,0.4672,0.8552,0.5520,0.8552,0.0000,Failing,0
fix_failing_normal,4861,12.8833,0.4595,0.8592,0.5477,0.8552,0.0001,Failing,0
fix_failing_normal,4862,12.9000,0.4520,0.8440,0.5432,0.8537,0.0007,Failing,0
fix_failing_normal,4863,12.9167,0.4446,0.8289,0.5386,0.8522,0.0020,Failing,0
fix_failing_normal,4864,12.9333,0.4375,0.8335,0.5339,0.8506,0.0040,Failing,0
fix_failing_normal,4865,12.9500,0.4307,0.8283,0.5291,0.8491,0.0067,Failing,0
fix_failing_normal,4866,12.9667,0.4241,0.8091,0.5242,0.8476,0.0101,Failing,0
fix_failing_normal,4867,12.9833,0.4177,0.8077,0.5193,0.8461,0.0142,Failing,0
fix_failing_normal,4868,13.0000,0.4117,0.8116,0.5143,0.8447,0.0190,Failing,0
fix_failing_normal,4869,13.0167,0.4059,0.7958,0.5092,0.8432,0.0245,Failing,0
fix_failing_normal,4870,13.0333,0.4004,0.7856,0.5042,0.8417,0.0306,Failing,0
fix_failing_normal,4871,13.0500,0.3953,0.7930,0.4991,0.8402,0.0373,Failing,0
fix_failing_normal,4872,13.0667,0.3905,0.7864,0.4941,0.8388,0.0446,Failing,0
fix_failing_normal,4873,13.0833,0.3860,0.7703,0.4890,0.8373,0.0524,Failing,0
fix_failing_normal,4874,13.1000,0.3818,0.7739,0.4841,0.8358,0.0607,Failing,0
fix_failing_normal,4875,13.1167,0.3780,0.7777,0.4791,0.8344,0.0693,Failing,0
fix_failing_normal,4876,13.1333,0.3745,0.7625,0.4743,0.8329,0.0783,Failing,0
fix_failing_normal,4877,13.1500,0.3714,0.7578,0.4695,0.8315,0.0875,Failing,0
fix_failing_normal,4878,13.1667,0.3686,0.7676,0.4648,0.8300,0.0970,Failing,0
fix_failing_normal,4879,13.1833,0.3662,0.7601,0.4602,0.8286,0.1065,Failing,0
fix_failing_normal,4880,13.2000,0.3641,0.7481,0.4557,0.8272,0.1162,Failing,0
fix_failing_normal,4881,13.2167,0.3624,0.7566,0.4514,0.8258,0.1258,Failing,0
fix_failing_normal,4882,13.2333,0.3610,0.7598,0.4472,0.8243,0.1354,Failing,0
fix_failing_normal,4883,13.2500,0.3599,0.7461,0.4431,0.8229,0.1448,Failing,0
fix_failing_normal,4884,13.2667,0.3592,0.7473,0.4392,0.8215,0.1541,Failing,0
fix_failing_normal,4885,13.2833,0.3587,0.7585,0.4355,0.8201,0.1632,Failing,0
fix_failing_normal,4886,13.3000,0.3587,0.7505,0.4319,0.8187,0.1719,Failing,0
fix_failing_normal,4887,13.3167,0.3589,0.7432,0.4285,0.8173,0.1804,Failing,0
fix_failing_normal,4888,13.3333,0.3594,0.7556,0.4253,0.8159,0.1885,Failing,0
fix_failing_normal,4889,13.3500,0.3603,0.7577,0.4223,0.8146,0.1961,Failing,0
fix_failing_normal,4890,13.3667,0.3614,0.7464,0.4194,0.8132,0.2033,Failing,0
fix_failing_normal,4891,13.3833,0.3628,0.7530,0.4168,0.8118,0.2101,Failing,0
fix_failing_normal,4892,13.4000,0.3645,0.7644,0.4144,0.8104,0.2163,Failing,0
fix_failing_normal,4893,13.4167,0.3664,0.7561,0.4121,0.8091,0.2221,Failing,0
fix_failing_normal,4894,13.4333,0.3686,0.7538,0.4101,0.8077,0.2272,Failing,0
fix_failing_normal,4895,13.4500,0.3710,0.7688,0.4083,0.8063,0.2319,Failing,0
fix_failing_normal,4896,13.4667,0.3737,0.7694,0.4067,0.8050,0.2360,Failing,0
fix_failing_normal,4897,13.4833,0.3765,0.7608,0.4053,0.8036,0.2395,Failing,0
fix_failing_normal,4898,13.5000,0.3796,0.7719,0.4041,0.8023,0.2424,Failing,0
fix_failing_normal,4899,13.5167,0.3829,0.7825,0.4031,0.8010,0.2447,Failing,0
fix_failing_normal,4900,13.5333,0.3863,0.7741,0.4023,0.7996,0.2465,Failing,0
fix_failing_normal,4901,13.5500,0.3899,0.7765,0.4017,0.7983,0.2477,Failing,0
fix_failing_normal,4902,13.5667,0.3937,0.7928,0.4014,0.7970,0.2483,Failing,0
fix_failing_normal,4903,13.5833,0.3976,0.7914,0.4012,0.7957,0.2484,Failing,0
fix_failing_normal,4904,13.6000,0.4017,0.7857,0.4012,0.7943,0.2484,Failing,0
fix_failing_normal,4905,13.6167,0.4059,0.8003,0.4014,0.7944,0.2484,Failing,0
fix_failing_normal,4906,13.6333,0.4102,0.8089,0.4018,0.7945,0.2484,Failing,0
fix_failing_normal,4907,13.6500,0.4145,0.8006,0.4024,0.7946,0.2484,Failing,0
fix_failing_normal,4908,13.6667,0.4190,0.8074,0.4032,0.7947,0.2484,Failing,0
fix_failing_normal,4909,13.6833,0.4236,0.8234,0.4042,0.7949,0.2484,Failing,0
fix_failing_normal,4910,13.7000,0.4282,0.8198,0.4053,0.7951,0.2484,Failing,0
fix_failing_normal,4911,13.7167,0.4329,0.8173,0.4066,0.7953,0.2484,Failing,0
fix_failing_normal,4912,13.7333,0.4376,0.8340,0.4080,0.7956,0.2484,Failing,0
fix_failing_normal,4913,13.7500,0.4424,0.8397,0.4096,0.7960,0.2484,Failing,0
fix_failing_normal,4914,13.7667,0.4472,0.8320,0.4113,0.7963,0.2484,Failing,0
fix_failing_normal,4915,13.7833,0.4520,0.8423,0.4132,0.7967,0.2484,Failing,0
fix_failing_normal,4916,13.8000,0.4568,0.8567,0.4153,0.7972,0.2484,Failing,0
fix_failing_normal,4917,13.8167,0.4616,0.8511,0.4174,0.7976,0.2484,Failing,0
fix_failing_normal,4918,13.8333,0.4664,0.8517,0.4197,0.7981,0.2484,Failing,0
fix_failing_normal,4919,13.8500,0.4712,0.8692,0.4221,0.7986,0.2484,Failing,0
fix_failing_normal,4920,13.8667,0.4759,0.8715,0.4246,0.7992,0.2484,Failing,0
fix_failing_normal,4921,13.8833,0.4807,0.8648,0.4272,0.7998,0.2484,Failing,0
fix_failing_normal,4922,13.9000,0.4853,0.8778,0.4299,0.8004,0.2484,Failing,0
fix_failing_normal,4923,13.9167,0.4900,0.8895,0.4327,0.8012,0.2484,Failing,0
fix_failing_normal,4924,13.9333,0.4945,0.8821,0.4356,0.8019,0.2484,Failing,0
fix_failing_normal,4925,13.9500,0.4990,0.8858,0.4385,0.8025,0.2484,Failing,0
fix_failing_normal,4926,13.9667,0.5034,0.9026,0.4415,0.8034,0.2484,Failing,0
fix_failing_normal,4927,13.9833,0.5078,0.9013,0.4446,0.8042,0.2484,Failing,0
fix_failing_normal,4928,14.0000,0.5120,0.8961,0.4478,0.8050,0.2484,Failing,0
fix_failing_normal_back,4929,0.0167,0.9976,1.0000,0.4733,0.8066,0.2484,Failing,0
fix_failing_normal_back,4930,0.0333,0.9662,1.0000,0.4962,0.8082,0.2484,Failing,0
fix_failing_normal_back,4931,0.0500,0.9696,1.0000,0.5183,0.8098,0.2484,Failing,0
fix_failing_normal_back,4932,0.0667,0.9992,1.0000,0.5406,0.8113,0.2484,Failing,0
fix_failing_normal_back,4933,0.0833,0.9804,1.0000,0.5611,0.8129,0.2484,Failing,0
fix_failing_normal_back,4934,0.1000,0.9606,1.0000,0.5797,0.8145,0.2484,Failing,0
fix_failing_normal_back,4935,0.1167,0.9897,1.0000,0.5987,0.8160,0.2484,Failing,0
fix_failing_normal_back,4936,0.1333,0.9944,1.0000,0.6171,0.8175,0.2484,Failing,0
fix_failing_normal_back,4937,0.1500,0.9628,1.0000,0.6332,0.8190,0.2484,Failing,0
fix_failing_normal_back,4938,0.1667,0.9745,1.0000,0.6491,0.8205,0.2484,Failing,0
fix_failing_normal_back,4939,0.1833,1.0000,1.0000,0.6654,0.8220,0.2151,Failing,0
fix_failing_normal_back,4940,0.2000,0.9751,1.0000,0.6798,0.8235,0.1817,Failing,0
fix_failing_normal_back,4941,0.2167,0.9626,1.0000,0.6929,0.8250,0.1484,Failing,0
fix_failing_normal_back,4942,0.2333,0.9940,1.0000,0.7069,0.8264,0.1151,Failing,0
fix_failing_normal_back,4943,0.2500,0.9902,1.0000,0.7201,0.8279,0.0817,Failing,0
fix_failing_normal_back,4944,0.2667,0.9607,1.0000,0.7313,0.8293,0.0484,Failing,0
fix_failing_normal_back,4945,0.2833,0.9799,1.0000,0.7429,0.8307,0.0151,Failing,0
fix_failing_normal_back,4946,0.3000,0.9993,1.0000,0.7548,0.8321,0.0000,Failing,0
fix_failing_normal_back,4947,0.3167,0.9701,1.0000,0.7648,0.8335,0.0000,Failing,0
fix_failing_normal_back,4948,0.3333,0.9658,1.0000,0.7741,0.8349,0.0000,Failing,0
fix_failing_normal_back,4949,0.3500,0.9973,1.0000,0.7845,0.8363,0.0000,Failing,0
fix_failing_normal_back,4950,0.3667,0.9852,1.0000,0.7939,0.8376,0.0000,Failing,0
fix_failing_normal_back,4951,0.3833,0.9600,1.0000,0.8016,0.8390,0.0000,Failing,0
fix_failing_normal_back,4952,0.4000,0.9852,1.0000,0.8101,0.8403,0.0000,Steady,0
fix_failing_normal_back,4953,0.4167,0.9973,1.0000,0.8188,0.8416,0.0000,Steady,0
fix_failing_normal_back,4954,0.4333,0.9658,1.0000,0.8257,0.8429,0.0000,Steady,0
fix_failing_normal_back,4955,0.4500,0.9701,1.0000,0.8324,0.8443,0.0000,Steady,0
fix_failing_normal_back,4956,0.4667,0.9993,1.0000,0.8401,0.8455,0.0000,Steady,0
fix_failing_normal_back,4957,0.4833,0.9799,1.0000,0.8466,0.8468,0.0000,Steady,0
fix_failing_normal_back,4958,0.5000,0.9607,1.0000,0.8519,0.8481,0.0000,Steady,0
fix_failing_normal_back,4959,0.5167,0.9901,1.0000,0.8584,0.8494,0.0000,Steady,0
fix_failing_normal_back,4960,0.5333,0.9940,1.0000,0.8647,0.8506,0.0000,Steady,0
fix_failing_normal_back,4961,0.5500,0.9626,1.0000,0.8692,0.8518,0.0000,Steady,0
fix_failing_normal_back,4962,0.5667,0.9750,1.0000,0.8742,0.8531,0.0000,Steady,0
fix_failing_normal_back,4963,0.5833,1.0000,1.0000,0.8800,0.8543,0.0000,Steady,0
fix_failing_normal_back,4964,0.6000,0.9746,1.0000,0.8844,0.8555,0.0000,Steady,0
fix_failing_normal_back,4965,0.6167,0.9628,1.0000,0.8880,0.8567,0.0000,Steady,0
fix_failing_normal_back,4966,0.6333,0.9944,1.0000,0.8930,0.8579,0.0000,Steady,0
fix_failing_normal_back,4967,0.6500,0.9897,1.0000,0.8975,0.8591,0.0000,Steady,0
fix_failing_normal_back,4968,0.6667,0.9606,1.0000,0.9004,0.8602,0.0000,Steady,0
fix_failing_normal_back,4969,0.6833,0.9804,1.0000,0.9041,0.8614,0.0000,Steady,0
fix_failing_normal_back,4970,0.7000,0.9992,1.0000,0.9086,0.8626,0.0000,Steady,0
fix_failing_normal_back,4971,0.7167,0.9696,1.0000,0.9114,0.8637,0.0000,Steady,0
fix_failing_normal_back,4972,0.7333,0.9662,1.0000,0.9139,0.8648,0.0000,Steady,0
fix_failing_normal_back,4973,0.7500,0.9976,1.0000,0.9178,0.8659,0.0000,Steady,0
fix_failing_normal_back,4974,0.7667,0.9847,1.0000,0.9209,0.8671,0.0000,Steady,0
fix_failing_normal_back,4975,0.7833,0.9600,1.0000,0.9228,0.8682,0.0000,Steady,0
fix_failing_normal_back,4976,0.8000,0.9857,1.0000,0.9257,0.8693,0.0000,Steady,0
fix_failing_normal_back,4977,0.8167,0.9970,1.0000,0.9290,0.8703,0.0000,Steady,0
fix_failing_normal_back,4978,0.8333,0.9654,1.0000,0.9307,0.8714,0.0000,Steady,0
fix_failing_normal_back,4979,0.8500,0.9705,1.0000,0.9326,0.8725,0.0000,Steady,0
fix_failing_normal_back,4980,0.8667,0.9995,1.0000,0.9357,0.8735,0.0000,Steady,0
fix_failing_normal_back,4981,0.8833,0.9793,1.0000,0.9377,0.8746,0.0000,Steady,0
fix_failing_normal_back,4982,0.9000,0.9609,1.0000,0.9388,0.8756,0.0000,Steady,0
fix_failing_normal_back,4983,0.9167,0.9906,1.0000,0.9412,0.8767,0.0000,Steady,0
fix_failing_normal_back,4984,0.9333,0.9936,1.0000,0.9436,0.8777,0.0000,Steady,0
fix_failing_normal_back,4985,0.9500,0.9623,1.0000,0.9445,0.8787,0.0000,Steady,0
fix_failing_normal_back,4986,0.9667,0.9756,1.0000,0.9459,0.8797,0.0000,Steady,0
fix_failing_normal_back,4987,0.9833,1.0000,1.0000,0.9485,0.8807,0.0000,Steady,0
fix_failing_normal_back,4988,1.0000,0.9740,1.0000,0.9496,0.8817,0.0000,Steady,0
fix_failing_normal_back,4989,1.0167,0.9631,1.0000,0.9503,0.8827,0.0000,Steady,0
fix_failing_normal_back,4990,1.0333,0.9947,1.0000,0.9523,0.8837,0.0000,Steady,0
fix_failing_normal_back,4991,1.0500,0.9892,1.0000,0.9541,0.8846,0.0000,Steady,0
fix_failing_normal_back,4992,1.0667,0.9605,1.0000,0.9544,0.8856,0.0000,Steady,0
fix_failing_normal_back,4993,1.0833,0.9809,1.0000,0.9556,0.8865,0.0000,Steady,0
fix_failing_normal_back,4994,1.1000,0.9990,1.0000,0.9576,0.8875,0.0000,Steady,0
fix_failing_normal_back,4995,1.1167,0.9692,1.0000,0.9581,0.8884,0.0000,Steady,0
fix_failing_normal_back,4996,1.1333,0.9666,1.0000,0.9585,0.8893,0.0000,Steady,0
fix_failing_normal_back,4997,1.1500,0.9978,1.0000,0.9604,0.8902,0.0000,Steady,0
fix_failing_normal_back,4998,1.1667,0.9842,1.0000,0.9615,0.8912,0.0000,Steady,0
fix_failing_normal_back,4999,1.1833,0.9600,1.0000,0.9614,0.8921,0.0000,Steady,0
fix_failing_normal_back,5000,1.2000,0.9862,1.0000,0.9626,0.8930,0.0000,Steady,0
fix_failing_normal_back,5001,1.2167,0.9967,1.0000,0.9641,0.8938,0.0000,Steady,0
fix_failing_normal_back,5002,1.2333,0.9651,1.0000,0.9642,0.8947,0.0000,Steady,0
fix_failing_normal_back,5003,1.2500,0.9710,1.0000,0.9645,0.8956,0.0000,Steady,0
fix_failing_normal_back,5004,1.2667,0.9996,1.0000,0.9661,0.8965,0.0000,Steady,0
fix_failing_normal_back,5005,1.2833,0.9788,1.0000,0.9667,0.8973,0.0000,Steady,0
fix_failing_normal_back,5006,1.3000,0.9610,1.0000,0.9665,0.8982,0.0000,Steady,0
fix_failing_normal_back,5007,1.3167,0.9911,1.0000,0.9676,0.8990,0.0000,Steady,0
fix_failing_normal_back,5008,1.3333,0.9932,1.0000,0.9688,0.8999,0.0000,Steady,0
fix_failing_normal_back,5009,1.3500,0.9621,1.0000,0.9685,0.9007,0.0000,Steady,0
fix_failing_normal_back,5010,1.3667,0.9761,1.0000,0.9688,0.9015,0.0000,Steady,0
fix_failing_normal_back,5011,1.3833,1.0000,1.0000,0.9703,0.9023,0.0000,Steady,0
fix_failing_normal_back,5012,1.4000,0.9735,1.0000,0.9704,0.9031,0.0000,Steady,0
fix_failing_normal_back,5013,1.4167,0.9634,1.0000,0.9701,0.9039,0.0000,Steady,0
fix_failing_normal_back,5014,1.4333,0.9951,1.0000,0.9713,0.9047,0.0000,Steady,0
fix_failing_normal_back,5015,1.4500,0.9887,1.0000,0.9721,0.9055,0.0000,Steady,0
fix_failing_normal_back,5016,1.4667,0.9604,1.0000,0.9715,0.9063,0.0000,Steady,0
fix_failing_normal_back,5017,1.4833,0.9815,1.0000,0.9720,0.9071,0.0000,Steady,0
fix_failing_normal_back,5018,1.5000,0.9989,1.0000,0.9733,0.9079,0.0000,Steady,0
fix_failing_normal_back,5019,1.5167,0.9687,1.0000,0.9730,0.9086,0.0000,Steady,0
fix_failing_normal_back,5020,1.5333,0.9670,1.0000,0.9728,0.9094,0.0000,Steady,0
fix_failing_normal_back,5021,1.5500,0.9981,1.0000,0.9739,0.9101,0.0000,Steady,0
fix_failing_normal_back,5022,1.5667,0.9836,1.0000,0.9744,0.9109,0.0000,Steady,0
fix_failing_normal_back,5023,1.5833,0.9601,1.0000,0.9737,0.9116,0.0000,Steady,0
fix_failing_normal_back,5024,1.6000,0.9867,1.0000,0.9743,0.9124,0.0000,Steady,0
fix_failing_normal_back,5025,1.6167,0.9964,1.0000,0.9754,0.9131,0.0000,Steady,0
fix_failing_normal_back,5026,1.6333,0.9647,1.0000,0.9749,0.9138,0.0000,Steady,0
fix_failing_normal_back,5027,1.6500,0.9715,1.0000,0.9747,0.9145,0.0000,Steady,0
fix_failing_normal_back,5028,1.6667,0.9997,1.0000,0.9759,0.9152,0.0000,Steady,0
fix_failing_normal_back,5029,1.6833,0.9782,1.0000,0.9760,0.9159,0.0000,Steady,0
fix_failing_normal_back,5030,1.7000,0.9612,1.0000,0.9753,0.9166,0.0000,Steady,0
fix_failing_normal_back,5031,1.7167,0.9915,1.0000,0.9760,0.9173,0.0000,Steady,0
fix_failing_normal_back,5032,1.7333,0.9928,1.0000,0.9768,0.9180,0.0000,Steady,0
fix_failing_normal_back,5033,1.7500,0.9618,1.0000,0.9761,0.9187,0.0000,Steady,0
fix_failing_normal_back,5034,1.7667,0.9766,1.0000,0.9762,0.9194,0.0000,Steady,0
fix_failing_normal_back,5035,1.7833,0.9999,1.0000,0.9773,0.9200,0.0000,Steady,0
fix_failing_normal_back,5036,1.8000,0.9730,1.0000,0.9771,0.9207,0.0000,Steady,0
fix_failing_normal_back,5037,1.8167,0.9637,1.0000,0.9764,0.9214,0.0000,Steady,0
fix_failing_normal_back,5038,1.8333,0.9954,1.0000,0.9773,0.9220,0.0000,Steady,0
fix_failing_normal_back,5039,1.8500,0.9882,1.0000,0.9778,0.9227,0.0000,Steady,0
fix_failing_normal_back,5040,1.8667,0.9603,1.0000,0.9770,0.9233,0.0000,Steady,0
fix_failing_normal_back,5041,1.8833,0.9820,1.0000,0.9772,0.9239,0.0000,Steady,0
fix_failing_normal_back,5042,1.9000,0.9987,1.0000,0.9782,0.9246,0.0000,Steady,0
fix_failing_normal_back,5043,1.9167,0.9683,1.0000,0.9778,0.9252,0.0000,Steady,0
fix_failing_normal_back,5044,1.9333,0.9674,1.0000,0.9773,0.9258,0.0000,Steady,0
fix_failing_normal_back,5045,1.9500,0.9983,1.0000,0.9783,0.9264,0.0000,Steady,0
fix_failing_normal_back,5046,1.9667,0.9831,1.0000,0.9785,0.9270,0.0000,Steady,0
fix_failing_normal_back,5047,1.9833,0.9601,1.0000,0.9776,0.9276,0.0000,Steady,0
fix_failing_normal_back,5048,2.0000,0.9872,1.0000,0.9781,0.9282,0.0000,Steady,0
fix_failing_normal_back,5049,2.0167,0.9961,1.0000,0.9789,0.9288,0.0000,Steady,0
fix_failing_normal_back,5050,2.0333,0.9644,1.0000,0.9782,0.9294,0.0000,Steady,0
fix_failing_normal_back,5051,2.0500,0.9720,1.0000,0.9780,0.9300,0.0000,Steady,0
fix_failing_normal_back,5052,2.0667,0.9998,1.0000,0.9790,0.9306,0.0000,Steady,0
fix_failing_normal_back,5053,2.0833,0.9777,1.0000,0.9789,0.9312,0.0000,Steady,0
fix_failing_normal_back,5054,2.1000,0.9614,1.0000,0.9781,0.9317,0.0000,Steady,0
fix_failing_normal_back,5055,2.1167,0.9920,1.0000,0.9787,0.9323,0.0000,Steady,0
fix_failing_normal_back,5056,2.1333,0.9924,1.0000,0.9794,0.9329,0.0000,Steady,0
fix_failing_normal_back,5057,2.1500,0.9616,1.0000,0.9786,0.9334,0.0000,Steady,0
fix_failing_normal_back,5058,2.1667,0.9772,1.0000,0.9785,0.9340,0.0000,Steady,0
fix_failing_normal_back,5059,2.1833,0.9999,1.0000,0.9795,0.9345,0.0000,Steady,0
fix_failing_normal_back,5060,2.2000,0.9725,1.0000,0.9792,0.9351,0.0000,Steady,0
fix_failing_normal_back,5061,2.2167,0.9640,1.0000,0.9785,0.9356,0.0000,Steady,0
fix_failing_normal_back,5062,2.2333,0.9958,1.0000,0.9793,0.9361,0.0000,Steady,0
fix_failing_normal_back,5063,2.2500,0.9878,1.0000,0.9797,0.9367,0.0000,Steady,0
fix_failing_normal_back,5064,2.2667,0.9602,1.0000,0.9788,0.9372,0.0000,Steady,0
fix_failing_normal_back,5065,2.2833,0.9826,1.0000,0.9789,0.9377,0.0000,Steady,0
fix_failing_normal_back,5066,2.3000,0.9985,1.0000,0.9798,0.9382,0.0000,Steady,0
fix_failing_normal_back,5067,2.3167,0.9678,1.0000,0.9793,0.9388,0.0000,Steady,0
fix_failing_normal_back,5068,2.3333,0.9678,1.0000,0.9787,0.9393,0.0000,Steady,0
fix_failing_normal_back,5069,2.3500,0.9985,1.0000,0.9797,0.9398,0.0000,Steady,0
fix_failing_normal_back,5070,2.3667,0.9825,1.0000,0.9798,0.9403,0.0000,Steady,0
fix_failing_normal_back,5071,2.3833,0.9602,1.0000,0.9789,0.9408,0.0000,Steady,0
fix_failing_normal_back,5072,2.4000,0.9877,1.0000,0.9793,0.9413,0.0000,Steady,0
fix_failing_normal_back,5073,2.4167,0.9958,1.0000,0.9801,0.9417,0.0000,Steady,0
fix_failing_normal_back,5074,2.4333,0.9640,1.0000,0.9793,0.9422,0.0000,Steady,0
fix_failing_normal_back,5075,2.4500,0.9725,1.0000,0.9790,0.9427,0.0000,Steady,0
fix_failing_normal_back,5076,2.4667,0.9999,1.0000,0.9800,0.9432,0.0000,Steady,0
fix_failing_normal_back,5077,2.4833,0.9772,1.0000,0.9798,0.9437,0.0000,Steady,0
fix_failing_normal_back,5078,2.5000,0.9616,1.0000,0.9790,0.9441,0.0000,Steady,0
fix_failing_normal_back,5079,2.5167,0.9924,1.0000,0.9796,0.9446,0.0000,Steady,0
fix_failing_normal_back,5080,2.5333,0.9920,1.0000,0.9802,0.9450,0.0000,Steady,0
fix_failing_normal_back,5081,2.5500,0.9614,1.0000,0.9793,0.9455,0.0000,Steady,0
fix_failing_normal_back,5082,2.5667,0.9777,1.0000,0.9792,0.9460,0.0000,Steady,0
fix_failing_normal_back,5083,2.5833,0.9998,1.0000,0.9802,0.9464,0.0000,Steady,0
fix_failing_normal_back,5084,2.6000,0.9720,1.0000,0.9798,0.9468,0.0000,Steady,0
fix_failing_normal_back,5085,2.6167,0.9644,1.0000,0.9791,0.9473,0.0000,Steady,0
fix_failing_normal_back,5086,2.6333,0.9961,1.0000,0.9799,0.9477,0.0000,Steady,0
fix_failing_normal_back,5087,2.6500,0.9872,1.0000,0.9802,0.9482,0.0000,Steady,0
fix_failing_normal_back,5088,2.6667,0.9601,1.0000,0.9793,0.9486,0.0000,Steady,0
fix_failing_normal_back,5089,2.6833,0.9831,1.0000,0.9795,0.9490,0.0000,Steady,0
fix_failing_normal_back,5090,2.7000,0.9983,1.0000,0.9803,0.9494,0.0000,Steady,0
fix_failing_normal_back,5091,2.7167,0.9674,1.0000,0.9797,0.9499,0.0000,Steady,0
fix_failing_normal_back,5092,2.7333,0.9683,1.0000,0.9792,0.9503,0.0000,Steady,0
fix_failing_normal_back,5093,2.7500,0.9987,1.0000,0.9801,0.9507,0.0000,Steady,0
fix_failing_normal_back,5094,2.7667,0.9820,1.0000,0.9802,0.9511,0.0000,Steady,0
fix_failing_normal_back,5095,2.7833,0.9603,1.0000,0.9793,0.9515,0.0000,Steady,0
fix_failing_normal_back,5096,2.8000,0.9882,1.0000,0.9797,0.9519,0.0000,Steady,0
fix_failing_normal_back,5097,2.8167,0.9955,1.0000,0.9804,0.9523,0.0000,Steady,0
fix_failing_normal_back,5098,2.8333,0.9637,1.0000,0.9797,0.9527,0.0000,Steady,0
fix_failing_normal_back,5099,2.8500,0.9730,1.0000,0.9793,0.9531,0.0000,Steady,0
fix_failing_normal_back,5100,2.8667,0.9999,1.0000,0.9803,0.9535,0.0000,Steady,0
fix_failing_normal_back,5101,2.8833,0.9767,1.0000,0.9801,0.9539,0.0000,Steady,0
fix_failing_normal_back,5102,2.9000,0.9618,1.0000,0.9793,0.9542,0.0000,Steady,0
fix_failing_normal_back,5103,2.9167,0.9928,1.0000,0.9799,0.9546,0.0000,Steady,0
fix_failing_normal_back,5104,2.9333,0.9915,1.0000,0.9804,0.9550,0.0000,Steady,0
fix_failing_normal_back,5105,2.9500,0.9612,1.0000,0.9796,0.9554,0.0000,Steady,0
fix_failing_normal_back,5106,2.9667,0.9783,1.0000,0.9795,0.9557,0.0000,Steady,0
fix_failing_normal_back,5107,2.9833,0.9997,1.0000,0.9804,0.9561,0.0000,Steady,0
fix_failing_normal_back,5108,3.0000,0.9715,1.0000,0.9800,0.9565,0.0000,Steady,0
fix_failing_normal_back,5109,3.0167,0.9647,1.0000,0.9793,0.9568,0.0000,Steady,0
fix_failing_normal_back,5110,3.0333,0.9964,1.0000,0.9801,0.9572,0.0000,Steady,0
fix_failing_normal_back,5111,3.0500,0.9867,1.0000,0.9804,0.9576,0.0000,Steady,0
fix_failing_normal_back,5112,3.0667,0.9601,1.0000,0.9795,0.9579,0.0000,Steady,0
fix_failing_normal_back,5113,3.0833,0.9836,1.0000,0.9797,0.9583,0.0000,Steady,0
fix_failing_normal_back,5114,3.1000,0.9981,1.0000,0.9805,0.9586,0.0000,Steady,0
fix_failing_normal_back,5115,3.1167,0.9670,1.0000,0.9799,0.9589,0.0000,Steady,0
fix_failing_normal_back,5116,3.1333,0.9687,1.0000,0.9794,0.9593,0.0000,Steady,0
fix_failing_normal_back,5117,3.1500,0.9989,1.0000,0.9803,0.9596,0.0000,Steady,0
fix_failing_normal_back,5118,3.1667,0.9815,1.0000,0.9803,0.9600,0.0000,Steady,0
fix_failing_normal_back,5119,3.1833,0.9604,1.0000,0.9794,0.9603,0.0000,Steady,0
fix_failing_normal_back,5120,3.2000,0.9887,1.0000,0.9798,0.9606,0.0000,Steady,0
fix_failing_normal_back,5121,3.2167,0.9951,1.0000,0.9805,0.9609,0.0000,Steady,0
fix_failing_normal_back,5122,3.2333,0.9634,1.0000,0.9797,0.9613,0.0000,Steady,0
fix_failing_normal_back,5123,3.2500,0.9735,1.0000,0.9795,0.9616,0.0000,Steady,0
fix_failing_normal_back,5124,3.2667,1.0000,1.0000,0.9804,0.9619,0.0000,Steady,0
fix_failing_normal_back,5125,3.2833,0.9761,1.0000,0.9802,0.9622,0.0000,Steady,0
fix_failing_normal_back,5126,3.3000,0.9621,1.0000,0.9794,0.9625,0.0000,Steady,0
fix_failing_normal_back,5127,3.3167,0.9932,1.0000,0.9800,0.9629,0.0000,Steady,0
fix_failing_normal_back,5128,3.3333,0.9911,1.0000,0.9805,0.9632,0.0000,Steady,0
fix_failing_normal_back,5129,3.3500,0.9610,1.0000,0.9796,0.9635,0.0000,Steady,0
fix_failing_normal_back,5130,3.3667,0.9788,1.0000,0.9796,0.9638,0.0000,Steady,0
fix_failing_normal_back,5131,3.3833,0.9996,1.0000,0.9805,0.9641,0.0000,Steady,0
fix_failing_normal_back,5132,3.4000,0.9710,1.0000,0.9801,0.9644,0.0000,Steady,0
fix_failing_normal_back,5133,3.4167,0.9651,1.0000,0.9794,0.9647,0.0000,Steady,0
fix_failing_normal_back,5134,3.4333,0.9967,1.0000,0.9802,0.9650,0.0000,Steady,0
fix_failing_normal_back,5135,3.4500,0.9862,1.0000,0.9805,0.9652,0.0000,Steady,0
fix_failing_normal_back,5136,3.4667,0.9600,1.0000,0.9795,0.9655,0.0000,Steady,0
fix_failing_normal_back,5137,3.4833,0.9842,1.0000,0.9797,0.9658,0.0000,Steady,0
fix_failing_normal_back,5138,3.5000,0.9978,1.0000,0.9806,0.9661,0.0000,Steady,0
fix_failing_normal_back,5139,3.5167,0.9666,1.0000,0.9799,0.9664,0.0000,Steady,0
fix_failing_normal_back,5140,3.5333,0.9692,1.0000,0.9794,0.9667,0.0000,Steady,0
fix_failing_normal_back,5141,3.5500,0.9990,1.0000,0.9803,0.9669,0.0000,Steady,0
fix_failing_normal_back,5142,3.5667,0.9809,1.0000,0.9804,0.9672,0.0000,Steady,0
fix_failing_normal_back,5143,3.5833,0.9605,1.0000,0.9794,0.9675,0.0000,Steady,0
fix_failing_normal_back,5144,3.6000,0.9892,1.0000,0.9799,0.9678,0.0000,Steady,0
fix_failing_normal_back,5145,3.6167,0.9947,1.0000,0.9806,0.9680,0.0000,Steady,0
fix_failing_normal_back,5146,3.6333,0.9631,1.0000,0.9798,0.9683,0.0000,Steady,0
fix_failing_normal_back,5147,3.6500,0.9740,1.0000,0.9795,0.9686,0.0000,Steady,0
fix_failing_normal_back,5148,3.6667,1.0000,1.0000,0.9805,0.9688,0.0000,Steady,0
fix_failing_normal_back,5149,3.6833,0.9756,1.0000,0.9802,0.9691,0.0000,Steady,0
fix_failing_normal_back,5150,3.7000,0.9623,1.0000,0.9794,0.9693,0.0000,Steady,0
fix_failing_normal_back,5151,3.7167,0.9936,1.0000,0.9801,0.9696,0.0000,Steady,0
fix_failing_normal_back,5152,3.7333,0.9906,1.0000,0.9805,0.9698,0.0000,Steady,0
fix_failing_normal_back,5153,3.7500,0.9609,1.0000,0.9796,0.9701,0.0000,Steady,0
fix_failing_normal_back,5154,3.7667,0.9793,1.0000,0.9796,0.9703,0.0000,Steady,0
fix_failing_normal_back,5155,3.7833,0.9995,1.0000,0.9805,0.9706,0.0000,Steady,0
fix_failing_normal_back,5156,3.8000,0.9705,1.0000,0.9801,0.9708,0.0000,Steady,0
fix_failing_normal_back,5157,3.8167,0.9654,1.0000,0.9794,0.9711,0.0000,Steady,0
fix_failing_normal_back,5158,3.8333,0.9970,1.0000,0.9802,0.9713,0.0000,Steady,0
fix_failing_normal_back,5159,3.8500,0.9857,1.0000,0.9805,0.9715,0.0000,Steady,0
fix_failing_normal_back,5160,3.8667,0.9600,1.0000,0.9795,0.9718,0.0000,Steady,0
fix_failing_normal_back,5161,3.8833,0.9847,1.0000,0.9798,0.9720,0.0000,Steady,0
fix_failing_normal_back,5162,3.9000,0.9976,1.0000,0.9806,0.9723,0.0000,Steady,0
fix_failing_normal_back,5163,3.9167,0.9662,1.0000,0.9799,0.9725,0.0000,Steady,0
fix_failing_normal_back,5164,3.9333,0.9696,1.0000,0.9794,0.9727,0.0000,Steady,0
fix_failing_normal_back,5165,3.9500,0.9992,1.0000,0.9804,0.9729,0.0000,Steady,0
fix_failing_normal_back,5166,3.9667,0.9804,1.0000,0.9804,0.9732,0.0000,Steady,0
fix_failing_normal_back,5167,3.9833,0.9606,1.0000,0.9794,0.9734,0.0000,Steady,0
fix_failing_normal_back,5168,4.0000,0.9897,1.0000,0.9799,0.9736,0.0000,Steady,0
fix_failing_normal_back,5169,4.0167,0.9944,1.0000,0.9806,0.9738,0.0000,Steady,0
fix_failing_normal_back,5170,4.0333,0.9628,1.0000,0.9798,0.9740,0.0000,Steady,0
fix_failing_normal_back,5171,4.0500,0.9746,1.0000,0.9795,0.9743,0.0000,Steady,0
fix_failing_normal_back,5172,4.0667,1.0000,1.0000,0.9805,0.9745,0.0000,Steady,0
fix_failing_normal_back,5173,4.0833,0.9751,1.0000,0.9802,0.9747,0.0000,Steady,0
fix_failing_normal_back,5174,4.1000,0.9626,1.0000,0.9794,0.9749,0.0000,Steady,0
fix_failing_normal_back,5175,4.1167,0.9940,1.0000,0.9801,0.9751,0.0000,Steady,0
fix_failing_normal_back,5176,4.1333,0.9902,1.0000,0.9805,0.9753,0.0000,Steady,0
fix_failing_normal_back,5177,4.1500,0.9607,1.0000,0.9796,0.9755,0.0000,Steady,0
fix_failing_normal_back,5178,4.1667,0.9799,1.0000,0.9796,0.9757,0.0000,Steady,0
fix_failing_normal_back,5179,4.1833,0.9993,1.0000,0.9806,0.9759,0.0000,Steady,0
fix_failing_normal_back,5180,4.2000,0.9701,1.0000,0.9801,0.9761,0.0000,Steady,0
fix_failing_normal_back,5181,4.2167,0.9658,1.0000,0.9794,0.9763,0.0000,Steady,0
fix_failing_normal_back,5182,4.2333,0.9973,1.0000,0.9802,0.9765,0.0000,Steady,0
fix_failing_normal_back,5183,4.2500,0.9852,1.0000,0.9805,0.9767,0.0000,Steady,0
fix_failing_normal_back,5184,4.2667,0.9600,1.0000,0.9795,0.9769,0.0000,Steady,0
fix_failing_normal_back,5185,4.2833,0.9852,1.0000,0.9798,0.9771,0.0000,Steady,0
fix_failing_normal_back,5186,4.3000,0.9973,1.0000,0.9806,0.9773,0.0000,Steady,0
fix_failing_normal_back,5187,4.3167,0.9658,1.0000,0.9799,0.9775,0.0000,Steady,0
fix_failing_normal_back,5188,4.3333,0.9701,1.0000,0.9794,0.9777,0.0000,Steady,0
fix_failing_normal_back,5189,4.3500,0.9994,1.0000,0.9804,0.9778,0.0000,Steady,0
fix_failing_normal_back,5190,4.3667,0.9798,1.0000,0.9804,0.9780,0.0000,Steady,0
fix_failing_normal_back,5191,4.3833,0.9607,1.0000,0.9794,0.9782,0.0000,Steady,0
fix_failing_normal_back,5192,4.4000,0.9902,1.0000,0.9799,0.9784,0.0000,Steady,0
fix_failing_normal_back,5193,4.4167,0.9940,1.0000,0.9806,0.9786,0.0000,Steady,0
fix_failing_normal_back,5194,4.4333,0.9626,1.0000,0.9798,0.9787,0.0000,Steady,0
fix_failing_normal_back,5195,4.4500,0.9751,1.0000,0.9795,0.9789,0.0000,Steady,0
fix_failing_normal_back,5196,4.4667,1.0000,1.0000,0.9805,0.9791,0.0000,Steady,0
fix_failing_normal_back,5197,4.4833,0.9745,1.0000,0.9802,0.9793,0.0000,Steady,0
fix_failing_normal_back,5198,4.5000,0.9628,1.0000,0.9794,0.9794,0.0000,Steady,0
fix_failing_normal_back,5199,4.5167,0.9944,1.0000,0.9801,0.9796,0.0000,Steady,0
fix_failing_normal_back,5200,4.5333,0.9897,1.0000,0.9805,0.9798,0.0000,Steady,0
fix_failing_normal_back,5201,4.5500,0.9606,1.0000,0.9796,0.9799,0.0000,Steady,0
fix_failing_normal_back,5202,4.5667,0.9804,1.0000,0.9797,0.9801,0.0000,Steady,0
fix_failing_normal_back,5203,4.5833,0.9992,1.0000,0.9806,0.9803,0.0000,Steady,0
fix_failing_normal_back,5204,4.6000,0.9696,1.0000,0.9801,0.9804,0.0000,Steady,0
fix_failing_normal_back,5205,4.6167,0.9662,1.0000,0.9794,0.9806,0.0000,Steady,0
fix_failing_normal_back,5206,4.6333,0.9976,1.0000,0.9803,0.9808,0.0000,Steady,0
fix_failing_normal_back,5207,4.6500,0.9847,1.0000,0.9805,0.9809,0.0000,Steady,0
fix_failing_normal_back,5208,4.6667,0.9600,1.0000,0.9795,0.9811,0.0000,Steady,0
fix_failing_normal_back,5209,4.6833,0.9857,1.0000,0.9798,0.9812,0.0000,Steady,0
fix_failing_normal_back,5210,4.7000,0.9970,1.0000,0.9806,0.9814,0.0000,Steady,0
fix_failing_normal_back,5211,4.7167,0.9654,1.0000,0.9799,0.9816,0.0000,Steady,0
fix_failing_normal_back,5212,4.7333,0.9706,1.0000,0.9795,0.9817,0.0000,Steady,0
fix_failing_normal_back,5213,4.7500,0.9995,1.0000,0.9804,0.9819,0.0000,Steady,0
fix_failing_normal_back,5214,4.7667,0.9793,1.0000,0.9803,0.9820,0.0000,Steady,0
fix_failing_normal_back,5215,4.7833,0.9609,1.0000,0.9794,0.9822,0.0000,Steady,0
fix_failing_normal_back,5216,4.8000,0.9906,1.0000,0.9800,0.9823,0.0000,Steady,0
fix_failing_normal_back,5217,4.8167,0.9936,1.0000,0.9806,0.9825,0.0000,Steady,0
fix_failing_normal_back,5218,4.8333,0.9623,1.0000,0.9797,0.9826,0.0000,Steady,0
fix_failing_normal_back,5219,4.8500,0.9756,1.0000,0.9795,0.9827,0.0000,Steady,0
fix_failing_normal_back,5220,4.8667,1.0000,1.0000,0.9805,0.9829,0.0000,Steady,0
fix_failing_normal_back,5221,4.8833,0.9740,1.0000,0.9802,0.9830,0.0000,Steady,0
fix_failing_normal_back,5222,4.9000,0.9631,1.0000,0.9794,0.9832,0.0000,Steady,0
fix_failing_normal_back,5223,4.9167,0.9948,1.0000,0.9801,0.9833,0.0000,Steady,0
fix_failing_normal_back,5224,4.9333,0.9892,1.0000,0.9805,0.9834,0.0000,Steady,0
fix_failing_normal_back,5225,4.9500,0.9605,1.0000,0.9796,0.9836,0.0000,Steady,0
fix_failing_normal_back,5226,4.9667,0.9810,1.0000,0.9797,0.9837,0.0000,Steady,0
fix_failing_normal_back,5227,4.9833,0.9990,1.0000,0.9806,0.9839,0.0000,Steady,0
fix_failing_normal_back,5228,5.0000,0.9691,1.0000,0.9800,0.9840,0.0000,Steady,0
fix_failing_normal_back,5229,5.0167,0.9666,1.0000,0.9794,0.9841,0.0000,Steady,0
fix_failing_normal_back,5230,5.0333,0.9978,1.0000,0.9803,0.9843,0.0000,Steady,0
fix_failing_normal_back,5231,5.0500,0.9841,1.0000,0.9804,0.9844,0.0000,Steady,0
fix_failing_normal_back,5232,5.0667,0.9600,1.0000,0.9795,0.9845,0.0000,Steady,0
fix_failing_normal_back,5233,5.0833,0.9862,1.0000,0.9798,0.9846,0.0000,Steady,0
fix_failing_normal_back,5234,5.1000,0.9967,1.0000,0.9806,0.9848,0.0000,Steady,0
fix_failing_normal_back,5235,5.1167,0.9651,1.0000,0.9799,0.9849,0.0000,Steady,0
fix_failing_normal_back,5236,5.1333,0.9711,1.0000,0.9795,0.9850,0.0000,Steady,0
fix_failing_normal_back,5237,5.1500,0.9996,1.0000,0.9804,0.9851,0.0000,Steady,0
fix_failing_normal_back,5238,5.1667,0.9788,1.0000,0.9803,0.9853,0.0000,Steady,0
fix_failing_normal_back,5239,5.1833,0.9610,1.0000,0.9794,0.9854,0.0000,Steady,0
fix_failing_normal_back,5240,5.2000,0.9911,1.0000,0.9800,0.9855,0.0000,Steady,0
fix_failing_normal_back,5241,5.2167,0.9932,1.0000,0.9806,0.9856,0.0000,Steady,0
fix_failing_normal_back,5242,5.2333,0.9621,1.0000,0.9797,0.9858,0.0000,Steady,0
fix_failing_normal_back,5243,5.2500,0.9761,1.0000,0.9796,0.9859,0.0000,Steady,0
fix_failing_normal_back,5244,5.2667,1.0000,1.0000,0.9805,0.9860,0.0000,Steady,0
fix_failing_normal_back,5245,5.2833,0.9735,1.0000,0.9802,0.9861,0.0000,Steady,0
fix_failing_normal_back,5246,5.3000,0.9634,1.0000,0.9794,0.9862,0.0000,Steady,0
fix_failing_normal_back,5247,5.3167,0.9951,1.0000,0.9801,0.9863,0.0000,Steady,0
fix_failing_normal_back,5248,5.3333,0.9887,1.0000,0.9805,0.9864,0.0000,Steady,0
fix_failing_normal_back,5249,5.3500,0.9604,1.0000,0.9796,0.9866,0.0000,Steady,0
fix_failing_normal_back,5250,5.3667,0.9815,1.0000,0.9797,0.9867,0.0000,Steady,0
fix_failing_normal_back,5251,5.3833,0.9989,1.0000,0.9806,0.9868,0.0000,Steady,0
fix_failing_normal_back,5252,5.4000,0.9687,1.0000,0.9800,0.9869,0.0000,Steady,0
fix_failing_normal_back,5253,5.4167,0.9670,1.0000,0.9794,0.9870,0.0000,Steady,0
fix_failing_normal_back,5254,5.4333,0.9981,1.0000,0.9803,0.9871,0.0000,Steady,0
fix_failing_normal_back,5255,5.4500,0.9836,1.0000,0.9804,0.9872,0.0000,Steady,0
fix_failing_normal_back,5256,5.4667,0.9601,1.0000,0.9795,0.9873,0.0000,Steady,0
fix_failing_normal_back,5257,5.4833,0.9868,1.0000,0.9798,0.9874,0.0000,Steady,0
fix_failing_normal_back,5258,5.5000,0.9964,1.0000,0.9806,0.9875,0.0000,Steady,0
fix_failing_normal_back,5259,5.5167,0.9647,1.0000,0.9799,0.9876,0.0000,Steady,0
fix_failing_normal_back,5260,5.5333,0.9715,1.0000,0.9795,0.9877,0.0000,Steady,0
fix_failing_normal_back,5261,5.5500,0.9997,1.0000,0.9804,0.9878,0.0000,Steady,0
fix_failing_normal_back,5262,5.5667,0.9782,1.0000,0.9803,0.9879,0.0000,Steady,0
fix_failing_normal_back,5263,5.5833,0.9612,1.0000,0.9794,0.9880,0.0000,Steady,0
fix_failing_normal_back,5264,5.6000,0.9915,1.0000,0.9800,0.9881,0.0000,Steady,0
fix_failing_normal_back,5265,5.6167,0.9928,1.0000,0.9806,0.9882,0.0000,Steady,0
fix_failing_normal_back,5266,5.6333,0.9618,1.0000,0.9797,0.9883,0.0000,Steady,0
fix_failing_normal_back,5267,5.6500,0.9767,1.0000,0.9796,0.9884,0.0000,Steady,0
fix_failing_normal_back,5268,5.6667,0.9999,1.0000,0.9805,0.9885,0.0000,Steady,0
fix_failing_normal_back,5269,5.6833,0.9730,1.0000,0.9802,0.9886,0.0000,Steady,0
fix_failing_normal_back,5270,5.7000,0.9637,1.0000,0.9794,0.9887,0.0000,Steady,0
fix_failing_normal_back,5271,5.7167,0.9955,1.0000,0.9801,0.9888,0.0000,Steady,0
fix_failing_normal_back,5272,5.7333,0.9882,1.0000,0.9805,0.9889,0.0000,Steady,0
fix_failing_normal_back,5273,5.7500,0.9603,1.0000,0.9796,0.9890,0.0000,Steady,0
fix_failing_normal_back,5274,5.7667,0.9820,1.0000,0.9797,0.9891,0.0000,Steady,0
fix_failing_normal_back,5275,5.7833,0.9987,1.0000,0.9806,0.9892,0.0000,Steady,0
fix_failing_normal_back,5276,5.8000,0.9682,1.0000,0.9800,0.9893,0.0000,Steady,0
fix_failing_normal_back,5277,5.8167,0.9674,1.0000,0.9794,0.9894,0.0000,Steady,0
fix_failing_normal_back,5278,5.8333,0.9983,1.0000,0.9803,0.9894,0.0000,Steady,0
fix_failing_normal_back,5279,5.8500,0.9831,1.0000,0.9804,0.9895,0.0000,Steady,0
fix_failing_normal_back,5280,5.8667,0.9601,1.0000,0.9795,0.9896,0.0000,Steady,0
fix_failing_normal_back,5281,5.8833,0.9873,1.0000,0.9798,0.9897,0.0000,Steady,0
fix_failing_normal_back,5282,5.9000,0.9961,1.0000,0.9806,0.9898,0.0000,Steady,0
fix_failing_normal_back,5283,5.9167,0.9644,1.0000,0.9798,0.9899,0.0000,Steady,0
fix_failing_normal_back,5284,5.9333,0.9720,1.0000,0.9795,0.9900,0.0000,Steady,0
fix_failing_normal_back,5285,5.9500,0.9998,1.0000,0.9804,0.9900,0.0000,Steady,0
fix_failing_normal_back,5286,5.9667,0.9777,1.0000,0.9803,0.9901,0.0000,Steady,0
fix_failing_normal_back,5287,5.9833,0.9614,1.0000,0.9794,0.9902,0.0000,Steady,0
fix_failing_normal_back,5288,6.0000,0.9920,1.0000,0.9800,0.9903,0.0000,Steady,0
