tag,frame,t,L,W,Ls,C,G,mode,calm
settle,237,0.0000,0.9655,1.0000,0.9783,0.9910,0.0000,Steady,0
settle,238,0.0167,0.9971,1.0000,0.9791,0.9911,0.0000,Steady,0
settle,239,0.0333,0.9856,1.0000,0.9795,0.9911,0.0000,Steady,0
settle,240,0.0500,0.9600,1.0000,0.9785,0.9912,0.0000,Steady,0
settle,241,0.0667,0.9847,1.0000,0.9788,0.9913,0.0000,Steady,0
settle,242,0.0833,0.9975,1.0000,0.9797,0.9913,0.0000,Steady,0
settle,243,0.1000,0.9662,1.0000,0.9791,0.9914,0.0000,Steady,0
settle,244,0.1167,0.9697,1.0000,0.9786,0.9915,0.0000,Steady,0
settle,245,0.1333,0.9992,1.0000,0.9796,0.9916,0.0000,Steady,0
settle,246,0.1500,0.9804,1.0000,0.9796,0.9916,0.0000,Steady,0
settle,247,0.1667,0.9606,1.0000,0.9787,0.9917,0.0000,Steady,0
settle,248,0.1833,0.9897,1.0000,0.9793,0.9918,0.0000,Steady,0
settle,249,0.2000,0.9944,1.0000,0.9800,0.9918,0.0000,Steady,0
settle,250,0.2167,0.9628,1.0000,0.9792,0.9919,0.0000,Steady,0
settle,251,0.2333,0.9745,1.0000,0.9789,0.9920,0.0000,Steady,0
settle,252,0.2500,1.0000,1.0000,0.9799,0.9920,0.0000,Steady,0
settle,253,0.2667,0.9751,1.0000,0.9797,0.9921,0.0000,Steady,0
settle,254,0.2833,0.9626,1.0000,0.9789,0.9922,0.0000,Steady,0
settle,255,0.3000,0.9940,1.0000,0.9796,0.9922,0.0000,Steady,0
settle,256,0.3167,0.9902,1.0000,0.9801,0.9923,0.0000,Steady,0
settle,257,0.3333,0.9607,1.0000,0.9792,0.9924,0.0000,Steady,0
settle,258,0.3500,0.9798,1.0000,0.9792,0.9924,0.0000,Steady,0
settle,259,0.3667,0.9994,1.0000,0.9802,0.9925,0.0000,Steady,0
settle,260,0.3833,0.9701,1.0000,0.9797,0.9926,0.0000,Steady,0
settle,261,0.4000,0.9658,1.0000,0.9790,0.9926,0.0000,Steady,0
settle,262,0.4167,0.9973,1.0000,0.9799,0.9927,0.0000,Steady,0
settle,263,0.4333,0.9853,1.0000,0.9801,0.9927,0.0000,Steady,0
settle,264,0.4500,0.9600,1.0000,0.9792,0.9928,0.0000,Steady,0
settle,265,0.4667,0.9851,1.0000,0.9795,0.9929,0.0000,Steady,0
settle,266,0.4833,0.9974,1.0000,0.9803,0.9929,0.0000,Steady,0
settle,267,0.5000,0.9659,1.0000,0.9796,0.9930,0.0000,Steady,0
settle,268,0.5167,0.9700,1.0000,0.9792,0.9930,0.0000,Steady,0
settle,269,0.5333,0.9993,1.0000,0.9801,0.9931,0.0000,Steady,0
settle,270,0.5500,0.9800,1.0000,0.9801,0.9931,0.0000,Steady,0
settle,271,0.5667,0.9607,1.0000,0.9792,0.9932,0.0000,Steady,0
settle,272,0.5833,0.9900,1.0000,0.9797,0.9933,0.0000,Steady,0
settle,273,0.6000,0.9941,1.0000,0.9804,0.9933,0.0000,Steady,0
settle,274,0.6167,0.9627,1.0000,0.9796,0.9934,0.0000,Steady,0
settle,275,0.6333,0.9749,1.0000,0.9793,0.9934,0.0000,Steady,0
settle,276,0.6500,1.0000,1.0000,0.9803,0.9935,0.0000,Steady,0
settle,277,0.6667,0.9747,1.0000,0.9800,0.9935,0.0000,Steady,0
settle,278,0.6833,0.9627,1.0000,0.9792,0.9936,0.0000,Steady,0
settle,279,0.7000,0.9942,1.0000,0.9799,0.9936,0.0000,Steady,0
settle,280,0.7167,0.9899,1.0000,0.9804,0.9937,0.0000,Steady,0
settle,281,0.7333,0.9606,1.0000,0.9795,0.9937,0.0000,Steady,0
settle,282,0.7500,0.9802,1.0000,0.9795,0.9938,0.0000,Steady,0
settle,283,0.7667,0.9993,1.0000,0.9804,0.9939,0.0000,Steady,0
settle,284,0.7833,0.9698,1.0000,0.9799,0.9939,0.0000,Steady,0
settle,285,0.8000,0.9660,1.0000,0.9793,0.9940,0.0000,Steady,0
settle,286,0.8167,0.9974,1.0000,0.9801,0.9940,0.0000,Steady,0
settle,287,0.8333,0.9850,1.0000,0.9804,0.9941,0.0000,Steady,0
settle,288,0.8500,0.9600,1.0000,0.9794,0.9941,0.0000,Steady,0
settle,289,0.8667,0.9854,1.0000,0.9797,0.9942,0.0000,Steady,0
settle,290,0.8833,0.9972,1.0000,0.9805,0.9942,0.0000,Steady,0
settle,291,0.9000,0.9657,1.0000,0.9798,0.9942,0.0000,Steady,0
settle,292,0.9167,0.9703,1.0000,0.9794,0.9943,0.0000,Steady,0
settle,293,0.9333,0.9994,1.0000,0.9803,0.9943,0.0000,Steady,0
settle,294,0.9500,0.9797,1.0000,0.9803,0.9944,0.0000,Steady,0
settle,295,0.9667,0.9608,1.0000,0.9794,0.9944,0.0000,Steady,0
settle,296,0.9833,0.9903,1.0000,0.9799,0.9945,0.0000,Steady,0
settle,297,1.0000,0.9939,1.0000,0.9805,0.9945,0.0000,Steady,0
settle,298,1.0167,0.9625,1.0000,0.9797,0.9946,0.0000,Steady,0
settle,299,1.0333,0.9752,1.0000,0.9795,0.9946,0.0000,Steady,0
settle,300,1.0500,1.0000,1.0000,0.9804,0.9947,0.0000,Steady,0
settle,301,1.0667,0.9744,1.0000,0.9802,0.9947,0.0000,Steady,0
settle,302,1.0833,0.9629,1.0000,0.9794,0.9948,0.0000,Steady,0
settle,303,1.1000,0.9945,1.0000,0.9801,0.9948,0.0000,Steady,0
settle,304,1.1167,0.9896,1.0000,0.9805,0.9948,0.0000,Steady,0
settle,305,1.1333,0.9606,1.0000,0.9796,0.9949,0.0000,Steady,0
settle,306,1.1500,0.9805,1.0000,0.9796,0.9949,0.0000,Steady,0
settle,307,1.1667,0.9992,1.0000,0.9805,0.9950,0.0000,Steady,0
settle,308,1.1833,0.9695,1.0000,0.9800,0.9950,0.0000,Steady,0
settle,309,1.2000,0.9663,1.0000,0.9794,0.9951,0.0000,Steady,0
settle,310,1.2167,0.9976,1.0000,0.9802,0.9951,0.0000,Steady,0
settle,311,1.2333,0.9846,1.0000,0.9804,0.9951,0.0000,Steady,0
settle,312,1.2500,0.9600,1.0000,0.9795,0.9952,0.0000,Steady,0
settle,313,1.2667,0.9858,1.0000,0.9798,0.9952,0.0000,Steady,0
settle,314,1.2833,0.9970,1.0000,0.9806,0.9953,0.0000,Steady,0
settle,315,1.3000,0.9654,1.0000,0.9799,0.9953,0.0000,Steady,0
settle,316,1.3167,0.9706,1.0000,0.9794,0.9953,0.0000,Steady,0
settle,317,1.3333,0.9995,1.0000,0.9804,0.9954,0.0000,Steady,0
settle,318,1.3500,0.9793,1.0000,0.9803,0.9954,0.0000,Steady,0
settle,319,1.3667,0.9609,1.0000,0.9794,0.9954,0.0000,Steady,0
settle,320,1.3833,0.9906,1.0000,0.9799,0.9955,0.0000,Steady,0
settle,321,1.4000,0.9936,1.0000,0.9806,0.9955,0.0000,Steady,0
settle,322,1.4167,0.9623,1.0000,0.9797,0.9956,0.0000,Steady,0
settle,323,1.4333,0.9756,1.0000,0.9795,0.9956,0.0000,Steady,0
settle,324,1.4500,1.0000,1.0000,0.9805,0.9956,0.0000,Steady,0
settle,325,1.4667,0.9741,1.0000,0.9802,0.9957,0.0000,Steady,0
settle,326,1.4833,0.9631,1.0000,0.9794,0.9957,0.0000,Steady,0
settle,327,1.5000,0.9947,1.0000,0.9801,0.9957,0.0000,Steady,0
settle,328,1.5167,0.9893,1.0000,0.9805,0.9958,0.0000,Steady,0
settle,329,1.5333,0.9605,1.0000,0.9796,0.9958,0.0000,Steady,0
settle,330,1.5500,0.9809,1.0000,0.9797,0.9958,0.0000,Steady,0
settle,331,1.5667,0.9991,1.0000,0.9806,0.9959,0.0000,Steady,0
settle,332,1.5833,0.9692,1.0000,0.9800,0.9959,0.0000,Steady,0
settle,333,1.6000,0.9665,1.0000,0.9794,0.9959,0.0000,Steady,0
settle,334,1.6167,0.9978,1.0000,0.9803,0.9960,0.0000,Steady,0
settle,335,1.6333,0.9843,1.0000,0.9804,0.9960,0.0000,Steady,0
settle,336,1.6500,0.9600,1.0000,0.9795,0.9960,0.0000,Steady,0
settle,337,1.6667,0.9861,1.0000,0.9798,0.9961,0.0000,Steady,0
settle,338,1.6833,0.9968,1.0000,0.9806,0.9961,0.0000,Steady,0
settle,339,1.7000,0.9652,1.0000,0.9799,0.9961,0.0000,Steady,0
settle,340,1.7167,0.9709,1.0000,0.9795,0.9962,0.0000,Steady,0
settle,341,1.7333,0.9996,1.0000,0.9804,0.9962,0.0000,Steady,0
settle,342,1.7500,0.9789,1.0000,0.9803,0.9962,0.0000,Steady,0
settle,343,1.7667,0.9610,1.0000,0.9794,0.9963,0.0000,Steady,0
settle,344,1.7833,0.9909,1.0000,0.9800,0.9963,0.0000,Steady,0
settle,345,1.8000,0.9933,1.0000,0.9806,0.9963,0.0000,Steady,0
settle,346,1.8167,0.9621,1.0000,0.9797,0.9964,0.0000,Steady,0
settle,347,1.8333,0.9759,1.0000,0.9795,0.9964,0.0000,Steady,0
settle,348,1.8500,1.0000,1.0000,0.9805,0.9964,0.0000,Steady,0
settle,349,1.8667,0.9737,1.0000,0.9802,0.9965,0.0000,Steady,0
settle,350,1.8833,0.9633,1.0000,0.9794,0.9965,0.0000,Steady,0
settle,351,1.9000,0.9950,1.0000,0.9801,0.9965,0.0000,Steady,0
settle,352,1.9167,0.9889,1.0000,0.9805,0.9965,0.0000,Steady,0
settle,353,1.9333,0.9604,1.0000,0.9796,0.9966,0.0000,Steady,0
settle,354,1.9500,0.9812,1.0000,0.9797,0.9966,0.0000,Steady,0
settle,355,1.9667,0.9990,1.0000,0.9806,0.9966,0.0000,Steady,0
settle,356,1.9833,0.9689,1.0000,0.9800,0.9967,0.0000,Steady,0
settle,357,2.0000,0.9668,1.0000,0.9794,0.9967,0.0000,Steady,0
settle,358,2.0167,0.9979,1.0000,0.9803,0.9967,0.0000,Steady,0
settle,359,2.0333,0.9839,1.0000,0.9804,0.9967,0.0000,Steady,0
settle,360,2.0500,0.9600,1.0000,0.9795,0.9968,0.0000,Steady,0
settle,361,2.0667,0.9865,1.0000,0.9798,0.9968,0.0000,Steady,0
settle,362,2.0833,0.9966,1.0000,0.9806,0.9968,0.0000,Steady,0
settle,363,2.1000,0.9649,1.0000,0.9799,0.9968,0.0000,Steady,0
settle,364,2.1167,0.9712,1.0000,0.9795,0.9969,0.0000,Steady,0
settle,365,2.1333,0.9996,1.0000,0.9804,0.9969,0.0000,Steady,0
settle,366,2.1500,0.9786,1.0000,0.9803,0.9969,0.0000,Steady,0
settle,367,2.1667,0.9611,1.0000,0.9794,0.9969,0.0000,Steady,0
settle,368,2.1833,0.9912,1.0000,0.9800,0.9970,0.0000,Steady,0
settle,369,2.2000,0.9931,1.0000,0.9806,0.9970,0.0000,Steady,0
settle,370,2.2167,0.9620,1.0000,0.9797,0.9970,0.0000,Steady,0
settle,371,2.2333,0.9763,1.0000,0.9796,0.9970,0.0000,Steady,0
settle,372,2.2500,0.9999,1.0000,0.9805,0.9971,0.0000,Steady,0
settle,373,2.2667,0.9734,1.0000,0.9802,0.9971,0.0000,Steady,0
settle,374,2.2833,0.9635,1.0000,0.9794,0.9971,0.0000,Steady,0
settle,375,2.3000,0.9952,1.0000,0.9801,0.9971,0.0000,Steady,0
settle,376,2.3167,0.9886,1.0000,0.9805,0.9972,0.0000,Steady,0
settle,377,2.3333,0.9603,1.0000,0.9796,0.9972,0.0000,Steady,0
settle,378,2.3500,0.9816,1.0000,0.9797,0.9972,0.0000,Steady,0
settle,379,2.3667,0.9988,1.0000,0.9806,0.9972,0.0000,Steady,0
settle,380,2.3833,0.9686,1.0000,0.9800,0.9973,0.0000,Steady,0
settle,381,2.4000,0.9671,1.0000,0.9794,0.9973,0.0000,Steady,0
settle,382,2.4167,0.9981,1.0000,0.9803,0.9973,0.0000,Steady,0
settle,383,2.4333,0.9835,1.0000,0.9804,0.9973,0.0000,Steady,0
settle,384,2.4500,0.9601,1.0000,0.9795,0.9974,0.0000,Steady,0
settle,385,2.4667,0.9868,1.0000,0.9798,0.9974,0.0000,Steady,0
settle,386,2.4833,0.9964,1.0000,0.9806,0.9974,0.0000,Steady,0
settle,387,2.5000,0.9647,1.0000,0.9799,0.9974,0.0000,Steady,0
settle,388,2.5167,0.9716,1.0000,0.9795,0.9974,0.0000,Steady,0
settle,389,2.5333,0.9997,1.0000,0.9804,0.9975,0.0000,Steady,0
settle,390,2.5500,0.9782,1.0000,0.9803,0.9975,0.0000,Steady,0
settle,391,2.5667,0.9612,1.0000,0.9794,0.9975,0.0000,Steady,0
settle,392,2.5833,0.9915,1.0000,0.9800,0.9975,0.0000,Steady,0
settle,393,2.6000,0.9928,1.0000,0.9806,0.9975,0.0000,Steady,0
settle,394,2.6167,0.9618,1.0000,0.9797,0.9976,0.0000,Steady,0
settle,395,2.6333,0.9766,1.0000,0.9796,0.9976,0.0000,Steady,0
settle,396,2.6500,0.9999,1.0000,0.9805,0.9976,0.0000,Steady,0
settle,397,2.6667,0.9730,1.0000,0.9802,0.9976,0.0000,Steady,0
settle,398,2.6833,0.9637,1.0000,0.9794,0.9976,0.0000,Steady,0
settle,399,2.7000,0.9954,1.0000,0.9801,0.9977,0.0000,Steady,0
settle,400,2.7167,0.9883,1.0000,0.9805,0.9977,0.0000,Steady,0
settle,401,2.7333,0.9603,1.0000,0.9796,0.9977,0.0000,Steady,0
settle,402,2.7500,0.9820,1.0000,0.9797,0.9977,0.0000,Steady,0
settle,403,2.7667,0.9987,1.0000,0.9806,0.9977,0.0000,Steady,0
settle,404,2.7833,0.9683,1.0000,0.9800,0.9978,0.0000,Steady,0
settle,405,2.8000,0.9674,1.0000,0.9794,0.9978,0.0000,Steady,0
settle,406,2.8167,0.9982,1.0000,0.9803,0.9978,0.0000,Steady,0
settle,407,2.8333,0.9832,1.0000,0.9804,0.9978,0.0000,Steady,0
settle,408,2.8500,0.9601,1.0000,0.9795,0.9978,0.0000,Steady,0
settle,409,2.8667,0.9872,1.0000,0.9798,0.9978,0.0000,Steady,0
settle,410,2.8833,0.9962,1.0000,0.9806,0.9979,0.0000,Steady,0
settle,411,2.9000,0.9644,1.0000,0.9798,0.9979,0.0000,Steady,0
settle,412,2.9167,0.9719,1.0000,0.9795,0.9979,0.0000,Steady,0
settle,413,2.9333,0.9998,1.0000,0.9804,0.9979,0.0000,Steady,0
settle,414,2.9500,0.9779,1.0000,0.9803,0.9979,0.0000,Steady,0
settle,415,2.9667,0.9614,1.0000,0.9794,0.9980,0.0000,Steady,0
settle,416,2.9833,0.9918,1.0000,0.9800,0.9980,0.0000,Steady,0
settle,417,3.0000,0.9925,1.0000,0.9806,0.9980,0.0000,Steady,0
settle,418,3.0167,0.9617,1.0000,0.9797,0.9980,0.0000,Steady,0
settle,419,3.0333,0.9770,1.0000,0.9796,0.9980,0.0000,Steady,0
settle,420,3.0500,0.9999,1.0000,0.9805,0.9980,0.0000,Steady,0
settle,421,3.0667,0.9727,1.0000,0.9802,0.9981,0.0000,Steady,0
settle,422,3.0833,0.9639,1.0000,0.9794,0.9981,0.0000,Steady,0
settle,423,3.1000,0.9957,1.0000,0.9802,0.9981,0.0000,Steady,0
settle,424,3.1167,0.9879,1.0000,0.9805,0.9981,0.0000,Steady,0
settle,425,3.1333,0.9602,1.0000,0.9796,0.9981,0.0000,Steady,0
settle,426,3.1500,0.9823,1.0000,0.9797,0.9981,0.0000,Steady,0
settle,427,3.1667,0.9986,1.0000,0.9806,0.9981,0.0000,Steady,0
settle,428,3.1833,0.9680,1.0000,0.9800,0.9982,0.0000,Steady,0
settle,429,3.2000,0.9676,1.0000,0.9794,0.9982,0.0000,Steady,0
settle,430,3.2167,0.9984,1.0000,0.9803,0.9982,0.0000,Steady,0
settle,431,3.2333,0.9828,1.0000,0.9804,0.9982,0.0000,Steady,0
settle,432,3.2500,0.9601,1.0000,0.9795,0.9982,0.0000,Steady,0
settle,433,3.2667,0.9875,1.0000,0.9799,0.9982,0.0000,Steady,0
settle,434,3.2833,0.9960,1.0000,0.9806,0.9983,0.0000,Steady,0
settle,435,3.3000,0.9642,1.0000,0.9798,0.9983,0.0000,Steady,0
settle,436,3.3167,0.9722,1.0000,0.9795,0.9983,0.0000,Steady,0
settle,437,3.3333,0.9998,1.0000,0.9804,0.9983,0.0000,Steady,0
settle,438,3.3500,0.9775,1.0000,0.9803,0.9983,0.0000,Steady,0
settle,439,3.3667,0.9615,1.0000,0.9794,0.9983,0.0000,Steady,0
settle,440,3.3833,0.9921,1.0000,0.9800,0.9983,0.0000,Steady,0
settle,441,3.4000,0.9922,1.0000,0.9806,0.9984,0.0000,Steady,0
settle,442,3.4167,0.9615,1.0000,0.9797,0.9984,0.0000,Steady,0
settle,443,3.4333,0.9774,1.0000,0.9796,0.9984,0.0000,Steady,0
settle,444,3.4500,0.9998,1.0000,0.9805,0.9984,0.0000,Steady,0
settle,445,3.4667,0.9723,1.0000,0.9801,0.9984,0.0000,Steady,0
settle,446,3.4833,0.9641,1.0000,0.9794,0.9984,0.0000,Steady,0
settle,447,3.5000,0.9959,1.0000,0.9802,0.9984,0.0000,Steady,0
settle,448,3.5167,0.9876,1.0000,0.9805,0.9984,0.0000,Steady,0
settle,449,3.5333,0.9602,1.0000,0.9796,0.9985,0.0000,Steady,0
settle,450,3.5500,0.9827,1.0000,0.9797,0.9985,0.0000,Steady,0
settle,451,3.5667,0.9984,1.0000,0.9806,0.9985,0.0000,Steady,0
settle,452,3.5833,0.9677,1.0000,0.9800,0.9985,0.0000,Steady,0
settle,453,3.6000,0.9679,1.0000,0.9794,0.9985,0.0000,Steady,0
settle,454,3.6167,0.9985,1.0000,0.9803,0.9985,0.0000,Steady,0
settle,455,3.6333,0.9825,1.0000,0.9804,0.9985,0.0000,Steady,0
settle,456,3.6500,0.9602,1.0000,0.9795,0.9985,0.0000,Steady,0
settle,457,3.6667,0.9878,1.0000,0.9799,0.9986,0.0000,Steady,0
settle,458,3.6833,0.9957,1.0000,0.9806,0.9986,0.0000,Steady,0
settle,459,3.7000,0.9640,1.0000,0.9798,0.9986,0.0000,Steady,0
settle,460,3.7167,0.9726,1.0000,0.9795,0.9986,0.0000,Steady,0
settle,461,3.7333,0.9999,1.0000,0.9804,0.9986,0.0000,Steady,0
settle,462,3.7500,0.9771,1.0000,0.9803,0.9986,0.0000,Steady,0
settle,463,3.7667,0.9616,1.0000,0.9794,0.9986,0.0000,Steady,0
settle,464,3.7833,0.9924,1.0000,0.9800,0.9986,0.0000,Steady,0
settle,465,3.8000,0.9919,1.0000,0.9806,0.9987,0.0000,Steady,0
settle,466,3.8167,0.9614,1.0000,0.9797,0.9987,0.0000,Steady,0
settle,467,3.8333,0.9777,1.0000,0.9796,0.9987,0.0000,Steady,0
settle,468,3.8500,0.9998,1.0000,0.9805,0.9987,0.0000,Steady,0
settle,469,3.8667,0.9720,1.0000,0.9801,0.9987,0.0000,Steady,0
settle,470,3.8833,0.9644,1.0000,0.9794,0.9987,0.0000,Steady,0
settle,471,3.9000,0.9961,1.0000,0.9802,0.9987,0.0000,Steady,0
settle,472,3.9167,0.9873,1.0000,0.9805,0.9987,0.0000,Steady,0
settle,473,3.9333,0.9601,1.0000,0.9796,0.9987,0.0000,Steady,0
settle,474,3.9500,0.9831,1.0000,0.9797,0.9987,0.0000,Steady,0
settle,475,3.9667,0.9983,1.0000,0.9806,0.9988,0.0000,Steady,0
settle,476,3.9833,0.9674,1.0000,0.9800,0.9988,0.0000,Steady,0
settle,477,4.0000,0.9682,1.0000,0.9794,0.9988,0.0000,Steady,0
normal_off,478,0.0167,0.0000,0.5801,0.9339,0.9967,0.0000,Steady,0
normal_off,479,0.0333,0.0000,0.5978,0.8905,0.9946,0.0000,Steady,0
normal_off,480,0.0500,0.0000,0.5908,0.8490,0.9926,0.0000,Steady,0
normal_off,481,0.0667,0.0000,0.5767,0.8096,0.9905,0.0000,Steady,0
normal_off,482,0.0833,0.0000,0.5911,0.7719,0.9885,0.0000,Steady,0
normal_off,483,0.1000,0.0000,0.5977,0.7360,0.9865,0.0000,Steady,0
normal_off,484,0.1167,0.0000,0.5799,0.7018,0.9844,0.0000,Steady,0
normal_off,485,0.1333,0.0000,0.5825,0.6692,0.9824,0.0000,Steady,0
normal_off,486,0.1500,0.0000,0.5989,0.6380,0.9804,0.0000,Steady,0
normal_off,487,0.1667,0.0000,0.5878,0.6084,0.9784,0.0000,Steady,0
normal_off,488,0.1833,0.0000,0.5772,0.5801,0.9764,0.0000,Steady,0
normal_off,489,0.2000,0.0000,0.5938,0.5531,0.9744,0.0000,Steady,0
normal_off,490,0.2167,0.0000,0.5958,0.5274,0.9725,0.0090,Steady,0
normal_off,491,0.2333,0.0000,0.5781,0.5029,0.9705,0.0373,Steady,0
normal_off,492,0.2500,0.0000,0.5853,0.4795,0.9685,0.0706,Steady,0
normal_off,493,0.2667,0.0000,0.5993,0.4572,0.9666,0.1039,Steady,0
normal_off,494,0.2833,0.0000,0.5848,0.4359,0.9647,0.1373,Steady,0
normal_off,495,0.3000,0.0000,0.5784,0.4156,0.9627,0.1706,Steady,0
normal_off,496,0.3167,0.0000,0.5962,0.3963,0.9608,0.2039,Steady,0
normal_off,497,0.3333,0.0000,0.5934,0.3779,0.9589,0.2373,Steady,0
normal_off,498,0.3500,0.0000,0.5770,0.3603,0.9570,0.2706,Steady,0
normal_off,499,0.3667,0.0000,0.5883,0.3436,0.9551,0.3039,Steady,0
normal_off,500,0.3833,0.0000,0.5988,0.3276,0.9532,0.3373,Steady,0
normal_off,501,0.4000,0.0000,0.5821,0.3123,0.9513,0.3706,Steady,0
normal_off,502,0.4167,0.0000,0.5803,0.2978,0.9494,0.4039,Steady,0
normal_off,503,0.4333,0.0000,0.5979,0.2840,0.9475,0.4373,Steady,0
normal_off,504,0.4500,0.0000,0.5906,0.2708,0.9457,0.4706,Steady,0
normal_off,505,0.4667,0.0000,0.5767,0.2582,0.9438,0.5039,Steady,0
normal_off,506,0.4833,0.0000,0.5913,0.2462,0.9419,0.5373,Steady,0
normal_off,507,0.5000,0.0000,0.5976,0.2347,0.9401,0.5706,Steady,0
normal_off,508,0.5167,0.0000,0.5798,0.2238,0.9383,0.6039,Steady,0
normal_off,509,0.5333,0.0000,0.5827,0.2134,0.9364,0.6373,Steady,0
normal_off,510,0.5500,0.0000,0.5990,0.2035,0.9346,0.6706,Steady,0
normal_off,511,0.5667,0.0000,0.5876,0.1940,0.9328,0.7039,Off,0
normal_off,512,0.5833,0.0000,0.5772,0.1850,0.9310,0.7373,Off,0
normal_off,513,0.6000,0.0000,0.5940,0.1764,0.9292,0.7706,Off,0
normal_off,514,0.6167,0.0000,0.5956,0.1682,0.9274,0.8039,Off,0
normal_off,515,0.6333,0.0000,0.5780,0.1604,0.9256,0.8373,Off,0
normal_off,516,0.6500,0.0000,0.5855,0.1529,0.9238,0.8706,Off,0
normal_off,517,0.6667,0.0000,0.5993,0.1458,0.9220,0.9039,Off,0
normal_off,518,0.6833,0.0000,0.5846,0.1390,0.9203,0.9238,Off,0
normal_off,519,0.7000,0.0000,0.5785,0.1326,0.9185,0.9238,Off,0
normal_off,520,0.7167,0.0000,0.5963,0.1264,0.9168,0.9238,Off,0
normal_off,521,0.7333,0.0000,0.5932,0.1205,0.9150,0.9238,Off,0
normal_off,522,0.7500,0.0000,0.5770,0.1149,0.9133,0.9238,Off,0
normal_off,523,0.7667,0.0000,0.5885,0.1096,0.9115,0.9238,Off,0
normal_off,524,0.7833,0.0000,0.5987,0.1045,0.9098,0.9238,Off,0
normal_off,525,0.8000,0.0000,0.5819,0.0996,0.9081,0.9238,Off,0
normal_off,526,0.8167,0.0000,0.5804,0.0950,0.9064,0.9238,Off,0
normal_off,527,0.8333,0.0000,0.5980,0.0906,0.9047,0.9238,Off,0
normal_off,528,0.8500,0.0000,0.5904,0.0863,0.9030,0.9238,Off,0
normal_off,529,0.8667,0.0000,0.5768,0.0823,0.9013,0.9238,Off,0
normal_off,530,0.8833,0.0000,0.5915,0.0785,0.8996,0.9238,Off,0
normal_off,531,0.9000,0.0000,0.5974,0.0749,0.8979,0.9238,Off,0
normal_off,532,0.9167,0.0000,0.5796,0.0714,0.8962,0.9238,Off,0
normal_off,533,0.9333,0.0000,0.5829,0.0681,0.8945,0.9238,Off,0
normal_off,534,0.9500,0.0000,0.5990,0.0649,0.8929,0.9238,Off,0
normal_off,535,0.9667,0.0000,0.5874,0.0619,0.8912,0.9238,Off,0
normal_off,536,0.9833,0.0000,0.5773,0.0590,0.8896,0.9238,Off,0
normal_off,537,1.0000,0.0000,0.5942,0.0563,0.8879,0.9238,Off,0
normal_off,538,1.0167,0.0000,0.5955,0.0536,0.8863,0.9238,Off,0
normal_off,539,1.0333,0.0000,0.5779,0.0511,0.8847,0.9238,Off,0
normal_off,540,1.0500,0.0000,0.5857,0.0488,0.8830,0.9238,Off,0
normal_off,541,1.0667,0.0000,0.5992,0.0465,0.8814,0.9238,Off,0
normal_off,542,1.0833,0.0000,0.5844,0.0443,0.8798,0.9238,Off,0
normal_off,543,1.1000,0.0000,0.5786,0.0423,0.8782,0.9238,Off,0
normal_off,544,1.1167,0.0000,0.5964,0.0403,0.8766,0.9238,Off,0
normal_off,545,1.1333,0.0000,0.5930,0.0384,0.8750,0.9238,Off,0
normal_off,546,1.1500,0.0000,0.5770,0.0366,0.8734,0.9238,Off,0
normal_off,547,1.1667,0.0000,0.5887,0.0349,0.8718,0.9238,Off,0
normal_off,548,1.1833,0.0000,0.5987,0.0333,0.8702,0.9238,Off,0
normal_off,549,1.2000,0.0000,0.5817,0.0318,0.8686,0.9238,Off,0
normal_off,550,1.2167,0.0000,0.5806,0.0303,0.8671,0.9238,Off,0
normal_off,551,1.2333,0.0000,0.5981,0.0289,0.8655,0.8904,Off,0
normal_off,552,1.2500,0.0000,0.5902,0.0275,0.8640,0.8640,Off,0
normal_off,553,1.2667,0.0000,0.5768,0.0263,0.8624,0.8624,Off,0
normal_off,554,1.2833,0.0000,0.5917,0.0250,0.8609,0.8609,Off,0
normal_off,555,1.3000,0.0000,0.5973,0.0239,0.8593,0.8593,Off,0
normal_off,556,1.3167,0.0000,0.5795,0.0228,0.8578,0.8578,Off,0
normal_off,557,1.3333,0.0000,0.5831,0.0217,0.8562,0.8562,Off,0
normal_off,558,1.3500,0.0000,0.5991,0.0207,0.8547,0.8547,Off,0
normal_off,559,1.3667,0.0000,0.5872,0.0197,0.8532,0.8532,Off,0
normal_off,560,1.3833,0.0000,0.5774,0.0188,0.8517,0.8517,Off,0
normal_off,561,1.4000,0.0000,0.5943,0.0179,0.8502,0.8502,Off,0
normal_off,562,1.4167,0.0000,0.5953,0.0171,0.8487,0.8487,Off,0
normal_off,563,1.4333,0.0000,0.5778,0.0163,0.8472,0.8472,Off,0
normal_off,564,1.4500,0.0000,0.5859,0.0156,0.8457,0.8457,Off,0
normal_off,565,1.4667,0.0000,0.5992,0.0148,0.8442,0.8442,Off,0
normal_off,566,1.4833,0.0000,0.5842,0.0141,0.8427,0.8427,Off,0
normal_off,567,1.5000,0.0000,0.5787,0.0135,0.8412,0.8412,Off,0
normal_off,568,1.5167,0.0000,0.5966,0.0129,0.8398,0.8398,Off,0
normal_off,569,1.5333,0.0000,0.5928,0.0123,0.8383,0.8383,Off,0
normal_off,570,1.5500,0.0000,0.5769,0.0117,0.8368,0.8368,Off,0
normal_off,571,1.5667,0.0000,0.5889,0.0111,0.8354,0.8354,Off,0
normal_off,572,1.5833,0.0000,0.5986,0.0106,0.8339,0.8339,Off,0
normal_off,573,1.6000,0.0000,0.5816,0.0101,0.8325,0.8325,Off,0
normal_off,574,1.6167,0.0000,0.5807,0.0097,0.8310,0.8310,Off,0
normal_off,575,1.6333,0.0000,0.5982,0.0092,0.8296,0.8296,Off,0
normal_off,576,1.6500,0.0000,0.5900,0.0088,0.8282,0.8282,Off,0
normal_off,577,1.6667,0.0000,0.5768,0.0084,0.8267,0.8267,Off,0
normal_off,578,1.6833,0.0000,0.5918,0.0080,0.8253,0.8253,Off,0
normal_off,579,1.7000,0.0000,0.5972,0.0076,0.8239,0.8239,Off,0
normal_off,580,1.7167,0.0000,0.5794,0.0073,0.8225,0.8225,Off,0
normal_off,581,1.7333,0.0000,0.5833,0.0069,0.8211,0.8211,Off,0
normal_off,582,1.7500,0.0000,0.5991,0.0066,0.8197,0.8197,Off,0
normal_off,583,1.7667,0.0000,0.5870,0.0063,0.8183,0.8183,Off,0
normal_off,584,1.7833,0.0000,0.5774,0.0060,0.8169,0.8169,Off,0
normal_off,585,1.8000,0.0000,0.5945,0.0057,0.8155,0.8155,Off,0
normal_off,586,1.8167,0.0000,0.5952,0.0055,0.8141,0.8141,Off,0
normal_off,587,1.8333,0.0000,0.5778,0.0052,0.8128,0.8128,Off,0
normal_off,588,1.8500,0.0000,0.5861,0.0050,0.8114,0.8114,Off,0
normal_off,589,1.8667,0.0000,0.5992,0.0047,0.8100,0.8100,Off,0
normal_off,590,1.8833,0.0000,0.5841,0.0045,0.8086,0.8086,Off,0
normal_off,591,1.9000,0.0000,0.5788,0.0043,0.8073,0.8073,Off,0
normal_off,592,1.9167,0.0000,0.5967,0.0041,0.8059,0.8059,Off,0
normal_off,593,1.9333,0.0000,0.5927,0.0039,0.8046,0.8046,Off,0
normal_off,594,1.9500,0.0000,0.5769,0.0037,0.8032,0.8032,Off,0
normal_off,595,1.9667,0.0000,0.5891,0.0036,0.8019,0.8019,Off,0
normal_off,596,1.9833,0.0000,0.5985,0.0034,0.8006,0.8006,Off,0
normal_off,597,2.0000,0.0000,0.5814,0.0032,0.7992,0.7992,Off,0
normal_off,598,2.0167,0.0000,0.5809,0.0031,0.7979,0.7979,Off,0
normal_off,599,2.0333,0.0000,0.5983,0.0029,0.7966,0.7966,Off,0
normal_off,600,2.0500,0.0000,0.5898,0.0028,0.7952,0.7952,Off,0
normal_off,601,2.0667,0.0000,0.5768,0.0027,0.7939,0.7939,Off,0
normal_off,602,2.0833,0.0000,0.5920,0.0025,0.7926,0.7926,Off,0
normal_off,603,2.1000,0.0000,0.5971,0.0024,0.7913,0.7913,Off,0
normal_off,604,2.1167,0.0000,0.5792,0.0023,0.7900,0.7900,Off,0
normal_off,605,2.1333,0.0000,0.5834,0.0022,0.7887,0.7887,Off,0
normal_off,606,2.1500,0.0000,0.5991,0.0021,0.7874,0.7874,Off,0
normal_off,607,2.1667,0.0000,0.5868,0.0020,0.7861,0.7861,Off,0
normal_off,608,2.1833,0.0000,0.5775,0.0019,0.7848,0.7848,Off,0
normal_off,609,2.2000,0.0000,0.5947,0.0018,0.7836,0.7836,Off,0
normal_off,610,2.2167,0.0000,0.5950,0.0017,0.7823,0.7823,Off,0
normal_off,611,2.2333,0.0000,0.5777,0.0017,0.7810,0.7810,Off,0
normal_off,612,2.2500,0.0000,0.5863,0.0016,0.7797,0.7797,Off,0
normal_off,613,2.2667,0.0000,0.5992,0.0015,0.7785,0.7785,Off,0
normal_off,614,2.2833,0.0000,0.5839,0.0014,0.7772,0.7772,Off,0
normal_off,615,2.3000,0.0000,0.5789,0.0014,0.7760,0.7760,Off,0
normal_off,616,2.3167,0.0000,0.5968,0.0013,0.7747,0.7747,Off,0
normal_off,617,2.3333,0.0000,0.5925,0.0012,0.7735,0.7735,Off,0
normal_off,618,2.3500,0.0000,0.5769,0.0012,0.7722,0.7722,Off,0
normal_off,619,2.3667,0.0000,0.5893,0.0011,0.7710,0.7710,Off,0
normal_off,620,2.3833,0.0000,0.5985,0.0011,0.7697,0.7697,Off,0
normal_off,621,2.4000,0.0000,0.5813,0.0010,0.7685,0.7685,Off,0
normal_off,622,2.4167,0.0000,0.5810,0.0010,0.7673,0.7673,Off,0
normal_off,623,2.4333,0.0000,0.5984,0.0009,0.7661,0.7661,Off,0
normal_off,624,2.4500,0.0000,0.5896,0.0009,0.7648,0.7648,Off,0
normal_off,625,2.4667,0.0000,0.5768,0.0009,0.7636,0.7636,Off,0
normal_off,626,2.4833,0.0000,0.5922,0.0008,0.7624,0.7624,Off,0
normal_off,627,2.5000,0.0000,0.5970,0.0008,0.7612,0.7612,Off,0
normal_off,628,2.5167,0.0000,0.5791,0.0007,0.7600,0.7600,Off,0
normal_off,629,2.5333,0.0000,0.5836,0.0007,0.7588,0.7588,Off,0
normal_off,630,2.5500,0.0000,0.5992,0.0007,0.7576,0.7576,Off,0
normal_off,631,2.5667,0.0000,0.5866,0.0006,0.7564,0.7564,Off,0
normal_off,632,2.5833,0.0000,0.5776,0.0006,0.7552,0.7552,Off,0
normal_off,633,2.6000,0.0000,0.5948,0.0006,0.7540,0.7540,Off,0
normal_off,634,2.6167,0.0000,0.5949,0.0006,0.7528,0.7528,Off,0
normal_off,635,2.6333,0.0000,0.5776,0.0005,0.7517,0.7517,Off,0
normal_off,636,2.6500,0.0000,0.5865,0.0005,0.7505,0.7505,Off,0
normal_off,637,2.6667,0.0000,0.5992,0.0005,0.7493,0.7493,Off,0
normal_off,638,2.6833,0.0000,0.5837,0.0005,0.7481,0.7481,Off,0
normal_off,639,2.7000,0.0000,0.5791,0.0004,0.7470,0.7470,Off,0
normal_off,640,2.7167,0.0000,0.5969,0.0004,0.7458,0.7458,Off,0
normal_off,641,2.7333,0.0000,0.5923,0.0004,0.7447,0.7447,Off,0
normal_off,642,2.7500,0.0000,0.5768,0.0004,0.7435,0.7435,Off,0
normal_off,643,2.7667,0.0000,0.5895,0.0004,0.7424,0.7424,Off,0
normal_off,644,2.7833,0.0000,0.5984,0.0003,0.7412,0.7412,Off,0
normal_off,645,2.8000,0.0000,0.5811,0.0003,0.7401,0.7401,Off,0
normal_off,646,2.8167,0.0000,0.5812,0.0003,0.7389,0.7389,Off,0
normal_off,647,2.8333,0.0000,0.5984,0.0003,0.7378,0.7378,Off,0
normal_off,648,2.8500,0.0000,0.5894,0.0003,0.7367,0.7367,Off,0
normal_off,649,2.8667,0.0000,0.5768,0.0003,0.7355,0.7355,Off,0
normal_off,650,2.8833,0.0000,0.5924,0.0003,0.7344,0.7344,Off,0
normal_off,651,2.9000,0.0000,0.5969,0.0002,0.7333,0.7333,Off,0
normal_off,652,2.9167,0.0000,0.5790,0.0002,0.7322,0.7322,Off,0
normal_off,653,2.9333,0.0000,0.5838,0.0002,0.7311,0.7311,Off,0
normal_off,654,2.9500,0.0000,0.5992,0.0002,0.7299,0.7299,Off,0
normal_off,655,2.9667,0.0000,0.5864,0.0002,0.7288,0.7288,Off,0
normal_off,656,2.9833,0.0000,0.5776,0.0002,0.7277,0.7277,Off,0
normal_off,657,3.0000,0.0000,0.5950,0.0002,0.7266,0.7266,Off,0
normal_off,658,3.0167,0.0000,0.5947,0.0002,0.7255,0.7255,Off,0
normal_off,659,3.0333,0.0000,0.5775,0.0002,0.7244,0.7244,Off,0
normal_off,660,3.0500,0.0000,0.5867,0.0002,0.7233,0.7233,Off,0
normal_off,661,3.0667,0.0000,0.5991,0.0002,0.7223,0.7223,Off,0
normal_off,662,3.0833,0.0000,0.5835,0.0001,0.7212,0.7212,Off,0
normal_off,663,3.1000,0.0000,0.5792,0.0001,0.7201,0.7201,Off,0
normal_off,664,3.1167,0.0000,0.5970,0.0001,0.7190,0.7190,Off,0
normal_off,665,3.1333,0.0000,0.5921,0.0001,0.7179,0.7179,Off,0
normal_off,666,3.1500,0.0000,0.5768,0.0001,0.7169,0.7169,Off,0
normal_off,667,3.1667,0.0000,0.5897,0.0001,0.7158,0.7158,Off,0
normal_off,668,3.1833,0.0000,0.5983,0.0001,0.7147,0.7147,Off,0
normal_off,669,3.2000,0.0000,0.5810,0.0001,0.7137,0.7137,Off,0
normal_off,670,3.2167,0.0000,0.5813,0.0001,0.7126,0.7126,Off,0
normal_off,671,3.2333,0.0000,0.5985,0.0001,0.7115,0.7115,Off,0
normal_off,672,3.2500,0.0000,0.5892,0.0001,0.7105,0.7105,Off,0
normal_off,673,3.2667,0.0000,0.5769,0.0001,0.7094,0.7094,Off,0
normal_off,674,3.2833,0.0000,0.5926,0.0001,0.7084,0.7084,Off,0
normal_off,675,3.3000,0.0000,0.5968,0.0001,0.7074,0.7074,Off,0
normal_off,676,3.3167,0.0000,0.5789,0.0001,0.7063,0.7063,Off,0
normal_off,677,3.3333,0.0000,0.5840,0.0001,0.7053,0.7053,Off,0
normal_off,678,3.3500,0.0000,0.5992,0.0001,0.7042,0.7042,Off,0
normal_off,679,3.3667,0.0000,0.5862,0.0001,0.7032,0.7032,Off,0
normal_off,680,3.3833,0.0000,0.5777,0.0001,0.7022,0.7022,Off,0
normal_off,681,3.4000,0.0000,0.5951,0.0001,0.7012,0.7012,Off,0
normal_off,682,3.4167,0.0000,0.5946,0.0001,0.7001,0.7001,Off,0
normal_off,683,3.4333,0.0000,0.5775,0.0001,0.6991,0.6991,Off,0
normal_off,684,3.4500,0.0000,0.5869,0.0001,0.6981,0.6981,Off,0
normal_off,685,3.4667,0.0000,0.5991,0.0000,0.6971,0.6971,Off,0
normal_off,686,3.4833,0.0000,0.5834,0.0000,0.6961,0.6961,Off,0
normal_off,687,3.5000,0.0000,0.5793,0.0000,0.6951,0.6951,Off,0
normal_off,688,3.5167,0.0000,0.5972,0.0000,0.6941,0.6941,Off,0
normal_off,689,3.5333,0.0000,0.5919,0.0000,0.6931,0.6931,Off,0
normal_off,690,3.5500,0.0000,0.5768,0.0000,0.6921,0.6921,Off,0
normal_off,691,3.5667,0.0000,0.5899,0.0000,0.6911,0.6911,Off,0
normal_off,692,3.5833,0.0000,0.5982,0.0000,0.6901,0.6901,Off,0
normal_off,693,3.6000,0.0000,0.5808,0.0000,0.6891,0.6891,Off,0
normal_off,694,3.6167,0.0000,0.5815,0.0000,0.6881,0.6881,Off,0
normal_off,695,3.6333,0.0000,0.5986,0.0000,0.6871,0.6871,Off,0
normal_off,696,3.6500,0.0000,0.5890,0.0000,0.6861,0.6861,Off,0
normal_off,697,3.6667,0.0000,0.5769,0.0000,0.6851,0.6851,Off,0
normal_off,698,3.6833,0.0000,0.5927,0.0000,0.6842,0.6842,Off,0
normal_off,699,3.7000,0.0000,0.5966,0.0000,0.6832,0.6832,Off,0
normal_off,700,3.7167,0.0000,0.5788,0.0000,0.6822,0.6822,Off,0
normal_off,701,3.7333,0.0000,0.5841,0.0000,0.6813,0.6813,Off,0
normal_off,702,3.7500,0.0000,0.5992,0.0000,0.6803,0.6803,Off,0
normal_off,703,3.7667,0.0000,0.5860,0.0000,0.6793,0.6793,Off,0
normal_off,704,3.7833,0.0000,0.5778,0.0000,0.6784,0.6784,Off,0
normal_off,705,3.8000,0.0000,0.5953,0.0000,0.6774,0.6774,Off,0
normal_off,706,3.8167,0.0000,0.5944,0.0000,0.6765,0.6765,Off,0
normal_off,707,3.8333,0.0000,0.5774,0.0000,0.6755,0.6755,Off,0
normal_off,708,3.8500,0.0000,0.5871,0.0000,0.6745,0.6745,Off,0
normal_off,709,3.8667,0.0000,0.5991,0.0000,0.6736,0.6736,Off,0
normal_off,710,3.8833,0.0000,0.5832,0.0000,0.6727,0.6727,Off,0
normal_off,711,3.9000,0.0000,0.5794,0.0000,0.6717,0.6717,Off,0
normal_off,712,3.9167,0.0000,0.5973,0.0000,0.6708,0.6708,Off,0
normal_off,713,3.9333,0.0000,0.5918,0.0000,0.6698,0.6698,Off,0
normal_off,714,3.9500,0.0000,0.5768,0.0000,0.6689,0.6689,Off,0
normal_off,715,3.9667,0.0000,0.5901,0.0000,0.6680,0.6680,Off,0
normal_off,716,3.9833,0.0000,0.5982,0.0000,0.6670,0.6670,Off,0
normal_off,717,4.0000,0.0000,0.5807,0.0000,0.6661,0.6661,Off,0
normal_off,718,4.0167,0.0000,0.5817,0.0000,0.6652,0.6652,Off,0
normal_off,719,4.0333,0.0000,0.5986,0.0000,0.6643,0.6643,Off,0
normal_off,720,4.0500,0.0000,0.5888,0.0000,0.6634,0.6634,Off,0
normal_off,721,4.0667,0.0000,0.5769,0.0000,0.6624,0.6624,Off,0
normal_off,722,4.0833,0.0000,0.5929,0.0000,0.6615,0.6615,Off,0
normal_off,723,4.1000,0.0000,0.5965,0.0000,0.6606,0.6606,Off,0
normal_off,724,4.1167,0.0000,0.5787,0.0000,0.6597,0.6597,Off,0
normal_off,725,4.1333,0.0000,0.5843,0.0000,0.6588,0.6588,Off,0
normal_off,726,4.1500,0.0000,0.5992,0.0000,0.6579,0.6579,Off,0
normal_off,727,4.1667,0.0000,0.5858,0.0000,0.6570,0.6570,Off,0
normal_off,728,4.1833,0.0000,0.5779,0.0000,0.6561,0.6561,Off,0
normal_off,729,4.2000,0.0000,0.5954,0.0000,0.6552,0.6552,Off,0
normal_off,730,4.2167,0.0000,0.5943,0.0000,0.6543,0.6543,Off,0
normal_off,731,4.2333,0.0000,0.5773,0.0000,0.6534,0.6534,Off,0
normal_off,732,4.2500,0.0000,0.5873,0.0000,0.6525,0.6525,Off,0
normal_off,733,4.2667,0.0000,0.5990,0.0000,0.6517,0.6517,Off,0
normal_off,734,4.2833,0.0000,0.5830,0.0000,0.6508,0.6508,Off,0
normal_off,735,4.3000,0.0000,0.5795,0.0000,0.6499,0.6499,Off,0
normal_off,736,4.3167,0.0000,0.5974,0.0000,0.6490,0.6490,Off,0
normal_off,737,4.3333,0.0000,0.5916,0.0000,0.6481,0.6481,Off,0
normal_off,738,4.3500,0.0000,0.5768,0.0000,0.6473,0.6473,Off,0
normal_off,739,4.3667,0.0000,0.5903,0.0000,0.6464,0.6464,Off,0
normal_off,740,4.3833,0.0000,0.5981,0.0000,0.6455,0.6455,Off,0
normal_off,741,4.4000,0.0000,0.5805,0.0000,0.6447,0.6447,Off,0
normal_off,742,4.4167,0.0000,0.5818,0.0000,0.6438,0.6438,Off,0
normal_off,743,4.4333,0.0000,0.5987,0.0000,0.6429,0.6429,Off,0
normal_off,744,4.4500,0.0000,0.5886,0.0000,0.6421,0.6421,Off,0
normal_off,745,4.4667,0.0000,0.5770,0.0000,0.6412,0.6412,Off,0
normal_off,746,4.4833,0.0000,0.5931,0.0000,0.6404,0.6404,Off,0
normal_off,747,4.5000,0.0000,0.5964,0.0000,0.6395,0.6395,Off,0
normal_off,748,4.5167,0.0000,0.5786,0.0000,0.6386,0.6386,Off,0
normal_off,749,4.5333,0.0000,0.5845,0.0000,0.6378,0.6378,Off,0
normal_off,750,4.5500,0.0000,0.5992,0.0000,0.6370,0.6370,Off,0
normal_off,751,4.5667,0.0000,0.5857,0.0000,0.6361,0.6361,Off,0
normal_off,752,4.5833,0.0000,0.5780,0.0000,0.6353,0.6353,Off,0
normal_off,753,4.6000,0.0000,0.5956,0.0000,0.6344,0.6344,Off,0
normal_off,754,4.6167,0.0000,0.5941,0.0000,0.6336,0.6336,Off,0
normal_off,755,4.6333,0.0000,0.5773,0.0000,0.6328,0.6328,Off,0
normal_off,756,4.6500,0.0000,0.5875,0.0000,0.6319,0.6319,Off,0
normal_off,757,4.6667,0.0000,0.5990,0.0000,0.6311,0.6311,Off,0
normal_off,758,4.6833,0.0000,0.5828,0.0000,0.6303,0.6303,Off,0
normal_off,759,4.7000,0.0000,0.5797,0.0000,0.6294,0.6294,Off,0
normal_off,760,4.7167,0.0000,0.5975,0.0000,0.6286,0.6286,Off,0
normal_off,761,4.7333,0.0000,0.5914,0.0000,0.6278,0.6278,Off,0
normal_off,762,4.7500,0.0000,0.5768,0.0000,0.6270,0.6270,Off,0
normal_off,763,4.7667,0.0000,0.5904,0.0000,0.6262,0.6262,Off,0
normal_off,764,4.7833,0.0000,0.5980,0.0000,0.6253,0.6253,Off,0
normal_off,765,4.8000,0.0000,0.5804,0.0000,0.6245,0.6245,Off,0
normal_off,766,4.8167,0.0000,0.5820,0.0000,0.6237,0.6237,Off,0
normal_off,767,4.8333,0.0000,0.5987,0.0000,0.6229,0.6229,Off,0
normal_off,768,4.8500,0.0000,0.5885,0.0000,0.6221,0.6221,Off,0
normal_off,769,4.8667,0.0000,0.5770,0.0000,0.6213,0.6213,Off,0
normal_off,770,4.8833,0.0000,0.5933,0.0000,0.6205,0.6205,Off,0
normal_off,771,4.9000,0.0000,0.5963,0.0000,0.6197,0.6197,Off,0
normal_off,772,4.9167,0.0000,0.5785,0.0000,0.6189,0.6189,Off,0
normal_off,773,4.9333,0.0000,0.5847,0.0000,0.6181,0.6181,Off,0
normal_off,774,4.9500,0.0000,0.5993,0.0000,0.6173,0.6173,Off,0
normal_off,775,4.9667,0.0000,0.5855,0.0000,0.6165,0.6165,Off,0
normal_off,776,4.9833,0.0000,0.5781,0.0000,0.6157,0.6157,Off,0
normal_off,777,5.0000,0.0000,0.5957,0.0000,0.6149,0.6149,Off,0
normal_off,778,5.0167,0.0000,0.5939,0.0000,0.6141,0.6141,Off,0
normal_off,779,5.0333,0.0000,0.5772,0.0000,0.6134,0.6134,Off,0
normal_off,780,5.0500,0.0000,0.5876,0.0000,0.6126,0.6126,Off,0
normal_off,781,5.0667,0.0000,0.5990,0.0000,0.6118,0.6118,Off,0
normal_off,782,5.0833,0.0000,0.5827,0.0000,0.6110,0.6110,Off,0
normal_off,783,5.1000,0.0000,0.5798,0.0000,0.6102,0.6102,Off,0
normal_off,784,5.1167,0.0000,0.5976,0.0000,0.6095,0.6095,Off,0
normal_off,785,5.1333,0.0000,0.5912,0.0000,0.6087,0.6087,Off,0
normal_off,786,5.1500,0.0000,0.5767,0.0000,0.6079,0.6079,Off,0
normal_off,787,5.1667,0.0000,0.5906,0.0000,0.6071,0.6071,Off,0
normal_off,788,5.1833,0.0000,0.5979,0.0000,0.6064,0.6064,Off,0
normal_off,789,5.2000,0.0000,0.5802,0.0000,0.6056,0.6056,Off,0
normal_off,790,5.2167,0.0000,0.5821,0.0000,0.6048,0.6048,Off,0
normal_off,791,5.2333,0.0000,0.5988,0.0000,0.6041,0.6041,Off,0
normal_off,792,5.2500,0.0000,0.5883,0.0000,0.6033,0.6033,Off,0
normal_off,793,5.2667,0.0000,0.5771,0.0000,0.6026,0.6026,Off,0
normal_off,794,5.2833,0.0000,0.5934,0.0000,0.6018,0.6018,Off,0
normal_off,795,5.3000,0.0000,0.5961,0.0000,0.6011,0.6011,Off,0
normal_off,796,5.3167,0.0000,0.5784,0.0000,0.6003,0.6003,Off,0
normal_off,797,5.3333,0.0000,0.5849,0.0000,0.5996,0.5996,Off,0
normal_off,798,5.3500,0.0000,0.5993,0.0000,0.5988,0.5988,Off,0
normal_off,799,5.3667,0.0000,0.5853,0.0000,0.5981,0.5981,Off,0
normal_off,800,5.3833,0.0000,0.5782,0.0000,0.5973,0.5973,Off,0
normal_off,801,5.4000,0.0000,0.5958,0.0000,0.5966,0.5966,Off,0
normal_off,802,5.4167,0.0000,0.5938,0.0000,0.5958,0.5958,Off,0
normal_off,803,5.4333,0.0000,0.5772,0.0000,0.5951,0.5951,Off,0
normal_off,804,5.4500,0.0000,0.5878,0.0000,0.5944,0.5944,Off,0
normal_off,805,5.4667,0.0000,0.5989,0.0000,0.5944,0.5944,Off,0
normal_off,806,5.4833,0.0000,0.5825,0.0000,0.5937,0.5944,Off,0
normal_off,807,5.5000,0.0000,0.5799,0.0000,0.5929,0.5944,Off,0
normal_off,808,5.5167,0.0000,0.5977,0.0000,0.5930,0.5944,Off,0
normal_off,809,5.5333,0.0000,0.5910,0.0000,0.5922,0.5944,Off,0
normal_off,810,5.5500,0.0000,0.5767,0.0000,0.5915,0.5944,Off,0
normal_off,811,5.5667,0.0000,0.5908,0.0000,0.5908,0.5944,Off,0
normal_off,812,5.5833,0.0000,0.5978,0.0000,0.5908,0.5944,Off,0
normal_off,813,5.6000,0.0000,0.5801,0.0000,0.5901,0.5944,Off,0
normal_off,814,5.6167,0.0000,0.5823,0.0000,0.5894,0.5944,Off,0
normal_off,815,5.6333,0.0000,0.5989,0.0000,0.5895,0.5944,Off,0
normal_off,816,5.6500,0.0000,0.5881,0.0000,0.5887,0.5944,Off,0
normal_off,817,5.6667,0.0000,0.5771,0.0000,0.5880,0.5944,Off,0
normal_off,818,5.6833,0.0000,0.5936,0.0000,0.5881,0.5944,Off,0
normal_off,819,5.7000,0.0000,0.5960,0.0000,0.5881,0.5944,Off,0
normal_off,820,5.7167,0.0000,0.5783,0.0000,0.5874,0.5944,Off,0
normal_off,821,5.7333,0.0000,0.5851,0.0000,0.5867,0.5944,Off,0
normal_off,822,5.7500,0.0000,0.5993,0.0000,0.5868,0.5944,Off,0
normal_off,823,5.7667,0.0000,0.5851,0.0000,0.5861,0.5944,Off,0
normal_off,824,5.7833,0.0000,0.5782,0.0000,0.5854,0.5944,Off,0
normal_off,825,5.8000,0.0000,0.5960,0.0000,0.5855,0.5944,Off,0
normal_off,826,5.8167,0.0000,0.5936,0.0000,0.5855,0.5944,Off,0
normal_off,827,5.8333,0.0000,0.5771,0.0000,0.5848,0.5944,Off,0
normal_off,828,5.8500,0.0000,0.5880,0.0000,0.5848,0.5944,Off,0
normal_off,829,5.8667,0.0000,0.5989,0.0000,0.5850,0.5944,Off,0
normal_off,830,5.8833,0.0000,0.5823,0.0000,0.5842,0.5944,Off,0
normal_off,831,5.9000,0.0000,0.5801,0.0000,0.5835,0.5944,Off,0
normal_off,832,5.9167,0.0000,0.5978,0.0000,0.5837,0.5944,Off,0
normal_off,833,5.9333,0.0000,0.5908,0.0000,0.5837,0.5944,Off,0
normal_off,834,5.9500,0.0000,0.5767,0.0000,0.5830,0.5944,Off,0
normal_off,835,5.9667,0.0000,0.5910,0.0000,0.5831,0.5944,Off,0
normal_off,836,5.9833,0.0000,0.5977,0.0000,0.5832,0.5944,Off,0
normal_off,837,6.0000,0.0000,0.5800,0.0000,0.5825,0.5944,Off,0
normal_off,838,6.0167,0.0000,0.5825,0.0000,0.5818,0.5944,Off,0
normal_off,839,6.0333,0.0000,0.5989,0.0000,0.5819,0.5944,Off,0
normal_off,840,6.0500,0.0000,0.5879,0.0000,0.5820,0.5944,Off,0
normal_off,841,6.0667,0.0000,0.5772,0.0000,0.5813,0.5813,Off,0
normal_off,842,6.0833,0.0000,0.5938,0.0000,0.5814,0.5814,Off,0
normal_off,843,6.1000,0.0000,0.5959,0.0000,0.5815,0.5815,Off,0
normal_off,844,6.1167,0.0000,0.5782,0.0000,0.5808,0.5815,Off,0
normal_off,845,6.1333,0.0000,0.5852,0.0000,0.5808,0.5815,Off,0
normal_off,846,6.1500,0.0000,0.5993,0.0000,0.5810,0.5815,Off,0
normal_off,847,6.1667,0.0000,0.5849,0.0000,0.5810,0.5815,Off,0
normal_off,848,6.1833,0.0000,0.5783,0.0000,0.5803,0.5815,Off,0
normal_off,849,6.2000,0.0000,0.5961,0.0000,0.5804,0.5815,Off,0
normal_off,850,6.2167,0.0000,0.5935,0.0000,0.5805,0.5815,Off,0
normal_off,851,6.2333,0.0000,0.5771,0.0000,0.5798,0.5815,Off,0
normal_off,852,6.2500,0.0000,0.5882,0.0000,0.5799,0.5815,Off,0
normal_off,853,6.2667,0.0000,0.5988,0.0000,0.5801,0.5815,Off,0
normal_off,854,6.2833,0.0000,0.5822,0.0000,0.5801,0.5815,Off,0
normal_off,855,6.3000,0.0000,0.5802,0.0000,0.5801,0.5815,Off,0
normal_off,856,6.3167,0.0000,0.5979,0.0000,0.5802,0.5815,Off,0
normal_off,857,6.3333,0.0000,0.5907,0.0000,0.5803,0.5815,Off,0
normal_off,858,6.3500,0.0000,0.5767,0.0000,0.5796,0.5815,Off,0
normal_off,859,6.3667,0.0000,0.5912,0.0000,0.5797,0.5815,Off,0
normal_off,860,6.3833,0.0000,0.5976,0.0000,0.5799,0.5815,Off,0
normal_off,861,6.4000,0.0000,0.5798,0.0000,0.5792,0.5815,Off,0
normal_off,862,6.4167,0.0000,0.5826,0.0000,0.5792,0.5815,Off,0
normal_off,863,6.4333,0.0000,0.5990,0.0000,0.5794,0.5815,Off,0
normal_off,864,6.4500,0.0000,0.5877,0.0000,0.5794,0.5815,Off,0
normal_off,865,6.4667,0.0000,0.5772,0.0000,0.5787,0.5815,Off,0
normal_off,866,6.4833,0.0000,0.5939,0.0000,0.5789,0.5815,Off,0
normal_off,867,6.5000,0.0000,0.5957,0.0000,0.5790,0.5815,Off,0
normal_off,868,6.5167,0.0000,0.5781,0.0000,0.5783,0.5815,Off,0
normal_off,869,6.5333,0.0000,0.5854,0.0000,0.5784,0.5815,Off,0
normal_off,870,6.5500,0.0000,0.5993,0.0000,0.5785,0.5815,Off,0
normal_off,871,6.5667,0.0000,0.5847,0.0000,0.5786,0.5815,Off,0
normal_off,872,6.5833,0.0000,0.5784,0.0000,0.5779,0.5815,Off,0
normal_off,873,6.6000,0.0000,0.5962,0.0000,0.5780,0.5815,Off,0
normal_off,874,6.6167,0.0000,0.5933,0.0000,0.5782,0.5815,Off,0
normal_off,875,6.6333,0.0000,0.5770,0.0000,0.5775,0.5815,Off,0
normal_off,876,6.6500,0.0000,0.5884,0.0000,0.5776,0.5815,Off,0
normal_off,877,6.6667,0.0000,0.5988,0.0000,0.5777,0.5815,Off,0
normal_off,878,6.6833,0.0000,0.5820,0.0000,0.5778,0.5815,Off,0
normal_off,879,6.7000,0.0000,0.5804,0.0000,0.5778,0.5778,Off,0
normal_off,880,6.7167,0.0000,0.5980,0.0000,0.5780,0.5780,Off,0
normal_off,881,6.7333,0.0000,0.5905,0.0000,0.5781,0.5781,Off,0
normal_off,882,6.7500,0.0000,0.5767,0.0000,0.5774,0.5781,Off,0
normal_off,883,6.7667,0.0000,0.5914,0.0000,0.5775,0.5781,Off,0
normal_off,884,6.7833,0.0000,0.5975,0.0000,0.5777,0.5781,Off,0
normal_off,885,6.8000,0.0000,0.5797,0.0000,0.5777,0.5781,Off,0
normal_off,886,6.8167,0.0000,0.5828,0.0000,0.5777,0.5781,Off,0
normal_off,887,6.8333,0.0000,0.5990,0.0000,0.5779,0.5781,Off,0
normal_off,888,6.8500,0.0000,0.5875,0.0000,0.5780,0.5781,Off,0
normal_off,889,6.8667,0.0000,0.5773,0.0000,0.5773,0.5781,Off,0
normal_off,890,6.8833,0.0000,0.5941,0.0000,0.5774,0.5781,Off,0
normal_off,891,6.9000,0.0000,0.5956,0.0000,0.5776,0.5781,Off,0
normal_off,892,6.9167,0.0000,0.5780,0.0000,0.5776,0.5781,Off,0
normal_off,893,6.9333,0.0000,0.5856,0.0000,0.5776,0.5781,Off,0
normal_off,894,6.9500,0.0000,0.5992,0.0000,0.5778,0.5781,Off,0
normal_off,895,6.9667,0.0000,0.5845,0.0000,0.5779,0.5781,Off,0
normal_off,896,6.9833,0.0000,0.5785,0.0000,0.5779,0.5781,Off,0
normal_off,897,7.0000,0.0000,0.5964,0.0000,0.5780,0.5781,Off,0
normal_off,898,7.0167,0.0000,0.5931,0.0000,0.5782,0.5782,Off,0
normal_off,899,7.0333,0.0000,0.5770,0.0000,0.5775,0.5782,Off,0
normal_off,900,7.0500,0.0000,0.5886,0.0000,0.5775,0.5782,Off,0
normal_off,901,7.0667,0.0000,0.5987,0.0000,0.5777,0.5782,Off,0
normal_off,902,7.0833,0.0000,0.5818,0.0000,0.5778,0.5782,Off,0
normal_off,903,7.1000,0.0000,0.5805,0.0000,0.5778,0.5782,Off,0
normal_off,904,7.1167,0.0000,0.5981,0.0000,0.5779,0.5782,Off,0
normal_off,905,7.1333,0.0000,0.5903,0.0000,0.5781,0.5782,Off,0
normal_off,906,7.1500,0.0000,0.5768,0.0000,0.5774,0.5782,Off,0
normal_off,907,7.1667,0.0000,0.5915,0.0000,0.5775,0.5782,Off,0
normal_off,908,7.1833,0.0000,0.5974,0.0000,0.5776,0.5782,Off,0
normal_off,909,7.2000,0.0000,0.5796,0.0000,0.5777,0.5782,Off,0
normal_off,910,7.2167,0.0000,0.5830,0.0000,0.5777,0.5782,Off,0
normal_off,911,7.2333,0.0000,0.5990,0.0000,0.5779,0.5782,Off,0
normal_off,912,7.2500,0.0000,0.5873,0.0000,0.5780,0.5782,Off,0
normal_off,913,7.2667,0.0000,0.5773,0.0000,0.5773,0.5782,Off,0
normal_off,914,7.2833,0.0000,0.5942,0.0000,0.5774,0.5782,Off,0
normal_off,915,7.3000,0.0000,0.5954,0.0000,0.5775,0.5782,Off,0
normal_off,916,7.3167,0.0000,0.5779,0.0000,0.5776,0.5782,Off,0
normal_off,917,7.3333,0.0000,0.5858,0.0000,0.5776,0.5782,Off,0
normal_off,918,7.3500,0.0000,0.5992,0.0000,0.5778,0.5782,Off,0
normal_off,919,7.3667,0.0000,0.5844,0.0000,0.5779,0.5782,Off,0
normal_off,920,7.3833,0.0000,0.5787,0.0000,0.5779,0.5782,Off,0
normal_off,921,7.4000,0.0000,0.5965,0.0000,0.5780,0.5782,Off,0
normal_off,922,7.4167,0.0000,0.5929,0.0000,0.5781,0.5782,Off,0
normal_off,923,7.4333,0.0000,0.5769,0.0000,0.5774,0.5782,Off,0
normal_off,924,7.4500,0.0000,0.5888,0.0000,0.5775,0.5782,Off,0
normal_off,925,7.4667,0.0000,0.5986,0.0000,0.5777,0.5782,Off,0
normal_off,926,7.4833,0.0000,0.5817,0.0000,0.5777,0.5782,Off,0
normal_off,927,7.5000,0.0000,0.5806,0.0000,0.5778,0.5782,Off,0
normal_off,928,7.5167,0.0000,0.5981,0.0000,0.5779,0.5782,Off,0
normal_off,929,7.5333,0.0000,0.5901,0.0000,0.5780,0.5782,Off,0
normal_off,930,7.5500,0.0000,0.5768,0.0000,0.5773,0.5782,Off,0
normal_off,931,7.5667,0.0000,0.5917,0.0000,0.5775,0.5782,Off,0
normal_off,932,7.5833,0.0000,0.5973,0.0000,0.5776,0.5782,Off,0
normal_off,933,7.6000,0.0000,0.5794,0.0000,0.5776,0.5782,Off,0
normal_off,934,7.6167,0.0000,0.5831,0.0000,0.5777,0.5777,Off,0
normal_off,935,7.6333,0.0000,0.5991,0.0000,0.5779,0.5779,Off,0
normal_off,936,7.6500,0.0000,0.5871,0.0000,0.5779,0.5779,Off,0
normal_off,937,7.6667,0.0000,0.5774,0.0000,0.5772,0.5779,Off,0
normal_off,938,7.6833,0.0000,0.5944,0.0000,0.5774,0.5779,Off,0
normal_off,939,7.7000,0.0000,0.5953,0.0000,0.5775,0.5779,Off,0
normal_off,940,7.7167,0.0000,0.5778,0.0000,0.5775,0.5779,Off,0
normal_off,941,7.7333,0.0000,0.5860,0.0000,0.5776,0.5779,Off,0
normal_off,942,7.7500,0.0000,0.5992,0.0000,0.5778,0.5779,Off,0
normal_off,943,7.7667,0.0000,0.5842,0.0000,0.5778,0.5779,Off,0
normal_off,944,7.7833,0.0000,0.5788,0.0000,0.5779,0.5779,Off,0
normal_off,945,7.8000,0.0000,0.5966,0.0000,0.5780,0.5780,Off,0
normal_off,946,7.8167,0.0000,0.5928,0.0000,0.5781,0.5781,Off,0
normal_off,947,7.8333,0.0000,0.5769,0.0000,0.5774,0.5781,Off,0
normal_off,948,7.8500,0.0000,0.5890,0.0000,0.5775,0.5781,Off,0
normal_off,949,7.8667,0.0000,0.5986,0.0000,0.5777,0.5781,Off,0
normal_off,950,7.8833,0.0000,0.5815,0.0000,0.5777,0.5781,Off,0
normal_off,951,7.9000,0.0000,0.5808,0.0000,0.5778,0.5781,Off,0
normal_off,952,7.9167,0.0000,0.5982,0.0000,0.5779,0.5781,Off,0
normal_off,953,7.9333,0.0000,0.5899,0.0000,0.5780,0.5781,Off,0
normal_off,954,7.9500,0.0000,0.5768,0.0000,0.5773,0.5781,Off,0
normal_off,955,7.9667,0.0000,0.5919,0.0000,0.5775,0.5781,Off,0
normal_off,956,7.9833,0.0000,0.5972,0.0000,0.5776,0.5781,Off,0
normal_off,957,8.0000,0.0000,0.5793,0.0000,0.5776,0.5781,Off,0
normal_off,958,8.0167,0.0000,0.5833,0.0000,0.5777,0.5781,Off,0
normal_off,959,8.0333,0.0000,0.5991,0.0000,0.5779,0.5781,Off,0
normal_off,960,8.0500,0.0000,0.5869,0.0000,0.5779,0.5781,Off,0
normal_off,961,8.0667,0.0000,0.5775,0.0000,0.5772,0.5781,Off,0
normal_off,962,8.0833,0.0000,0.5946,0.0000,0.5774,0.5781,Off,0
normal_off,963,8.1000,0.0000,0.5951,0.0000,0.5775,0.5781,Off,0
normal_off,964,8.1167,0.0000,0.5777,0.0000,0.5775,0.5781,Off,0
normal_off,965,8.1333,0.0000,0.5862,0.0000,0.5776,0.5781,Off,0
normal_off,966,8.1500,0.0000,0.5992,0.0000,0.5778,0.5781,Off,0
normal_off,967,8.1667,0.0000,0.5840,0.0000,0.5778,0.5781,Off,0
normal_off,968,8.1833,0.0000,0.5789,0.0000,0.5778,0.5781,Off,0
normal_off,969,8.2000,0.0000,0.5967,0.0000,0.5780,0.5781,Off,0
normal_off,970,8.2167,0.0000,0.5926,0.0000,0.5781,0.5781,Off,0
normal_off,971,8.2333,0.0000,0.5769,0.0000,0.5774,0.5781,Off,0
normal_off,972,8.2500,0.0000,0.5892,0.0000,0.5775,0.5781,Off,0
normal_off,973,8.2667,0.0000,0.5985,0.0000,0.5777,0.5781,Off,0
normal_off,974,8.2833,0.0000,0.5814,0.0000,0.5777,0.5781,Off,0
normal_off,975,8.3000,0.0000,0.5809,0.0000,0.5778,0.5781,Off,0
normal_off,976,8.3167,0.0000,0.5983,0.0000,0.5779,0.5781,Off,0
normal_off,977,8.3333,0.0000,0.5897,0.0000,0.5780,0.5781,Off,0
normal_off,978,8.3500,0.0000,0.5768,0.0000,0.5773,0.5781,Off,0
normal_off,979,8.3667,0.0000,0.5921,0.0000,0.5775,0.5781,Off,0
normal_off,980,8.3833,0.0000,0.5971,0.0000,0.5776,0.5781,Off,0
normal_off,981,8.4000,0.0000,0.5792,0.0000,0.5776,0.5781,Off,0
normal_off,982,8.4167,0.0000,0.5835,0.0000,0.5777,0.5777,Off,0
normal_off,983,8.4333,0.0000,0.5991,0.0000,0.5779,0.5779,Off,0
normal_off,984,8.4500,0.0000,0.5867,0.0000,0.5779,0.5779,Off,0
normal_off,985,8.4667,0.0000,0.5775,0.0000,0.5772,0.5779,Off,0
normal_off,986,8.4833,0.0000,0.5947,0.0000,0.5774,0.5779,Off,0
normal_off,987,8.5000,0.0000,0.5950,0.0000,0.5775,0.5779,Off,0
normal_off,988,8.5167,0.0000,0.5777,0.0000,0.5775,0.5779,Off,0
normal_off,989,8.5333,0.0000,0.5864,0.0000,0.5776,0.5779,Off,0
normal_off,990,8.5500,0.0000,0.5992,0.0000,0.5778,0.5779,Off,0
normal_off,991,8.5667,0.0000,0.5838,0.0000,0.5778,0.5779,Off,0
normal_off,992,8.5833,0.0000,0.5790,0.0000,0.5778,0.5779,Off,0
normal_off,993,8.6000,0.0000,0.5969,0.0000,0.5780,0.5780,Off,0
normal_off,994,8.6167,0.0000,0.5924,0.0000,0.5781,0.5781,Off,0
normal_off,995,8.6333,0.0000,0.5769,0.0000,0.5774,0.5781,Off,0
normal_off,996,8.6500,0.0000,0.5894,0.0000,0.5775,0.5781,Off,0
normal_off,997,8.6667,0.0000,0.5984,0.0000,0.5777,0.5781,Off,0
normal_off,998,8.6833,0.0000,0.5812,0.0000,0.5777,0.5781,Off,0
normal_off,999,8.7000,0.0000,0.5811,0.0000,0.5777,0.5781,Off,0
normal_off,1000,8.7167,0.0000,0.5984,0.0000,0.5779,0.5781,Off,0
normal_off,1001,8.7333,0.0000,0.5895,0.0000,0.5780,0.5781,Off,0
normal_off,1002,8.7500,0.0000,0.5768,0.0000,0.5773,0.5781,Off,0
normal_off,1003,8.7667,0.0000,0.5923,0.0000,0.5774,0.5781,Off,0
normal_off,1004,8.7833,0.0000,0.5970,0.0000,0.5776,0.5781,Off,0
normal_off,1005,8.8000,0.0000,0.5791,0.0000,0.5776,0.5781,Off,0
normal_off,1006,8.8167,0.0000,0.5837,0.0000,0.5777,0.5781,Off,0
normal_off,1007,8.8333,0.0000,0.5992,0.0000,0.5778,0.5781,Off,0
normal_off,1008,8.8500,0.0000,0.5865,0.0000,0.5779,0.5781,Off,0
normal_off,1009,8.8667,0.0000,0.5776,0.0000,0.5772,0.5781,Off,0
normal_off,1010,8.8833,0.0000,0.5949,0.0000,0.5774,0.5781,Off,0
normal_off,1011,8.9000,0.0000,0.5948,0.0000,0.5775,0.5781,Off,0
normal_off,1012,8.9167,0.0000,0.5776,0.0000,0.5775,0.5781,Off,0
normal_off,1013,8.9333,0.0000,0.5866,0.0000,0.5776,0.5781,Off,0
normal_off,1014,8.9500,0.0000,0.5992,0.0000,0.5778,0.5781,Off,0
normal_off,1015,8.9667,0.0000,0.5836,0.0000,0.5778,0.5781,Off,0
normal_off,1016,8.9833,0.0000,0.5791,0.0000,0.5778,0.5781,Off,0
normal_off,1017,9.0000,0.0000,0.5970,0.0000,0.5780,0.5781,Off,0
normal_off,1018,9.0167,0.0000,0.5922,0.0000,0.5781,0.5781,Off,0
normal_off,1019,9.0333,0.0000,0.5768,0.0000,0.5774,0.5781,Off,0
normal_off,1020,9.0500,0.0000,0.5896,0.0000,0.5775,0.5781,Off,0
normal_off,1021,9.0667,0.0000,0.5984,0.0000,0.5777,0.5781,Off,0
normal_off,1022,9.0833,0.0000,0.5811,0.0000,0.5777,0.5781,Off,0
normal_off,1023,9.1000,0.0000,0.5812,0.0000,0.5777,0.5781,Off,0
normal_off,1024,9.1167,0.0000,0.5984,0.0000,0.5779,0.5781,Off,0
normal_off,1025,9.1333,0.0000,0.5893,0.0000,0.5780,0.5781,Off,0
normal_off,1026,9.1500,0.0000,0.5769,0.0000,0.5773,0.5781,Off,0
normal_off,1027,9.1667,0.0000,0.5924,0.0000,0.5774,0.5781,Off,0
normal_off,1028,9.1833,0.0000,0.5968,0.0000,0.5776,0.5781,Off,0
normal_off,1029,9.2000,0.0000,0.5790,0.0000,0.5776,0.5781,Off,0
normal_off,1030,9.2167,0.0000,0.5838,0.0000,0.5777,0.5777,Off,0
normal_off,1031,9.2333,0.0000,0.5992,0.0000,0.5778,0.5778,Off,0
normal_off,1032,9.2500,0.0000,0.5863,0.0000,0.5779,0.5779,Off,0
normal_off,1033,9.2667,0.0000,0.5777,0.0000,0.5772,0.5779,Off,0
normal_off,1034,9.2833,0.0000,0.5950,0.0000,0.5774,0.5779,Off,0
normal_off,1035,9.3000,0.0000,0.5947,0.0000,0.5775,0.5779,Off,0
normal_off,1036,9.3167,0.0000,0.5775,0.0000,0.5775,0.5779,Off,0
normal_off,1037,9.3333,0.0000,0.5868,0.0000,0.5776,0.5779,Off,0
normal_off,1038,9.3500,0.0000,0.5991,0.0000,0.5778,0.5779,Off,0
normal_off,1039,9.3667,0.0000,0.5835,0.0000,0.5778,0.5779,Off,0
normal_off,1040,9.3833,0.0000,0.5792,0.0000,0.5778,0.5779,Off,0
normal_off,1041,9.4000,0.0000,0.5971,0.0000,0.5780,0.5780,Off,0
normal_off,1042,9.4167,0.0000,0.5921,0.0000,0.5781,0.5781,Off,0
normal_off,1043,9.4333,0.0000,0.5768,0.0000,0.5774,0.5781,Off,0
normal_off,1044,9.4500,0.0000,0.5897,0.0000,0.5775,0.5781,Off,0
normal_off,1045,9.4667,0.0000,0.5983,0.0000,0.5777,0.5781,Off,0
normal_off,1046,9.4833,0.0000,0.5809,0.0000,0.5777,0.5781,Off,0
normal_off,1047,9.5000,0.0000,0.5814,0.0000,0.5777,0.5781,Off,0
normal_off,1048,9.5167,0.0000,0.5985,0.0000,0.5779,0.5781,Off,0
normal_off,1049,9.5333,0.0000,0.5891,0.0000,0.5780,0.5781,Off,0
normal_off,1050,9.5500,0.0000,0.5769,0.0000,0.5773,0.5781,Off,0
normal_off,1051,9.5667,0.0000,0.5926,0.0000,0.5774,0.5781,Off,0
normal_off,1052,9.5833,0.0000,0.5967,0.0000,0.5776,0.5781,Off,0
normal_off,1053,9.6000,0.0000,0.5789,0.0000,0.5776,0.5781,Off,0
normal_off,1054,9.6167,0.0000,0.5840,0.0000,0.5777,0.5781,Off,0
normal_off,1055,9.6333,0.0000,0.5992,0.0000,0.5778,0.5781,Off,0
normal_off,1056,9.6500,0.0000,0.5862,0.0000,0.5779,0.5781,Off,0
normal_off,1057,9.6667,0.0000,0.5778,0.0000,0.5772,0.5781,Off,0
normal_off,1058,9.6833,0.0000,0.5952,0.0000,0.5774,0.5781,Off,0
normal_off,1059,9.7000,0.0000,0.5945,0.0000,0.5775,0.5781,Off,0
normal_off,1060,9.7167,0.0000,0.5774,0.0000,0.5768,0.5781,Off,0
normal_off,1061,9.7333,0.0000,0.5869,0.0000,0.5769,0.5781,Off,0
normal_off,1062,9.7500,0.0000,0.5991,0.0000,0.5771,0.5781,Off,0
normal_off,1063,9.7667,0.0000,0.5833,0.0000,0.5771,0.5781,Off,0
normal_off,1064,9.7833,0.0000,0.5793,0.0000,0.5771,0.5781,Off,0
normal_off,1065,9.8000,0.0000,0.5972,0.0000,0.5773,0.5781,Off,0
normal_off,1066,9.8167,0.0000,0.5919,0.0000,0.5774,0.5781,Off,0
normal_off,1067,9.8333,0.0000,0.5768,0.0000,0.5767,0.5781,Off,0
normal_off,1068,9.8500,0.0000,0.5899,0.0000,0.5769,0.5781,Off,0
normal_off,1069,9.8667,0.0000,0.5982,0.0000,0.5770,0.5781,Off,0
normal_off,1070,9.8833,0.0000,0.5808,0.0000,0.5771,0.5781,Off,0
normal_off,1071,9.9000,0.0000,0.5815,0.0000,0.5771,0.5781,Off,0
normal_off,1072,9.9167,0.0000,0.5986,0.0000,0.5773,0.5781,Off,0
normal_off,1073,9.9333,0.0000,0.5890,0.0000,0.5774,0.5781,Off,0
normal_off,1074,9.9500,0.0000,0.5769,0.0000,0.5767,0.5781,Off,0
normal_off,1075,9.9667,0.0000,0.5928,0.0000,0.5768,0.5781,Off,0
normal_off,1076,9.9833,0.0000,0.5966,0.0000,0.5770,0.5781,Off,0
normal_off,1077,10.0000,0.0000,0.5787,0.0000,0.5770,0.5781,Off,0
normal_off,1078,10.0167,0.0000,0.5842,0.0000,0.5771,0.5771,Off,0
normal_off,1079,10.0333,0.0000,0.5992,0.0000,0.5772,0.5772,Off,0
normal_off,1080,10.0500,0.0000,0.5860,0.0000,0.5773,0.5773,Off,0
normal_off,1081,10.0667,0.0000,0.5778,0.0000,0.5773,0.5773,Off,0
normal_off,1082,10.0833,0.0000,0.5953,0.0000,0.5775,0.5775,Off,0
normal_off,1083,10.1000,0.0000,0.5944,0.0000,0.5776,0.5776,Off,0
normal_off,1084,10.1167,0.0000,0.5774,0.0000,0.5769,0.5776,Off,0
normal_off,1085,10.1333,0.0000,0.5871,0.0000,0.5770,0.5776,Off,0
normal_off,1086,10.1500,0.0000,0.5991,0.0000,0.5772,0.5776,Off,0
normal_off,1087,10.1667,0.0000,0.5831,0.0000,0.5772,0.5776,Off,0
normal_off,1088,10.1833,0.0000,0.5795,0.0000,0.5772,0.5776,Off,0
normal_off,1089,10.2000,0.0000,0.5973,0.0000,0.5774,0.5776,Off,0
normal_off,1090,10.2167,0.0000,0.5917,0.0000,0.5775,0.5776,Off,0
normal_off,1091,10.2333,0.0000,0.5768,0.0000,0.5768,0.5776,Off,0
normal_off,1092,10.2500,0.0000,0.5901,0.0000,0.5769,0.5776,Off,0
normal_off,1093,10.2667,0.0000,0.5981,0.0000,0.5771,0.5776,Off,0
normal_off,1094,10.2833,0.0000,0.5806,0.0000,0.5771,0.5776,Off,0
normal_off,1095,10.3000,0.0000,0.5817,0.0000,0.5772,0.5776,Off,0
normal_off,1096,10.3167,0.0000,0.5987,0.0000,0.5774,0.5776,Off,0
normal_off,1097,10.3333,0.0000,0.5888,0.0000,0.5775,0.5776,Off,0
normal_off,1098,10.3500,0.0000,0.5770,0.0000,0.5768,0.5776,Off,0
normal_off,1099,10.3667,0.0000,0.5930,0.0000,0.5769,0.5776,Off,0
normal_off,1100,10.3833,0.0000,0.5965,0.0000,0.5771,0.5776,Off,0
normal_off,1101,10.4000,0.0000,0.5786,0.0000,0.5771,0.5776,Off,0
normal_off,1102,10.4167,0.0000,0.5844,0.0000,0.5771,0.5776,Off,0
normal_off,1103,10.4333,0.0000,0.5992,0.0000,0.5773,0.5776,Off,0
normal_off,1104,10.4500,0.0000,0.5858,0.0000,0.5774,0.5776,Off,0
normal_off,1105,10.4667,0.0000,0.5779,0.0000,0.5774,0.5776,Off,0
normal_off,1106,10.4833,0.0000,0.5955,0.0000,0.5775,0.5776,Off,0
normal_off,1107,10.5000,0.0000,0.5942,0.0000,0.5777,0.5777,Off,0
normal_off,1108,10.5167,0.0000,0.5773,0.0000,0.5770,0.5777,Off,0
normal_off,1109,10.5333,0.0000,0.5873,0.0000,0.5771,0.5777,Off,0
normal_off,1110,10.5500,0.0000,0.5990,0.0000,0.5773,0.5777,Off,0
normal_off,1111,10.5667,0.0000,0.5829,0.0000,0.5773,0.5777,Off,0
normal_off,1112,10.5833,0.0000,0.5796,0.0000,0.5773,0.5777,Off,0
normal_off,1113,10.6000,0.0000,0.5974,0.0000,0.5775,0.5777,Off,0
normal_off,1114,10.6167,0.0000,0.5915,0.0000,0.5776,0.5777,Off,0
normal_off,1115,10.6333,0.0000,0.5768,0.0000,0.5769,0.5777,Off,0
normal_off,1116,10.6500,0.0000,0.5903,0.0000,0.5770,0.5777,Off,0
normal_off,1117,10.6667,0.0000,0.5980,0.0000,0.5772,0.5777,Off,0
normal_off,1118,10.6833,0.0000,0.5805,0.0000,0.5772,0.5777,Off,0
normal_off,1119,10.7000,0.0000,0.5819,0.0000,0.5773,0.5777,Off,0
normal_off,1120,10.7167,0.0000,0.5987,0.0000,0.5774,0.5777,Off,0
normal_off,1121,10.7333,0.0000,0.5886,0.0000,0.5775,0.5777,Off,0
normal_off,1122,10.7500,0.0000,0.5770,0.0000,0.5768,0.5777,Off,0
normal_off,1123,10.7667,0.0000,0.5931,0.0000,0.5770,0.5777,Off,0
normal_off,1124,10.7833,0.0000,0.5963,0.0000,0.5771,0.5777,Off,0
normal_off,1125,10.8000,0.0000,0.5785,0.0000,0.5771,0.5777,Off,0
normal_off,1126,10.8167,0.0000,0.5846,0.0000,0.5772,0.5777,Off,0
normal_off,1127,10.8333,0.0000,0.5992,0.0000,0.5774,0.5777,Off,0
normal_off,1128,10.8500,0.0000,0.5856,0.0000,0.5775,0.5777,Off,0
normal_off,1129,10.8667,0.0000,0.5780,0.0000,0.5775,0.5777,Off,0
normal_off,1130,10.8833,0.0000,0.5956,0.0000,0.5776,0.5777,Off,0
normal_off,1131,10.9000,0.0000,0.5941,0.0000,0.5778,0.5778,Off,0
normal_off,1132,10.9167,0.0000,0.5773,0.0000,0.5771,0.5778,Off,0
normal_off,1133,10.9333,0.0000,0.5875,0.0000,0.5771,0.5778,Off,0
normal_off,1134,10.9500,0.0000,0.5990,0.0000,0.5773,0.5778,Off,0
normal_off,1135,10.9667,0.0000,0.5828,0.0000,0.5774,0.5778,Off,0
normal_off,1136,10.9833,0.0000,0.5797,0.0000,0.5774,0.5778,Off,0
normal_off,1137,11.0000,0.0000,0.5975,0.0000,0.5776,0.5778,Off,0
normal_off,1138,11.0167,0.0000,0.5913,0.0000,0.5777,0.5778,Off,0
normal_off,1139,11.0333,0.0000,0.5767,0.0000,0.5770,0.5778,Off,0
normal_off,1140,11.0500,0.0000,0.5905,0.0000,0.5771,0.5778,Off,0
normal_off,1141,11.0667,0.0000,0.5980,0.0000,0.5773,0.5778,Off,0
normal_off,1142,11.0833,0.0000,0.5803,0.0000,0.5773,0.5778,Off,0
normal_off,1143,11.1000,0.0000,0.5820,0.0000,0.5773,0.5778,Off,0
normal_off,1144,11.1167,0.0000,0.5988,0.0000,0.5775,0.5778,Off,0
normal_off,1145,11.1333,0.0000,0.5884,0.0000,0.5776,0.5778,Off,0
normal_off,1146,11.1500,0.0000,0.5770,0.0000,0.5769,0.5778,Off,0
normal_off,1147,11.1667,0.0000,0.5933,0.0000,0.5770,0.5778,Off,0
normal_off,1148,11.1833,0.0000,0.5962,0.0000,0.5772,0.5778,Off,0
normal_off,1149,11.2000,0.0000,0.5784,0.0000,0.5772,0.5778,Off,0
normal_off,1150,11.2167,0.0000,0.5848,0.0000,0.5773,0.5778,Off,0
normal_off,1151,11.2333,0.0000,0.5993,0.0000,0.5775,0.5778,Off,0
normal_off,1152,11.2500,0.0000,0.5854,0.0000,0.5775,0.5778,Off,0
normal_off,1153,11.2667,0.0000,0.5781,0.0000,0.5775,0.5778,Off,0
normal_off,1154,11.2833,0.0000,0.5957,0.0000,0.5777,0.5778,Off,0
normal_off,1155,11.3000,0.0000,0.5939,0.0000,0.5778,0.5778,Off,0
normal_off,1156,11.3167,0.0000,0.5772,0.0000,0.5771,0.5778,Off,0
normal_off,1157,11.3333,0.0000,0.5877,0.0000,0.5772,0.5778,Off,0
normal_off,1158,11.3500,0.0000,0.5989,0.0000,0.5774,0.5778,Off,0
normal_off,1159,11.3667,0.0000,0.5826,0.0000,0.5774,0.5778,Off,0
normal_off,1160,11.3833,0.0000,0.5799,0.0000,0.5774,0.5778,Off,0
normal_off,1161,11.4000,0.0000,0.5976,0.0000,0.5776,0.5778,Off,0
normal_off,1162,11.4167,0.0000,0.5912,0.0000,0.5777,0.5778,Off,0
normal_off,1163,11.4333,0.0000,0.5767,0.0000,0.5770,0.5778,Off,0
normal_off,1164,11.4500,0.0000,0.5907,0.0000,0.5771,0.5778,Off,0
normal_off,1165,11.4667,0.0000,0.5979,0.0000,0.5773,0.5778,Off,0
normal_off,1166,11.4833,0.0000,0.5802,0.0000,0.5773,0.5778,Off,0
normal_off,1167,11.5000,0.0000,0.5822,0.0000,0.5774,0.5778,Off,0
normal_off,1168,11.5167,0.0000,0.5988,0.0000,0.5776,0.5778,Off,0
normal_off,1169,11.5333,0.0000,0.5882,0.0000,0.5776,0.5778,Off,0
normal_off,1170,11.5500,0.0000,0.5771,0.0000,0.5770,0.5778,Off,0
normal_off,1171,11.5667,0.0000,0.5935,0.0000,0.5771,0.5778,Off,0
normal_off,1172,11.5833,0.0000,0.5961,0.0000,0.5772,0.5778,Off,0
normal_off,1173,11.6000,0.0000,0.5783,0.0000,0.5773,0.5778,Off,0
normal_off,1174,11.6167,0.0000,0.5849,0.0000,0.5773,0.5778,Off,0
normal_off,1175,11.6333,0.0000,0.5993,0.0000,0.5775,0.5778,Off,0
normal_off,1176,11.6500,0.0000,0.5852,0.0000,0.5776,0.5778,Off,0
normal_off,1177,11.6667,0.0000,0.5782,0.0000,0.5776,0.5778,Off,0
normal_off,1178,11.6833,0.0000,0.5959,0.0000,0.5777,0.5778,Off,0
normal_off,1179,11.7000,0.0000,0.5937,0.0000,0.5779,0.5779,Off,0
normal_off,1180,11.7167,0.0000,0.5772,0.0000,0.5772,0.5779,Off,0
normal_off,1181,11.7333,0.0000,0.5879,0.0000,0.5772,0.5779,Off,0
normal_off,1182,11.7500,0.0000,0.5989,0.0000,0.5774,0.5779,Off,0
normal_off,1183,11.7667,0.0000,0.5824,0.0000,0.5775,0.5779,Off,0
normal_off,1184,11.7833,0.0000,0.5800,0.0000,0.5775,0.5779,Off,0
normal_off,1185,11.8000,0.0000,0.5977,0.0000,0.5777,0.5779,Off,0
normal_off,1186,11.8167,0.0000,0.5910,0.0000,0.5778,0.5779,Off,0
normal_off,1187,11.8333,0.0000,0.5767,0.0000,0.5771,0.5779,Off,0
normal_off,1188,11.8500,0.0000,0.5909,0.0000,0.5772,0.5779,Off,0
normal_off,1189,11.8667,0.0000,0.5978,0.0000,0.5774,0.5779,Off,0
normal_off,1190,11.8833,0.0000,0.5801,0.0000,0.5774,0.5779,Off,0
normal_off,1191,11.9000,0.0000,0.5824,0.0000,0.5774,0.5779,Off,0
normal_off,1192,11.9167,0.0000,0.5989,0.0000,0.5776,0.5779,Off,0
normal_off,1193,11.9333,0.0000,0.5880,0.0000,0.5777,0.5779,Off,0
normal_off,1194,11.9500,0.0000,0.5771,0.0000,0.5770,0.5779,Off,0
normal_off,1195,11.9667,0.0000,0.5936,0.0000,0.5771,0.5779,Off,0
normal_off,1196,11.9833,0.0000,0.5959,0.0000,0.5773,0.5779,Off,0
normal_off,1197,12.0000,0.0000,0.5782,0.0000,0.5773,0.5779,Off,0
normal_off,1198,12.0167,0.0000,0.5851,0.0000,0.5774,0.5779,Off,0
normal_off,1199,12.0333,0.0000,0.5993,0.0000,0.5775,0.5779,Off,0
normal_off,1200,12.0500,0.0000,0.5850,0.0000,0.5776,0.5779,Off,0
normal_off,1201,12.0667,0.0000,0.5783,0.0000,0.5776,0.5779,Off,0
normal_off,1202,12.0833,0.0000,0.5960,0.0000,0.5778,0.5779,Off,0
normal_off,1203,12.1000,0.0000,0.5936,0.0000,0.5779,0.5779,Off,0
normal_off,1204,12.1167,0.0000,0.5771,0.0000,0.5772,0.5779,Off,0
normal_off,1205,12.1333,0.0000,0.5881,0.0000,0.5773,0.5779,Off,0
normal_off,1206,12.1500,0.0000,0.5988,0.0000,0.5775,0.5779,Off,0
normal_off,1207,12.1667,0.0000,0.5823,0.0000,0.5775,0.5779,Off,0
normal_off,1208,12.1833,0.0000,0.5801,0.0000,0.5775,0.5779,Off,0
normal_off,1209,12.2000,0.0000,0.5978,0.0000,0.5777,0.5779,Off,0
normal_off,1210,12.2167,0.0000,0.5908,0.0000,0.5778,0.5779,Off,0
normal_off,1211,12.2333,0.0000,0.5767,0.0000,0.5771,0.5779,Off,0
normal_off,1212,12.2500,0.0000,0.5911,0.0000,0.5772,0.5779,Off,0
normal_off,1213,12.2667,0.0000,0.5977,0.0000,0.5774,0.5779,Off,0
normal_off,1214,12.2833,0.0000,0.5799,0.0000,0.5774,0.5779,Off,0
normal_off,1215,12.3000,0.0000,0.5825,0.0000,0.5775,0.5779,Off,0
normal_off,1216,12.3167,0.0000,0.5989,0.0000,0.5776,0.5779,Off,0
normal_off,1217,12.3333,0.0000,0.5878,0.0000,0.5777,0.5779,Off,0
normal_off,1218,12.3500,0.0000,0.5772,0.0000,0.5770,0.5779,Off,0
normal_off,1219,12.3667,0.0000,0.5938,0.0000,0.5772,0.5779,Off,0
normal_off,1220,12.3833,0.0000,0.5958,0.0000,0.5773,0.5779,Off,0
normal_off,1221,12.4000,0.0000,0.5781,0.0000,0.5773,0.5779,Off,0
normal_off,1222,12.4167,0.0000,0.5853,0.0000,0.5774,0.5779,Off,0
normal_off,1223,12.4333,0.0000,0.5993,0.0000,0.5776,0.5779,Off,0
normal_off,1224,12.4500,0.0000,0.5848,0.0000,0.5776,0.5779,Off,0
normal_off,1225,12.4667,0.0000,0.5784,0.0000,0.5776,0.5779,Off,0
normal_off,1226,12.4833,0.0000,0.5961,0.0000,0.5778,0.5779,Off,0
normal_off,1227,12.5000,0.0000,0.5934,0.0000,0.5779,0.5779,Off,0
normal_off,1228,12.5167,0.0000,0.5771,0.0000,0.5772,0.5779,Off,0
normal_off,1229,12.5333,0.0000,0.5883,0.0000,0.5773,0.5779,Off,0
normal_off,1230,12.5500,0.0000,0.5988,0.0000,0.5775,0.5779,Off,0
normal_off,1231,12.5667,0.0000,0.5821,0.0000,0.5775,0.5779,Off,0
normal_off,1232,12.5833,0.0000,0.5803,0.0000,0.5776,0.5779,Off,0
normal_off,1233,12.6000,0.0000,0.5979,0.0000,0.5777,0.5779,Off,0
normal_off,1234,12.6167,0.0000,0.5906,0.0000,0.5778,0.5779,Off,0
normal_off,1235,12.6333,0.0000,0.5767,0.0000,0.5771,0.5779,Off,0
normal_off,1236,12.6500,0.0000,0.5912,0.0000,0.5773,0.5779,Off,0
normal_off,1237,12.6667,0.0000,0.5976,0.0000,0.5774,0.5779,Off,0
normal_off,1238,12.6833,0.0000,0.5798,0.0000,0.5774,0.5779,Off,0
normal_off,1239,12.7000,0.0000,0.5827,0.0000,0.5775,0.5779,Off,0
normal_off,1240,12.7167,0.0000,0.5990,0.0000,0.5777,0.5779,Off,0
normal_off,1241,12.7333,0.0000,0.5876,0.0000,0.5778,0.5779,Off,0
normal_off,1242,12.7500,0.0000,0.5772,0.0000,0.5771,0.5779,Off,0
normal_off,1243,12.7667,0.0000,0.5940,0.0000,0.5772,0.5779,Off,0
normal_off,1244,12.7833,0.0000,0.5957,0.0000,0.5774,0.5779,Off,0
normal_off,1245,12.8000,0.0000,0.5780,0.0000,0.5774,0.5779,Off,0
normal_off,1246,12.8167,0.0000,0.5855,0.0000,0.5774,0.5779,Off,0
normal_off,1247,12.8333,0.0000,0.5993,0.0000,0.5776,0.5779,Off,0
normal_off,1248,12.8500,0.0000,0.5847,0.0000,0.5777,0.5779,Off,0
normal_off,1249,12.8667,0.0000,0.5785,0.0000,0.5777,0.5779,Off,0
normal_off,1250,12.8833,0.0000,0.5963,0.0000,0.5778,0.5779,Off,0
normal_off,1251,12.9000,0.0000,0.5932,0.0000,0.5780,0.5780,Off,0
normal_off,1252,12.9167,0.0000,0.5770,0.0000,0.5773,0.5780,Off,0
normal_off,1253,12.9333,0.0000,0.5885,0.0000,0.5774,0.5780,Off,0
normal_off,1254,12.9500,0.0000,0.5987,0.0000,0.5775,0.5780,Off,0
normal_off,1255,12.9667,0.0000,0.5819,0.0000,0.5776,0.5780,Off,0
normal_off,1256,12.9833,0.0000,0.5804,0.0000,0.5776,0.5780,Off,0
normal_off,1257,13.0000,0.0000,0.5980,0.0000,0.5778,0.5780,Off,0
normal_off,1258,13.0167,0.0000,0.5904,0.0000,0.5779,0.5780,Off,0
normal_off,1259,13.0333,0.0000,0.5768,0.0000,0.5772,0.5780,Off,0
normal_off,1260,13.0500,0.0000,0.5914,0.0000,0.5773,0.5780,Off,0
normal_off,1261,13.0667,0.0000,0.5975,0.0000,0.5775,0.5780,Off,0
normal_off,1262,13.0833,0.0000,0.5797,0.0000,0.5775,0.5780,Off,0
normal_off,1263,13.1000,0.0000,0.5829,0.0000,0.5775,0.5780,Off,0
normal_off,1264,13.1167,0.0000,0.5990,0.0000,0.5777,0.5780,Off,0
normal_off,1265,13.1333,0.0000,0.5874,0.0000,0.5778,0.5780,Off,0
normal_off,1266,13.1500,0.0000,0.5773,0.0000,0.5771,0.5780,Off,0
normal_off,1267,13.1667,0.0000,0.5941,0.0000,0.5772,0.5780,Off,0
normal_off,1268,13.1833,0.0000,0.5955,0.0000,0.5774,0.5780,Off,0
normal_off,1269,13.2000,0.0000,0.5780,0.0000,0.5774,0.5780,Off,0
normal_off,1270,13.2167,0.0000,0.5857,0.0000,0.5774,0.5780,Off,0
normal_off,1271,13.2333,0.0000,0.5992,0.0000,0.5776,0.5780,Off,0
normal_off,1272,13.2500,0.0000,0.5845,0.0000,0.5777,0.5780,Off,0
normal_off,1273,13.2667,0.0000,0.5786,0.0000,0.5777,0.5780,Off,0
normal_off,1274,13.2833,0.0000,0.5964,0.0000,0.5779,0.5780,Off,0
normal_off,1275,13.3000,0.0000,0.5931,0.0000,0.5780,0.5780,Off,0
normal_off,1276,13.3167,0.0000,0.5770,0.0000,0.5773,0.5780,Off,0
normal_off,1277,13.3333,0.0000,0.5887,0.0000,0.5774,0.5780,Off,0
normal_off,1278,13.3500,0.0000,0.5987,0.0000,0.5776,0.5780,Off,0
normal_off,1279,13.3667,0.0000,0.5818,0.0000,0.5776,0.5780,Off,0
normal_off,1280,13.3833,0.0000,0.5805,0.0000,0.5776,0.5780,Off,0
normal_off,1281,13.4000,0.0000,0.5981,0.0000,0.5778,0.5780,Off,0
normal_off,1282,13.4167,0.0000,0.5902,0.0000,0.5779,0.5780,Off,0
normal_off,1283,13.4333,0.0000,0.5768,0.0000,0.5772,0.5780,Off,0
normal_off,1284,13.4500,0.0000,0.5916,0.0000,0.5773,0.5780,Off,0
normal_off,1285,13.4667,0.0000,0.5974,0.0000,0.5775,0.5780,Off,0
normal_off,1286,13.4833,0.0000,0.5795,0.0000,0.5775,0.5780,Off,0
normal_off,1287,13.5000,0.0000,0.5830,0.0000,0.5775,0.5780,Off,0
normal_off,1288,13.5167,0.0000,0.5990,0.0000,0.5777,0.5780,Off,0
normal_off,1289,13.5333,0.0000,0.5872,0.0000,0.5778,0.5780,Off,0
normal_off,1290,13.5500,0.0000,0.5773,0.0000,0.5771,0.5780,Off,0
normal_off,1291,13.5667,0.0000,0.5943,0.0000,0.5772,0.5780,Off,0
normal_off,1292,13.5833,0.0000,0.5954,0.0000,0.5774,0.5780,Off,0
normal_off,1293,13.6000,0.0000,0.5779,0.0000,0.5774,0.5780,Off,0
normal_off,1294,13.6167,0.0000,0.5859,0.0000,0.5775,0.5780,Off,0
normal_off,1295,13.6333,0.0000,0.5992,0.0000,0.5777,0.5780,Off,0
normal_off,1296,13.6500,0.0000,0.5843,0.0000,0.5777,0.5780,Off,0
normal_off,1297,13.6667,0.0000,0.5787,0.0000,0.5777,0.5780,Off,0
normal_off,1298,13.6833,0.0000,0.5965,0.0000,0.5779,0.5780,Off,0
normal_off,1299,13.7000,0.0000,0.5929,0.0000,0.5780,0.5780,Off,0
normal_off,1300,13.7167,0.0000,0.5769,0.0000,0.5773,0.5780,Off,0
normal_off,1301,13.7333,0.0000,0.5889,0.0000,0.5774,0.5780,Off,0
normal_off,1302,13.7500,0.0000,0.5986,0.0000,0.5776,0.5780,Off,0
normal_off,1303,13.7667,0.0000,0.5816,0.0000,0.5776,0.5780,Off,0
normal_off,1304,13.7833,0.0000,0.5807,0.0000,0.5776,0.5780,Off,0
normal_off,1305,13.8000,0.0000,0.5982,0.0000,0.5778,0.5780,Off,0
normal_off,1306,13.8167,0.0000,0.5900,0.0000,0.5779,0.5780,Off,0
normal_off,1307,13.8333,0.0000,0.5768,0.0000,0.5772,0.5780,Off,0
normal_off,1308,13.8500,0.0000,0.5918,0.0000,0.5773,0.5780,Off,0
normal_off,1309,13.8667,0.0000,0.5973,0.0000,0.5775,0.5780,Off,0
normal_off,1310,13.8833,0.0000,0.5794,0.0000,0.5775,0.5780,Off,0
normal_off,1311,13.9000,0.0000,0.5832,0.0000,0.5776,0.5780,Off,0
normal_off,1312,13.9167,0.0000,0.5991,0.0000,0.5777,0.5780,Off,0
normal_off,1313,13.9333,0.0000,0.5870,0.0000,0.5778,0.5780,Off,0
normal_off,1314,13.9500,0.0000,0.5774,0.0000,0.5771,0.5780,Off,0
normal_off,1315,13.9667,0.0000,0.5945,0.0000,0.5773,0.5780,Off,0
normal_off,1316,13.9833,0.0000,0.5952,0.0000,0.5774,0.5780,Off,0
normal_off,1317,14.0000,0.0000,0.5778,0.0000,0.5774,0.5780,Off,0
normal_off,1318,14.0167,0.0000,0.5861,0.0000,0.5775,0.5780,Off,0
normal_off,1319,14.0333,0.0000,0.5992,0.0000,0.5777,0.5780,Off,0
normal_off,1320,14.0500,0.0000,0.5841,0.0000,0.5777,0.5780,Off,0
normal_off,1321,14.0667,0.0000,0.5788,0.0000,0.5777,0.5780,Off,0
normal_off,1322,14.0833,0.0000,0.5967,0.0000,0.5779,0.5780,Off,0
normal_off,1323,14.1000,0.0000,0.5927,0.0000,0.5780,0.5780,Off,0
normal_off,1324,14.1167,0.0000,0.5769,0.0000,0.5773,0.5780,Off,0
normal_off,1325,14.1333,0.0000,0.5891,0.0000,0.5774,0.5780,Off,0
normal_off,1326,14.1500,0.0000,0.5986,0.0000,0.5776,0.5780,Off,0
normal_off,1327,14.1667,0.0000,0.5815,0.0000,0.5776,0.5780,Off,0
normal_off,1328,14.1833,0.0000,0.5808,0.0000,0.5776,0.5780,Off,0
normal_off,1329,14.2000,0.0000,0.5982,0.0000,0.5778,0.5780,Off,0
normal_off,1330,14.2167,0.0000,0.5898,0.0000,0.5779,0.5780,Off,0
normal_off,1331,14.2333,0.0000,0.5768,0.0000,0.5772,0.5780,Off,0
normal_off,1332,14.2500,0.0000,0.5920,0.0000,0.5773,0.5780,Off,0
normal_off,1333,14.2667,0.0000,0.5971,0.0000,0.5775,0.5780,Off,0
normal_off,1334,14.2833,0.0000,0.5793,0.0000,0.5775,0.5780,Off,0
normal_off,1335,14.3000,0.0000,0.5834,0.0000,0.5776,0.5780,Off,0
normal_off,1336,14.3167,0.0000,0.5991,0.0000,0.5778,0.5780,Off,0
normal_off,1337,14.3333,0.0000,0.5869,0.0000,0.5778,0.5780,Off,0
normal_off,1338,14.3500,0.0000,0.5775,0.0000,0.5771,0.5780,Off,0
normal_off,1339,14.3667,0.0000,0.5946,0.0000,0.5773,0.5780,Off,0
normal_off,1340,14.3833,0.0000,0.5951,0.0000,0.5774,0.5780,Off,0
normal_off,1341,14.4000,0.0000,0.5777,0.0000,0.5774,0.5780,Off,0
normal_off,1342,14.4167,0.0000,0.5862,0.0000,0.5775,0.5780,Off,0
normal_off,1343,14.4333,0.0000,0.5992,0.0000,0.5777,0.5780,Off,0
normal_off,1344,14.4500,0.0000,0.5839,0.0000,0.5777,0.5780,Off,0
normal_off,1345,14.4667,0.0000,0.5789,0.0000,0.5777,0.5780,Off,0
normal_off,1346,14.4833,0.0000,0.5968,0.0000,0.5779,0.5780,Off,0
normal_off,1347,14.5000,0.0000,0.5925,0.0000,0.5780,0.5780,Off,0
normal_off,1348,14.5167,0.0000,0.5769,0.0000,0.5773,0.5780,Off,0
normal_off,1349,14.5333,0.0000,0.5892,0.0000,0.5774,0.5780,Off,0
normal_off,1350,14.5500,0.0000,0.5985,0.0000,0.5776,0.5780,Off,0
normal_off,1351,14.5667,0.0000,0.5813,0.0000,0.5776,0.5780,Off,0
normal_off,1352,14.5833,0.0000,0.5810,0.0000,0.5777,0.5780,Off,0
normal_off,1353,14.6000,0.0000,0.5983,0.0000,0.5778,0.5780,Off,0
normal_off,1354,14.6167,0.0000,0.5897,0.0000,0.5779,0.5780,Off,0
normal_off,1355,14.6333,0.0000,0.5768,0.0000,0.5772,0.5780,Off,0
normal_off,1356,14.6500,0.0000,0.5922,0.0000,0.5774,0.5780,Off,0
normal_off,1357,14.6667,0.0000,0.5970,0.0000,0.5775,0.5780,Off,0
normal_off,1358,14.6833,0.0000,0.5792,0.0000,0.5775,0.5780,Off,0
normal_off,1359,14.7000,0.0000,0.5836,0.0000,0.5776,0.5780,Off,0
normal_off,1360,14.7167,0.0000,0.5991,0.0000,0.5778,0.5780,Off,0
normal_off,1361,14.7333,0.0000,0.5867,0.0000,0.5778,0.5780,Off,0
normal_off,1362,14.7500,0.0000,0.5775,0.0000,0.5771,0.5780,Off,0
normal_off,1363,14.7667,0.0000,0.5948,0.0000,0.5773,0.5780,Off,0
normal_off,1364,14.7833,0.0000,0.5949,0.0000,0.5774,0.5780,Off,0
normal_off,1365,14.8000,0.0000,0.5776,0.0000,0.5774,0.5780,Off,0
normal_off,1366,14.8167,0.0000,0.5864,0.0000,0.5775,0.5780,Off,0
normal_off,1367,14.8333,0.0000,0.5992,0.0000,0.5777,0.5780,Off,0
normal_off,1368,14.8500,0.0000,0.5838,0.0000,0.5777,0.5780,Off,0
normal_off,1369,14.8667,0.0000,0.5790,0.0000,0.5778,0.5780,Off,0
normal_off,1370,14.8833,0.0000,0.5969,0.0000,0.5779,0.5780,Off,0
normal_off,1371,14.9000,0.0000,0.5924,0.0000,0.5780,0.5780,Off,0
normal_off,1372,14.9167,0.0000,0.5768,0.0000,0.5773,0.5780,Off,0
normal_off,1373,14.9333,0.0000,0.5894,0.0000,0.5774,0.5780,Off,0
normal_off,1374,14.9500,0.0000,0.5984,0.0000,0.5776,0.5780,Off,0
normal_off,1375,14.9667,0.0000,0.5812,0.0000,0.5776,0.5780,Off,0
normal_off,1376,14.9833,0.0000,0.5811,0.0000,0.5777,0.5780,Off,0
normal_off,1377,15.0000,0.0000,0.5984,0.0000,0.5778,0.5780,Off,0
normal_off,1378,15.0167,0.0000,0.5895,0.0000,0.5779,0.5780,Off,0
normal_off,1379,15.0333,0.0000,0.5768,0.0000,0.5772,0.5780,Off,0
normal_off,1380,15.0500,0.0000,0.5923,0.0000,0.5774,0.5780,Off,0
normal_off,1381,15.0667,0.0000,0.5969,0.0000,0.5775,0.5780,Off,0
normal_off,1382,15.0833,0.0000,0.5790,0.0000,0.5775,0.5780,Off,0
normal_off,1383,15.1000,0.0000,0.5837,0.0000,0.5776,0.5780,Off,0
normal_off,1384,15.1167,0.0000,0.5992,0.0000,0.5778,0.5780,Off,0
normal_off,1385,15.1333,0.0000,0.5865,0.0000,0.5778,0.5780,Off,0
normal_off,1386,15.1500,0.0000,0.5776,0.0000,0.5771,0.5780,Off,0
normal_off,1387,15.1667,0.0000,0.5949,0.0000,0.5773,0.5780,Off,0
normal_off,1388,15.1833,0.0000,0.5948,0.0000,0.5774,0.5780,Off,0
normal_off,1389,15.2000,0.0000,0.5776,0.0000,0.5774,0.5780,Off,0
normal_off,1390,15.2167,0.0000,0.5866,0.0000,0.5775,0.5780,Off,0
normal_off,1391,15.2333,0.0000,0.5991,0.0000,0.5777,0.5780,Off,0
normal_off,1392,15.2500,0.0000,0.5836,0.0000,0.5777,0.5780,Off,0
normal_off,1393,15.2667,0.0000,0.5791,0.0000,0.5778,0.5780,Off,0
normal_off,1394,15.2833,0.0000,0.5970,0.0000,0.5779,0.5780,Off,0
normal_off,1395,15.3000,0.0000,0.5922,0.0000,0.5780,0.5780,Off,0
normal_off,1396,15.3167,0.0000,0.5768,0.0000,0.5773,0.5780,Off,0
normal_off,1397,15.3333,0.0000,0.5896,0.0000,0.5774,0.5780,Off,0
normal_off,1398,15.3500,0.0000,0.5983,0.0000,0.5776,0.5780,Off,0
normal_off,1399,15.3667,0.0000,0.5810,0.0000,0.5776,0.5780,Off,0
normal_off,1400,15.3833,0.0000,0.5813,0.0000,0.5777,0.5780,Off,0
normal_off,1401,15.4000,0.0000,0.5985,0.0000,0.5778,0.5780,Off,0
normal_off,1402,15.4167,0.0000,0.5893,0.0000,0.5779,0.5780,Off,0
normal_off,1403,15.4333,0.0000,0.5769,0.0000,0.5772,0.5780,Off,0
normal_off,1404,15.4500,0.0000,0.5925,0.0000,0.5774,0.5780,Off,0
normal_off,1405,15.4667,0.0000,0.5968,0.0000,0.5775,0.5780,Off,0
normal_off,1406,15.4833,0.0000,0.5789,0.0000,0.5775,0.5780,Off,0
normal_off,1407,15.5000,0.0000,0.5839,0.0000,0.5776,0.5780,Off,0
normal_off,1408,15.5167,0.0000,0.5992,0.0000,0.5778,0.5780,Off,0
normal_off,1409,15.5333,0.0000,0.5863,0.0000,0.5778,0.5780,Off,0
normal_off,1410,15.5500,0.0000,0.5777,0.0000,0.5772,0.5780,Off,0
normal_off,1411,15.5667,0.0000,0.5951,0.0000,0.5773,0.5780,Off,0
normal_off,1412,15.5833,0.0000,0.5946,0.0000,0.5774,0.5780,Off,0
normal_off,1413,15.6000,0.0000,0.5775,0.0000,0.5774,0.5780,Off,0
normal_off,1414,15.6167,0.0000,0.5868,0.0000,0.5775,0.5780,Off,0
normal_off,1415,15.6333,0.0000,0.5991,0.0000,0.5777,0.5780,Off,0
normal_off,1416,15.6500,0.0000,0.5834,0.0000,0.5778,0.5780,Off,0
normal_off,1417,15.6667,0.0000,0.5793,0.0000,0.5778,0.5780,Off,0
normal_off,1418,15.6833,0.0000,0.5971,0.0000,0.5779,0.5780,Off,0
normal_off,1419,15.7000,0.0000,0.5920,0.0000,0.5780,0.5780,Off,0
normal_off,1420,15.7167,0.0000,0.5768,0.0000,0.5773,0.5780,Off,0
normal_off,1421,15.7333,0.0000,0.5898,0.0000,0.5775,0.5780,Off,0
normal_off,1422,15.7500,0.0000,0.5983,0.0000,0.5776,0.5780,Off,0
normal_off,1423,15.7667,0.0000,0.5809,0.0000,0.5776,0.5780,Off,0
normal_off,1424,15.7833,0.0000,0.5814,0.0000,0.5777,0.5780,Off,0
normal_off,1425,15.8000,0.0000,0.5985,0.0000,0.5779,0.5780,Off,0
normal_off,1426,15.8167,0.0000,0.5891,0.0000,0.5779,0.5780,Off,0
normal_off,1427,15.8333,0.0000,0.5769,0.0000,0.5773,0.5780,Off,0
normal_off,1428,15.8500,0.0000,0.5927,0.0000,0.5774,0.5780,Off,0
normal_off,1429,15.8667,0.0000,0.5967,0.0000,0.5775,0.5780,Off,0
normal_off,1430,15.8833,0.0000,0.5788,0.0000,0.5776,0.5780,Off,0
normal_off,1431,15.9000,0.0000,0.5841,0.0000,0.5776,0.5780,Off,0
normal_off,1432,15.9167,0.0000,0.5992,0.0000,0.5778,0.5780,Off,0
normal_off,1433,15.9333,0.0000,0.5861,0.0000,0.5779,0.5780,Off,0
normal_off,1434,15.9500,0.0000,0.5778,0.0000,0.5772,0.5780,Off,0
normal_off,1435,15.9667,0.0000,0.5952,0.0000,0.5773,0.5780,Off,0
normal_off,1436,15.9833,0.0000,0.5945,0.0000,0.5775,0.5780,Off,0
normal_off,1437,16.0000,0.0000,0.5774,0.0000,0.5768,0.5780,Off,0
normal_off,1438,16.0167,0.0000,0.5870,0.0000,0.5768,0.5780,Off,0
normal_off,1439,16.0333,0.0000,0.5991,0.0000,0.5770,0.5780,Off,0
normal_off,1440,16.0500,0.0000,0.5832,0.0000,0.5771,0.5780,Off,0
normal_off,1441,16.0667,0.0000,0.5794,0.0000,0.5771,0.5780,Off,0
normal_off,1442,16.0833,0.0000,0.5972,0.0000,0.5773,0.5780,Off,0
normal_off,1443,16.1000,0.0000,0.5918,0.0000,0.5774,0.5780,Off,0
normal_off,1444,16.1167,0.0000,0.5768,0.0000,0.5767,0.5780,Off,0
normal_off,1445,16.1333,0.0000,0.5900,0.0000,0.5768,0.5780,Off,0
normal_off,1446,16.1500,0.0000,0.5982,0.0000,0.5770,0.5780,Off,0
normal_off,1447,16.1667,0.0000,0.5807,0.0000,0.5770,0.5780,Off,0
normal_off,1448,16.1833,0.0000,0.5816,0.0000,0.5770,0.5780,Off,0
normal_off,1449,16.2000,0.0000,0.5986,0.0000,0.5772,0.5780,Off,0
normal_off,1450,16.2167,0.0000,0.5889,0.0000,0.5773,0.5780,Off,0
normal_off,1451,16.2333,0.0000,0.5769,0.0000,0.5766,0.5780,Off,0
normal_off,1452,16.2500,0.0000,0.5929,0.0000,0.5768,0.5780,Off,0
normal_off,1453,16.2667,0.0000,0.5966,0.0000,0.5769,0.5780,Off,0
normal_off,1454,16.2833,0.0000,0.5787,0.0000,0.5769,0.5780,Off,0
normal_off,1455,16.3000,0.0000,0.5843,0.0000,0.5770,0.5770,Off,0
normal_off,1456,16.3167,0.0000,0.5992,0.0000,0.5772,0.5772,Off,0
normal_off,1457,16.3333,0.0000,0.5859,0.0000,0.5773,0.5773,Off,0
normal_off,1458,16.3500,0.0000,0.5779,0.0000,0.5773,0.5773,Off,0
normal_off,1459,16.3667,0.0000,0.5954,0.0000,0.5774,0.5774,Off,0
normal_off,1460,16.3833,0.0000,0.5943,0.0000,0.5776,0.5776,Off,0
normal_off,1461,16.4000,0.0000,0.5774,0.0000,0.5769,0.5776,Off,0
normal_off,1462,16.4167,0.0000,0.5872,0.0000,0.5769,0.5776,Off,0
normal_off,1463,16.4333,0.0000,0.5991,0.0000,0.5771,0.5776,Off,0
normal_off,1464,16.4500,0.0000,0.5831,0.0000,0.5772,0.5776,Off,0
normal_off,1465,16.4667,0.0000,0.5795,0.0000,0.5772,0.5776,Off,0
normal_off,1466,16.4833,0.0000,0.5973,0.0000,0.5774,0.5776,Off,0
normal_off,1467,16.5000,0.0000,0.5916,0.0000,0.5775,0.5776,Off,0
normal_off,1468,16.5167,0.0000,0.5768,0.0000,0.5768,0.5776,Off,0
normal_off,1469,16.5333,0.0000,0.5902,0.0000,0.5769,0.5776,Off,0
normal_off,1470,16.5500,0.0000,0.5981,0.0000,0.5771,0.5776,Off,0
normal_off,1471,16.5667,0.0000,0.5806,0.0000,0.5771,0.5776,Off,0
normal_off,1472,16.5833,0.0000,0.5818,0.0000,0.5771,0.5776,Off,0
normal_off,1473,16.6000,0.0000,0.5987,0.0000,0.5773,0.5776,Off,0
normal_off,1474,16.6167,0.0000,0.5887,0.0000,0.5774,0.5776,Off,0
normal_off,1475,16.6333,0.0000,0.5770,0.0000,0.5767,0.5776,Off,0
normal_off,1476,16.6500,0.0000,0.5930,0.0000,0.5769,0.5776,Off,0
normal_off,1477,16.6667,0.0000,0.5964,0.0000,0.5770,0.5776,Off,0
normal_off,1478,16.6833,0.0000,0.5786,0.0000,0.5770,0.5776,Off,0
normal_off,1479,16.7000,0.0000,0.5845,0.0000,0.5771,0.5776,Off,0
normal_off,1480,16.7167,0.0000,0.5992,0.0000,0.5773,0.5776,Off,0
normal_off,1481,16.7333,0.0000,0.5857,0.0000,0.5774,0.5776,Off,0
normal_off,1482,16.7500,0.0000,0.5779,0.0000,0.5774,0.5776,Off,0
normal_off,1483,16.7667,0.0000,0.5955,0.0000,0.5775,0.5776,Off,0
normal_off,1484,16.7833,0.0000,0.5942,0.0000,0.5776,0.5776,Off,0
normal_off,1485,16.8000,0.0000,0.5773,0.0000,0.5770,0.5776,Off,0
normal_off,1486,16.8167,0.0000,0.5874,0.0000,0.5770,0.5776,Off,0
normal_off,1487,16.8333,0.0000,0.5990,0.0000,0.5772,0.5776,Off,0
normal_off,1488,16.8500,0.0000,0.5829,0.0000,0.5773,0.5776,Off,0
normal_off,1489,16.8667,0.0000,0.5796,0.0000,0.5773,0.5776,Off,0
normal_off,1490,16.8833,0.0000,0.5975,0.0000,0.5775,0.5776,Off,0
normal_off,1491,16.9000,0.0000,0.5915,0.0000,0.5776,0.5776,Off,0
normal_off,1492,16.9167,0.0000,0.5768,0.0000,0.5769,0.5776,Off,0
normal_off,1493,16.9333,0.0000,0.5904,0.0000,0.5770,0.5776,Off,0
normal_off,1494,16.9500,0.0000,0.5980,0.0000,0.5772,0.5776,Off,0
normal_off,1495,16.9667,0.0000,0.5804,0.0000,0.5772,0.5776,Off,0
normal_off,1496,16.9833,0.0000,0.5819,0.0000,0.5772,0.5776,Off,0
normal_off,1497,17.0000,0.0000,0.5987,0.0000,0.5774,0.5776,Off,0
normal_off,1498,17.0167,0.0000,0.5885,0.0000,0.5775,0.5776,Off,0
normal_off,1499,17.0333,0.0000,0.5770,0.0000,0.5768,0.5776,Off,0
normal_off,1500,17.0500,0.0000,0.5932,0.0000,0.5769,0.5776,Off,0
normal_off,1501,17.0667,0.0000,0.5963,0.0000,0.5771,0.5776,Off,0
normal_off,1502,17.0833,0.0000,0.5785,0.0000,0.5771,0.5776,Off,0
normal_off,1503,17.1000,0.0000,0.5846,0.0000,0.5772,0.5776,Off,0
normal_off,1504,17.1167,0.0000,0.5993,0.0000,0.5774,0.5776,Off,0
normal_off,1505,17.1333,0.0000,0.5855,0.0000,0.5774,0.5776,Off,0
normal_off,1506,17.1500,0.0000,0.5780,0.0000,0.5774,0.5776,Off,0
normal_off,1507,17.1667,0.0000,0.5956,0.0000,0.5776,0.5776,Off,0
normal_off,1508,17.1833,0.0000,0.5940,0.0000,0.5777,0.5777,Off,0
normal_off,1509,17.2000,0.0000,0.5772,0.0000,0.5770,0.5777,Off,0
normal_off,1510,17.2167,0.0000,0.5876,0.0000,0.5771,0.5777,Off,0
normal_off,1511,17.2333,0.0000,0.5990,0.0000,0.5773,0.5777,Off,0
normal_off,1512,17.2500,0.0000,0.5827,0.0000,0.5773,0.5777,Off,0
normal_off,1513,17.2667,0.0000,0.5798,0.0000,0.5774,0.5777,Off,0
normal_off,1514,17.2833,0.0000,0.5976,0.0000,0.5775,0.5777,Off,0
normal_off,1515,17.3000,0.0000,0.5913,0.0000,0.5776,0.5777,Off,0
normal_off,1516,17.3167,0.0000,0.5767,0.0000,0.5769,0.5777,Off,0
normal_off,1517,17.3333,0.0000,0.5906,0.0000,0.5771,0.5777,Off,0
normal_off,1518,17.3500,0.0000,0.5979,0.0000,0.5772,0.5777,Off,0
normal_off,1519,17.3667,0.0000,0.5803,0.0000,0.5773,0.5777,Off,0
normal_off,1520,17.3833,0.0000,0.5821,0.0000,0.5773,0.5777,Off,0
normal_off,1521,17.4000,0.0000,0.5988,0.0000,0.5775,0.5777,Off,0
normal_off,1522,17.4167,0.0000,0.5883,0.0000,0.5776,0.5777,Off,0
normal_off,1523,17.4333,0.0000,0.5770,0.0000,0.5769,0.5777,Off,0
normal_off,1524,17.4500,0.0000,0.5934,0.0000,0.5770,0.5777,Off,0
normal_off,1525,17.4667,0.0000,0.5962,0.0000,0.5772,0.5777,Off,0
normal_off,1526,17.4833,0.0000,0.5784,0.0000,0.5772,0.5777,Off,0
normal_off,1527,17.5000,0.0000,0.5848,0.0000,0.5772,0.5777,Off,0
normal_off,1528,17.5167,0.0000,0.5993,0.0000,0.5774,0.5777,Off,0
normal_off,1529,17.5333,0.0000,0.5853,0.0000,0.5775,0.5777,Off,0
normal_off,1530,17.5500,0.0000,0.5781,0.0000,0.5775,0.5777,Off,0
normal_off,1531,17.5667,0.0000,0.5958,0.0000,0.5776,0.5777,Off,0
normal_off,1532,17.5833,0.0000,0.5938,0.0000,0.5778,0.5778,Off,0
normal_off,1533,17.6000,0.0000,0.5772,0.0000,0.5771,0.5778,Off,0
normal_off,1534,17.6167,0.0000,0.5878,0.0000,0.5772,0.5778,Off,0
normal_off,1535,17.6333,0.0000,0.5989,0.0000,0.5774,0.5778,Off,0
normal_off,1536,17.6500,0.0000,0.5826,0.0000,0.5774,0.5778,Off,0
normal_off,1537,17.6667,0.0000,0.5799,0.0000,0.5774,0.5778,Off,0
normal_off,1538,17.6833,0.0000,0.5977,0.0000,0.5776,0.5778,Off,0
normal_off,1539,17.7000,0.0000,0.5911,0.0000,0.5777,0.5778,Off,0
normal_off,1540,17.7167,0.0000,0.5767,0.0000,0.5770,0.5778,Off,0
normal_off,1541,17.7333,0.0000,0.5908,0.0000,0.5771,0.5778,Off,0
normal_off,1542,17.7500,0.0000,0.5978,0.0000,0.5773,0.5778,Off,0
normal_off,1543,17.7667,0.0000,0.5801,0.0000,0.5773,0.5778,Off,0
normal_off,1544,17.7833,0.0000,0.5822,0.0000,0.5774,0.5778,Off,0
normal_off,1545,17.8000,0.0000,0.5988,0.0000,0.5775,0.5778,Off,0
normal_off,1546,17.8167,0.0000,0.5881,0.0000,0.5776,0.5778,Off,0
normal_off,1547,17.8333,0.0000,0.5771,0.0000,0.5769,0.5778,Off,0
normal_off,1548,17.8500,0.0000,0.5935,0.0000,0.5771,0.5778,Off,0
normal_off,1549,17.8667,0.0000,0.5960,0.0000,0.5772,0.5778,Off,0
normal_off,1550,17.8833,0.0000,0.5783,0.0000,0.5772,0.5778,Off,0
normal_off,1551,17.9000,0.0000,0.5850,0.0000,0.5773,0.5778,Off,0
normal_off,1552,17.9167,0.0000,0.5993,0.0000,0.5775,0.5778,Off,0
normal_off,1553,17.9333,0.0000,0.5852,0.0000,0.5775,0.5778,Off,0
normal_off,1554,17.9500,0.0000,0.5782,0.0000,0.5775,0.5778,Off,0
normal_off,1555,17.9667,0.0000,0.5959,0.0000,0.5777,0.5778,Off,0
normal_off,1556,17.9833,0.0000,0.5937,0.0000,0.5778,0.5778,Off,0
normal_off,1557,18.0000,0.0000,0.5771,0.0000,0.5771,0.5778,Off,0
normal_off,1558,18.0167,0.0000,0.5880,0.0000,0.5772,0.5778,Off,0
normal_off,1559,18.0333,0.0000,0.5989,0.0000,0.5774,0.5778,Off,0
normal_off,1560,18.0500,0.0000,0.5824,0.0000,0.5775,0.5778,Off,0
normal_off,1561,18.0667,0.0000,0.5800,0.0000,0.5775,0.5778,Off,0
normal_off,1562,18.0833,0.0000,0.5978,0.0000,0.5776,0.5778,Off,0
normal_off,1563,18.1000,0.0000,0.5909,0.0000,0.5778,0.5778,Off,0
normal_off,1564,18.1167,0.0000,0.5767,0.0000,0.5771,0.5778,Off,0
normal_off,1565,18.1333,0.0000,0.5909,0.0000,0.5772,0.5778,Off,0
normal_off,1566,18.1500,0.0000,0.5977,0.0000,0.5773,0.5778,Off,0
normal_off,1567,18.1667,0.0000,0.5800,0.0000,0.5774,0.5778,Off,0
normal_off,1568,18.1833,0.0000,0.5824,0.0000,0.5774,0.5778,Off,0
normal_off,1569,18.2000,0.0000,0.5989,0.0000,0.5776,0.5778,Off,0
normal_off,1570,18.2167,0.0000,0.5879,0.0000,0.5777,0.5778,Off,0
normal_off,1571,18.2333,0.0000,0.5771,0.0000,0.5770,0.5778,Off,0
normal_off,1572,18.2500,0.0000,0.5937,0.0000,0.5771,0.5778,Off,0
normal_off,1573,18.2667,0.0000,0.5959,0.0000,0.5773,0.5778,Off,0
normal_off,1574,18.2833,0.0000,0.5782,0.0000,0.5773,0.5778,Off,0
normal_off,1575,18.3000,0.0000,0.5852,0.0000,0.5773,0.5778,Off,0
normal_off,1576,18.3167,0.0000,0.5993,0.0000,0.5775,0.5778,Off,0
normal_off,1577,18.3333,0.0000,0.5850,0.0000,0.5776,0.5778,Off,0
normal_off,1578,18.3500,0.0000,0.5783,0.0000,0.5776,0.5778,Off,0
normal_off,1579,18.3667,0.0000,0.5961,0.0000,0.5777,0.5778,Off,0
normal_off,1580,18.3833,0.0000,0.5935,0.0000,0.5779,0.5779,Off,0
normal_off,1581,18.4000,0.0000,0.5771,0.0000,0.5772,0.5779,Off,0
normal_off,1582,18.4167,0.0000,0.5882,0.0000,0.5773,0.5779,Off,0
normal_off,1583,18.4333,0.0000,0.5988,0.0000,0.5775,0.5779,Off,0
normal_off,1584,18.4500,0.0000,0.5822,0.0000,0.5775,0.5779,Off,0
normal_off,1585,18.4667,0.0000,0.5802,0.0000,0.5775,0.5779,Off,0
normal_off,1586,18.4833,0.0000,0.5978,0.0000,0.5777,0.5779,Off,0
normal_off,1587,18.5000,0.0000,0.5907,0.0000,0.5778,0.5779,Off,0
normal_off,1588,18.5167,0.0000,0.5767,0.0000,0.5771,0.5779,Off,0
normal_off,1589,18.5333,0.0000,0.5911,0.0000,0.5772,0.5779,Off,0
normal_off,1590,18.5500,0.0000,0.5976,0.0000,0.5774,0.5779,Off,0
normal_off,1591,18.5667,0.0000,0.5799,0.0000,0.5774,0.5779,Off,0
normal_off,1592,18.5833,0.0000,0.5826,0.0000,0.5774,0.5779,Off,0
normal_off,1593,18.6000,0.0000,0.5989,0.0000,0.5776,0.5779,Off,0
normal_off,1594,18.6167,0.0000,0.5877,0.0000,0.5777,0.5779,Off,0
normal_off,1595,18.6333,0.0000,0.5772,0.0000,0.5770,0.5779,Off,0
normal_off,1596,18.6500,0.0000,0.5939,0.0000,0.5772,0.5779,Off,0
normal_off,1597,18.6667,0.0000,0.5958,0.0000,0.5773,0.5779,Off,0
normal_off,1598,18.6833,0.0000,0.5781,0.0000,0.5773,0.5779,Off,0
normal_off,1599,18.7000,0.0000,0.5854,0.0000,0.5774,0.5779,Off,0
normal_off,1600,18.7167,0.0000,0.5993,0.0000,0.5776,0.5779,Off,0
normal_off,1601,18.7333,0.0000,0.5848,0.0000,0.5776,0.5779,Off,0
normal_off,1602,18.7500,0.0000,0.5784,0.0000,0.5776,0.5779,Off,0
normal_off,1603,18.7667,0.0000,0.5962,0.0000,0.5778,0.5779,Off,0
normal_off,1604,18.7833,0.0000,0.5933,0.0000,0.5779,0.5779,Off,0
normal_off,1605,18.8000,0.0000,0.5770,0.0000,0.5772,0.5779,Off,0
normal_off,1606,18.8167,0.0000,0.5884,0.0000,0.5773,0.5779,Off,0
normal_off,1607,18.8333,0.0000,0.5988,0.0000,0.5775,0.5779,Off,0
normal_off,1608,18.8500,0.0000,0.5821,0.0000,0.5775,0.5779,Off,0
normal_off,1609,18.8667,0.0000,0.5803,0.0000,0.5775,0.5779,Off,0
normal_off,1610,18.8833,0.0000,0.5979,0.0000,0.5777,0.5779,Off,0
normal_off,1611,18.9000,0.0000,0.5905,0.0000,0.5778,0.5779,Off,0
normal_off,1612,18.9167,0.0000,0.5767,0.0000,0.5771,0.5779,Off,0
normal_off,1613,18.9333,0.0000,0.5913,0.0000,0.5772,0.5779,Off,0
normal_off,1614,18.9500,0.0000,0.5975,0.0000,0.5774,0.5779,Off,0
normal_off,1615,18.9667,0.0000,0.5797,0.0000,0.5774,0.5779,Off,0
normal_off,1616,18.9833,0.0000,0.5827,0.0000,0.5775,0.5779,Off,0
normal_off,1617,19.0000,0.0000,0.5990,0.0000,0.5777,0.5779,Off,0
normal_off,1618,19.0167,0.0000,0.5876,0.0000,0.5777,0.5779,Off,0
normal_off,1619,19.0333,0.0000,0.5773,0.0000,0.5770,0.5779,Off,0
normal_off,1620,19.0500,0.0000,0.5940,0.0000,0.5772,0.5779,Off,0
normal_off,1621,19.0667,0.0000,0.5956,0.0000,0.5773,0.5779,Off,0
normal_off,1622,19.0833,0.0000,0.5780,0.0000,0.5773,0.5779,Off,0
normal_off,1623,19.1000,0.0000,0.5856,0.0000,0.5774,0.5779,Off,0
normal_off,1624,19.1167,0.0000,0.5992,0.0000,0.5776,0.5779,Off,0
normal_off,1625,19.1333,0.0000,0.5846,0.0000,0.5777,0.5779,Off,0
normal_off,1626,19.1500,0.0000,0.5785,0.0000,0.5777,0.5779,Off,0
normal_off,1627,19.1667,0.0000,0.5963,0.0000,0.5778,0.5779,Off,0
normal_off,1628,19.1833,0.0000,0.5932,0.0000,0.5779,0.5779,Off,0
normal_off,1629,19.2000,0.0000,0.5770,0.0000,0.5772,0.5779,Off,0
normal_off,1630,19.2167,0.0000,0.5885,0.0000,0.5773,0.5779,Off,0
normal_off,1631,19.2333,0.0000,0.5987,0.0000,0.5775,0.5779,Off,0
normal_off,1632,19.2500,0.0000,0.5819,0.0000,0.5776,0.5779,Off,0
normal_off,1633,19.2667,0.0000,0.5805,0.0000,0.5776,0.5779,Off,0
normal_off,1634,19.2833,0.0000,0.5980,0.0000,0.5777,0.5779,Off,0
normal_off,1635,19.3000,0.0000,0.5903,0.0000,0.5779,0.5779,Off,0
normal_off,1636,19.3167,0.0000,0.5768,0.0000,0.5772,0.5779,Off,0
normal_off,1637,19.3333,0.0000,0.5915,0.0000,0.5773,0.5779,Off,0
normal_off,1638,19.3500,0.0000,0.5974,0.0000,0.5774,0.5779,Off,0
normal_off,1639,19.3667,0.0000,0.5796,0.0000,0.5775,0.5779,Off,0
normal_off,1640,19.3833,0.0000,0.5829,0.0000,0.5775,0.5779,Off,0
normal_off,1641,19.4000,0.0000,0.5990,0.0000,0.5777,0.5779,Off,0
normal_off,1642,19.4167,0.0000,0.5874,0.0000,0.5778,0.5779,Off,0
normal_off,1643,19.4333,0.0000,0.5773,0.0000,0.5771,0.5779,Off,0
normal_off,1644,19.4500,0.0000,0.5942,0.0000,0.5772,0.5779,Off,0
normal_off,1645,19.4667,0.0000,0.5955,0.0000,0.5774,0.5779,Off,0
normal_off,1646,19.4833,0.0000,0.5779,0.0000,0.5774,0.5779,Off,0
normal_off,1647,19.5000,0.0000,0.5857,0.0000,0.5774,0.5779,Off,0
normal_off,1648,19.5167,0.0000,0.5992,0.0000,0.5776,0.5779,Off,0
normal_off,1649,19.5333,0.0000,0.5844,0.0000,0.5777,0.5779,Off,0
normal_off,1650,19.5500,0.0000,0.5786,0.0000,0.5777,0.5779,Off,0
normal_off,1651,19.5667,0.0000,0.5965,0.0000,0.5778,0.5779,Off,0
normal_off,1652,19.5833,0.0000,0.5930,0.0000,0.5780,0.5780,Off,0
normal_off,1653,19.6000,0.0000,0.5770,0.0000,0.5773,0.5780,Off,0
normal_off,1654,19.6167,0.0000,0.5887,0.0000,0.5774,0.5780,Off,0
normal_off,1655,19.6333,0.0000,0.5987,0.0000,0.5775,0.5780,Off,0
normal_off,1656,19.6500,0.0000,0.5817,0.0000,0.5776,0.5780,Off,0
normal_off,1657,19.6667,0.0000,0.5806,0.0000,0.5776,0.5780,Off,0
normal_off,1658,19.6833,0.0000,0.5981,0.0000,0.5778,0.5780,Off,0
normal_off,1659,19.7000,0.0000,0.5902,0.0000,0.5779,0.5780,Off,0
normal_off,1660,19.7167,0.0000,0.5768,0.0000,0.5772,0.5780,Off,0
normal_off,1661,19.7333,0.0000,0.5917,0.0000,0.5773,0.5780,Off,0
normal_off,1662,19.7500,0.0000,0.5973,0.0000,0.5775,0.5780,Off,0
normal_off,1663,19.7667,0.0000,0.5795,0.0000,0.5775,0.5780,Off,0
normal_off,1664,19.7833,0.0000,0.5831,0.0000,0.5775,0.5780,Off,0
normal_off,1665,19.8000,0.0000,0.5991,0.0000,0.5777,0.5780,Off,0
normal_off,1666,19.8167,0.0000,0.5872,0.0000,0.5778,0.5780,Off,0
normal_off,1667,19.8333,0.0000,0.5774,0.0000,0.5771,0.5780,Off,0
normal_off,1668,19.8500,0.0000,0.5943,0.0000,0.5772,0.5780,Off,0
normal_off,1669,19.8667,0.0000,0.5953,0.0000,0.5774,0.5780,Off,0
normal_off,1670,19.8833,0.0000,0.5778,0.0000,0.5774,0.5780,Off,0
normal_off,1671,19.9000,0.0000,0.5859,0.0000,0.5775,0.5780,Off,0
normal_off,1672,19.9167,0.0000,0.5992,0.0000,0.5776,0.5780,Off,0
normal_off,1673,19.9333,0.0000,0.5842,0.0000,0.5777,0.5780,Off,0
normal_off,1674,19.9500,0.0000,0.5787,0.0000,0.5777,0.5780,Off,0
normal_off,1675,19.9667,0.0000,0.5966,0.0000,0.5779,0.5780,Off,0
normal_off,1676,19.9833,0.0000,0.5928,0.0000,0.5780,0.5780,Off,0
normal_off,1677,20.0000,0.0000,0.5769,0.0000,0.5773,0.5780,Off,0
normal_relight,1678,0.0167,0.9977,1.0000,0.0464,0.5808,0.5808,Off,0
normal_relight,1679,0.0333,0.9664,1.0000,0.0892,0.5843,0.5843,Off,0
normal_relight,1680,0.0500,0.9694,1.0000,0.1301,0.5877,0.5877,Off,0
normal_relight,1681,0.0667,0.9991,1.0000,0.1705,0.5911,0.5877,Off,0
normal_relight,1682,0.0833,0.9807,1.0000,0.2082,0.5945,0.5877,Off,0
normal_relight,1683,0.1000,0.9605,1.0000,0.2432,0.5979,0.5877,Off,0
normal_relight,1684,0.1167,0.9895,1.0000,0.2779,0.6012,0.5877,Off,0
normal_relight,1685,0.1333,0.9946,1.0000,0.3112,0.6046,0.5877,Off,0
normal_relight,1686,0.1500,0.9630,1.0000,0.3415,0.6078,0.5877,Off,0
normal_relight,1687,0.1667,0.9743,1.0000,0.3709,0.6111,0.5877,Off,0
normal_relight,1688,0.1833,1.0000,1.0000,0.4002,0.6143,0.5877,Off,0
normal_relight,1689,0.2000,0.9754,1.0000,0.4269,0.6175,0.5877,Off,0
normal_relight,1690,0.2167,0.9624,1.0000,0.4518,0.6207,0.5877,Off,0
normal_relight,1691,0.2333,0.9938,1.0000,0.4770,0.6238,0.5877,Off,0
normal_relight,1692,0.2500,0.9904,1.0000,0.5009,0.6270,0.5877,Off,0
normal_relight,1693,0.2667,0.9608,1.0000,0.5223,0.6301,0.5877,Off,0
normal_relight,1694,0.2833,0.9795,1.0000,0.5436,0.6331,0.5877,Off,0
normal_relight,1695,0.3000,0.9994,1.0000,0.5648,0.6362,0.5877,Off,0
normal_relight,1696,0.3167,0.9704,1.0000,0.5836,0.6392,0.5877,Off,0
normal_relight,1697,0.3333,0.9656,1.0000,0.6014,0.6422,0.5877,Off,0
normal_relight,1698,0.3500,0.9971,1.0000,0.6198,0.6452,0.5877,Off,0
normal_relight,1699,0.3667,0.9856,1.0000,0.6368,0.6481,0.5877,Off,0
normal_relight,1700,0.3833,0.9600,1.0000,0.6518,0.6510,0.5877,Off,0
normal_relight,1701,0.4000,0.9848,1.0000,0.6673,0.6539,0.5877,Off,0
normal_relight,1702,0.4167,0.9975,1.0000,0.6827,0.6568,0.5877,Off,0
normal_relight,1703,0.4333,0.9661,1.0000,0.6959,0.6596,0.5877,Off,0
normal_relight,1704,0.4500,0.9697,1.0000,0.7086,0.6625,0.5877,Off,0
normal_relight,1705,0.4667,0.9992,1.0000,0.7221,0.6653,0.5877,Off,0
normal_relight,1706,0.4833,0.9803,1.0000,0.7341,0.6680,0.5877,Off,0
normal_relight,1707,0.5000,0.9606,1.0000,0.7446,0.6708,0.5877,Off,0
normal_relight,1708,0.5167,0.9898,1.0000,0.7560,0.6735,0.5877,Off,0
normal_relight,1709,0.5333,0.9943,1.0000,0.7671,0.6762,0.5877,Off,0
normal_relight,1710,0.5500,0.9628,1.0000,0.7762,0.6789,0.5877,Off,0
normal_relight,1711,0.5667,0.9746,1.0000,0.7854,0.6816,0.5877,Off,0
normal_relight,1712,0.5833,1.0000,1.0000,0.7954,0.6842,0.5877,Off,0
normal_relight,1713,0.6000,0.9750,1.0000,0.8038,0.6868,0.5877,Off,0
normal_relight,1714,0.6167,0.9626,1.0000,0.8112,0.6894,0.5877,Off,0
normal_relight,1715,0.6333,0.9940,1.0000,0.8197,0.6920,0.5877,Off,0
normal_relight,1716,0.6500,0.9901,1.0000,0.8276,0.6946,0.5544,Off,0
normal_relight,1717,0.6667,0.9607,1.0000,0.8338,0.6971,0.5211,Off,0
normal_relight,1718,0.6833,0.9799,1.0000,0.8406,0.6996,0.4877,Off,0
normal_relight,1719,0.7000,0.9994,1.0000,0.8480,0.7021,0.4544,Off,0
normal_relight,1720,0.7167,0.9701,1.0000,0.8536,0.7046,0.4211,Off,0
normal_relight,1721,0.7333,0.9658,1.0000,0.8589,0.7070,0.3877,Off,0
normal_relight,1722,0.7500,0.9973,1.0000,0.8653,0.7095,0.3544,Off,0
normal_relight,1723,0.7667,0.9852,1.0000,0.8709,0.7119,0.3211,Off,0
normal_relight,1724,0.7833,0.9600,1.0000,0.8750,0.7143,0.2877,Off,0
normal_relight,1725,0.8000,0.9851,1.0000,0.8801,0.7166,0.2544,Off,0
normal_relight,1726,0.8167,0.9973,1.0000,0.8856,0.7190,0.2211,Off,0
normal_relight,1727,0.8333,0.9659,1.0000,0.8893,0.7213,0.1877,Off,0
normal_relight,1728,0.8500,0.9700,1.0000,0.8931,0.7236,0.1544,Off,0
normal_relight,1729,0.8667,0.9993,1.0000,0.8980,0.7259,0.1211,Off,0
normal_relight,1730,0.8833,0.9800,1.0000,0.9018,0.7282,0.0877,Off,0
normal_relight,1731,0.9000,0.9607,1.0000,0.9046,0.7305,0.0544,Steady,0
normal_relight,1732,0.9167,0.9901,1.0000,0.9085,0.7327,0.0211,Steady,0
normal_relight,1733,0.9333,0.9941,1.0000,0.9125,0.7349,0.0000,Steady,0
normal_relight,1734,0.9500,0.9626,1.0000,0.9148,0.7371,0.0000,Steady,0
normal_relight,1735,0.9667,0.9749,1.0000,0.9176,0.7393,0.0000,Steady,0
normal_relight,1736,0.9833,1.0000,1.0000,0.9215,0.7415,0.0000,Steady,0
normal_relight,1737,1.0000,0.9747,1.0000,0.9239,0.7436,0.0000,Steady,0
normal_relight,1738,1.0167,0.9627,1.0000,0.9258,0.7457,0.0000,Steady,0
normal_relight,1739,1.0333,0.9943,1.0000,0.9289,0.7479,0.0000,Steady,0
normal_relight,1740,1.0500,0.9899,1.0000,0.9318,0.7499,0.0000,Steady,0
normal_relight,1741,1.0667,0.9606,1.0000,0.9331,0.7520,0.0000,Steady,0
normal_relight,1742,1.0833,0.9802,1.0000,0.9353,0.7541,0.0000,Steady,0
normal_relight,1743,1.1000,0.9993,1.0000,0.9383,0.7561,0.0000,Steady,0
normal_relight,1744,1.1167,0.9698,1.0000,0.9397,0.7581,0.0000,Steady,0
normal_relight,1745,1.1333,0.9660,1.0000,0.9410,0.7601,0.0000,Steady,0
normal_relight,1746,1.1500,0.9974,1.0000,0.9436,0.7621,0.0000,Steady,0
normal_relight,1747,1.1667,0.9849,1.0000,0.9455,0.7641,0.0000,Steady,0
normal_relight,1748,1.1833,0.9600,1.0000,0.9462,0.7661,0.0000,Steady,0
normal_relight,1749,1.2000,0.9855,1.0000,0.9480,0.7680,0.0000,Steady,0
normal_relight,1750,1.2167,0.9972,1.0000,0.9503,0.7699,0.0000,Steady,0
normal_relight,1751,1.2333,0.9656,1.0000,0.9510,0.7718,0.0000,Steady,0
normal_relight,1752,1.2500,0.9703,1.0000,0.9519,0.7737,0.0000,Steady,0
normal_relight,1753,1.2667,0.9994,1.0000,0.9541,0.7756,0.0000,Steady,0
normal_relight,1754,1.2833,0.9796,1.0000,0.9553,0.7775,0.0000,Steady,0
normal_relight,1755,1.3000,0.9608,1.0000,0.9556,0.7793,0.0000,Steady,0
normal_relight,1756,1.3167,0.9903,1.0000,0.9572,0.7812,0.0000,Steady,0
normal_relight,1757,1.3333,0.9938,1.0000,0.9589,0.7830,0.0000,Steady,0
normal_relight,1758,1.3500,0.9625,1.0000,0.9590,0.7848,0.0000,Steady,0
normal_relight,1759,1.3667,0.9753,1.0000,0.9598,0.7866,0.0000,Steady,0
normal_relight,1760,1.3833,1.0000,1.0000,0.9617,0.7883,0.0000,Steady,0
normal_relight,1761,1.4000,0.9744,1.0000,0.9623,0.7901,0.0000,Steady,0
normal_relight,1762,1.4167,0.9629,1.0000,0.9623,0.7918,0.0000,Steady,0
normal_relight,1763,1.4333,0.9945,1.0000,0.9638,0.7936,0.0000,Steady,0
normal_relight,1764,1.4500,0.9896,1.0000,0.9650,0.7953,0.0000,Steady,0
normal_relight,1765,1.4667,0.9606,1.0000,0.9648,0.7970,0.0000,Steady,0
normal_relight,1766,1.4833,0.9805,1.0000,0.9655,0.7987,0.0000,Steady,0
normal_relight,1767,1.5000,0.9992,1.0000,0.9671,0.8003,0.0000,Steady,0
normal_relight,1768,1.5167,0.9695,1.0000,0.9672,0.8020,0.0000,Steady,0
normal_relight,1769,1.5333,0.9663,1.0000,0.9672,0.8036,0.0000,Steady,0
normal_relight,1770,1.5500,0.9976,1.0000,0.9686,0.8053,0.0000,Steady,0
normal_relight,1771,1.5667,0.9846,1.0000,0.9693,0.8069,0.0000,Steady,0
normal_relight,1772,1.5833,0.9600,1.0000,0.9689,0.8085,0.0000,Steady,0
normal_relight,1773,1.6000,0.9858,1.0000,0.9697,0.8101,0.0000,Steady,0
normal_relight,1774,1.6167,0.9970,1.0000,0.9709,0.8116,0.0000,Steady,0
normal_relight,1775,1.6333,0.9654,1.0000,0.9707,0.8132,0.0000,Steady,0
normal_relight,1776,1.6500,0.9706,1.0000,0.9707,0.8148,0.0000,Steady,0
normal_relight,1777,1.6667,0.9995,1.0000,0.9720,0.8163,0.0000,Steady,0
normal_relight,1778,1.6833,0.9793,1.0000,0.9724,0.8178,0.0000,Steady,0
normal_relight,1779,1.7000,0.9609,1.0000,0.9718,0.8193,0.0000,Steady,0
normal_relight,1780,1.7167,0.9906,1.0000,0.9727,0.8208,0.0000,Steady,0
normal_relight,1781,1.7333,0.9936,1.0000,0.9737,0.8223,0.0000,Steady,0
normal_relight,1782,1.7500,0.9623,1.0000,0.9731,0.8238,0.0000,Steady,0
normal_relight,1783,1.7667,0.9756,1.0000,0.9733,0.8253,0.0000,Steady,0
normal_relight,1784,1.7833,1.0000,1.0000,0.9745,0.8267,0.0000,Steady,0
normal_relight,1785,1.8000,0.9740,1.0000,0.9745,0.8281,0.0000,Steady,0
normal_relight,1786,1.8167,0.9631,1.0000,0.9739,0.8296,0.0000,Steady,0
normal_relight,1787,1.8333,0.9947,1.0000,0.9749,0.8310,0.0000,Steady,0
normal_relight,1788,1.8500,0.9893,1.0000,0.9756,0.8324,0.0000,Steady,0
normal_relight,1789,1.8667,0.9605,1.0000,0.9749,0.8338,0.0000,Steady,0
normal_relight,1790,1.8833,0.9809,1.0000,0.9752,0.8352,0.0000,Steady,0
normal_relight,1791,1.9000,0.9991,1.0000,0.9763,0.8365,0.0000,Steady,0
normal_relight,1792,1.9167,0.9692,1.0000,0.9759,0.8379,0.0000,Steady,0
normal_relight,1793,1.9333,0.9665,1.0000,0.9755,0.8392,0.0000,Steady,0
normal_relight,1794,1.9500,0.9978,1.0000,0.9765,0.8406,0.0000,Steady,0
normal_relight,1795,1.9667,0.9842,1.0000,0.9769,0.8419,0.0000,Steady,0
normal_relight,1796,1.9833,0.9600,1.0000,0.9761,0.8432,0.0000,Steady,0
normal_relight,1797,2.0000,0.9861,1.0000,0.9766,0.8445,0.0000,Steady,0
normal_relight,1798,2.0167,0.9968,1.0000,0.9775,0.8458,0.0000,Steady,0
normal_relight,1799,2.0333,0.9652,1.0000,0.9769,0.8471,0.0000,Steady,0
normal_relight,1800,2.0500,0.9709,1.0000,0.9767,0.8483,0.0000,Steady,0
normal_relight,1801,2.0667,0.9996,1.0000,0.9777,0.8496,0.0000,Steady,0
normal_relight,1802,2.0833,0.9790,1.0000,0.9778,0.8508,0.0000,Steady,0
normal_relight,1803,2.1000,0.9610,1.0000,0.9770,0.8521,0.0000,Steady,0
normal_relight,1804,2.1167,0.9909,1.0000,0.9776,0.8533,0.0000,Steady,0
normal_relight,1805,2.1333,0.9933,1.0000,0.9784,0.8545,0.0000,Steady,0
normal_relight,1806,2.1500,0.9622,1.0000,0.9776,0.8557,0.0000,Steady,0
normal_relight,1807,2.1667,0.9759,1.0000,0.9775,0.8569,0.0000,Steady,0
normal_relight,1808,2.1833,1.0000,1.0000,0.9786,0.8581,0.0000,Steady,0
normal_relight,1809,2.2000,0.9737,1.0000,0.9784,0.8593,0.0000,Steady,0
normal_relight,1810,2.2167,0.9633,1.0000,0.9777,0.8605,0.0000,Steady,0
normal_relight,1811,2.2333,0.9950,1.0000,0.9785,0.8616,0.0000,Steady,0
normal_relight,1812,2.2500,0.9890,1.0000,0.9790,0.8628,0.0000,Steady,0
normal_relight,1813,2.2667,0.9604,1.0000,0.9781,0.8639,0.0000,Steady,0
normal_relight,1814,2.2833,0.9812,1.0000,0.9782,0.8650,0.0000,Steady,0
normal_relight,1815,2.3000,0.9990,1.0000,0.9792,0.8662,0.0000,Steady,0
normal_relight,1816,2.3167,0.9689,1.0000,0.9787,0.8673,0.0000,Steady,0
normal_relight,1817,2.3333,0.9668,1.0000,0.9782,0.8684,0.0000,Steady,0
normal_relight,1818,2.3500,0.9979,1.0000,0.9791,0.8695,0.0000,Steady,0
normal_relight,1819,2.3667,0.9839,1.0000,0.9793,0.8705,0.0000,Steady,0
normal_relight,1820,2.3833,0.9600,1.0000,0.9784,0.8716,0.0000,Steady,0
normal_relight,1821,2.4000,0.9865,1.0000,0.9788,0.8727,0.0000,Steady,0
normal_relight,1822,2.4167,0.9966,1.0000,0.9796,0.8737,0.0000,Steady,0
normal_relight,1823,2.4333,0.9649,1.0000,0.9789,0.8748,0.0000,Steady,0
normal_relight,1824,2.4500,0.9712,1.0000,0.9786,0.8758,0.0000,Steady,0
normal_relight,1825,2.4667,0.9996,1.0000,0.9796,0.8769,0.0000,Steady,0
normal_relight,1826,2.4833,0.9786,1.0000,0.9795,0.8779,0.0000,Steady,0
normal_relight,1827,2.5000,0.9611,1.0000,0.9787,0.8789,0.0000,Steady,0
normal_relight,1828,2.5167,0.9912,1.0000,0.9792,0.8799,0.0000,Steady,0
normal_relight,1829,2.5333,0.9931,1.0000,0.9799,0.8809,0.0000,Steady,0
normal_relight,1830,2.5500,0.9620,1.0000,0.9790,0.8819,0.0000,Steady,0
normal_relight,1831,2.5667,0.9763,1.0000,0.9789,0.8829,0.0000,Steady,0
normal_relight,1832,2.5833,0.9999,1.0000,0.9799,0.8838,0.0000,Steady,0
normal_relight,1833,2.6000,0.9734,1.0000,0.9796,0.8848,0.0000,Steady,0
normal_relight,1834,2.6167,0.9635,1.0000,0.9788,0.8858,0.0000,Steady,0
normal_relight,1835,2.6333,0.9952,1.0000,0.9796,0.8867,0.0000,Steady,0
normal_relight,1836,2.6500,0.9886,1.0000,0.9800,0.8876,0.0000,Steady,0
normal_relight,1837,2.6667,0.9603,1.0000,0.9791,0.8886,0.0000,Steady,0
normal_relight,1838,2.6833,0.9816,1.0000,0.9792,0.8895,0.0000,Steady,0
normal_relight,1839,2.7000,0.9988,1.0000,0.9801,0.8904,0.0000,Steady,0
normal_relight,1840,2.7167,0.9687,1.0000,0.9796,0.8913,0.0000,Steady,0
normal_relight,1841,2.7333,0.9670,1.0000,0.9790,0.8922,0.0000,Steady,0
normal_relight,1842,2.7500,0.9981,1.0000,0.9799,0.8931,0.0000,Steady,0
normal_relight,1843,2.7667,0.9836,1.0000,0.9801,0.8940,0.0000,Steady,0
normal_relight,1844,2.7833,0.9601,1.0000,0.9791,0.8949,0.0000,Steady,0
normal_relight,1845,2.8000,0.9868,1.0000,0.9795,0.8958,0.0000,Steady,0
normal_relight,1846,2.8167,0.9964,1.0000,0.9803,0.8966,0.0000,Steady,0
normal_relight,1847,2.8333,0.9647,1.0000,0.9796,0.8975,0.0000,Steady,0
normal_relight,1848,2.8500,0.9715,1.0000,0.9792,0.8983,0.0000,Steady,0
normal_relight,1849,2.8667,0.9997,1.0000,0.9801,0.8992,0.0000,Steady,0
normal_relight,1850,2.8833,0.9783,1.0000,0.9801,0.9000,0.0000,Steady,0
normal_relight,1851,2.9000,0.9612,1.0000,0.9792,0.9008,0.0000,Steady,0
normal_relight,1852,2.9167,0.9915,1.0000,0.9798,0.9017,0.0000,Steady,0
normal_relight,1853,2.9333,0.9928,1.0000,0.9804,0.9025,0.0000,Steady,0
normal_relight,1854,2.9500,0.9619,1.0000,0.9795,0.9033,0.0000,Steady,0
normal_relight,1855,2.9667,0.9766,1.0000,0.9794,0.9041,0.0000,Steady,0
normal_relight,1856,2.9833,0.9999,1.0000,0.9803,0.9049,0.0000,Steady,0
normal_relight,1857,3.0000,0.9731,1.0000,0.9800,0.9057,0.0000,Steady,0
normal_relight,1858,3.0167,0.9637,1.0000,0.9792,0.9065,0.0000,Steady,0
normal_relight,1859,3.0333,0.9954,1.0000,0.9800,0.9072,0.0000,Steady,0
normal_relight,1860,3.0500,0.9883,1.0000,0.9804,0.9080,0.0000,Steady,0
normal_relight,1861,3.0667,0.9603,1.0000,0.9794,0.9088,0.0000,Steady,0
normal_relight,1862,3.0833,0.9819,1.0000,0.9795,0.9095,0.0000,Steady,0
normal_relight,1863,3.1000,0.9987,1.0000,0.9804,0.9103,0.0000,Steady,0
normal_relight,1864,3.1167,0.9684,1.0000,0.9799,0.9110,0.0000,Steady,0
normal_relight,1865,3.1333,0.9673,1.0000,0.9793,0.9118,0.0000,Steady,0
normal_relight,1866,3.1500,0.9982,1.0000,0.9802,0.9125,0.0000,Steady,0
normal_relight,1867,3.1667,0.9832,1.0000,0.9803,0.9132,0.0000,Steady,0
normal_relight,1868,3.1833,0.9601,1.0000,0.9794,0.9139,0.0000,Steady,0
normal_relight,1869,3.2000,0.9871,1.0000,0.9797,0.9147,0.0000,Steady,0
normal_relight,1870,3.2167,0.9962,1.0000,0.9805,0.9154,0.0000,Steady,0
normal_relight,1871,3.2333,0.9645,1.0000,0.9798,0.9161,0.0000,Steady,0
normal_relight,1872,3.2500,0.9718,1.0000,0.9794,0.9168,0.0000,Steady,0
normal_relight,1873,3.2667,0.9997,1.0000,0.9803,0.9175,0.0000,Steady,0
normal_relight,1874,3.2833,0.9779,1.0000,0.9802,0.9181,0.0000,Steady,0
normal_relight,1875,3.3000,0.9613,1.0000,0.9793,0.9188,0.0000,Steady,0
normal_relight,1876,3.3167,0.9918,1.0000,0.9799,0.9195,0.0000,Steady,0
normal_relight,1877,3.3333,0.9926,1.0000,0.9805,0.9202,0.0000,Steady,0
normal_relight,1878,3.3500,0.9617,1.0000,0.9796,0.9208,0.0000,Steady,0
normal_relight,1879,3.3667,0.9769,1.0000,0.9795,0.9215,0.0000,Steady,0
normal_relight,1880,3.3833,0.9999,1.0000,0.9805,0.9221,0.0000,Steady,0
normal_relight,1881,3.4000,0.9728,1.0000,0.9801,0.9228,0.0000,Steady,0
normal_relight,1882,3.4167,0.9639,1.0000,0.9793,0.9234,0.0000,Steady,0
normal_relight,1883,3.4333,0.9956,1.0000,0.9801,0.9241,0.0000,Steady,0
normal_relight,1884,3.4500,0.9880,1.0000,0.9805,0.9247,0.0000,Steady,0
normal_relight,1885,3.4667,0.9602,1.0000,0.9795,0.9253,0.0000,Steady,0
normal_relight,1886,3.4833,0.9822,1.0000,0.9797,0.9259,0.0000,Steady,0
normal_relight,1887,3.5000,0.9986,1.0000,0.9805,0.9265,0.0000,Steady,0
normal_relight,1888,3.5167,0.9681,1.0000,0.9800,0.9272,0.0000,Steady,0
normal_relight,1889,3.5333,0.9676,1.0000,0.9794,0.9278,0.0000,Steady,0
normal_relight,1890,3.5500,0.9984,1.0000,0.9803,0.9284,0.0000,Steady,0
normal_relight,1891,3.5667,0.9829,1.0000,0.9804,0.9290,0.0000,Steady,0
normal_relight,1892,3.5833,0.9601,1.0000,0.9794,0.9295,0.0000,Steady,0
normal_relight,1893,3.6000,0.9874,1.0000,0.9798,0.9301,0.0000,Steady,0
normal_relight,1894,3.6167,0.9960,1.0000,0.9806,0.9307,0.0000,Steady,0
normal_relight,1895,3.6333,0.9643,1.0000,0.9798,0.9313,0.0000,Steady,0
normal_relight,1896,3.6500,0.9721,1.0000,0.9795,0.9319,0.0000,Steady,0
normal_relight,1897,3.6667,0.9998,1.0000,0.9804,0.9324,0.0000,Steady,0
normal_relight,1898,3.6833,0.9776,1.0000,0.9803,0.9330,0.0000,Steady,0
normal_relight,1899,3.7000,0.9615,1.0000,0.9794,0.9335,0.0000,Steady,0
normal_relight,1900,3.7167,0.9920,1.0000,0.9800,0.9341,0.0000,Steady,0
normal_relight,1901,3.7333,0.9923,1.0000,0.9806,0.9346,0.0000,Steady,0
normal_relight,1902,3.7500,0.9616,1.0000,0.9797,0.9352,0.0000,Steady,0
normal_relight,1903,3.7667,0.9773,1.0000,0.9796,0.9357,0.0000,Steady,0
normal_relight,1904,3.7833,0.9998,1.0000,0.9805,0.9362,0.0000,Steady,0
normal_relight,1905,3.8000,0.9724,1.0000,0.9801,0.9368,0.0000,Steady,0
normal_relight,1906,3.8167,0.9641,1.0000,0.9794,0.9373,0.0000,Steady,0
normal_relight,1907,3.8333,0.9958,1.0000,0.9801,0.9378,0.0000,Steady,0
normal_relight,1908,3.8500,0.9877,1.0000,0.9805,0.9383,0.0000,Steady,0
normal_relight,1909,3.8667,0.9602,1.0000,0.9796,0.9388,0.0000,Steady,0
normal_relight,1910,3.8833,0.9826,1.0000,0.9797,0.9394,0.0000,Steady,0
normal_relight,1911,3.9000,0.9985,1.0000,0.9806,0.9399,0.0000,Steady,0
normal_relight,1912,3.9167,0.9678,1.0000,0.9800,0.9404,0.0000,Steady,0
normal_relight,1913,3.9333,0.9678,1.0000,0.9794,0.9409,0.0000,Steady,0
normal_relight,1914,3.9500,0.9985,1.0000,0.9803,0.9413,0.0000,Steady,0
normal_relight,1915,3.9667,0.9826,1.0000,0.9804,0.9418,0.0000,Steady,0
normal_relight,1916,3.9833,0.9602,1.0000,0.9795,0.9423,0.0000,Steady,0
normal_relight,1917,4.0000,0.9877,1.0000,0.9798,0.9428,0.0000,Steady,0
normal_relight,1918,4.0167,0.9958,1.0000,0.9806,0.9433,0.0000,Steady,0
normal_relight,1919,4.0333,0.9641,1.0000,0.9798,0.9437,0.0000,Steady,0
normal_relight,1920,4.0500,0.9724,1.0000,0.9795,0.9442,0.0000,Steady,0
normal_relight,1921,4.0667,0.9998,1.0000,0.9804,0.9447,0.0000,Steady,0
normal_relight,1922,4.0833,0.9773,1.0000,0.9803,0.9451,0.0000,Steady,0
normal_relight,1923,4.1000,0.9616,1.0000,0.9794,0.9456,0.0000,Steady,0
normal_relight,1924,4.1167,0.9923,1.0000,0.9800,0.9460,0.0000,Steady,0
normal_relight,1925,4.1333,0.9920,1.0000,0.9806,0.9465,0.0000,Steady,0
normal_relight,1926,4.1500,0.9614,1.0000,0.9797,0.9469,0.0000,Steady,0
normal_relight,1927,4.1667,0.9776,1.0000,0.9796,0.9474,0.0000,Steady,0
normal_relight,1928,4.1833,0.9998,1.0000,0.9805,0.9478,0.0000,Steady,0
normal_relight,1929,4.2000,0.9721,1.0000,0.9801,0.9482,0.0000,Steady,0
normal_relight,1930,4.2167,0.9643,1.0000,0.9794,0.9487,0.0000,Steady,0
normal_relight,1931,4.2333,0.9960,1.0000,0.9802,0.9491,0.0000,Steady,0
normal_relight,1932,4.2500,0.9874,1.0000,0.9805,0.9495,0.0000,Steady,0
normal_relight,1933,4.2667,0.9601,1.0000,0.9796,0.9499,0.0000,Steady,0
normal_relight,1934,4.2833,0.9829,1.0000,0.9797,0.9503,0.0000,Steady,0
normal_relight,1935,4.3000,0.9983,1.0000,0.9806,0.9508,0.0000,Steady,0
normal_relight,1936,4.3167,0.9676,1.0000,0.9800,0.9512,0.0000,Steady,0
normal_relight,1937,4.3333,0.9681,1.0000,0.9794,0.9516,0.0000,Steady,0
normal_relight,1938,4.3500,0.9986,1.0000,0.9803,0.9520,0.0000,Steady,0
normal_relight,1939,4.3667,0.9822,1.0000,0.9804,0.9524,0.0000,Steady,0
normal_relight,1940,4.3833,0.9602,1.0000,0.9795,0.9528,0.0000,Steady,0
normal_relight,1941,4.4000,0.9880,1.0000,0.9799,0.9532,0.0000,Steady,0
normal_relight,1942,4.4167,0.9956,1.0000,0.9806,0.9536,0.0000,Steady,0
normal_relight,1943,4.4333,0.9639,1.0000,0.9798,0.9539,0.0000,Steady,0
normal_relight,1944,4.4500,0.9728,1.0000,0.9795,0.9543,0.0000,Steady,0
normal_relight,1945,4.4667,0.9999,1.0000,0.9804,0.9547,0.0000,Steady,0
normal_relight,1946,4.4833,0.9769,1.0000,0.9803,0.9551,0.0000,Steady,0
normal_relight,1947,4.5000,0.9617,1.0000,0.9794,0.9554,0.0000,Steady,0
normal_relight,1948,4.5167,0.9926,1.0000,0.9800,0.9558,0.0000,Steady,0
normal_relight,1949,4.5333,0.9918,1.0000,0.9806,0.9562,0.0000,Steady,0
normal_relight,1950,4.5500,0.9613,1.0000,0.9797,0.9565,0.0000,Steady,0
normal_relight,1951,4.5667,0.9779,1.0000,0.9796,0.9569,0.0000,Steady,0
normal_relight,1952,4.5833,0.9997,1.0000,0.9805,0.9573,0.0000,Steady,0
normal_relight,1953,4.6000,0.9718,1.0000,0.9801,0.9576,0.0000,Steady,0
normal_relight,1954,4.6167,0.9645,1.0000,0.9794,0.9580,0.0000,Steady,0
normal_relight,1955,4.6333,0.9962,1.0000,0.9802,0.9583,0.0000,Steady,0
normal_relight,1956,4.6500,0.9871,1.0000,0.9805,0.9587,0.0000,Steady,0
normal_relight,1957,4.6667,0.9601,1.0000,0.9796,0.9590,0.0000,Steady,0
normal_relight,1958,4.6833,0.9832,1.0000,0.9797,0.9593,0.0000,Steady,0
normal_relight,1959,4.7000,0.9982,1.0000,0.9806,0.9597,0.0000,Steady,0
normal_relight,1960,4.7167,0.9673,1.0000,0.9800,0.9600,0.0000,Steady,0
normal_relight,1961,4.7333,0.9684,1.0000,0.9794,0.9604,0.0000,Steady,0
normal_relight,1962,4.7500,0.9987,1.0000,0.9803,0.9607,0.0000,Steady,0
normal_relight,1963,4.7667,0.9819,1.0000,0.9804,0.9610,0.0000,Steady,0
normal_relight,1964,4.7833,0.9603,1.0000,0.9795,0.9613,0.0000,Steady,0
normal_relight,1965,4.8000,0.9883,1.0000,0.9799,0.9617,0.0000,Steady,0
normal_relight,1966,4.8167,0.9954,1.0000,0.9806,0.9620,0.0000,Steady,0
normal_relight,1967,4.8333,0.9637,1.0000,0.9798,0.9623,0.0000,Steady,0
normal_relight,1968,4.8500,0.9731,1.0000,0.9795,0.9626,0.0000,Steady,0
normal_relight,1969,4.8667,0.9999,1.0000,0.9804,0.9629,0.0000,Steady,0
normal_relight,1970,4.8833,0.9766,1.0000,0.9803,0.9632,0.0000,Steady,0
normal_relight,1971,4.9000,0.9619,1.0000,0.9794,0.9635,0.0000,Steady,0
normal_relight,1972,4.9167,0.9928,1.0000,0.9800,0.9638,0.0000,Steady,0
normal_relight,1973,4.9333,0.9915,1.0000,0.9806,0.9641,0.0000,Steady,0
normal_relight,1974,4.9500,0.9612,1.0000,0.9797,0.9644,0.0000,Steady,0
normal_relight,1975,4.9667,0.9783,1.0000,0.9796,0.9647,0.0000,Steady,0
normal_relight,1976,4.9833,0.9997,1.0000,0.9805,0.9650,0.0000,Steady,0
normal_relight,1977,5.0000,0.9715,1.0000,0.9801,0.9653,0.0000,Steady,0
normal_relight,1978,5.0167,0.9647,1.0000,0.9794,0.9656,0.0000,Steady,0
normal_relight,1979,5.0333,0.9964,1.0000,0.9802,0.9659,0.0000,Steady,0
normal_relight,1980,5.0500,0.9868,1.0000,0.9805,0.9662,0.0000,Steady,0
normal_relight,1981,5.0667,0.9601,1.0000,0.9795,0.9664,0.0000,Steady,0
normal_relight,1982,5.0833,0.9836,1.0000,0.9797,0.9667,0.0000,Steady,0
normal_relight,1983,5.1000,0.9981,1.0000,0.9806,0.9670,0.0000,Steady,0
normal_relight,1984,5.1167,0.9670,1.0000,0.9800,0.9673,0.0000,Steady,0
normal_relight,1985,5.1333,0.9687,1.0000,0.9794,0.9675,0.0000,Steady,0
normal_relight,1986,5.1500,0.9989,1.0000,0.9803,0.9678,0.0000,Steady,0
normal_relight,1987,5.1667,0.9815,1.0000,0.9804,0.9681,0.0000,Steady,0
normal_relight,1988,5.1833,0.9603,1.0000,0.9795,0.9683,0.0000,Steady,0
normal_relight,1989,5.2000,0.9887,1.0000,0.9799,0.9686,0.0000,Steady,0
normal_relight,1990,5.2167,0.9952,1.0000,0.9806,0.9689,0.0000,Steady,0
normal_relight,1991,5.2333,0.9635,1.0000,0.9798,0.9691,0.0000,Steady,0
normal_relight,1992,5.2500,0.9734,1.0000,0.9795,0.9694,0.0000,Steady,0
normal_relight,1993,5.2667,0.9999,1.0000,0.9805,0.9696,0.0000,Steady,0
normal_relight,1994,5.2833,0.9762,1.0000,0.9803,0.9699,0.0000,Steady,0
normal_relight,1995,5.3000,0.9620,1.0000,0.9794,0.9701,0.0000,Steady,0
normal_relight,1996,5.3167,0.9931,1.0000,0.9800,0.9704,0.0000,Steady,0
normal_relight,1997,5.3333,0.9912,1.0000,0.9806,0.9706,0.0000,Steady,0
normal_relight,1998,5.3500,0.9611,1.0000,0.9797,0.9709,0.0000,Steady,0
normal_relight,1999,5.3667,0.9786,1.0000,0.9796,0.9711,0.0000,Steady,0
normal_relight,2000,5.3833,0.9996,1.0000,0.9805,0.9714,0.0000,Steady,0
normal_relight,2001,5.4000,0.9712,1.0000,0.9801,0.9716,0.0000,Steady,0
normal_relight,2002,5.4167,0.9649,1.0000,0.9794,0.9718,0.0000,Steady,0
normal_relight,2003,5.4333,0.9966,1.0000,0.9802,0.9721,0.0000,Steady,0
normal_relight,2004,5.4500,0.9864,1.0000,0.9805,0.9723,0.0000,Steady,0
normal_relight,2005,5.4667,0.9600,1.0000,0.9795,0.9725,0.0000,Steady,0
normal_relight,2006,5.4833,0.9839,1.0000,0.9797,0.9728,0.0000,Steady,0
normal_relight,2007,5.5000,0.9979,1.0000,0.9806,0.9730,0.0000,Steady,0
normal_relight,2008,5.5167,0.9668,1.0000,0.9799,0.9732,0.0000,Steady,0
normal_relight,2009,5.5333,0.9689,1.0000,0.9794,0.9734,0.0000,Steady,0
normal_relight,2010,5.5500,0.9990,1.0000,0.9803,0.9736,0.0000,Steady,0
normal_relight,2011,5.5667,0.9812,1.0000,0.9804,0.9739,0.0000,Steady,0
normal_relight,2012,5.5833,0.9604,1.0000,0.9795,0.9741,0.0000,Steady,0
normal_relight,2013,5.6000,0.9890,1.0000,0.9799,0.9743,0.0000,Steady,0
normal_relight,2014,5.6167,0.9949,1.0000,0.9806,0.9745,0.0000,Steady,0
normal_relight,2015,5.6333,0.9633,1.0000,0.9798,0.9747,0.0000,Steady,0
normal_relight,2016,5.6500,0.9737,1.0000,0.9795,0.9749,0.0000,Steady,0
normal_relight,2017,5.6667,1.0000,1.0000,0.9805,0.9751,0.0000,Steady,0
normal_relight,2018,5.6833,0.9759,1.0000,0.9802,0.9753,0.0000,Steady,0
normal_relight,2019,5.7000,0.9622,1.0000,0.9794,0.9755,0.0000,Steady,0
normal_relight,2020,5.7167,0.9934,1.0000,0.9801,0.9758,0.0000,Steady,0
normal_relight,2021,5.7333,0.9909,1.0000,0.9806,0.9760,0.0000,Steady,0
normal_relight,2022,5.7500,0.9610,1.0000,0.9797,0.9762,0.0000,Steady,0
normal_relight,2023,5.7667,0.9790,1.0000,0.9796,0.9764,0.0000,Steady,0
normal_relight,2024,5.7833,0.9996,1.0000,0.9805,0.9765,0.0000,Steady,0
normal_relight,2025,5.8000,0.9709,1.0000,0.9801,0.9767,0.0000,Steady,0
normal_relight,2026,5.8167,0.9652,1.0000,0.9794,0.9769,0.0000,Steady,0
normal_relight,2027,5.8333,0.9968,1.0000,0.9802,0.9771,0.0000,Steady,0
normal_relight,2028,5.8500,0.9861,1.0000,0.9805,0.9773,0.0000,Steady,0
normal_relight,2029,5.8667,0.9600,1.0000,0.9795,0.9775,0.0000,Steady,0
normal_relight,2030,5.8833,0.9843,1.0000,0.9798,0.9777,0.0000,Steady,0
normal_relight,2031,5.9000,0.9978,1.0000,0.9806,0.9779,0.0000,Steady,0
normal_relight,2032,5.9167,0.9665,1.0000,0.9799,0.9781,0.0000,Steady,0
normal_relight,2033,5.9333,0.9692,1.0000,0.9794,0.9782,0.0000,Steady,0
normal_relight,2034,5.9500,0.9991,1.0000,0.9804,0.9784,0.0000,Steady,0
normal_relight,2035,5.9667,0.9809,1.0000,0.9804,0.9786,0.0000,Steady,0
normal_relight,2036,5.9833,0.9605,1.0000,0.9795,0.9788,0.0000,Steady,0
normal_relight,2037,6.0000,0.9893,1.0000,0.9799,0.9790,0.0000,Steady,0
normal_relight,2038,6.0167,0.9947,1.0000,0.9806,0.9791,0.0000,Steady,0
normal_relight,2039,6.0333,0.9631,1.0000,0.9798,0.9793,0.0000,Steady,0
normal_relight,2040,6.0500,0.9741,1.0000,0.9795,0.9795,0.0000,Steady,0
normal_relight,2041,6.0667,1.0000,1.0000,0.9805,0.9796,0.0000,Steady,0
normal_relight,2042,6.0833,0.9756,1.0000,0.9802,0.9798,0.0000,Steady,0
normal_relight,2043,6.1000,0.9623,1.0000,0.9794,0.9800,0.0000,Steady,0
normal_relight,2044,6.1167,0.9936,1.0000,0.9801,0.9801,0.0000,Steady,0
normal_relight,2045,6.1333,0.9906,1.0000,0.9806,0.9803,0.0000,Steady,0
normal_relight,2046,6.1500,0.9609,1.0000,0.9796,0.9805,0.0000,Steady,0
normal_relight,2047,6.1667,0.9793,1.0000,0.9796,0.9806,0.0000,Steady,0
normal_relight,2048,6.1833,0.9995,1.0000,0.9806,0.9808,0.0000,Steady,0
normal_relight,2049,6.2000,0.9706,1.0000,0.9801,0.9810,0.0000,Steady,0
normal_relight,2050,6.2167,0.9654,1.0000,0.9794,0.9811,0.0000,Steady,0
normal_relight,2051,6.2333,0.9970,1.0000,0.9802,0.9813,0.0000,Steady,0
normal_relight,2052,6.2500,0.9858,1.0000,0.9805,0.9814,0.0000,Steady,0
normal_relight,2053,6.2667,0.9600,1.0000,0.9795,0.9816,0.0000,Steady,0
normal_relight,2054,6.2833,0.9846,1.0000,0.9798,0.9817,0.0000,Steady,0
normal_relight,2055,6.3000,0.9976,1.0000,0.9806,0.9819,0.0000,Steady,0
normal_relight,2056,6.3167,0.9663,1.0000,0.9799,0.9820,0.0000,Steady,0
normal_relight,2057,6.3333,0.9695,1.0000,0.9794,0.9822,0.0000,Steady,0
normal_relight,2058,6.3500,0.9992,1.0000,0.9804,0.9823,0.0000,Steady,0
normal_relight,2059,6.3667,0.9805,1.0000,0.9804,0.9825,0.0000,Steady,0
normal_relight,2060,6.3833,0.9606,1.0000,0.9794,0.9826,0.0000,Steady,0
normal_relight,2061,6.4000,0.9896,1.0000,0.9799,0.9828,0.0000,Steady,0
normal_relight,2062,6.4167,0.9945,1.0000,0.9806,0.9829,0.0000,Steady,0
normal_relight,2063,6.4333,0.9629,1.0000,0.9798,0.9831,0.0000,Steady,0
normal_relight,2064,6.4500,0.9744,1.0000,0.9795,0.9832,0.0000,Steady,0
normal_relight,2065,6.4667,1.0000,1.0000,0.9805,0.9833,0.0000,Steady,0
normal_relight,2066,6.4833,0.9752,1.0000,0.9802,0.9835,0.0000,Steady,0
normal_relight,2067,6.5000,0.9625,1.0000,0.9794,0.9836,0.0000,Steady,0
normal_relight,2068,6.5167,0.9939,1.0000,0.9801,0.9837,0.0000,Steady,0
normal_relight,2069,6.5333,0.9903,1.0000,0.9806,0.9839,0.0000,Steady,0
normal_relight,2070,6.5500,0.9608,1.0000,0.9796,0.9840,0.0000,Steady,0
normal_relight,2071,6.5667,0.9796,1.0000,0.9796,0.9841,0.0000,Steady,0
normal_relight,2072,6.5833,0.9994,1.0000,0.9806,0.9843,0.0000,Steady,0
normal_relight,2073,6.6000,0.9703,1.0000,0.9801,0.9844,0.0000,Steady,0
normal_relight,2074,6.6167,0.9656,1.0000,0.9794,0.9845,0.0000,Steady,0
normal_relight,2075,6.6333,0.9972,1.0000,0.9802,0.9847,0.0000,Steady,0
normal_relight,2076,6.6500,0.9855,1.0000,0.9805,0.9848,0.0000,Steady,0
normal_relight,2077,6.6667,0.9600,1.0000,0.9795,0.9849,0.0000,Steady,0
normal_relight,2078,6.6833,0.9849,1.0000,0.9798,0.9850,0.0000,Steady,0
normal_relight,2079,6.7000,0.9974,1.0000,0.9806,0.9852,0.0000,Steady,0
normal_relight,2080,6.7167,0.9660,1.0000,0.9799,0.9853,0.0000,Steady,0
normal_relight,2081,6.7333,0.9698,1.0000,0.9794,0.9854,0.0000,Steady,0
normal_relight,2082,6.7500,0.9993,1.0000,0.9804,0.9855,0.0000,Steady,0
normal_relight,2083,6.7667,0.9802,1.0000,0.9804,0.9857,0.0000,Steady,0
normal_relight,2084,6.7833,0.9606,1.0000,0.9794,0.9858,0.0000,Steady,0
normal_relight,2085,6.8000,0.9899,1.0000,0.9799,0.9859,0.0000,Steady,0
normal_relight,2086,6.8167,0.9942,1.0000,0.9806,0.9860,0.0000,Steady,0
normal_relight,2087,6.8333,0.9627,1.0000,0.9798,0.9861,0.0000,Steady,0
normal_relight,2088,6.8500,0.9747,1.0000,0.9795,0.9862,0.0000,Steady,0
normal_relight,2089,6.8667,1.0000,1.0000,0.9805,0.9864,0.0000,Steady,0
normal_relight,2090,6.8833,0.9749,1.0000,0.9802,0.9865,0.0000,Steady,0
normal_relight,2091,6.9000,0.9626,1.0000,0.9794,0.9866,0.0000,Steady,0
normal_relight,2092,6.9167,0.9941,1.0000,0.9801,0.9867,0.0000,Steady,0
normal_relight,2093,6.9333,0.9900,1.0000,0.9806,0.9868,0.0000,Steady,0
normal_relight,2094,6.9500,0.9607,1.0000,0.9796,0.9869,0.0000,Steady,0
normal_relight,2095,6.9667,0.9800,1.0000,0.9796,0.9870,0.0000,Steady,0
normal_relight,2096,6.9833,0.9993,1.0000,0.9806,0.9871,0.0000,Steady,0
normal_relight,2097,7.0000,0.9700,1.0000,0.9801,0.9872,0.0000,Steady,0
normal_relight,2098,7.0167,0.9659,1.0000,0.9794,0.9873,0.0000,Steady,0
normal_relight,2099,7.0333,0.9973,1.0000,0.9802,0.9874,0.0000,Steady,0
normal_relight,2100,7.0500,0.9851,1.0000,0.9805,0.9876,0.0000,Steady,0
normal_relight,2101,7.0667,0.9600,1.0000,0.9795,0.9877,0.0000,Steady,0
normal_relight,2102,7.0833,0.9853,1.0000,0.9798,0.9878,0.0000,Steady,0
normal_relight,2103,7.1000,0.9973,1.0000,0.9806,0.9879,0.0000,Steady,0
normal_relight,2104,7.1167,0.9658,1.0000,0.9799,0.9880,0.0000,Steady,0
normal_relight,2105,7.1333,0.9701,1.0000,0.9795,0.9881,0.0000,Steady,0
normal_relight,2106,7.1500,0.9994,1.0000,0.9804,0.9882,0.0000,Steady,0
normal_relight,2107,7.1667,0.9798,1.0000,0.9804,0.9883,0.0000,Steady,0
normal_relight,2108,7.1833,0.9607,1.0000,0.9794,0.9884,0.0000,Steady,0
normal_relight,2109,7.2000,0.9902,1.0000,0.9799,0.9884,0.0000,Steady,0
normal_relight,2110,7.2167,0.9940,1.0000,0.9806,0.9885,0.0000,Steady,0
normal_relight,2111,7.2333,0.9626,1.0000,0.9798,0.9886,0.0000,Steady,0
normal_relight,2112,7.2500,0.9750,1.0000,0.9795,0.9887,0.0000,Steady,0
normal_relight,2113,7.2667,1.0000,1.0000,0.9805,0.9888,0.0000,Steady,0
normal_relight,2114,7.2833,0.9746,1.0000,0.9802,0.9889,0.0000,Steady,0
normal_relight,2115,7.3000,0.9628,1.0000,0.9794,0.9890,0.0000,Steady,0
normal_relight,2116,7.3167,0.9943,1.0000,0.9801,0.9891,0.0000,Steady,0
normal_relight,2117,7.3333,0.9897,1.0000,0.9805,0.9892,0.0000,Steady,0
normal_relight,2118,7.3500,0.9606,1.0000,0.9796,0.9893,0.0000,Steady,0
normal_relight,2119,7.3667,0.9803,1.0000,0.9797,0.9894,0.0000,Steady,0
normal_relight,2120,7.3833,0.9992,1.0000,0.9806,0.9895,0.0000,Steady,0
normal_relight,2121,7.4000,0.9697,1.0000,0.9801,0.9895,0.0000,Steady,0
normal_relight,2122,7.4167,0.9661,1.0000,0.9794,0.9896,0.0000,Steady,0
normal_relight,2123,7.4333,0.9975,1.0000,0.9803,0.9897,0.0000,Steady,0
normal_relight,2124,7.4500,0.9848,1.0000,0.9805,0.9898,0.0000,Steady,0
normal_relight,2125,7.4667,0.9600,1.0000,0.9795,0.9899,0.0000,Steady,0
normal_relight,2126,7.4833,0.9856,1.0000,0.9798,0.9900,0.0000,Steady,0
normal_relight,2127,7.5000,0.9971,1.0000,0.9806,0.9901,0.0000,Steady,0
normal_relight,2128,7.5167,0.9655,1.0000,0.9799,0.9901,0.0000,Steady,0
normal_relight,2129,7.5333,0.9704,1.0000,0.9795,0.9902,0.0000,Steady,0
normal_relight,2130,7.5500,0.9994,1.0000,0.9804,0.9903,0.0000,Steady,0
normal_relight,2131,7.5667,0.9795,1.0000,0.9803,0.9904,0.0000,Steady,0
normal_relight,2132,7.5833,0.9608,1.0000,0.9794,0.9905,0.0000,Steady,0
normal_relight,2133,7.6000,0.9904,1.0000,0.9799,0.9905,0.0000,Steady,0
normal_relight,2134,7.6167,0.9938,1.0000,0.9806,0.9906,0.0000,Steady,0
normal_relight,2135,7.6333,0.9624,1.0000,0.9797,0.9907,0.0000,Steady,0
normal_relight,2136,7.6500,0.9754,1.0000,0.9795,0.9908,0.0000,Steady,0
normal_relight,2137,7.6667,1.0000,1.0000,0.9805,0.9909,0.0000,Steady,0
normal_relight,2138,7.6833,0.9743,1.0000,0.9802,0.9909,0.0000,Steady,0
normal_relight,2139,7.7000,0.9630,1.0000,0.9794,0.9910,0.0000,Steady,0
normal_relight,2140,7.7167,0.9946,1.0000,0.9801,0.9911,0.0000,Steady,0
normal_relight,2141,7.7333,0.9894,1.0000,0.9805,0.9912,0.0000,Steady,0
normal_relight,2142,7.7500,0.9605,1.0000,0.9796,0.9912,0.0000,Steady,0
normal_relight,2143,7.7667,0.9807,1.0000,0.9797,0.9913,0.0000,Steady,0
normal_relight,2144,7.7833,0.9991,1.0000,0.9806,0.9914,0.0000,Steady,0
normal_relight,2145,7.8000,0.9694,1.0000,0.9800,0.9914,0.0000,Steady,0
normal_relight,2146,7.8167,0.9664,1.0000,0.9794,0.9915,0.0000,Steady,0
normal_relight,2147,7.8333,0.9977,1.0000,0.9803,0.9916,0.0000,Steady,0
normal_relight,2148,7.8500,0.9845,1.0000,0.9805,0.9917,0.0000,Steady,0
normal_relight,2149,7.8667,0.9600,1.0000,0.9795,0.9917,0.0000,Steady,0
normal_relight,2150,7.8833,0.9859,1.0000,0.9798,0.9918,0.0000,Steady,0
normal_relight,2151,7.9000,0.9969,1.0000,0.9806,0.9919,0.0000,Steady,0
normal_relight,2152,7.9167,0.9653,1.0000,0.9799,0.9919,0.0000,Steady,0
normal_relight,2153,7.9333,0.9707,1.0000,0.9795,0.9920,0.0000,Steady,0
normal_relight,2154,7.9500,0.9995,1.0000,0.9804,0.9921,0.0000,Steady,0
normal_relight,2155,7.9667,0.9792,1.0000,0.9803,0.9921,0.0000,Steady,0
normal_relight,2156,7.9833,0.9609,1.0000,0.9794,0.9922,0.0000,Steady,0
normal_relight,2157,8.0000,0.9907,1.0000,0.9800,0.9923,0.0000,Steady,0
normal_relight,2158,8.0167,0.9935,1.0000,0.9806,0.9923,0.0000,Steady,0
normal_relight,2159,8.0333,0.9623,1.0000,0.9797,0.9924,0.0000,Steady,0
normal_relight,2160,8.0500,0.9757,1.0000,0.9795,0.9924,0.0000,Steady,0
normal_relight,2161,8.0667,1.0000,1.0000,0.9805,0.9925,0.0000,Steady,0
normal_relight,2162,8.0833,0.9739,1.0000,0.9802,0.9926,0.0000,Steady,0
normal_relight,2163,8.1000,0.9632,1.0000,0.9794,0.9926,0.0000,Steady,0
normal_relight,2164,8.1167,0.9948,1.0000,0.9801,0.9927,0.0000,Steady,0
normal_relight,2165,8.1333,0.9891,1.0000,0.9805,0.9928,0.0000,Steady,0
normal_relight,2166,8.1500,0.9604,1.0000,0.9796,0.9928,0.0000,Steady,0
normal_relight,2167,8.1667,0.9810,1.0000,0.9797,0.9929,0.0000,Steady,0
normal_relight,2168,8.1833,0.9990,1.0000,0.9806,0.9929,0.0000,Steady,0
normal_relight,2169,8.2000,0.9691,1.0000,0.9800,0.9930,0.0000,Steady,0
normal_relight,2170,8.2167,0.9666,1.0000,0.9794,0.9931,0.0000,Steady,0
normal_relight,2171,8.2333,0.9978,1.0000,0.9803,0.9931,0.0000,Steady,0
normal_relight,2172,8.2500,0.9841,1.0000,0.9804,0.9932,0.0000,Steady,0
normal_relight,2173,8.2667,0.9600,1.0000,0.9795,0.9932,0.0000,Steady,0
normal_relight,2174,8.2833,0.9862,1.0000,0.9798,0.9933,0.0000,Steady,0
normal_relight,2175,8.3000,0.9967,1.0000,0.9806,0.9933,0.0000,Steady,0
normal_relight,2176,8.3167,0.9651,1.0000,0.9799,0.9934,0.0000,Steady,0
normal_relight,2177,8.3333,0.9710,1.0000,0.9795,0.9934,0.0000,Steady,0
normal_relight,2178,8.3500,0.9996,1.0000,0.9804,0.9935,0.0000,Steady,0
normal_relight,2179,8.3667,0.9788,1.0000,0.9803,0.9936,0.0000,Steady,0
normal_relight,2180,8.3833,0.9610,1.0000,0.9794,0.9936,0.0000,Steady,0
normal_relight,2181,8.4000,0.9910,1.0000,0.9800,0.9937,0.0000,Steady,0
normal_relight,2182,8.4167,0.9933,1.0000,0.9806,0.9937,0.0000,Steady,0
normal_relight,2183,8.4333,0.9621,1.0000,0.9797,0.9938,0.0000,Steady,0
normal_relight,2184,8.4500,0.9760,1.0000,0.9796,0.9938,0.0000,Steady,0
normal_relight,2185,8.4667,1.0000,1.0000,0.9805,0.9939,0.0000,Steady,0
normal_relight,2186,8.4833,0.9736,1.0000,0.9802,0.9939,0.0000,Steady,0
normal_relight,2187,8.5000,0.9634,1.0000,0.9794,0.9940,0.0000,Steady,0
normal_relight,2188,8.5167,0.9950,1.0000,0.9801,0.9940,0.0000,Steady,0
normal_relight,2189,8.5333,0.9888,1.0000,0.9805,0.9941,0.0000,Steady,0
normal_relight,2190,8.5500,0.9604,1.0000,0.9796,0.9941,0.0000,Steady,0
normal_relight,2191,8.5667,0.9813,1.0000,0.9797,0.9942,0.0000,Steady,0
normal_relight,2192,8.5833,0.9989,1.0000,0.9806,0.9942,0.0000,Steady,0
normal_relight,2193,8.6000,0.9688,1.0000,0.9800,0.9943,0.0000,Steady,0
normal_relight,2194,8.6167,0.9669,1.0000,0.9794,0.9943,0.0000,Steady,0
normal_relight,2195,8.6333,0.9980,1.0000,0.9803,0.9944,0.0000,Steady,0
normal_relight,2196,8.6500,0.9838,1.0000,0.9804,0.9944,0.0000,Steady,0
normal_relight,2197,8.6667,0.9601,1.0000,0.9795,0.9945,0.0000,Steady,0
normal_relight,2198,8.6833,0.9866,1.0000,0.9798,0.9945,0.0000,Steady,0
normal_relight,2199,8.7000,0.9965,1.0000,0.9806,0.9945,0.0000,Steady,0
normal_relight,2200,8.7167,0.9649,1.0000,0.9799,0.9946,0.0000,Steady,0
normal_relight,2201,8.7333,0.9713,1.0000,0.9795,0.9946,0.0000,Steady,0
normal_relight,2202,8.7500,0.9997,1.0000,0.9804,0.9947,0.0000,Steady,0
normal_relight,2203,8.7667,0.9785,1.0000,0.9803,0.9947,0.0000,Steady,0
normal_relight,2204,8.7833,0.9611,1.0000,0.9794,0.9948,0.0000,Steady,0
normal_relight,2205,8.8000,0.9913,1.0000,0.9800,0.9948,0.0000,Steady,0
normal_relight,2206,8.8167,0.9930,1.0000,0.9806,0.9949,0.0000,Steady,0
normal_relight,2207,8.8333,0.9619,1.0000,0.9797,0.9949,0.0000,Steady,0
normal_relight,2208,8.8500,0.9764,1.0000,0.9796,0.9949,0.0000,Steady,0
normal_relight,2209,8.8667,0.9999,1.0000,0.9805,0.9950,0.0000,Steady,0
normal_relight,2210,8.8833,0.9733,1.0000,0.9802,0.9950,0.0000,Steady,0
normal_relight,2211,8.9000,0.9635,1.0000,0.9794,0.9951,0.0000,Steady,0
normal_relight,2212,8.9167,0.9953,1.0000,0.9801,0.9951,0.0000,Steady,0
normal_relight,2213,8.9333,0.9885,1.0000,0.9805,0.9951,0.0000,Steady,0
normal_relight,2214,8.9500,0.9603,1.0000,0.9796,0.9952,0.0000,Steady,0
normal_relight,2215,8.9667,0.9817,1.0000,0.9797,0.9952,0.0000,Steady,0
normal_relight,2216,8.9833,0.9988,1.0000,0.9806,0.9953,0.0000,Steady,0
normal_relight,2217,9.0000,0.9686,1.0000,0.9800,0.9953,0.0000,Steady,0
normal_relight,2218,9.0167,0.9671,1.0000,0.9794,0.9953,0.0000,Steady,0
normal_relight,2219,9.0333,0.9981,1.0000,0.9803,0.9954,0.0000,Steady,0
normal_relight,2220,9.0500,0.9835,1.0000,0.9804,0.9954,0.0000,Steady,0
normal_relight,2221,9.0667,0.9601,1.0000,0.9795,0.9955,0.0000,Steady,0
normal_relight,2222,9.0833,0.9869,1.0000,0.9798,0.9955,0.0000,Steady,0
normal_relight,2223,9.1000,0.9964,1.0000,0.9806,0.9955,0.0000,Steady,0
normal_relight,2224,9.1167,0.9646,1.0000,0.9799,0.9956,0.0000,Steady,0
normal_relight,2225,9.1333,0.9716,1.0000,0.9795,0.9956,0.0000,Steady,0
normal_relight,2226,9.1500,0.9997,1.0000,0.9804,0.9956,0.0000,Steady,0
normal_relight,2227,9.1667,0.9781,1.0000,0.9803,0.9957,0.0000,Steady,0
normal_relight,2228,9.1833,0.9612,1.0000,0.9794,0.9957,0.0000,Steady,0
normal_relight,2229,9.2000,0.9916,1.0000,0.9800,0.9958,0.0000,Steady,0
normal_relight,2230,9.2167,0.9927,1.0000,0.9806,0.9958,0.0000,Steady,0
normal_relight,2231,9.2333,0.9618,1.0000,0.9797,0.9958,0.0000,Steady,0
normal_relight,2232,9.2500,0.9767,1.0000,0.9796,0.9959,0.0000,Steady,0
normal_relight,2233,9.2667,0.9999,1.0000,0.9805,0.9959,0.0000,Steady,0
normal_relight,2234,9.2833,0.9730,1.0000,0.9802,0.9959,0.0000,Steady,0
normal_relight,2235,9.3000,0.9637,1.0000,0.9794,0.9960,0.0000,Steady,0
normal_relight,2236,9.3167,0.9955,1.0000,0.9801,0.9960,0.0000,Steady,0
normal_relight,2237,9.3333,0.9882,1.0000,0.9805,0.9960,0.0000,Steady,0
normal_relight,2238,9.3500,0.9603,1.0000,0.9796,0.9961,0.0000,Steady,0
normal_relight,2239,9.3667,0.9820,1.0000,0.9797,0.9961,0.0000,Steady,0
normal_relight,2240,9.3833,0.9987,1.0000,0.9806,0.9961,0.0000,Steady,0
normal_relight,2241,9.4000,0.9683,1.0000,0.9800,0.9962,0.0000,Steady,0
normal_relight,2242,9.4167,0.9674,1.0000,0.9794,0.9962,0.0000,Steady,0
normal_relight,2243,9.4333,0.9983,1.0000,0.9803,0.9962,0.0000,Steady,0
normal_relight,2244,9.4500,0.9831,1.0000,0.9804,0.9963,0.0000,Steady,0
normal_relight,2245,9.4667,0.9601,1.0000,0.9795,0.9963,0.0000,Steady,0
normal_relight,2246,9.4833,0.9872,1.0000,0.9798,0.9963,0.0000,Steady,0
normal_relight,2247,9.5000,0.9962,1.0000,0.9806,0.9963,0.0000,Steady,0
normal_relight,2248,9.5167,0.9644,1.0000,0.9798,0.9964,0.0000,Steady,0
normal_relight,2249,9.5333,0.9719,1.0000,0.9795,0.9964,0.0000,Steady,0
normal_relight,2250,9.5500,0.9998,1.0000,0.9804,0.9964,0.0000,Steady,0
normal_relight,2251,9.5667,0.9778,1.0000,0.9803,0.9965,0.0000,Steady,0
normal_relight,2252,9.5833,0.9614,1.0000,0.9794,0.9965,0.0000,Steady,0
normal_relight,2253,9.6000,0.9919,1.0000,0.9800,0.9965,0.0000,Steady,0
normal_relight,2254,9.6167,0.9925,1.0000,0.9806,0.9966,0.0000,Steady,0
normal_relight,2255,9.6333,0.9617,1.0000,0.9797,0.9966,0.0000,Steady,0
normal_relight,2256,9.6500,0.9770,1.0000,0.9796,0.9966,0.0000,Steady,0
normal_relight,2257,9.6667,0.9999,1.0000,0.9805,0.9966,0.0000,Steady,0
normal_relight,2258,9.6833,0.9726,1.0000,0.9802,0.9967,0.0000,Steady,0
normal_relight,2259,9.7000,0.9639,1.0000,0.9794,0.9967,0.0000,Steady,0
normal_relight,2260,9.7167,0.9957,1.0000,0.9802,0.9967,0.0000,Steady,0
normal_relight,2261,9.7333,0.9879,1.0000,0.9805,0.9967,0.0000,Steady,0
normal_relight,2262,9.7500,0.9602,1.0000,0.9796,0.9968,0.0000,Steady,0
normal_relight,2263,9.7667,0.9824,1.0000,0.9797,0.9968,0.0000,Steady,0
normal_relight,2264,9.7833,0.9986,1.0000,0.9806,0.9968,0.0000,Steady,0
normal_relight,2265,9.8000,0.9680,1.0000,0.9800,0.9969,0.0000,Steady,0
normal_relight,2266,9.8167,0.9677,1.0000,0.9794,0.9969,0.0000,Steady,0
normal_relight,2267,9.8333,0.9984,1.0000,0.9803,0.9969,0.0000,Steady,0
normal_relight,2268,9.8500,0.9828,1.0000,0.9804,0.9969,0.0000,Steady,0
normal_relight,2269,9.8667,0.9602,1.0000,0.9795,0.9970,0.0000,Steady,0
normal_relight,2270,9.8833,0.9875,1.0000,0.9799,0.9970,0.0000,Steady,0
normal_relight,2271,9.9000,0.9960,1.0000,0.9806,0.9970,0.0000,Steady,0
normal_relight,2272,9.9167,0.9642,1.0000,0.9798,0.9970,0.0000,Steady,0
normal_relight,2273,9.9333,0.9722,1.0000,0.9795,0.9971,0.0000,Steady,0
normal_relight,2274,9.9500,0.9998,1.0000,0.9804,0.9971,0.0000,Steady,0
normal_relight,2275,9.9667,0.9775,1.0000,0.9803,0.9971,0.0000,Steady,0
normal_relight,2276,9.9833,0.9615,1.0000,0.9794,0.9971,0.0000,Steady,0
normal_relight,2277,10.0000,0.9921,1.0000,0.9800,0.9972,0.0000,Steady,0
normal_relight,2278,10.0167,0.9922,1.0000,0.9806,0.9972,0.0000,Steady,0
normal_relight,2279,10.0333,0.9615,1.0000,0.9797,0.9972,0.0000,Steady,0
normal_relight,2280,10.0500,0.9774,1.0000,0.9796,0.9972,0.0000,Steady,0
normal_relight,2281,10.0667,0.9998,1.0000,0.9805,0.9972,0.0000,Steady,0
normal_relight,2282,10.0833,0.9723,1.0000,0.9801,0.9973,0.0000,Steady,0
normal_relight,2283,10.1000,0.9642,1.0000,0.9794,0.9973,0.0000,Steady,0
normal_relight,2284,10.1167,0.9959,1.0000,0.9802,0.9973,0.0000,Steady,0
normal_relight,2285,10.1333,0.9876,1.0000,0.9805,0.9973,0.0000,Steady,0
normal_relight,2286,10.1500,0.9602,1.0000,0.9796,0.9974,0.0000,Steady,0
normal_relight,2287,10.1667,0.9827,1.0000,0.9797,0.9974,0.0000,Steady,0
normal_relight,2288,10.1833,0.9984,1.0000,0.9806,0.9974,0.0000,Steady,0
normal_relight,2289,10.2000,0.9677,1.0000,0.9800,0.9974,0.0000,Steady,0
normal_relight,2290,10.2167,0.9679,1.0000,0.9794,0.9974,0.0000,Steady,0
normal_relight,2291,10.2333,0.9985,1.0000,0.9803,0.9975,0.0000,Steady,0
normal_relight,2292,10.2500,0.9824,1.0000,0.9804,0.9975,0.0000,Steady,0
normal_relight,2293,10.2667,0.9602,1.0000,0.9795,0.9975,0.0000,Steady,0
normal_relight,2294,10.2833,0.9878,1.0000,0.9799,0.9975,0.0000,Steady,0
normal_relight,2295,10.3000,0.9957,1.0000,0.9806,0.9975,0.0000,Steady,0
normal_relight,2296,10.3167,0.9640,1.0000,0.9798,0.9976,0.0000,Steady,0
normal_relight,2297,10.3333,0.9726,1.0000,0.9795,0.9976,0.0000,Steady,0
normal_relight,2298,10.3500,0.9999,1.0000,0.9804,0.9976,0.0000,Steady,0
normal_relight,2299,10.3667,0.9771,1.0000,0.9803,0.9976,0.0000,Steady,0
normal_relight,2300,10.3833,0.9616,1.0000,0.9794,0.9976,0.0000,Steady,0
normal_relight,2301,10.4000,0.9924,1.0000,0.9800,0.9977,0.0000,Steady,0
normal_relight,2302,10.4167,0.9919,1.0000,0.9806,0.9977,0.0000,Steady,0
normal_relight,2303,10.4333,0.9614,1.0000,0.9797,0.9977,0.0000,Steady,0
normal_relight,2304,10.4500,0.9777,1.0000,0.9796,0.9977,0.0000,Steady,0
normal_relight,2305,10.4667,0.9998,1.0000,0.9805,0.9977,0.0000,Steady,0
normal_relight,2306,10.4833,0.9720,1.0000,0.9801,0.9978,0.0000,Steady,0
normal_relight,2307,10.5000,0.9644,1.0000,0.9794,0.9978,0.0000,Steady,0
normal_relight,2308,10.5167,0.9961,1.0000,0.9802,0.9978,0.0000,Steady,0
normal_relight,2309,10.5333,0.9873,1.0000,0.9805,0.9978,0.0000,Steady,0
normal_relight,2310,10.5500,0.9601,1.0000,0.9796,0.9978,0.0000,Steady,0
normal_relight,2311,10.5667,0.9830,1.0000,0.9797,0.9979,0.0000,Steady,0
normal_relight,2312,10.5833,0.9983,1.0000,0.9806,0.9979,0.0000,Steady,0
normal_relight,2313,10.6000,0.9675,1.0000,0.9800,0.9979,0.0000,Steady,0
normal_relight,2314,10.6167,0.9682,1.0000,0.9794,0.9979,0.0000,Steady,0
normal_relight,2315,10.6333,0.9987,1.0000,0.9803,0.9979,0.0000,Steady,0
normal_relight,2316,10.6500,0.9821,1.0000,0.9804,0.9979,0.0000,Steady,0
normal_relight,2317,10.6667,0.9602,1.0000,0.9795,0.9980,0.0000,Steady,0
normal_relight,2318,10.6833,0.9881,1.0000,0.9799,0.9980,0.0000,Steady,0
normal_relight,2319,10.7000,0.9955,1.0000,0.9806,0.9980,0.0000,Steady,0
normal_relight,2320,10.7167,0.9638,1.0000,0.9798,0.9980,0.0000,Steady,0
normal_relight,2321,10.7333,0.9729,1.0000,0.9795,0.9980,0.0000,Steady,0
normal_relight,2322,10.7500,0.9999,1.0000,0.9804,0.9980,0.0000,Steady,0
normal_relight,2323,10.7667,0.9768,1.0000,0.9803,0.9981,0.0000,Steady,0
normal_relight,2324,10.7833,0.9618,1.0000,0.9794,0.9981,0.0000,Steady,0
normal_relight,2325,10.8000,0.9927,1.0000,0.9800,0.9981,0.0000,Steady,0
normal_relight,2326,10.8167,0.9917,1.0000,0.9806,0.9981,0.0000,Steady,0
normal_relight,2327,10.8333,0.9613,1.0000,0.9797,0.9981,0.0000,Steady,0
normal_relight,2328,10.8500,0.9780,1.0000,0.9796,0.9981,0.0000,Steady,0
normal_relight,2329,10.8667,0.9997,1.0000,0.9805,0.9982,0.0000,Steady,0
normal_relight,2330,10.8833,0.9717,1.0000,0.9801,0.9982,0.0000,Steady,0
normal_relight,2331,10.9000,0.9646,1.0000,0.9794,0.9982,0.0000,Steady,0
normal_relight,2332,10.9167,0.9963,1.0000,0.9802,0.9982,0.0000,Steady,0
normal_relight,2333,10.9333,0.9870,1.0000,0.9805,0.9982,0.0000,Steady,0
normal_relight,2334,10.9500,0.9601,1.0000,0.9796,0.9982,0.0000,Steady,0
normal_relight,2335,10.9667,0.9834,1.0000,0.9797,0.9982,0.0000,Steady,0
normal_relight,2336,10.9833,0.9982,1.0000,0.9806,0.9983,0.0000,Steady,0
normal_relight,2337,11.0000,0.9672,1.0000,0.9800,0.9983,0.0000,Steady,0
normal_relight,2338,11.0167,0.9685,1.0000,0.9794,0.9983,0.0000,Steady,0
normal_relight,2339,11.0333,0.9988,1.0000,0.9803,0.9983,0.0000,Steady,0
normal_relight,2340,11.0500,0.9818,1.0000,0.9804,0.9983,0.0000,Steady,0
normal_relight,2341,11.0667,0.9603,1.0000,0.9795,0.9983,0.0000,Steady,0
normal_relight,2342,11.0833,0.9885,1.0000,0.9799,0.9983,0.0000,Steady,0
normal_relight,2343,11.1000,0.9953,1.0000,0.9806,0.9984,0.0000,Steady,0
normal_relight,2344,11.1167,0.9636,1.0000,0.9798,0.9984,0.0000,Steady,0
normal_relight,2345,11.1333,0.9732,1.0000,0.9795,0.9984,0.0000,Steady,0
normal_relight,2346,11.1500,0.9999,1.0000,0.9805,0.9984,0.0000,Steady,0
normal_relight,2347,11.1667,0.9765,1.0000,0.9803,0.9984,0.0000,Steady,0
normal_relight,2348,11.1833,0.9619,1.0000,0.9794,0.9984,0.0000,Steady,0
normal_relight,2349,11.2000,0.9929,1.0000,0.9800,0.9984,0.0000,Steady,0
normal_relight,2350,11.2167,0.9914,1.0000,0.9806,0.9985,0.0000,Steady,0
normal_relight,2351,11.2333,0.9612,1.0000,0.9797,0.9985,0.0000,Steady,0
normal_relight,2352,11.2500,0.9784,1.0000,0.9796,0.9985,0.0000,Steady,0
normal_relight,2353,11.2667,0.9997,1.0000,0.9805,0.9985,0.0000,Steady,0
normal_relight,2354,11.2833,0.9714,1.0000,0.9801,0.9985,0.0000,Steady,0
normal_relight,2355,11.3000,0.9648,1.0000,0.9794,0.9985,0.0000,Steady,0
normal_relight,2356,11.3167,0.9965,1.0000,0.9802,0.9985,0.0000,Steady,0
normal_relight,2357,11.3333,0.9866,1.0000,0.9805,0.9985,0.0000,Steady,0
normal_relight,2358,11.3500,0.9601,1.0000,0.9795,0.9986,0.0000,Steady,0
normal_relight,2359,11.3667,0.9837,1.0000,0.9797,0.9986,0.0000,Steady,0
normal_relight,2360,11.3833,0.9980,1.0000,0.9806,0.9986,0.0000,Steady,0
normal_relight,2361,11.4000,0.9669,1.0000,0.9800,0.9986,0.0000,Steady,0
normal_relight,2362,11.4167,0.9688,1.0000,0.9794,0.9986,0.0000,Steady,0
normal_relight,2363,11.4333,0.9989,1.0000,0.9803,0.9986,0.0000,Steady,0
normal_relight,2364,11.4500,0.9814,1.0000,0.9804,0.9986,0.0000,Steady,0
normal_relight,2365,11.4667,0.9604,1.0000,0.9795,0.9986,0.0000,Steady,0
normal_relight,2366,11.4833,0.9888,1.0000,0.9799,0.9986,0.0000,Steady,0
normal_relight,2367,11.5000,0.9951,1.0000,0.9806,0.9987,0.0000,Steady,0
normal_relight,2368,11.5167,0.9634,1.0000,0.9798,0.9987,0.0000,Steady,0
normal_relight,2369,11.5333,0.9735,1.0000,0.9795,0.9987,0.0000,Steady,0
normal_relight,2370,11.5500,1.0000,1.0000,0.9805,0.9987,0.0000,Steady,0
normal_relight,2371,11.5667,0.9761,1.0000,0.9803,0.9987,0.0000,Steady,0
normal_relight,2372,11.5833,0.9621,1.0000,0.9794,0.9987,0.0000,Steady,0
normal_relight,2373,11.6000,0.9932,1.0000,0.9801,0.9987,0.0000,Steady,0
normal_relight,2374,11.6167,0.9911,1.0000,0.9806,0.9987,0.0000,Steady,0
normal_relight,2375,11.6333,0.9611,1.0000,0.9797,0.9987,0.0000,Steady,0
normal_relight,2376,11.6500,0.9787,1.0000,0.9796,0.9988,0.0000,Steady,0
normal_relight,2377,11.6667,0.9996,1.0000,0.9805,0.9988,0.0000,Steady,0
normal_relight,2378,11.6833,0.9711,1.0000,0.9801,0.9988,0.0000,Steady,0
normal_relight,2379,11.7000,0.9650,1.0000,0.9794,0.9988,0.0000,Steady,0
normal_relight,2380,11.7167,0.9967,1.0000,0.9802,0.9988,0.0000,Steady,0
normal_relight,2381,11.7333,0.9863,1.0000,0.9805,0.9988,0.0000,Steady,0
normal_relight,2382,11.7500,0.9600,1.0000,0.9795,0.9988,0.0000,Steady,0
normal_relight,2383,11.7667,0.9840,1.0000,0.9797,0.9988,0.0000,Steady,0
normal_relight,2384,11.7833,0.9979,1.0000,0.9806,0.9988,0.0000,Steady,0
normal_relight,2385,11.8000,0.9667,1.0000,0.9799,0.9988,0.0000,Steady,0
normal_relight,2386,11.8167,0.9691,1.0000,0.9794,0.9989,0.0000,Steady,0
normal_relight,2387,11.8333,0.9990,1.0000,0.9803,0.9989,0.0000,Steady,0
normal_relight,2388,11.8500,0.9811,1.0000,0.9804,0.9989,0.0000,Steady,0
normal_relight,2389,11.8667,0.9604,1.0000,0.9795,0.9989,0.0000,Steady,0
normal_relight,2390,11.8833,0.9891,1.0000,0.9799,0.9989,0.0000,Steady,0
normal_relight,2391,11.9000,0.9949,1.0000,0.9806,0.9989,0.0000,Steady,0
normal_relight,2392,11.9167,0.9632,1.0000,0.9798,0.9989,0.0000,Steady,0
normal_relight,2393,11.9333,0.9738,1.0000,0.9795,0.9989,0.0000,Steady,0
normal_relight,2394,11.9500,1.0000,1.0000,0.9805,0.9989,0.0000,Steady,0
normal_relight,2395,11.9667,0.9758,1.0000,0.9802,0.9989,0.0000,Steady,0
normal_relight,2396,11.9833,0.9622,1.0000,0.9794,0.9989,0.0000,Steady,0
normal_relight,2397,12.0000,0.9934,1.0000,0.9801,0.9990,0.0000,Steady,0
normal_relight,2398,12.0167,0.9908,1.0000,0.9802,0.9990,0.0000,Steady,1
normal_relight,2399,12.0333,0.9609,1.0000,0.9799,0.9990,0.0000,Steady,1
normal_relight,2400,12.0500,0.9791,1.0000,0.9799,0.9990,0.0000,Steady,1
normal_relight,2401,12.0667,0.9995,1.0000,0.9802,0.9990,0.0000,Steady,1
normal_relight,2402,12.0833,0.9708,1.0000,0.9801,0.9990,0.0000,Steady,1
normal_relight,2403,12.1000,0.9652,1.0000,0.9798,0.9990,0.0000,Steady,1
normal_relight,2404,12.1167,0.9969,1.0000,0.9801,0.9990,0.0000,Steady,1
normal_relight,2405,12.1333,0.9860,1.0000,0.9802,0.9990,0.0000,Steady,1
normal_relight,2406,12.1500,0.9600,1.0000,0.9799,0.9990,0.0000,Steady,1
normal_relight,2407,12.1667,0.9844,1.0000,0.9799,0.9990,0.0000,Steady,1
normal_relight,2408,12.1833,0.9977,1.0000,0.9802,0.9990,0.0000,Steady,1
normal_relight,2409,12.2000,0.9664,1.0000,0.9800,0.9991,0.0000,Steady,1
normal_relight,2410,12.2167,0.9693,1.0000,0.9798,0.9991,0.0000,Steady,1
normal_relight,2411,12.2333,0.9991,1.0000,0.9802,0.9991,0.0000,Steady,1
normal_relight,2412,12.2500,0.9808,1.0000,0.9802,0.9991,0.0000,Steady,1
normal_relight,2413,12.2667,0.9605,1.0000,0.9798,0.9991,0.0000,Steady,1
normal_relight,2414,12.2833,0.9894,1.0000,0.9800,0.9991,0.0000,Steady,1
normal_relight,2415,12.3000,0.9946,1.0000,0.9802,0.9991,0.0000,Steady,1
normal_relight,2416,12.3167,0.9630,1.0000,0.9800,0.9991,0.0000,Steady,1
normal_relight,2417,12.3333,0.9742,1.0000,0.9799,0.9991,0.0000,Steady,1
normal_relight,2418,12.3500,1.0000,1.0000,0.9802,0.9991,0.0000,Steady,1
normal_relight,2419,12.3667,0.9755,1.0000,0.9801,0.9991,0.0000,Steady,1
normal_relight,2420,12.3833,0.9624,1.0000,0.9798,0.9991,0.0000,Steady,1
normal_relight,2421,12.4000,0.9937,1.0000,0.9801,0.9991,0.0000,Steady,1
normal_relight,2422,12.4167,0.9905,1.0000,0.9802,0.9991,0.0000,Steady,1
normal_relight,2423,12.4333,0.9608,1.0000,0.9799,0.9992,0.0000,Steady,1
normal_relight,2424,12.4500,0.9794,1.0000,0.9799,0.9992,0.0000,Steady,1
normal_relight,2425,12.4667,0.9995,1.0000,0.9802,0.9992,0.0000,Steady,1
normal_relight,2426,12.4833,0.9705,1.0000,0.9801,0.9992,0.0000,Steady,1
normal_relight,2427,12.5000,0.9655,1.0000,0.9798,0.9992,0.0000,Steady,1
normal_relight,2428,12.5167,0.9970,1.0000,0.9801,0.9992,0.0000,Steady,1
normal_relight,2429,12.5333,0.9857,1.0000,0.9802,0.9992,0.0000,Steady,1
normal_relight,2430,12.5500,0.9600,1.0000,0.9799,0.9992,0.0000,Steady,1
normal_relight,2431,12.5667,0.9847,1.0000,0.9799,0.9992,0.0000,Steady,1
normal_relight,2432,12.5833,0.9976,1.0000,0.9802,0.9992,0.0000,Steady,1
normal_relight,2433,12.6000,0.9662,1.0000,0.9800,0.9992,0.0000,Steady,1
normal_relight,2434,12.6167,0.9696,1.0000,0.9798,0.9992,0.0000,Steady,1
normal_relight,2435,12.6333,0.9992,1.0000,0.9801,0.9992,0.0000,Steady,1
normal_relight,2436,12.6500,0.9804,1.0000,0.9802,0.9992,0.0000,Steady,1
normal_relight,2437,12.6667,0.9606,1.0000,0.9798,0.9992,0.0000,Steady,1
normal_relight,2438,12.6833,0.9897,1.0000,0.9800,0.9993,0.0000,Steady,1
normal_relight,2439,12.7000,0.9944,1.0000,0.9802,0.9993,0.0000,Steady,1
normal_relight,2440,12.7167,0.9629,1.0000,0.9799,0.9993,0.0000,Steady,1
normal_relight,2441,12.7333,0.9745,1.0000,0.9799,0.9993,0.0000,Steady,1
normal_relight,2442,12.7500,1.0000,1.0000,0.9802,0.9993,0.0000,Steady,1
normal_relight,2443,12.7667,0.9751,1.0000,0.9801,0.9993,0.0000,Steady,1
normal_relight,2444,12.7833,0.9625,1.0000,0.9798,0.9993,0.0000,Steady,1
normal_relight,2445,12.8000,0.9939,1.0000,0.9800,0.9993,0.0000,Steady,1
normal_relight,2446,12.8167,0.9902,1.0000,0.9802,0.9993,0.0000,Steady,1
normal_relight,2447,12.8333,0.9608,1.0000,0.9799,0.9993,0.0000,Steady,1
normal_relight,2448,12.8500,0.9797,1.0000,0.9799,0.9993,0.0000,Steady,1
normal_relight,2449,12.8667,0.9994,1.0000,0.9802,0.9993,0.0000,Steady,1
normal_relight,2450,12.8833,0.9702,1.0000,0.9800,0.9993,0.0000,Steady,1
normal_relight,2451,12.9000,0.9657,1.0000,0.9798,0.9993,0.0000,Steady,1
normal_relight,2452,12.9167,0.9972,1.0000,0.9801,0.9993,0.0000,Steady,1
normal_relight,2453,12.9333,0.9853,1.0000,0.9802,0.9993,0.0000,Steady,1
normal_relight,2454,12.9500,0.9600,1.0000,0.9798,0.9993,0.0000,Steady,1
normal_relight,2455,12.9667,0.9850,1.0000,0.9799,0.9994,0.0000,Steady,1
normal_relight,2456,12.9833,0.9974,1.0000,0.9802,0.9994,0.0000,Steady,1
normal_relight,2457,13.0000,0.9659,1.0000,0.9800,0.9994,0.0000,Steady,1
normal_relight,2458,13.0167,0.9699,1.0000,0.9798,0.9994,0.0000,Steady,1
normal_relight,2459,13.0333,0.9993,1.0000,0.9801,0.9994,0.0000,Steady,1
normal_relight,2460,13.0500,0.9801,1.0000,0.9801,0.9994,0.0000,Steady,1
normal_relight,2461,13.0667,0.9607,1.0000,0.9798,0.9994,0.0000,Steady,1
normal_relight,2462,13.0833,0.9900,1.0000,0.9800,0.9994,0.0000,Steady,1
normal_relight,2463,13.1000,0.9942,1.0000,0.9802,0.9994,0.0000,Steady,1
normal_relight,2464,13.1167,0.9627,1.0000,0.9799,0.9994,0.0000,Steady,1
normal_relight,2465,13.1333,0.9748,1.0000,0.9798,0.9994,0.0000,Steady,1
normal_relight,2466,13.1500,1.0000,1.0000,0.9802,0.9994,0.0000,Steady,1
normal_relight,2467,13.1667,0.9748,1.0000,0.9801,0.9994,0.0000,Steady,1
normal_relight,2468,13.1833,0.9627,1.0000,0.9798,0.9994,0.0000,Steady,1
normal_relight,2469,13.2000,0.9942,1.0000,0.9800,0.9994,0.0000,Steady,1
normal_relight,2470,13.2167,0.9899,1.0000,0.9802,0.9994,0.0000,Steady,1
normal_relight,2471,13.2333,0.9607,1.0000,0.9799,0.9994,0.0000,Steady,1
normal_relight,2472,13.2500,0.9801,1.0000,0.9799,0.9994,0.0000,Steady,1
normal_relight,2473,13.2667,0.9993,1.0000,0.9802,0.9994,0.0000,Steady,1
normal_relight,2474,13.2833,0.9699,1.0000,0.9800,0.9994,0.0000,Steady,1
normal_relight,2475,13.3000,0.9660,1.0000,0.9798,0.9995,0.0000,Steady,1
normal_relight,2476,13.3167,0.9974,1.0000,0.9801,0.9995,0.0000,Steady,1
normal_relight,2477,13.3333,0.9850,1.0000,0.9802,0.9995,0.0000,Steady,1
normal_relight,2478,13.3500,0.9600,1.0000,0.9798,0.9995,0.0000,Steady,1
normal_relight,2479,13.3667,0.9854,1.0000,0.9799,0.9995,0.0000,Steady,1
normal_relight,2480,13.3833,0.9972,1.0000,0.9802,0.9995,0.0000,Steady,1
normal_relight,2481,13.4000,0.9657,1.0000,0.9800,0.9995,0.0000,Steady,1
normal_relight,2482,13.4167,0.9702,1.0000,0.9798,0.9995,0.0000,Steady,1
normal_relight,2483,13.4333,0.9994,1.0000,0.9801,0.9995,0.0000,Steady,1
normal_relight,2484,13.4500,0.9797,1.0000,0.9801,0.9995,0.0000,Steady,1
normal_relight,2485,13.4667,0.9608,1.0000,0.9798,0.9995,0.0000,Steady,1
normal_relight,2486,13.4833,0.9903,1.0000,0.9800,0.9995,0.0000,Steady,1
normal_relight,2487,13.5000,0.9939,1.0000,0.9802,0.9995,0.0000,Steady,1
normal_relight,2488,13.5167,0.9625,1.0000,0.9799,0.9995,0.0000,Steady,1
normal_relight,2489,13.5333,0.9752,1.0000,0.9798,0.9995,0.0000,Steady,1
normal_relight,2490,13.5500,1.0000,1.0000,0.9802,0.9995,0.0000,Steady,1
normal_relight,2491,13.5667,0.9745,1.0000,0.9801,0.9995,0.0000,Steady,1
normal_relight,2492,13.5833,0.9629,1.0000,0.9798,0.9995,0.0000,Steady,1
normal_relight,2493,13.6000,0.9944,1.0000,0.9800,0.9995,0.0000,Steady,1
normal_relight,2494,13.6167,0.9896,1.0000,0.9802,0.9995,0.0000,Steady,1
normal_relight,2495,13.6333,0.9606,1.0000,0.9799,0.9995,0.0000,Steady,1
normal_relight,2496,13.6500,0.9804,1.0000,0.9799,0.9995,0.0000,Steady,1
normal_relight,2497,13.6667,0.9992,1.0000,0.9802,0.9995,0.0000,Steady,1
normal_relight,2498,13.6833,0.9696,1.0000,0.9800,0.9995,0.0000,Steady,1
normal_relight,2499,13.7000,0.9662,1.0000,0.9798,0.9996,0.0000,Steady,1
normal_relight,2500,13.7167,0.9976,1.0000,0.9801,0.9996,0.0000,Steady,1
normal_relight,2501,13.7333,0.9847,1.0000,0.9802,0.9996,0.0000,Steady,1
normal_relight,2502,13.7500,0.9600,1.0000,0.9798,0.9996,0.0000,Steady,1
normal_relight,2503,13.7667,0.9857,1.0000,0.9799,0.9996,0.0000,Steady,1
normal_relight,2504,13.7833,0.9970,1.0000,0.9802,0.9996,0.0000,Steady,1
normal_relight,2505,13.8000,0.9655,1.0000,0.9800,0.9996,0.0000,Steady,1
normal_relight,2506,13.8167,0.9705,1.0000,0.9798,0.9996,0.0000,Steady,1
normal_relight,2507,13.8333,0.9995,1.0000,0.9801,0.9996,0.0000,Steady,1
normal_relight,2508,13.8500,0.9794,1.0000,0.9801,0.9996,0.0000,Steady,1
normal_relight,2509,13.8667,0.9609,1.0000,0.9798,0.9996,0.0000,Steady,1
normal_relight,2510,13.8833,0.9905,1.0000,0.9800,0.9996,0.0000,Steady,1
normal_relight,2511,13.9000,0.9937,1.0000,0.9802,0.9996,0.0000,Steady,1
normal_relight,2512,13.9167,0.9624,1.0000,0.9799,0.9996,0.0000,Steady,1
normal_relight,2513,13.9333,0.9755,1.0000,0.9798,0.9996,0.0000,Steady,1
normal_relight,2514,13.9500,1.0000,1.0000,0.9802,0.9996,0.0000,Steady,1
normal_relight,2515,13.9667,0.9741,1.0000,0.9801,0.9996,0.0000,Steady,1
normal_relight,2516,13.9833,0.9630,1.0000,0.9798,0.9996,0.0000,Steady,1
normal_relight,2517,14.0000,0.9947,1.0000,0.9800,0.9996,0.0000,Steady,1
calm_off,2518,0.0167,0.0000,0.5951,0.9638,0.9975,0.0000,Steady,1
calm_off,2519,0.0333,0.0000,0.5946,0.9479,0.9955,0.0000,Steady,1
calm_off,2520,0.0500,0.0000,0.5775,0.9322,0.9934,0.0000,Steady,1
calm_off,2521,0.0667,0.0000,0.5868,0.9168,0.9914,0.0000,Steady,1
calm_off,2522,0.0833,0.0000,0.5991,0.9017,0.9893,0.0000,Steady,1
calm_off,2523,0.1000,0.0000,0.5834,0.8868,0.9873,0.0000,Steady,1
calm_off,2524,0.1167,0.0000,0.5793,0.8721,0.9853,0.0000,Off,1
calm_off,2525,0.1333,0.0000,0.5971,0.8577,0.9832,0.0000,Off,1
calm_off,2526,0.1500,0.0000,0.5920,0.8435,0.9812,0.0000,Off,1
calm_off,2527,0.1667,0.0000,0.5768,0.8296,0.9792,0.0000,Off,1
calm_off,2528,0.1833,0.0000,0.5898,0.8159,0.9772,0.0000,Off,1
calm_off,2529,0.2000,0.0000,0.5983,0.8024,0.9752,0.0000,Off,1
calm_off,2530,0.2167,0.0000,0.5809,0.7891,0.9733,0.0000,Off,1
calm_off,2531,0.2333,0.0000,0.5814,0.7761,0.9713,0.0000,Off,1
calm_off,2532,0.2500,0.0000,0.5985,0.7633,0.9693,0.0000,Off,1
calm_off,2533,0.2667,0.0000,0.5891,0.7506,0.9674,0.0000,Off,1
calm_off,2534,0.2833,0.0000,0.5769,0.7382,0.9654,0.0000,Off,1
calm_off,2535,0.3000,0.0000,0.5927,0.7260,0.9635,0.0000,Off,1
calm_off,2536,0.3167,0.0000,0.5967,0.7140,0.9616,0.0000,Off,1
calm_off,2537,0.3333,0.0000,0.5788,0.7022,0.9596,0.0000,Off,1
calm_off,2538,0.3500,0.0000,0.5841,0.6906,0.9577,0.0000,Off,1
calm_off,2539,0.3667,0.0000,0.5992,0.6792,0.9558,0.0000,Off,1
calm_off,2540,0.3833,0.0000,0.5861,0.6680,0.9539,0.0000,Off,1
calm_off,2541,0.4000,0.0000,0.5778,0.6569,0.9520,0.0000,Off,1
calm_off,2542,0.4167,0.0000,0.5952,0.6461,0.9501,0.0000,Off,1
calm_off,2543,0.4333,0.0000,0.5945,0.6354,0.9483,0.0000,Off,1
calm_off,2544,0.4500,0.0000,0.5774,0.6249,0.9464,0.0000,Off,1
calm_off,2545,0.4667,0.0000,0.5870,0.6146,0.9445,0.0000,Off,1
calm_off,2546,0.4833,0.0000,0.5991,0.6044,0.9427,0.0000,Off,1
calm_off,2547,0.5000,0.0000,0.5832,0.5944,0.9408,0.0000,Off,1
calm_off,2548,0.5167,0.0000,0.5794,0.5846,0.9390,0.0000,Off,1
calm_off,2549,0.5333,0.0000,0.5972,0.5749,0.9372,0.0000,Off,1
calm_off,2550,0.5500,0.0000,0.5918,0.5654,0.9353,0.0000,Off,1
calm_off,2551,0.5667,0.0000,0.5768,0.5561,0.9335,0.0000,Off,1
calm_off,2552,0.5833,0.0000,0.5900,0.5469,0.9317,0.0002,Off,1
calm_off,2553,0.6000,0.0000,0.5982,0.5379,0.9299,0.0025,Off,1
calm_off,2554,0.6167,0.0000,0.5807,0.5290,0.9281,0.0074,Off,1
calm_off,2555,0.6333,0.0000,0.5816,0.5202,0.9263,0.0146,Off,1
calm_off,2556,0.6500,0.0000,0.5986,0.5116,0.9245,0.0230,Off,1
calm_off,2557,0.6667,0.0000,0.5889,0.5032,0.9227,0.0313,Off,1
calm_off,2558,0.6833,0.0000,0.5769,0.4949,0.9210,0.0396,Off,1
calm_off,2559,0.7000,0.0000,0.5929,0.4867,0.9192,0.0480,Off,1
calm_off,2560,0.7167,0.0000,0.5966,0.4786,0.9175,0.0563,Off,1
calm_off,2561,0.7333,0.0000,0.5787,0.4707,0.9157,0.0646,Off,1
calm_off,2562,0.7500,0.0000,0.5843,0.4629,0.9140,0.0730,Off,1
calm_off,2563,0.7667,0.0000,0.5992,0.4553,0.9122,0.0813,Off,1
calm_off,2564,0.7833,0.0000,0.5859,0.4478,0.9105,0.0896,Off,1
calm_off,2565,0.8000,0.0000,0.5779,0.4404,0.9088,0.0980,Off,1
calm_off,2566,0.8167,0.0000,0.5954,0.4331,0.9071,0.1063,Off,1
calm_off,2567,0.8333,0.0000,0.5943,0.4259,0.9053,0.1146,Off,1
calm_off,2568,0.8500,0.0000,0.5774,0.4189,0.9036,0.1230,Off,1
calm_off,2569,0.8667,0.0000,0.5872,0.4120,0.9019,0.1313,Off,1
calm_off,2570,0.8833,0.0000,0.5991,0.4052,0.9003,0.1396,Off,1
calm_off,2571,0.9000,0.0000,0.5831,0.3985,0.8986,0.1480,Off,1
calm_off,2572,0.9167,0.0000,0.5795,0.3919,0.8969,0.1563,Off,1
calm_off,2573,0.9333,0.0000,0.5973,0.3854,0.8952,0.1646,Off,1
calm_off,2574,0.9500,0.0000,0.5916,0.3790,0.8935,0.1730,Off,1
calm_off,2575,0.9667,0.0000,0.5768,0.3728,0.8919,0.1813,Off,1
calm_off,2576,0.9833,0.0000,0.5902,0.3666,0.8902,0.1896,Off,1
calm_off,2577,1.0000,0.0000,0.5981,0.3605,0.8886,0.1980,Off,1
calm_off,2578,1.0167,0.0000,0.5806,0.3546,0.8869,0.2063,Off,1
calm_off,2579,1.0333,0.0000,0.5818,0.3487,0.8853,0.2146,Off,1
calm_off,2580,1.0500,0.0000,0.5987,0.3430,0.8837,0.2230,Off,1
calm_off,2581,1.0667,0.0000,0.5887,0.3373,0.8821,0.2313,Off,1
calm_off,2582,1.0833,0.0000,0.5770,0.3317,0.8804,0.2396,Off,1
calm_off,2583,1.1000,0.0000,0.5930,0.3262,0.8788,0.2480,Off,1
calm_off,2584,1.1167,0.0000,0.5964,0.3208,0.8772,0.2563,Off,1
calm_off,2585,1.1333,0.0000,0.5786,0.3155,0.8756,0.2646,Off,1
calm_off,2586,1.1500,0.0000,0.5845,0.3103,0.8740,0.2730,Off,1
calm_off,2587,1.1667,0.0000,0.5992,0.3052,0.8724,0.2813,Off,1
calm_off,2588,1.1833,0.0000,0.5857,0.3001,0.8709,0.2896,Off,1
calm_off,2589,1.2000,0.0000,0.5779,0.2952,0.8693,0.2980,Off,1
calm_off,2590,1.2167,0.0000,0.5955,0.2903,0.8677,0.3063,Off,1
calm_off,2591,1.2333,0.0000,0.5942,0.2855,0.8661,0.3146,Off,1
calm_off,2592,1.2500,0.0000,0.5773,0.2808,0.8646,0.3230,Off,1
calm_off,2593,1.2667,0.0000,0.5874,0.2761,0.8630,0.3313,Off,1
calm_off,2594,1.2833,0.0000,0.5990,0.2716,0.8615,0.3396,Off,1
calm_off,2595,1.3000,0.0000,0.5829,0.2671,0.8599,0.3480,Off,1
calm_off,2596,1.3167,0.0000,0.5796,0.2627,0.8584,0.3563,Off,1
calm_off,2597,1.3333,0.0000,0.5975,0.2583,0.8569,0.3646,Off,1
calm_off,2598,1.3500,0.0000,0.5915,0.2541,0.8553,0.3730,Off,1
calm_off,2599,1.3667,0.0000,0.5768,0.2499,0.8538,0.3813,Off,1
calm_off,2600,1.3833,0.0000,0.5904,0.2457,0.8523,0.3896,Off,1
calm_off,2601,1.4000,0.0000,0.5980,0.2417,0.8508,0.3980,Off,1
calm_off,2602,1.4167,0.0000,0.5804,0.2377,0.8493,0.4063,Off,1
calm_off,2603,1.4333,0.0000,0.5819,0.2338,0.8478,0.4146,Off,1
calm_off,2604,1.4500,0.0000,0.5987,0.2299,0.8463,0.4230,Off,1
calm_off,2605,1.4667,0.0000,0.5885,0.2261,0.8448,0.4313,Off,1
calm_off,2606,1.4833,0.0000,0.5770,0.2224,0.8433,0.4396,Off,1
calm_off,2607,1.5000,0.0000,0.5932,0.2187,0.8418,0.4480,Off,1
calm_off,2608,1.5167,0.0000,0.5963,0.2151,0.8404,0.4563,Off,1
calm_off,2609,1.5333,0.0000,0.5785,0.2115,0.8389,0.4646,Off,1
calm_off,2610,1.5500,0.0000,0.5846,0.2080,0.8374,0.4730,Off,1
calm_off,2611,1.5667,0.0000,0.5993,0.2046,0.8360,0.4813,Off,1
calm_off,2612,1.5833,0.0000,0.5855,0.2012,0.8345,0.4896,Off,1
calm_off,2613,1.6000,0.0000,0.5780,0.1979,0.8331,0.4980,Off,1
calm_off,2614,1.6167,0.0000,0.5956,0.1946,0.8316,0.5063,Off,1
calm_off,2615,1.6333,0.0000,0.5940,0.1914,0.8302,0.5146,Off,1
calm_off,2616,1.6500,0.0000,0.5772,0.1882,0.8288,0.5230,Off,1
calm_off,2617,1.6667,0.0000,0.5876,0.1851,0.8273,0.5313,Off,1
calm_off,2618,1.6833,0.0000,0.5990,0.1820,0.8259,0.5396,Off,1
calm_off,2619,1.7000,0.0000,0.5827,0.1790,0.8245,0.5480,Off,1
calm_off,2620,1.7167,0.0000,0.5798,0.1761,0.8231,0.5563,Off,1
calm_off,2621,1.7333,0.0000,0.5976,0.1732,0.8217,0.5646,Off,1
calm_off,2622,1.7500,0.0000,0.5913,0.1703,0.8203,0.5730,Off,1
calm_off,2623,1.7667,0.0000,0.5767,0.1675,0.8189,0.5813,Off,1
calm_off,2624,1.7833,0.0000,0.5906,0.1647,0.8175,0.5896,Off,1
calm_off,2625,1.8000,0.0000,0.5979,0.1620,0.8161,0.5980,Off,1
calm_off,2626,1.8167,0.0000,0.5803,0.1593,0.8147,0.6063,Off,1
calm_off,2627,1.8333,0.0000,0.5821,0.1567,0.8133,0.6146,Off,1
calm_off,2628,1.8500,0.0000,0.5988,0.1541,0.8119,0.6230,Off,1
calm_off,2629,1.8667,0.0000,0.5883,0.1516,0.8106,0.6313,Off,1
calm_off,2630,1.8833,0.0000,0.5771,0.1490,0.8092,0.6396,Off,1
calm_off,2631,1.9000,0.0000,0.5934,0.1466,0.8078,0.6480,Off,1
calm_off,2632,1.9167,0.0000,0.5962,0.1442,0.8065,0.6563,Off,1
calm_off,2633,1.9333,0.0000,0.5784,0.1418,0.8051,0.6646,Off,1
calm_off,2634,1.9500,0.0000,0.5848,0.1394,0.8038,0.6730,Off,1
calm_off,2635,1.9667,0.0000,0.5993,0.1371,0.8024,0.6813,Off,1
calm_off,2636,1.9833,0.0000,0.5853,0.1349,0.8011,0.6896,Off,1
calm_off,2637,2.0000,0.0000,0.5781,0.1326,0.7998,0.6980,Off,1
calm_off,2638,2.0167,0.0000,0.5958,0.1304,0.7984,0.7063,Off,1
calm_off,2639,2.0333,0.0000,0.5938,0.1283,0.7971,0.7146,Off,1
calm_off,2640,2.0500,0.0000,0.5772,0.1262,0.7958,0.7230,Off,1
calm_off,2641,2.0667,0.0000,0.5878,0.1241,0.7945,0.7313,Off,1
calm_off,2642,2.0833,0.0000,0.5989,0.1220,0.7931,0.7396,Off,1
calm_off,2643,2.1000,0.0000,0.5825,0.1200,0.7918,0.7480,Off,1
calm_off,2644,2.1167,0.0000,0.5799,0.1180,0.7905,0.7563,Off,1
calm_off,2645,2.1333,0.0000,0.5977,0.1161,0.7892,0.7646,Off,1
calm_off,2646,2.1500,0.0000,0.5911,0.1142,0.7879,0.7730,Off,1
calm_off,2647,2.1667,0.0000,0.5767,0.1123,0.7866,0.7813,Off,1
calm_off,2648,2.1833,0.0000,0.5908,0.1104,0.7854,0.7896,Off,1
calm_off,2649,2.2000,0.0000,0.5978,0.1086,0.7841,0.7980,Off,1
calm_off,2650,2.2167,0.0000,0.5801,0.1068,0.7828,0.8063,Off,1
calm_off,2651,2.2333,0.0000,0.5822,0.1050,0.7815,0.8143,Off,1
calm_off,2652,2.2500,0.0000,0.5988,0.1033,0.7803,0.8143,Off,1
calm_off,2653,2.2667,0.0000,0.5881,0.1016,0.7790,0.8143,Off,1
calm_off,2654,2.2833,0.0000,0.5771,0.0999,0.7777,0.8143,Off,1
calm_off,2655,2.3000,0.0000,0.5935,0.0983,0.7765,0.8143,Off,1
calm_off,2656,2.3167,0.0000,0.5960,0.0966,0.7752,0.8143,Off,1
calm_off,2657,2.3333,0.0000,0.5783,0.0950,0.7740,0.8143,Off,1
calm_off,2658,2.3500,0.0000,0.5850,0.0935,0.7727,0.8143,Off,1
calm_off,2659,2.3667,0.0000,0.5993,0.0919,0.7715,0.8143,Off,1
calm_off,2660,2.3833,0.0000,0.5852,0.0904,0.7702,0.8143,Off,1
calm_off,2661,2.4000,0.0000,0.5782,0.0889,0.7690,0.8143,Off,1
calm_off,2662,2.4167,0.0000,0.5959,0.0874,0.7678,0.8143,Off,1
calm_off,2663,2.4333,0.0000,0.5937,0.0860,0.7665,0.8143,Off,1
calm_off,2664,2.4500,0.0000,0.5771,0.0846,0.7653,0.8143,Off,1
calm_off,2665,2.4667,0.0000,0.5880,0.0832,0.7641,0.8143,Off,1
calm_off,2666,2.4833,0.0000,0.5989,0.0818,0.7629,0.8143,Off,1
calm_off,2667,2.5000,0.0000,0.5824,0.0804,0.7617,0.8143,Off,1
calm_off,2668,2.5167,0.0000,0.5800,0.0791,0.7605,0.8143,Off,1
calm_off,2669,2.5333,0.0000,0.5978,0.0778,0.7593,0.8143,Off,1
calm_off,2670,2.5500,0.0000,0.5909,0.0765,0.7581,0.8143,Off,1
calm_off,2671,2.5667,0.0000,0.5767,0.0753,0.7569,0.8143,Off,1
calm_off,2672,2.5833,0.0000,0.5909,0.0740,0.7557,0.8143,Off,1
calm_off,2673,2.6000,0.0000,0.5977,0.0728,0.7545,0.8143,Off,1
calm_off,2674,2.6167,0.0000,0.5800,0.0716,0.7533,0.8143,Off,1
calm_off,2675,2.6333,0.0000,0.5824,0.0704,0.7521,0.8143,Off,1
calm_off,2676,2.6500,0.0000,0.5989,0.0692,0.7510,0.8143,Off,1
calm_off,2677,2.6667,0.0000,0.5879,0.0681,0.7498,0.8143,Off,1
calm_off,2678,2.6833,0.0000,0.5771,0.0670,0.7486,0.8143,Off,1
calm_off,2679,2.7000,0.0000,0.5937,0.0659,0.7474,0.8143,Off,1
calm_off,2680,2.7167,0.0000,0.5959,0.0648,0.7463,0.8143,Off,1
calm_off,2681,2.7333,0.0000,0.5782,0.0637,0.7451,0.8143,Off,1
calm_off,2682,2.7500,0.0000,0.5852,0.0627,0.7440,0.8143,Off,1
calm_off,2683,2.7667,0.0000,0.5993,0.0616,0.7428,0.8143,Off,1
calm_off,2684,2.7833,0.0000,0.5850,0.0606,0.7417,0.8143,Off,1
calm_off,2685,2.8000,0.0000,0.5783,0.0596,0.7405,0.8143,Off,1
calm_off,2686,2.8167,0.0000,0.5961,0.0586,0.7394,0.8143,Off,1
calm_off,2687,2.8333,0.0000,0.5935,0.0576,0.7383,0.8143,Off,1
calm_off,2688,2.8500,0.0000,0.5771,0.0567,0.7371,0.8143,Off,1
calm_off,2689,2.8667,0.0000,0.5882,0.0558,0.7360,0.8143,Off,1
calm_off,2690,2.8833,0.0000,0.5988,0.0548,0.7349,0.8143,Off,1
calm_off,2691,2.9000,0.0000,0.5822,0.0539,0.7337,0.8143,Off,1
calm_off,2692,2.9167,0.0000,0.5802,0.0530,0.7326,0.8143,Off,1
calm_off,2693,2.9333,0.0000,0.5978,0.0522,0.7315,0.8143,Off,1
calm_off,2694,2.9500,0.0000,0.5907,0.0513,0.7304,0.8143,Off,1
calm_off,2695,2.9667,0.0000,0.5767,0.0504,0.7293,0.8143,Off,1
calm_off,2696,2.9833,0.0000,0.5911,0.0496,0.7282,0.8143,Off,1
calm_off,2697,3.0000,0.0000,0.5976,0.0488,0.7271,0.8143,Off,1
calm_off,2698,3.0167,0.0000,0.5799,0.0480,0.7260,0.8143,Off,1
calm_off,2699,3.0333,0.0000,0.5826,0.0472,0.7249,0.8143,Off,1
calm_off,2700,3.0500,0.0000,0.5989,0.0464,0.7238,0.8143,Off,1
calm_off,2701,3.0667,0.0000,0.5877,0.0456,0.7227,0.8143,Off,1
calm_off,2702,3.0833,0.0000,0.5772,0.0449,0.7216,0.8143,Off,1
calm_off,2703,3.1000,0.0000,0.5939,0.0442,0.7205,0.8143,Off,1
calm_off,2704,3.1167,0.0000,0.5958,0.0434,0.7194,0.8143,Off,1
calm_off,2705,3.1333,0.0000,0.5781,0.0427,0.7184,0.8143,Off,1
calm_off,2706,3.1500,0.0000,0.5854,0.0420,0.7173,0.8143,Off,1
calm_off,2707,3.1667,0.0000,0.5993,0.0413,0.7162,0.8143,Off,1
calm_off,2708,3.1833,0.0000,0.5848,0.0406,0.7152,0.8143,Off,1
calm_off,2709,3.2000,0.0000,0.5784,0.0399,0.7141,0.8143,Off,1
calm_off,2710,3.2167,0.0000,0.5962,0.0393,0.7130,0.8143,Off,1
calm_off,2711,3.2333,0.0000,0.5933,0.0386,0.7120,0.8143,Off,1
calm_off,2712,3.2500,0.0000,0.5770,0.0380,0.7109,0.8143,Off,1
calm_off,2713,3.2667,0.0000,0.5884,0.0374,0.7099,0.8143,Off,1
calm_off,2714,3.2833,0.0000,0.5988,0.0368,0.7088,0.8060,Off,1
calm_off,2715,3.3000,0.0000,0.5821,0.0361,0.7078,0.7976,Off,1
calm_off,2716,3.3167,0.0000,0.5803,0.0355,0.7067,0.7893,Off,1
calm_off,2717,3.3333,0.0000,0.5979,0.0350,0.7057,0.7810,Off,1
calm_off,2718,3.3500,0.0000,0.5905,0.0344,0.7047,0.7726,Off,1
calm_off,2719,3.3667,0.0000,0.5767,0.0338,0.7036,0.7643,Off,1
calm_off,2720,3.3833,0.0000,0.5913,0.0333,0.7026,0.7560,Off,1
calm_off,2721,3.4000,0.0000,0.5975,0.0327,0.7016,0.7476,Off,1
calm_off,2722,3.4167,0.0000,0.5797,0.0322,0.7005,0.7393,Off,1
calm_off,2723,3.4333,0.0000,0.5828,0.0316,0.6995,0.7310,Off,1
calm_off,2724,3.4500,0.0000,0.5990,0.0311,0.6985,0.7226,Off,1
calm_off,2725,3.4667,0.0000,0.5875,0.0306,0.6975,0.7143,Off,1
calm_off,2726,3.4833,0.0000,0.5773,0.0301,0.6965,0.7060,Off,1
calm_off,2727,3.5000,0.0000,0.5940,0.0296,0.6955,0.6976,Off,1
calm_off,2728,3.5167,0.0000,0.5956,0.0291,0.6945,0.6945,Off,1
calm_off,2729,3.5333,0.0000,0.5780,0.0286,0.6935,0.6935,Off,1
calm_off,2730,3.5500,0.0000,0.5856,0.0282,0.6925,0.6925,Off,1
calm_off,2731,3.5667,0.0000,0.5992,0.0277,0.6915,0.6915,Off,1
calm_off,2732,3.5833,0.0000,0.5846,0.0272,0.6905,0.6905,Off,1
calm_off,2733,3.6000,0.0000,0.5785,0.0268,0.6895,0.6895,Off,1
calm_off,2734,3.6167,0.0000,0.5963,0.0263,0.6885,0.6885,Off,1
calm_off,2735,3.6333,0.0000,0.5932,0.0259,0.6875,0.6875,Off,1
calm_off,2736,3.6500,0.0000,0.5770,0.0255,0.6865,0.6865,Off,1
calm_off,2737,3.6667,0.0000,0.5885,0.0251,0.6855,0.6855,Off,1
calm_off,2738,3.6833,0.0000,0.5987,0.0246,0.6846,0.6846,Off,1
calm_off,2739,3.7000,0.0000,0.5819,0.0242,0.6836,0.6836,Off,1
calm_off,2740,3.7167,0.0000,0.5805,0.0238,0.6826,0.6826,Off,1
calm_off,2741,3.7333,0.0000,0.5980,0.0234,0.6816,0.6816,Off,1
calm_off,2742,3.7500,0.0000,0.5903,0.0230,0.6807,0.6807,Off,1
calm_off,2743,3.7667,0.0000,0.5768,0.0227,0.6797,0.6797,Off,1
calm_off,2744,3.7833,0.0000,0.5915,0.0223,0.6787,0.6787,Off,1
calm_off,2745,3.8000,0.0000,0.5974,0.0219,0.6778,0.6778,Off,1
calm_off,2746,3.8167,0.0000,0.5796,0.0216,0.6768,0.6768,Off,1
calm_off,2747,3.8333,0.0000,0.5829,0.0212,0.6759,0.6759,Off,1
calm_off,2748,3.8500,0.0000,0.5990,0.0209,0.6749,0.6749,Off,1
calm_off,2749,3.8667,0.0000,0.5874,0.0205,0.6740,0.6740,Off,1
calm_off,2750,3.8833,0.0000,0.5773,0.0202,0.6730,0.6730,Off,1
calm_off,2751,3.9000,0.0000,0.5942,0.0198,0.6721,0.6721,Off,1
calm_off,2752,3.9167,0.0000,0.5955,0.0195,0.6712,0.6712,Off,1
calm_off,2753,3.9333,0.0000,0.5779,0.0192,0.6702,0.6702,Off,1
calm_off,2754,3.9500,0.0000,0.5858,0.0189,0.6693,0.6693,Off,1
calm_off,2755,3.9667,0.0000,0.5992,0.0186,0.6684,0.6684,Off,1
calm_off,2756,3.9833,0.0000,0.5844,0.0183,0.6674,0.6674,Off,1
calm_off,2757,4.0000,0.0000,0.5786,0.0180,0.6665,0.6665,Off,1
calm_off,2758,4.0167,0.0000,0.5965,0.0177,0.6656,0.6656,Off,1
calm_off,2759,4.0333,0.0000,0.5930,0.0174,0.6646,0.6646,Off,1
calm_off,2760,4.0500,0.0000,0.5770,0.0171,0.6637,0.6637,Off,1
calm_off,2761,4.0667,0.0000,0.5887,0.0168,0.6628,0.6628,Off,1
calm_off,2762,4.0833,0.0000,0.5987,0.0165,0.6619,0.6619,Off,1
calm_off,2763,4.1000,0.0000,0.5817,0.0162,0.6610,0.6610,Off,1
calm_off,2764,4.1167,0.0000,0.5806,0.0160,0.6601,0.6601,Off,1
calm_off,2765,4.1333,0.0000,0.5981,0.0157,0.6592,0.6592,Off,1
calm_off,2766,4.1500,0.0000,0.5902,0.0154,0.6583,0.6583,Off,1
calm_off,2767,4.1667,0.0000,0.5768,0.0152,0.6574,0.6574,Off,1
calm_off,2768,4.1833,0.0000,0.5917,0.0149,0.6565,0.6565,Off,1
calm_off,2769,4.2000,0.0000,0.5973,0.0147,0.6556,0.6556,Off,1
calm_off,2770,4.2167,0.0000,0.5795,0.0145,0.6547,0.6547,Off,1
calm_off,2771,4.2333,0.0000,0.5831,0.0142,0.6538,0.6538,Off,1
calm_off,2772,4.2500,0.0000,0.5991,0.0140,0.6529,0.6529,Off,1
calm_off,2773,4.2667,0.0000,0.5872,0.0137,0.6520,0.6520,Off,1
calm_off,2774,4.2833,0.0000,0.5774,0.0135,0.6511,0.6511,Off,1
calm_off,2775,4.3000,0.0000,0.5944,0.0133,0.6502,0.6502,Off,1
calm_off,2776,4.3167,0.0000,0.5953,0.0131,0.6494,0.6494,Off,1
calm_off,2777,4.3333,0.0000,0.5778,0.0129,0.6485,0.6485,Off,1
calm_off,2778,4.3500,0.0000,0.5859,0.0126,0.6476,0.6476,Off,1
calm_off,2779,4.3667,0.0000,0.5992,0.0124,0.6467,0.6467,Off,1
calm_off,2780,4.3833,0.0000,0.5842,0.0122,0.6459,0.6459,Off,1
calm_off,2781,4.4000,0.0000,0.5787,0.0120,0.6450,0.6450,Off,1
calm_off,2782,4.4167,0.0000,0.5966,0.0118,0.6441,0.6441,Off,1
calm_off,2783,4.4333,0.0000,0.5928,0.0116,0.6433,0.6433,Off,1
calm_off,2784,4.4500,0.0000,0.5769,0.0114,0.6424,0.6424,Off,1
calm_off,2785,4.4667,0.0000,0.5889,0.0113,0.6416,0.6416,Off,1
calm_off,2786,4.4833,0.0000,0.5986,0.0111,0.6407,0.6407,Off,1
calm_off,2787,4.5000,0.0000,0.5816,0.0109,0.6398,0.6398,Off,1
calm_off,2788,4.5167,0.0000,0.5807,0.0107,0.6390,0.6390,Off,1
calm_off,2789,4.5333,0.0000,0.5982,0.0105,0.6381,0.6381,Off,1
calm_off,2790,4.5500,0.0000,0.5900,0.0104,0.6373,0.6373,Off,1
calm_off,2791,4.5667,0.0000,0.5768,0.0102,0.6364,0.6364,Off,1
calm_off,2792,4.5833,0.0000,0.5919,0.0100,0.6356,0.6356,Off,1
calm_off,2793,4.6000,0.0000,0.5972,0.0099,0.6348,0.6348,Off,1
calm_off,2794,4.6167,0.0000,0.5794,0.0097,0.6339,0.6339,Off,1
calm_off,2795,4.6333,0.0000,0.5833,0.0095,0.6331,0.6331,Off,1
calm_off,2796,4.6500,0.0000,0.5991,0.0094,0.6323,0.6323,Off,1
calm_off,2797,4.6667,0.0000,0.5870,0.0092,0.6314,0.6314,Off,1
calm_off,2798,4.6833,0.0000,0.5774,0.0091,0.6306,0.6306,Off,1
calm_off,2799,4.7000,0.0000,0.5945,0.0089,0.6298,0.6298,Off,1
calm_off,2800,4.7167,0.0000,0.5952,0.0088,0.6289,0.6289,Off,1
calm_off,2801,4.7333,0.0000,0.5778,0.0086,0.6281,0.6281,Off,1
calm_off,2802,4.7500,0.0000,0.5861,0.0085,0.6273,0.6273,Off,1
calm_off,2803,4.7667,0.0000,0.5992,0.0083,0.6265,0.6265,Off,1
calm_off,2804,4.7833,0.0000,0.5841,0.0082,0.6257,0.6257,Off,1
calm_off,2805,4.8000,0.0000,0.5788,0.0081,0.6248,0.6248,Off,1
calm_off,2806,4.8167,0.0000,0.5967,0.0079,0.6240,0.6240,Off,1
calm_off,2807,4.8333,0.0000,0.5926,0.0078,0.6232,0.6232,Off,1
calm_off,2808,4.8500,0.0000,0.5769,0.0077,0.6224,0.6224,Off,1
calm_off,2809,4.8667,0.0000,0.5891,0.0075,0.6216,0.6216,Off,1
calm_off,2810,4.8833,0.0000,0.5985,0.0074,0.6208,0.6208,Off,1
calm_off,2811,4.9000,0.0000,0.5814,0.0073,0.6200,0.6200,Off,1
calm_off,2812,4.9167,0.0000,0.5809,0.0072,0.6192,0.6192,Off,1
calm_off,2813,4.9333,0.0000,0.5983,0.0071,0.6184,0.6184,Off,1
calm_off,2814,4.9500,0.0000,0.5898,0.0069,0.6176,0.6176,Off,1
calm_off,2815,4.9667,0.0000,0.5768,0.0068,0.6168,0.6168,Off,1
calm_off,2816,4.9833,0.0000,0.5920,0.0067,0.6160,0.6160,Off,1
calm_off,2817,5.0000,0.0000,0.5971,0.0066,0.6152,0.6152,Off,1
calm_off,2818,5.0167,0.0000,0.5792,0.0065,0.6145,0.6145,Off,1
calm_off,2819,5.0333,0.0000,0.5834,0.0064,0.6137,0.6137,Off,1
calm_off,2820,5.0500,0.0000,0.5991,0.0063,0.6129,0.6129,Off,1
calm_off,2821,5.0667,0.0000,0.5868,0.0062,0.6121,0.6121,Off,1
calm_off,2822,5.0833,0.0000,0.5775,0.0061,0.6113,0.6113,Off,1
calm_off,2823,5.1000,0.0000,0.5947,0.0060,0.6105,0.6105,Off,1
calm_off,2824,5.1167,0.0000,0.5950,0.0059,0.6098,0.6098,Off,1
calm_off,2825,5.1333,0.0000,0.5777,0.0058,0.6090,0.6090,Off,1
calm_off,2826,5.1500,0.0000,0.5863,0.0057,0.6082,0.6082,Off,1
calm_off,2827,5.1667,0.0000,0.5992,0.0056,0.6075,0.6075,Off,1
calm_off,2828,5.1833,0.0000,0.5839,0.0055,0.6067,0.6067,Off,1
calm_off,2829,5.2000,0.0000,0.5790,0.0054,0.6059,0.6059,Off,1
calm_off,2830,5.2167,0.0000,0.5968,0.0053,0.6052,0.6052,Off,1
calm_off,2831,5.2333,0.0000,0.5925,0.0052,0.6044,0.6044,Off,1
calm_off,2832,5.2500,0.0000,0.5769,0.0051,0.6036,0.6036,Off,1
calm_off,2833,5.2667,0.0000,0.5893,0.0051,0.6029,0.6029,Off,1
calm_off,2834,5.2833,0.0000,0.5985,0.0050,0.6021,0.6021,Off,1
calm_off,2835,5.3000,0.0000,0.5813,0.0049,0.6014,0.6014,Off,1
calm_off,2836,5.3167,0.0000,0.5810,0.0048,0.6006,0.6006,Off,1
calm_off,2837,5.3333,0.0000,0.5984,0.0047,0.5999,0.5999,Off,1
calm_off,2838,5.3500,0.0000,0.5896,0.0047,0.5991,0.5991,Off,1
calm_off,2839,5.3667,0.0000,0.5768,0.0046,0.5984,0.5984,Off,1
calm_off,2840,5.3833,0.0000,0.5922,0.0045,0.5976,0.5976,Off,1
calm_off,2841,5.4000,0.0000,0.5970,0.0044,0.5969,0.5969,Off,1
calm_off,2842,5.4167,0.0000,0.5791,0.0044,0.5961,0.5961,Off,1
calm_off,2843,5.4333,0.0000,0.5836,0.0043,0.5954,0.5954,Off,1
calm_off,2844,5.4500,0.0000,0.5992,0.0042,0.5954,0.5954,Off,1
calm_off,2845,5.4667,0.0000,0.5866,0.0041,0.5947,0.5954,Off,1
calm_off,2846,5.4833,0.0000,0.5776,0.0041,0.5940,0.5954,Off,1
calm_off,2847,5.5000,0.0000,0.5948,0.0040,0.5940,0.5954,Off,1
calm_off,2848,5.5167,0.0000,0.5949,0.0039,0.5940,0.5954,Off,1
calm_off,2849,5.5333,0.0000,0.5776,0.0039,0.5932,0.5954,Off,1
calm_off,2850,5.5500,0.0000,0.5865,0.0038,0.5925,0.5954,Off,1
calm_off,2851,5.5667,0.0000,0.5992,0.0037,0.5926,0.5954,Off,1
calm_off,2852,5.5833,0.0000,0.5837,0.0037,0.5918,0.5954,Off,1
calm_off,2853,5.6000,0.0000,0.5791,0.0036,0.5911,0.5954,Off,1
calm_off,2854,5.6167,0.0000,0.5969,0.0036,0.5911,0.5954,Off,1
calm_off,2855,5.6333,0.0000,0.5923,0.0035,0.5912,0.5954,Off,1
calm_off,2856,5.6500,0.0000,0.5768,0.0034,0.5904,0.5954,Off,1
calm_off,2857,5.6667,0.0000,0.5895,0.0034,0.5897,0.5954,Off,1
calm_off,2858,5.6833,0.0000,0.5984,0.0033,0.5898,0.5954,Off,1
calm_off,2859,5.7000,0.0000,0.5811,0.0033,0.5891,0.5954,Off,1
calm_off,2860,5.7167,0.0000,0.5812,0.0032,0.5883,0.5954,Off,1
calm_off,2861,5.7333,0.0000,0.5984,0.0032,0.5884,0.5954,Off,1
calm_off,2862,5.7500,0.0000,0.5894,0.0031,0.5884,0.5954,Off,1
calm_off,2863,5.7667,0.0000,0.5768,0.0031,0.5877,0.5954,Off,1
calm_off,2864,5.7833,0.0000,0.5924,0.0030,0.5877,0.5954,Off,1
calm_off,2865,5.8000,0.0000,0.5969,0.0030,0.5878,0.5954,Off,1
calm_off,2866,5.8167,0.0000,0.5790,0.0029,0.5871,0.5954,Off,1
calm_off,2867,5.8333,0.0000,0.5838,0.0029,0.5864,0.5954,Off,1
calm_off,2868,5.8500,0.0000,0.5992,0.0028,0.5865,0.5954,Off,1
calm_off,2869,5.8667,0.0000,0.5864,0.0028,0.5858,0.5954,Off,1
calm_off,2870,5.8833,0.0000,0.5777,0.0027,0.5851,0.5954,Off,1
calm_off,2871,5.9000,0.0000,0.5950,0.0027,0.5851,0.5954,Off,1
calm_off,2872,5.9167,0.0000,0.5947,0.0026,0.5852,0.5954,Off,1
calm_off,2873,5.9333,0.0000,0.5775,0.0026,0.5845,0.5954,Off,1
calm_off,2874,5.9500,0.0000,0.5867,0.0026,0.5845,0.5954,Off,1
calm_off,2875,5.9667,0.0000,0.5991,0.0025,0.5846,0.5954,Off,1
calm_off,2876,5.9833,0.0000,0.5835,0.0025,0.5839,0.5954,Off,1
calm_off,2877,6.0000,0.0000,0.5792,0.0024,0.5832,0.5954,Off,1
calm_off,2878,6.0167,0.0000,0.5971,0.0024,0.5833,0.5954,Off,1
calm_off,2879,6.0333,0.0000,0.5921,0.0023,0.5834,0.5954,Off,1
calm_off,2880,6.0500,0.0000,0.5768,0.0023,0.5827,0.5954,Off,1
calm_off,2881,6.0667,0.0000,0.5897,0.0023,0.5828,0.5954,Off,1
calm_off,2882,6.0833,0.0000,0.5983,0.0022,0.5829,0.5954,Off,1
calm_off,2883,6.1000,0.0000,0.5810,0.0022,0.5822,0.5954,Off,1
calm_off,2884,6.1167,0.0000,0.5813,0.0022,0.5815,0.5954,Off,1
calm_off,2885,6.1333,0.0000,0.5985,0.0021,0.5816,0.5954,Off,1
calm_off,2886,6.1500,0.0000,0.5892,0.0021,0.5817,0.5954,Off,1
calm_off,2887,6.1667,0.0000,0.5769,0.0021,0.5810,0.5954,Off,1
calm_off,2888,6.1833,0.0000,0.5926,0.0020,0.5811,0.5954,Off,1
calm_off,2889,6.2000,0.0000,0.5968,0.0020,0.5812,0.5954,Off,1
calm_off,2890,6.2167,0.0000,0.5789,0.0020,0.5805,0.5954,Off,1
calm_off,2891,6.2333,0.0000,0.5840,0.0019,0.5805,0.5954,Off,1
calm_off,2892,6.2500,0.0000,0.5992,0.0019,0.5807,0.5954,Off,1
calm_off,2893,6.2667,0.0000,0.5862,0.0019,0.5807,0.5954,Off,1
calm_off,2894,6.2833,0.0000,0.5777,0.0018,0.5800,0.5954,Off,1
calm_off,2895,6.3000,0.0000,0.5951,0.0018,0.5802,0.5954,Off,1
calm_off,2896,6.3167,0.0000,0.5946,0.0018,0.5803,0.5954,Off,1
calm_off,2897,6.3333,0.0000,0.5775,0.0017,0.5796,0.5954,Off,1
calm_off,2898,6.3500,0.0000,0.5869,0.0017,0.5796,0.5954,Off,1
calm_off,2899,6.3667,0.0000,0.5991,0.0017,0.5798,0.5954,Off,1
calm_off,2900,6.3833,0.0000,0.5833,0.0017,0.5798,0.5954,Off,1
calm_off,2901,6.4000,0.0000,0.5793,0.0016,0.5791,0.5954,Off,1
calm_off,2902,6.4167,0.0000,0.5972,0.0016,0.5793,0.5954,Off,1
calm_off,2903,6.4333,0.0000,0.5919,0.0016,0.5794,0.5954,Off,1
calm_off,2904,6.4500,0.0000,0.5768,0.0015,0.5787,0.5954,Off,1
calm_off,2905,6.4667,0.0000,0.5899,0.0015,0.5788,0.5954,Off,1
calm_off,2906,6.4833,0.0000,0.5982,0.0015,0.5789,0.5954,Off,1
calm_off,2907,6.5000,0.0000,0.5808,0.0015,0.5790,0.5954,Off,1
calm_off,2908,6.5167,0.0000,0.5815,0.0014,0.5790,0.5954,Off,1
calm_off,2909,6.5333,0.0000,0.5986,0.0014,0.5791,0.5954,Off,1
calm_off,2910,6.5500,0.0000,0.5890,0.0014,0.5792,0.5954,Off,1
calm_off,2911,6.5667,0.0000,0.5769,0.0014,0.5785,0.5954,Off,1
calm_off,2912,6.5833,0.0000,0.5927,0.0014,0.5786,0.5954,Off,1
calm_off,2913,6.6000,0.0000,0.5966,0.0013,0.5788,0.5954,Off,1
calm_off,2914,6.6167,0.0000,0.5788,0.0013,0.5781,0.5954,Off,1
calm_off,2915,6.6333,0.0000,0.5842,0.0013,0.5781,0.5954,Off,1
calm_off,2916,6.6500,0.0000,0.5992,0.0013,0.5783,0.5954,Off,1
calm_off,2917,6.6667,0.0000,0.5860,0.0012,0.5784,0.5954,Off,1
calm_off,2918,6.6833,0.0000,0.5778,0.0012,0.5777,0.5954,Off,1
calm_off,2919,6.7000,0.0000,0.5953,0.0012,0.5778,0.5954,Off,1
calm_off,2920,6.7167,0.0000,0.5944,0.0012,0.5780,0.5954,Off,1
calm_off,2921,6.7333,0.0000,0.5774,0.0012,0.5773,0.5954,Off,1
calm_off,2922,6.7500,0.0000,0.5871,0.0011,0.5774,0.5954,Off,1
calm_off,2923,6.7667,0.0000,0.5991,0.0011,0.5775,0.5954,Off,1
calm_off,2924,6.7833,0.0000,0.5832,0.0011,0.5776,0.5954,Off,1
calm_off,2925,6.8000,0.0000,0.5794,0.0011,0.5776,0.5954,Off,1
calm_off,2926,6.8167,0.0000,0.5973,0.0011,0.5778,0.5954,Off,1
calm_off,2927,6.8333,0.0000,0.5918,0.0011,0.5779,0.5954,Off,1
calm_off,2928,6.8500,0.0000,0.5768,0.0010,0.5772,0.5954,Off,1
calm_off,2929,6.8667,0.0000,0.5901,0.0010,0.5773,0.5954,Off,1
calm_off,2930,6.8833,0.0000,0.5982,0.0010,0.5775,0.5954,Off,1
calm_off,2931,6.9000,0.0000,0.5807,0.0010,0.5775,0.5954,Off,1
calm_off,2932,6.9167,0.0000,0.5817,0.0010,0.5775,0.5954,Off,1
calm_off,2933,6.9333,0.0000,0.5986,0.0010,0.5777,0.5954,Off,1
calm_off,2934,6.9500,0.0000,0.5888,0.0009,0.5778,0.5954,Off,1
calm_off,2935,6.9667,0.0000,0.5769,0.0009,0.5771,0.5871,Off,1
calm_off,2936,6.9833,0.0000,0.5929,0.0009,0.5772,0.5788,Off,1
calm_off,2937,7.0000,0.0000,0.5965,0.0009,0.5774,0.5774,Off,1
calm_off,2938,7.0167,0.0000,0.5787,0.0009,0.5774,0.5774,Off,1
calm_off,2939,7.0333,0.0000,0.5843,0.0009,0.5775,0.5775,Off,1
calm_off,2940,7.0500,0.0000,0.5992,0.0009,0.5776,0.5776,Off,1
calm_off,2941,7.0667,0.0000,0.5858,0.0008,0.5777,0.5777,Off,1
calm_off,2942,7.0833,0.0000,0.5779,0.0008,0.5777,0.5777,Off,1
calm_off,2943,7.1000,0.0000,0.5954,0.0008,0.5779,0.5779,Off,1
calm_off,2944,7.1167,0.0000,0.5943,0.0008,0.5780,0.5780,Off,1
calm_off,2945,7.1333,0.0000,0.5773,0.0008,0.5773,0.5780,Off,1
calm_off,2946,7.1500,0.0000,0.5873,0.0008,0.5774,0.5780,Off,1
calm_off,2947,7.1667,0.0000,0.5990,0.0008,0.5776,0.5780,Off,1
calm_off,2948,7.1833,0.0000,0.5830,0.0007,0.5776,0.5780,Off,1
calm_off,2949,7.2000,0.0000,0.5796,0.0007,0.5776,0.5780,Off,1
calm_off,2950,7.2167,0.0000,0.5974,0.0007,0.5778,0.5780,Off,1
calm_off,2951,7.2333,0.0000,0.5916,0.0007,0.5779,0.5780,Off,1
calm_off,2952,7.2500,0.0000,0.5768,0.0007,0.5772,0.5780,Off,1
calm_off,2953,7.2667,0.0000,0.5903,0.0007,0.5773,0.5780,Off,1
calm_off,2954,7.2833,0.0000,0.5981,0.0007,0.5775,0.5780,Off,1
calm_off,2955,7.3000,0.0000,0.5805,0.0007,0.5775,0.5780,Off,1
calm_off,2956,7.3167,0.0000,0.5818,0.0007,0.5775,0.5780,Off,1
calm_off,2957,7.3333,0.0000,0.5987,0.0006,0.5777,0.5780,Off,1
calm_off,2958,7.3500,0.0000,0.5886,0.0006,0.5778,0.5780,Off,1
calm_off,2959,7.3667,0.0000,0.5770,0.0006,0.5771,0.5780,Off,1
calm_off,2960,7.3833,0.0000,0.5931,0.0006,0.5772,0.5780,Off,1
calm_off,2961,7.4000,0.0000,0.5964,0.0006,0.5774,0.5780,Off,1
calm_off,2962,7.4167,0.0000,0.5786,0.0006,0.5774,0.5780,Off,1
calm_off,2963,7.4333,0.0000,0.5845,0.0006,0.5775,0.5780,Off,1
calm_off,2964,7.4500,0.0000,0.5992,0.0006,0.5777,0.5780,Off,1
calm_off,2965,7.4667,0.0000,0.5856,0.0006,0.5777,0.5780,Off,1
calm_off,2966,7.4833,0.0000,0.5780,0.0006,0.5777,0.5780,Off,1
calm_off,2967,7.5000,0.0000,0.5956,0.0005,0.5779,0.5780,Off,1
calm_off,2968,7.5167,0.0000,0.5941,0.0005,0.5780,0.5780,Off,1
calm_off,2969,7.5333,0.0000,0.5773,0.0005,0.5773,0.5780,Off,1
calm_off,2970,7.5500,0.0000,0.5875,0.0005,0.5774,0.5780,Off,1
calm_off,2971,7.5667,0.0000,0.5990,0.0005,0.5776,0.5780,Off,1
calm_off,2972,7.5833,0.0000,0.5828,0.0005,0.5776,0.5780,Off,1
calm_off,2973,7.6000,0.0000,0.5797,0.0005,0.5776,0.5780,Off,1
calm_off,2974,7.6167,0.0000,0.5975,0.0005,0.5778,0.5780,Off,1
calm_off,2975,7.6333,0.0000,0.5914,0.0005,0.5779,0.5780,Off,1
calm_off,2976,7.6500,0.0000,0.5767,0.0005,0.5772,0.5780,Off,1
calm_off,2977,7.6667,0.0000,0.5904,0.0005,0.5773,0.5780,Off,1
calm_off,2978,7.6833,0.0000,0.5980,0.0005,0.5775,0.5780,Off,1
calm_off,2979,7.7000,0.0000,0.5804,0.0004,0.5775,0.5780,Off,1
calm_off,2980,7.7167,0.0000,0.5820,0.0004,0.5776,0.5780,Off,1
calm_off,2981,7.7333,0.0000,0.5988,0.0004,0.5777,0.5780,Off,1
calm_off,2982,7.7500,0.0000,0.5884,0.0004,0.5778,0.5780,Off,1
calm_off,2983,7.7667,0.0000,0.5770,0.0004,0.5771,0.5780,Off,1
calm_off,2984,7.7833,0.0000,0.5933,0.0004,0.5773,0.5780,Off,1
calm_off,2985,7.8000,0.0000,0.5963,0.0004,0.5774,0.5780,Off,1
calm_off,2986,7.8167,0.0000,0.5785,0.0004,0.5774,0.5780,Off,1
calm_off,2987,7.8333,0.0000,0.5847,0.0004,0.5775,0.5780,Off,1
calm_off,2988,7.8500,0.0000,0.5993,0.0004,0.5777,0.5780,Off,1
calm_off,2989,7.8667,0.0000,0.5855,0.0004,0.5777,0.5780,Off,1
calm_off,2990,7.8833,0.0000,0.5781,0.0004,0.5777,0.5780,Off,1
calm_off,2991,7.9000,0.0000,0.5957,0.0004,0.5779,0.5780,Off,1
calm_off,2992,7.9167,0.0000,0.5939,0.0004,0.5780,0.5780,Off,1
calm_off,2993,7.9333,0.0000,0.5772,0.0004,0.5773,0.5780,Off,1
calm_off,2994,7.9500,0.0000,0.5877,0.0003,0.5774,0.5780,Off,1
calm_off,2995,7.9667,0.0000,0.5990,0.0003,0.5776,0.5780,Off,1
calm_off,2996,7.9833,0.0000,0.5827,0.0003,0.5776,0.5780,Off,1
calm_off,2997,8.0000,0.0000,0.5798,0.0003,0.5776,0.5780,Off,1
calm_off,2998,8.0167,0.0000,0.5976,0.0003,0.5778,0.5780,Off,1
calm_off,2999,8.0333,0.0000,0.5912,0.0003,0.5779,0.5780,Off,1
calm_off,3000,8.0500,0.0000,0.5767,0.0003,0.5772,0.5780,Off,1
calm_off,3001,8.0667,0.0000,0.5906,0.0003,0.5773,0.5780,Off,1
calm_off,3002,8.0833,0.0000,0.5979,0.0003,0.5775,0.5780,Off,1
calm_off,3003,8.1000,0.0000,0.5802,0.0003,0.5775,0.5780,Off,1
calm_off,3004,8.1167,0.0000,0.5821,0.0003,0.5776,0.5780,Off,1
calm_off,3005,8.1333,0.0000,0.5988,0.0003,0.5777,0.5780,Off,1
calm_off,3006,8.1500,0.0000,0.5883,0.0003,0.5778,0.5780,Off,1
calm_off,3007,8.1667,0.0000,0.5771,0.0003,0.5771,0.5780,Off,1
calm_off,3008,8.1833,0.0000,0.5934,0.0003,0.5773,0.5780,Off,1
calm_off,3009,8.2000,0.0000,0.5961,0.0003,0.5774,0.5780,Off,1
calm_off,3010,8.2167,0.0000,0.5784,0.0003,0.5774,0.5780,Off,1
calm_off,3011,8.2333,0.0000,0.5849,0.0003,0.5775,0.5780,Off,1
calm_off,3012,8.2500,0.0000,0.5993,0.0003,0.5777,0.5780,Off,1
calm_off,3013,8.2667,0.0000,0.5853,0.0003,0.5777,0.5780,Off,1
calm_off,3014,8.2833,0.0000,0.5782,0.0002,0.5778,0.5780,Off,1
calm_off,3015,8.3000,0.0000,0.5958,0.0002,0.5779,0.5780,Off,1
calm_off,3016,8.3167,0.0000,0.5938,0.0002,0.5780,0.5780,Off,1
calm_off,3017,8.3333,0.0000,0.5772,0.0002,0.5773,0.5780,Off,1
calm_off,3018,8.3500,0.0000,0.5878,0.0002,0.5774,0.5780,Off,1
calm_off,3019,8.3667,0.0000,0.5989,0.0002,0.5776,0.5780,Off,1
calm_off,3020,8.3833,0.0000,0.5825,0.0002,0.5776,0.5780,Off,1
calm_off,3021,8.4000,0.0000,0.5799,0.0002,0.5777,0.5780,Off,1
calm_off,3022,8.4167,0.0000,0.5977,0.0002,0.5778,0.5780,Off,1
calm_off,3023,8.4333,0.0000,0.5910,0.0002,0.5779,0.5780,Off,1
calm_off,3024,8.4500,0.0000,0.5767,0.0002,0.5772,0.5780,Off,1
calm_off,3025,8.4667,0.0000,0.5908,0.0002,0.5774,0.5780,Off,1
calm_off,3026,8.4833,0.0000,0.5978,0.0002,0.5775,0.5780,Off,1
calm_off,3027,8.5000,0.0000,0.5801,0.0002,0.5775,0.5780,Off,1
calm_off,3028,8.5167,0.0000,0.5823,0.0002,0.5776,0.5780,Off,1
calm_off,3029,8.5333,0.0000,0.5989,0.0002,0.5778,0.5780,Off,1
calm_off,3030,8.5500,0.0000,0.5881,0.0002,0.5778,0.5780,Off,1
calm_off,3031,8.5667,0.0000,0.5771,0.0002,0.5772,0.5780,Off,1
calm_off,3032,8.5833,0.0000,0.5936,0.0002,0.5773,0.5780,Off,1
calm_off,3033,8.6000,0.0000,0.5960,0.0002,0.5774,0.5780,Off,1
calm_off,3034,8.6167,0.0000,0.5783,0.0002,0.5775,0.5780,Off,1
calm_off,3035,8.6333,0.0000,0.5851,0.0002,0.5775,0.5780,Off,1
calm_off,3036,8.6500,0.0000,0.5993,0.0002,0.5777,0.5780,Off,1
calm_off,3037,8.6667,0.0000,0.5851,0.0002,0.5778,0.5780,Off,1
calm_off,3038,8.6833,0.0000,0.5783,0.0002,0.5778,0.5780,Off,1
calm_off,3039,8.7000,0.0000,0.5960,0.0002,0.5779,0.5780,Off,1
calm_off,3040,8.7167,0.0000,0.5936,0.0002,0.5780,0.5780,Off,1
calm_off,3041,8.7333,0.0000,0.5771,0.0002,0.5773,0.5780,Off,1
calm_off,3042,8.7500,0.0000,0.5880,0.0002,0.5774,0.5780,Off,1
calm_off,3043,8.7667,0.0000,0.5989,0.0002,0.5776,0.5780,Off,1
calm_off,3044,8.7833,0.0000,0.5823,0.0002,0.5777,0.5780,Off,1
calm_off,3045,8.8000,0.0000,0.5801,0.0001,0.5777,0.5780,Off,1
calm_off,3046,8.8167,0.0000,0.5978,0.0001,0.5778,0.5780,Off,1
calm_off,3047,8.8333,0.0000,0.5908,0.0001,0.5779,0.5780,Off,1
calm_off,3048,8.8500,0.0000,0.5767,0.0001,0.5773,0.5780,Off,1
calm_off,3049,8.8667,0.0000,0.5910,0.0001,0.5774,0.5780,Off,1
calm_off,3050,8.8833,0.0000,0.5977,0.0001,0.5775,0.5780,Off,1
calm_off,3051,8.9000,0.0000,0.5800,0.0001,0.5776,0.5780,Off,1
calm_off,3052,8.9167,0.0000,0.5825,0.0001,0.5776,0.5780,Off,1
calm_off,3053,8.9333,0.0000,0.5989,0.0001,0.5778,0.5780,Off,1
calm_off,3054,8.9500,0.0000,0.5879,0.0001,0.5779,0.5780,Off,1
calm_off,3055,8.9667,0.0000,0.5772,0.0001,0.5772,0.5780,Off,1
calm_off,3056,8.9833,0.0000,0.5938,0.0001,0.5773,0.5780,Off,1
calm_off,3057,9.0000,0.0000,0.5959,0.0001,0.5775,0.5780,Off,1
calm_off,3058,9.0167,0.0000,0.5782,0.0001,0.5775,0.5780,Off,1
calm_off,3059,9.0333,0.0000,0.5853,0.0001,0.5775,0.5780,Off,1
calm_off,3060,9.0500,0.0000,0.5993,0.0001,0.5777,0.5780,Off,1
calm_off,3061,9.0667,0.0000,0.5849,0.0001,0.5778,0.5780,Off,1
calm_off,3062,9.0833,0.0000,0.5783,0.0001,0.5778,0.5780,Off,1
calm_off,3063,9.1000,0.0000,0.5961,0.0001,0.5779,0.5780,Off,1
calm_off,3064,9.1167,0.0000,0.5934,0.0001,0.5781,0.5781,Off,1
calm_off,3065,9.1333,0.0000,0.5771,0.0001,0.5774,0.5781,Off,1
calm_off,3066,9.1500,0.0000,0.5882,0.0001,0.5774,0.5781,Off,1
calm_off,3067,9.1667,0.0000,0.5988,0.0001,0.5776,0.5781,Off,1
calm_off,3068,9.1833,0.0000,0.5822,0.0001,0.5777,0.5781,Off,1
calm_off,3069,9.2000,0.0000,0.5802,0.0001,0.5777,0.5781,Off,1
calm_off,3070,9.2167,0.0000,0.5979,0.0001,0.5778,0.5781,Off,1
calm_off,3071,9.2333,0.0000,0.5907,0.0001,0.5780,0.5781,Off,1
calm_off,3072,9.2500,0.0000,0.5767,0.0001,0.5773,0.5781,Off,1
calm_off,3073,9.2667,0.0000,0.5912,0.0001,0.5774,0.5781,Off,1
calm_off,3074,9.2833,0.0000,0.5976,0.0001,0.5775,0.5781,Off,1
calm_off,3075,9.3000,0.0000,0.5798,0.0001,0.5776,0.5781,Off,1
calm_off,3076,9.3167,0.0000,0.5826,0.0001,0.5776,0.5781,Off,1
calm_off,3077,9.3333,0.0000,0.5990,0.0001,0.5778,0.5781,Off,1
calm_off,3078,9.3500,0.0000,0.5877,0.0001,0.5779,0.5781,Off,1
calm_off,3079,9.3667,0.0000,0.5772,0.0001,0.5772,0.5781,Off,1
calm_off,3080,9.3833,0.0000,0.5939,0.0001,0.5773,0.5781,Off,1
calm_off,3081,9.4000,0.0000,0.5957,0.0001,0.5775,0.5781,Off,1
calm_off,3082,9.4167,0.0000,0.5781,0.0001,0.5775,0.5781,Off,1
calm_off,3083,9.4333,0.0000,0.5854,0.0001,0.5775,0.5781,Off,1
calm_off,3084,9.4500,0.0000,0.5993,0.0001,0.5777,0.5781,Off,1
calm_off,3085,9.4667,0.0000,0.5847,0.0001,0.5778,0.5781,Off,1
calm_off,3086,9.4833,0.0000,0.5785,0.0001,0.5778,0.5781,Off,1
calm_off,3087,9.5000,0.0000,0.5962,0.0001,0.5779,0.5781,Off,1
calm_off,3088,9.5167,0.0000,0.5933,0.0001,0.5781,0.5781,Off,1
calm_off,3089,9.5333,0.0000,0.5770,0.0001,0.5774,0.5781,Off,1
calm_off,3090,9.5500,0.0000,0.5884,0.0001,0.5775,0.5781,Off,1
calm_off,3091,9.5667,0.0000,0.5988,0.0001,0.5776,0.5781,Off,1
calm_off,3092,9.5833,0.0000,0.5820,0.0001,0.5777,0.5781,Off,1
calm_off,3093,9.6000,0.0000,0.5804,0.0001,0.5777,0.5781,Off,1
calm_off,3094,9.6167,0.0000,0.5980,0.0001,0.5779,0.5781,Off,1
calm_off,3095,9.6333,0.0000,0.5905,0.0001,0.5780,0.5781,Off,1
calm_off,3096,9.6500,0.0000,0.5767,0.0001,0.5773,0.5781,Off,1
calm_off,3097,9.6667,0.0000,0.5914,0.0001,0.5774,0.5781,Off,1
calm_off,3098,9.6833,0.0000,0.5975,0.0001,0.5776,0.5781,Off,1
calm_off,3099,9.7000,0.0000,0.5797,0.0001,0.5776,0.5781,Off,1
calm_off,3100,9.7167,0.0000,0.5828,0.0001,0.5776,0.5781,Off,1
calm_off,3101,9.7333,0.0000,0.5990,0.0001,0.5778,0.5781,Off,1
calm_off,3102,9.7500,0.0000,0.5875,0.0001,0.5779,0.5781,Off,1
calm_off,3103,9.7667,0.0000,0.5773,0.0001,0.5772,0.5781,Off,1
calm_off,3104,9.7833,0.0000,0.5941,0.0001,0.5773,0.5781,Off,1
calm_off,3105,9.8000,0.0000,0.5956,0.0001,0.5775,0.5781,Off,1
calm_off,3106,9.8167,0.0000,0.5780,0.0001,0.5775,0.5781,Off,1
calm_off,3107,9.8333,0.0000,0.5856,0.0001,0.5775,0.5781,Off,1
calm_off,3108,9.8500,0.0000,0.5992,0.0001,0.5777,0.5781,Off,1
calm_off,3109,9.8667,0.0000,0.5845,0.0001,0.5778,0.5781,Off,1
calm_off,3110,9.8833,0.0000,0.5786,0.0000,0.5778,0.5781,Off,1
calm_off,3111,9.9000,0.0000,0.5964,0.0000,0.5779,0.5781,Off,1
calm_off,3112,9.9167,0.0000,0.5931,0.0000,0.5781,0.5781,Off,1
calm_off,3113,9.9333,0.0000,0.5770,0.0000,0.5774,0.5781,Off,1
calm_off,3114,9.9500,0.0000,0.5886,0.0000,0.5775,0.5781,Off,1
calm_off,3115,9.9667,0.0000,0.5987,0.0000,0.5776,0.5781,Off,1
calm_off,3116,9.9833,0.0000,0.5818,0.0000,0.5777,0.5781,Off,1
calm_off,3117,10.0000,0.0000,0.5805,0.0000,0.5777,0.5781,Off,1
calm_off,3118,10.0167,0.0000,0.5981,0.0000,0.5779,0.5781,Off,1
calm_off,3119,10.0333,0.0000,0.5903,0.0000,0.5780,0.5781,Off,1
calm_off,3120,10.0500,0.0000,0.5768,0.0000,0.5773,0.5781,Off,1
calm_off,3121,10.0667,0.0000,0.5916,0.0000,0.5774,0.5781,Off,1
calm_off,3122,10.0833,0.0000,0.5974,0.0000,0.5776,0.5781,Off,1
calm_off,3123,10.1000,0.0000,0.5796,0.0000,0.5776,0.5781,Off,1
calm_off,3124,10.1167,0.0000,0.5830,0.0000,0.5776,0.5781,Off,1
calm_off,3125,10.1333,0.0000,0.5990,0.0000,0.5778,0.5781,Off,1
calm_off,3126,10.1500,0.0000,0.5873,0.0000,0.5779,0.5781,Off,1
calm_off,3127,10.1667,0.0000,0.5773,0.0000,0.5772,0.5781,Off,1
calm_off,3128,10.1833,0.0000,0.5942,0.0000,0.5773,0.5781,Off,1
calm_off,3129,10.2000,0.0000,0.5954,0.0000,0.5775,0.5781,Off,1
calm_off,3130,10.2167,0.0000,0.5779,0.0000,0.5775,0.5781,Off,1
calm_off,3131,10.2333,0.0000,0.5858,0.0000,0.5775,0.5781,Off,1
calm_off,3132,10.2500,0.0000,0.5992,0.0000,0.5777,0.5781,Off,1
calm_off,3133,10.2667,0.0000,0.5844,0.0000,0.5778,0.5781,Off,1
calm_off,3134,10.2833,0.0000,0.5787,0.0000,0.5778,0.5781,Off,1
calm_off,3135,10.3000,0.0000,0.5965,0.0000,0.5779,0.5781,Off,1
calm_off,3136,10.3167,0.0000,0.5929,0.0000,0.5781,0.5781,Off,1
calm_off,3137,10.3333,0.0000,0.5769,0.0000,0.5774,0.5781,Off,1
calm_off,3138,10.3500,0.0000,0.5888,0.0000,0.5775,0.5781,Off,1
calm_off,3139,10.3667,0.0000,0.5986,0.0000,0.5776,0.5781,Off,1
calm_off,3140,10.3833,0.0000,0.5817,0.0000,0.5777,0.5781,Off,1
calm_off,3141,10.4000,0.0000,0.5806,0.0000,0.5777,0.5781,Off,1
calm_off,3142,10.4167,0.0000,0.5981,0.0000,0.5779,0.5781,Off,1
calm_off,3143,10.4333,0.0000,0.5901,0.0000,0.5780,0.5781,Off,1
calm_off,3144,10.4500,0.0000,0.5768,0.0000,0.5773,0.5781,Off,1
calm_off,3145,10.4667,0.0000,0.5917,0.0000,0.5774,0.5781,Off,1
calm_off,3146,10.4833,0.0000,0.5973,0.0000,0.5776,0.5781,Off,1
calm_off,3147,10.5000,0.0000,0.5794,0.0000,0.5776,0.5781,Off,1
calm_off,3148,10.5167,0.0000,0.5832,0.0000,0.5776,0.5781,Off,1
calm_off,3149,10.5333,0.0000,0.5991,0.0000,0.5778,0.5781,Off,1
calm_off,3150,10.5500,0.0000,0.5871,0.0000,0.5779,0.5781,Off,1
calm_off,3151,10.5667,0.0000,0.5774,0.0000,0.5772,0.5781,Off,1
calm_off,3152,10.5833,0.0000,0.5944,0.0000,0.5773,0.5781,Off,1
calm_off,3153,10.6000,0.0000,0.5953,0.0000,0.5775,0.5781,Off,1
calm_off,3154,10.6167,0.0000,0.5778,0.0000,0.5775,0.5781,Off,1
calm_off,3155,10.6333,0.0000,0.5860,0.0000,0.5775,0.5781,Off,1
calm_off,3156,10.6500,0.0000,0.5992,0.0000,0.5777,0.5781,Off,1
calm_off,3157,10.6667,0.0000,0.5842,0.0000,0.5778,0.5781,Off,1
calm_off,3158,10.6833,0.0000,0.5788,0.0000,0.5778,0.5781,Off,1
calm_off,3159,10.7000,0.0000,0.5966,0.0000,0.5779,0.5781,Off,1
calm_off,3160,10.7167,0.0000,0.5928,0.0000,0.5781,0.5781,Off,1
calm_off,3161,10.7333,0.0000,0.5769,0.0000,0.5774,0.5781,Off,1
calm_off,3162,10.7500,0.0000,0.5890,0.0000,0.5775,0.5781,Off,1
calm_off,3163,10.7667,0.0000,0.5986,0.0000,0.5776,0.5781,Off,1
calm_off,3164,10.7833,0.0000,0.5815,0.0000,0.5777,0.5781,Off,1
calm_off,3165,10.8000,0.0000,0.5808,0.0000,0.5777,0.5781,Off,1
calm_off,3166,10.8167,0.0000,0.5982,0.0000,0.5779,0.5781,Off,1
calm_off,3167,10.8333,0.0000,0.5899,0.0000,0.5780,0.5781,Off,1
calm_off,3168,10.8500,0.0000,0.5768,0.0000,0.5773,0.5781,Off,1
calm_off,3169,10.8667,0.0000,0.5919,0.0000,0.5774,0.5781,Off,1
calm_off,3170,10.8833,0.0000,0.5972,0.0000,0.5776,0.5781,Off,1
calm_off,3171,10.9000,0.0000,0.5793,0.0000,0.5776,0.5781,Off,1
calm_off,3172,10.9167,0.0000,0.5833,0.0000,0.5776,0.5781,Off,1
calm_off,3173,10.9333,0.0000,0.5991,0.0000,0.5778,0.5781,Off,1
calm_off,3174,10.9500,0.0000,0.5869,0.0000,0.5779,0.5781,Off,1
calm_off,3175,10.9667,0.0000,0.5775,0.0000,0.5772,0.5781,Off,1
calm_off,3176,10.9833,0.0000,0.5946,0.0000,0.5773,0.5781,Off,1
calm_off,3177,11.0000,0.0000,0.5951,0.0000,0.5775,0.5781,Off,1
calm_off,3178,11.0167,0.0000,0.5777,0.0000,0.5775,0.5781,Off,1
calm_off,3179,11.0333,0.0000,0.5862,0.0000,0.5776,0.5781,Off,1
calm_off,3180,11.0500,0.0000,0.5992,0.0000,0.5777,0.5781,Off,1
calm_off,3181,11.0667,0.0000,0.5840,0.0000,0.5778,0.5781,Off,1
calm_off,3182,11.0833,0.0000,0.5789,0.0000,0.5778,0.5781,Off,1
calm_off,3183,11.1000,0.0000,0.5967,0.0000,0.5779,0.5781,Off,1
calm_off,3184,11.1167,0.0000,0.5926,0.0000,0.5781,0.5781,Off,1
calm_off,3185,11.1333,0.0000,0.5769,0.0000,0.5774,0.5781,Off,1
calm_off,3186,11.1500,0.0000,0.5892,0.0000,0.5775,0.5781,Off,1
calm_off,3187,11.1667,0.0000,0.5985,0.0000,0.5776,0.5781,Off,1
calm_off,3188,11.1833,0.0000,0.5814,0.0000,0.5777,0.5781,Off,1
calm_off,3189,11.2000,0.0000,0.5809,0.0000,0.5777,0.5781,Off,1
calm_off,3190,11.2167,0.0000,0.5983,0.0000,0.5779,0.5781,Off,1
calm_off,3191,11.2333,0.0000,0.5897,0.0000,0.5780,0.5781,Off,1
calm_off,3192,11.2500,0.0000,0.5768,0.0000,0.5773,0.5781,Off,1
calm_off,3193,11.2667,0.0000,0.5921,0.0000,0.5774,0.5781,Off,1
calm_off,3194,11.2833,0.0000,0.5971,0.0000,0.5776,0.5781,Off,1
calm_off,3195,11.3000,0.0000,0.5792,0.0000,0.5776,0.5781,Off,1
calm_off,3196,11.3167,0.0000,0.5835,0.0000,0.5776,0.5781,Off,1
calm_off,3197,11.3333,0.0000,0.5991,0.0000,0.5778,0.5781,Off,1
calm_off,3198,11.3500,0.0000,0.5867,0.0000,0.5779,0.5781,Off,1
calm_off,3199,11.3667,0.0000,0.5775,0.0000,0.5772,0.5781,Off,1
calm_off,3200,11.3833,0.0000,0.5947,0.0000,0.5773,0.5781,Off,1
calm_off,3201,11.4000,0.0000,0.5950,0.0000,0.5775,0.5781,Off,1
calm_off,3202,11.4167,0.0000,0.5777,0.0000,0.5775,0.5781,Off,1
calm_off,3203,11.4333,0.0000,0.5864,0.0000,0.5776,0.5781,Off,1
calm_off,3204,11.4500,0.0000,0.5992,0.0000,0.5777,0.5781,Off,1
calm_off,3205,11.4667,0.0000,0.5838,0.0000,0.5778,0.5781,Off,1
calm_off,3206,11.4833,0.0000,0.5790,0.0000,0.5778,0.5781,Off,1
calm_off,3207,11.5000,0.0000,0.5969,0.0000,0.5780,0.5781,Off,1
calm_off,3208,11.5167,0.0000,0.5924,0.0000,0.5781,0.5781,Off,1
calm_off,3209,11.5333,0.0000,0.5768,0.0000,0.5774,0.5781,Off,1
calm_off,3210,11.5500,0.0000,0.5894,0.0000,0.5775,0.5781,Off,1
calm_off,3211,11.5667,0.0000,0.5984,0.0000,0.5776,0.5781,Off,1
calm_off,3212,11.5833,0.0000,0.5812,0.0000,0.5777,0.5781,Off,1
calm_off,3213,11.6000,0.0000,0.5811,0.0000,0.5777,0.5781,Off,1
calm_off,3214,11.6167,0.0000,0.5984,0.0000,0.5779,0.5781,Off,1
calm_off,3215,11.6333,0.0000,0.5895,0.0000,0.5780,0.5781,Off,1
calm_off,3216,11.6500,0.0000,0.5768,0.0000,0.5773,0.5781,Off,1
calm_off,3217,11.6667,0.0000,0.5923,0.0000,0.5774,0.5781,Off,1
calm_off,3218,11.6833,0.0000,0.5970,0.0000,0.5776,0.5781,Off,1
calm_off,3219,11.7000,0.0000,0.5791,0.0000,0.5776,0.5781,Off,1
calm_off,3220,11.7167,0.0000,0.5837,0.0000,0.5776,0.5781,Off,1
calm_off,3221,11.7333,0.0000,0.5992,0.0000,0.5778,0.5781,Off,1
calm_off,3222,11.7500,0.0000,0.5865,0.0000,0.5779,0.5781,Off,1
calm_off,3223,11.7667,0.0000,0.5776,0.0000,0.5772,0.5781,Off,1
calm_off,3224,11.7833,0.0000,0.5949,0.0000,0.5773,0.5781,Off,1
calm_off,3225,11.8000,0.0000,0.5948,0.0000,0.5775,0.5781,Off,1
calm_off,3226,11.8167,0.0000,0.5776,0.0000,0.5775,0.5781,Off,1
calm_off,3227,11.8333,0.0000,0.5866,0.0000,0.5776,0.5781,Off,1
calm_off,3228,11.8500,0.0000,0.5992,0.0000,0.5777,0.5781,Off,1
calm_off,3229,11.8667,0.0000,0.5836,0.0000,0.5778,0.5781,Off,1
calm_off,3230,11.8833,0.0000,0.5791,0.0000,0.5778,0.5781,Off,1
calm_off,3231,11.9000,0.0000,0.5970,0.0000,0.5780,0.5781,Off,1
calm_off,3232,11.9167,0.0000,0.5922,0.0000,0.5781,0.5781,Off,1
calm_off,3233,11.9333,0.0000,0.5768,0.0000,0.5774,0.5781,Off,1
calm_off,3234,11.9500,0.0000,0.5896,0.0000,0.5775,0.5781,Off,1
calm_off,3235,11.9667,0.0000,0.5984,0.0000,0.5777,0.5781,Off,1
calm_off,3236,11.9833,0.0000,0.5811,0.0000,0.5777,0.5781,Off,1
calm_off,3237,12.0000,0.0000,0.5812,0.0000,0.5777,0.5781,Off,1
calm_off,3238,12.0167,0.0000,0.5984,0.0000,0.5779,0.5781,Off,1
calm_off,3239,12.0333,0.0000,0.5893,0.0000,0.5780,0.5781,Off,1
calm_off,3240,12.0500,0.0000,0.5769,0.0000,0.5773,0.5781,Off,1
calm_off,3241,12.0667,0.0000,0.5925,0.0000,0.5774,0.5781,Off,1
calm_off,3242,12.0833,0.0000,0.5968,0.0000,0.5776,0.5781,Off,1
calm_off,3243,12.1000,0.0000,0.5790,0.0000,0.5776,0.5781,Off,1
calm_off,3244,12.1167,0.0000,0.5839,0.0000,0.5776,0.5781,Off,1
calm_off,3245,12.1333,0.0000,0.5992,0.0000,0.5778,0.5781,Off,1
calm_off,3246,12.1500,0.0000,0.5863,0.0000,0.5779,0.5781,Off,1
calm_off,3247,12.1667,0.0000,0.5777,0.0000,0.5772,0.5781,Off,1
calm_off,3248,12.1833,0.0000,0.5950,0.0000,0.5773,0.5781,Off,1
calm_off,3249,12.2000,0.0000,0.5947,0.0000,0.5775,0.5781,Off,1
calm_off,3250,12.2167,0.0000,0.5775,0.0000,0.5775,0.5781,Off,1
calm_off,3251,12.2333,0.0000,0.5868,0.0000,0.5776,0.5781,Off,1
calm_off,3252,12.2500,0.0000,0.5991,0.0000,0.5777,0.5781,Off,1
calm_off,3253,12.2667,0.0000,0.5835,0.0000,0.5778,0.5781,Off,1
calm_off,3254,12.2833,0.0000,0.5792,0.0000,0.5778,0.5781,Off,1
calm_off,3255,12.3000,0.0000,0.5971,0.0000,0.5780,0.5781,Off,1
calm_off,3256,12.3167,0.0000,0.5921,0.0000,0.5781,0.5781,Off,1
calm_off,3257,12.3333,0.0000,0.5768,0.0000,0.5774,0.5781,Off,1
calm_off,3258,12.3500,0.0000,0.5898,0.0000,0.5775,0.5781,Off,1
calm_off,3259,12.3667,0.0000,0.5983,0.0000,0.5777,0.5781,Off,1
calm_off,3260,12.3833,0.0000,0.5809,0.0000,0.5777,0.5781,Off,1
calm_off,3261,12.4000,0.0000,0.5814,0.0000,0.5777,0.5781,Off,1
calm_off,3262,12.4167,0.0000,0.5985,0.0000,0.5779,0.5781,Off,1
calm_off,3263,12.4333,0.0000,0.5891,0.0000,0.5780,0.5781,Off,1
calm_off,3264,12.4500,0.0000,0.5769,0.0000,0.5773,0.5781,Off,1
calm_off,3265,12.4667,0.0000,0.5926,0.0000,0.5774,0.5781,Off,1
calm_off,3266,12.4833,0.0000,0.5967,0.0000,0.5776,0.5781,Off,1
calm_off,3267,12.5000,0.0000,0.5789,0.0000,0.5776,0.5781,Off,1
calm_off,3268,12.5167,0.0000,0.5840,0.0000,0.5776,0.5781,Off,1
calm_off,3269,12.5333,0.0000,0.5992,0.0000,0.5778,0.5781,Off,1
calm_off,3270,12.5500,0.0000,0.5861,0.0000,0.5779,0.5781,Off,1
calm_off,3271,12.5667,0.0000,0.5778,0.0000,0.5772,0.5781,Off,1
calm_off,3272,12.5833,0.0000,0.5952,0.0000,0.5773,0.5781,Off,1
calm_off,3273,12.6000,0.0000,0.5945,0.0000,0.5775,0.5781,Off,1
calm_off,3274,12.6167,0.0000,0.5774,0.0000,0.5768,0.5781,Off,1
calm_off,3275,12.6333,0.0000,0.5870,0.0000,0.5769,0.5781,Off,1
calm_off,3276,12.6500,0.0000,0.5991,0.0000,0.5771,0.5781,Off,1
calm_off,3277,12.6667,0.0000,0.5833,0.0000,0.5771,0.5781,Off,1
calm_off,3278,12.6833,0.0000,0.5793,0.0000,0.5771,0.5781,Off,1
calm_off,3279,12.7000,0.0000,0.5972,0.0000,0.5773,0.5781,Off,1
calm_off,3280,12.7167,0.0000,0.5919,0.0000,0.5774,0.5781,Off,1
calm_off,3281,12.7333,0.0000,0.5768,0.0000,0.5767,0.5781,Off,1
calm_off,3282,12.7500,0.0000,0.5899,0.0000,0.5768,0.5781,Off,1
calm_off,3283,12.7667,0.0000,0.5982,0.0000,0.5770,0.5781,Off,1
calm_off,3284,12.7833,0.0000,0.5808,0.0000,0.5770,0.5781,Off,1
calm_off,3285,12.8000,0.0000,0.5816,0.0000,0.5771,0.5781,Off,1
calm_off,3286,12.8167,0.0000,0.5986,0.0000,0.5773,0.5781,Off,1
calm_off,3287,12.8333,0.0000,0.5889,0.0000,0.5773,0.5781,Off,1
calm_off,3288,12.8500,0.0000,0.5769,0.0000,0.5767,0.5781,Off,1
calm_off,3289,12.8667,0.0000,0.5928,0.0000,0.5768,0.5781,Off,1
calm_off,3290,12.8833,0.0000,0.5966,0.0000,0.5770,0.5781,Off,1
calm_off,3291,12.9000,0.0000,0.5787,0.0000,0.5770,0.5781,Off,1
calm_off,3292,12.9167,0.0000,0.5842,0.0000,0.5770,0.5781,Off,1
calm_off,3293,12.9333,0.0000,0.5992,0.0000,0.5772,0.5781,Off,1
calm_off,3294,12.9500,0.0000,0.5860,0.0000,0.5773,0.5781,Off,1
calm_off,3295,12.9667,0.0000,0.5778,0.0000,0.5773,0.5781,Off,1
calm_off,3296,12.9833,0.0000,0.5953,0.0000,0.5774,0.5781,Off,1
calm_off,3297,13.0000,0.0000,0.5944,0.0000,0.5776,0.5781,Off,1
calm_off,3298,13.0167,0.0000,0.5774,0.0000,0.5769,0.5781,Off,1
calm_off,3299,13.0333,0.0000,0.5871,0.0000,0.5770,0.5781,Off,1
calm_off,3300,13.0500,0.0000,0.5991,0.0000,0.5772,0.5781,Off,1
calm_off,3301,13.0667,0.0000,0.5831,0.0000,0.5772,0.5781,Off,1
calm_off,3302,13.0833,0.0000,0.5795,0.0000,0.5772,0.5781,Off,1
calm_off,3303,13.1000,0.0000,0.5973,0.0000,0.5774,0.5781,Off,1
calm_off,3304,13.1167,0.0000,0.5917,0.0000,0.5775,0.5781,Off,1
calm_off,3305,13.1333,0.0000,0.5768,0.0000,0.5768,0.5781,Off,1
calm_off,3306,13.1500,0.0000,0.5901,0.0000,0.5769,0.5781,Off,1
calm_off,3307,13.1667,0.0000,0.5981,0.0000,0.5771,0.5781,Off,1
calm_off,3308,13.1833,0.0000,0.5806,0.0000,0.5771,0.5781,Off,1
calm_off,3309,13.2000,0.0000,0.5817,0.0000,0.5772,0.5781,Off,1
calm_off,3310,13.2167,0.0000,0.5987,0.0000,0.5773,0.5781,Off,1
calm_off,3311,13.2333,0.0000,0.5888,0.0000,0.5774,0.5781,Off,1
calm_off,3312,13.2500,0.0000,0.5770,0.0000,0.5767,0.5781,Off,1
calm_off,3313,13.2667,0.0000,0.5930,0.0000,0.5769,0.5781,Off,1
calm_off,3314,13.2833,0.0000,0.5965,0.0000,0.5770,0.5781,Off,1
calm_off,3315,13.3000,0.0000,0.5786,0.0000,0.5771,0.5781,Off,1
calm_off,3316,13.3167,0.0000,0.5844,0.0000,0.5771,0.5781,Off,1
calm_off,3317,13.3333,0.0000,0.5992,0.0000,0.5773,0.5781,Off,1
calm_off,3318,13.3500,0.0000,0.5858,0.0000,0.5774,0.5781,Off,1
calm_off,3319,13.3667,0.0000,0.5779,0.0000,0.5774,0.5781,Off,1
calm_off,3320,13.3833,0.0000,0.5955,0.0000,0.5775,0.5781,Off,1
calm_off,3321,13.4000,0.0000,0.5942,0.0000,0.5777,0.5781,Off,1
calm_off,3322,13.4167,0.0000,0.5773,0.0000,0.5770,0.5781,Off,1
calm_off,3323,13.4333,0.0000,0.5873,0.0000,0.5771,0.5771,Off,1
calm_off,3324,13.4500,0.0000,0.5990,0.0000,0.5772,0.5772,Off,1
calm_off,3325,13.4667,0.0000,0.5829,0.0000,0.5773,0.5773,Off,1
calm_off,3326,13.4833,0.0000,0.5796,0.0000,0.5773,0.5773,Off,1
calm_off,3327,13.5000,0.0000,0.5974,0.0000,0.5775,0.5775,Off,1
calm_off,3328,13.5167,0.0000,0.5915,0.0000,0.5776,0.5776,Off,1
calm_off,3329,13.5333,0.0000,0.5768,0.0000,0.5769,0.5776,Off,1
calm_off,3330,13.5500,0.0000,0.5903,0.0000,0.5770,0.5776,Off,1
calm_off,3331,13.5667,0.0000,0.5980,0.0000,0.5772,0.5776,Off,1
calm_off,3332,13.5833,0.0000,0.5805,0.0000,0.5772,0.5776,Off,1
calm_off,3333,13.6000,0.0000,0.5819,0.0000,0.5772,0.5776,Off,1
calm_off,3334,13.6167,0.0000,0.5987,0.0000,0.5774,0.5776,Off,1
calm_off,3335,13.6333,0.0000,0.5886,0.0000,0.5775,0.5776,Off,1
calm_off,3336,13.6500,0.0000,0.5770,0.0000,0.5768,0.5776,Off,1
calm_off,3337,13.6667,0.0000,0.5931,0.0000,0.5770,0.5776,Off,1
calm_off,3338,13.6833,0.0000,0.5963,0.0000,0.5771,0.5776,Off,1
calm_off,3339,13.7000,0.0000,0.5785,0.0000,0.5771,0.5776,Off,1
calm_off,3340,13.7167,0.0000,0.5846,0.0000,0.5772,0.5776,Off,1
calm_off,3341,13.7333,0.0000,0.5992,0.0000,0.5774,0.5776,Off,1
calm_off,3342,13.7500,0.0000,0.5856,0.0000,0.5774,0.5776,Off,1
calm_off,3343,13.7667,0.0000,0.5780,0.0000,0.5774,0.5776,Off,1
calm_off,3344,13.7833,0.0000,0.5956,0.0000,0.5776,0.5776,Off,1
calm_off,3345,13.8000,0.0000,0.5941,0.0000,0.5777,0.5777,Off,1
calm_off,3346,13.8167,0.0000,0.5773,0.0000,0.5770,0.5777,Off,1
calm_off,3347,13.8333,0.0000,0.5875,0.0000,0.5771,0.5777,Off,1
calm_off,3348,13.8500,0.0000,0.5990,0.0000,0.5773,0.5777,Off,1
calm_off,3349,13.8667,0.0000,0.5828,0.0000,0.5774,0.5777,Off,1
calm_off,3350,13.8833,0.0000,0.5797,0.0000,0.5774,0.5777,Off,1
calm_off,3351,13.9000,0.0000,0.5975,0.0000,0.5775,0.5777,Off,1
calm_off,3352,13.9167,0.0000,0.5913,0.0000,0.5777,0.5777,Off,1
calm_off,3353,13.9333,0.0000,0.5767,0.0000,0.5770,0.5777,Off,1
calm_off,3354,13.9500,0.0000,0.5905,0.0000,0.5771,0.5777,Off,1
calm_off,3355,13.9667,0.0000,0.5980,0.0000,0.5772,0.5777,Off,1
calm_off,3356,13.9833,0.0000,0.5803,0.0000,0.5773,0.5777,Off,1
calm_off,3357,14.0000,0.0000,0.5820,0.0000,0.5773,0.5777,Off,1
calm_off,3358,14.0167,0.0000,0.5988,0.0000,0.5775,0.5777,Off,1
calm_off,3359,14.0333,0.0000,0.5884,0.0000,0.5776,0.5777,Off,1
calm_off,3360,14.0500,0.0000,0.5770,0.0000,0.5769,0.5777,Off,1
calm_off,3361,14.0667,0.0000,0.5933,0.0000,0.5770,0.5777,Off,1
calm_off,3362,14.0833,0.0000,0.5962,0.0000,0.5772,0.5777,Off,1
calm_off,3363,14.1000,0.0000,0.5784,0.0000,0.5772,0.5777,Off,1
calm_off,3364,14.1167,0.0000,0.5848,0.0000,0.5773,0.5777,Off,1
calm_off,3365,14.1333,0.0000,0.5993,0.0000,0.5774,0.5777,Off,1
calm_off,3366,14.1500,0.0000,0.5854,0.0000,0.5775,0.5777,Off,1
calm_off,3367,14.1667,0.0000,0.5781,0.0000,0.5775,0.5777,Off,1
calm_off,3368,14.1833,0.0000,0.5957,0.0000,0.5777,0.5777,Off,1
calm_off,3369,14.2000,0.0000,0.5939,0.0000,0.5778,0.5778,Off,1
calm_off,3370,14.2167,0.0000,0.5772,0.0000,0.5771,0.5778,Off,1
calm_off,3371,14.2333,0.0000,0.5877,0.0000,0.5772,0.5778,Off,1
calm_off,3372,14.2500,0.0000,0.5989,0.0000,0.5774,0.5778,Off,1
calm_off,3373,14.2667,0.0000,0.5826,0.0000,0.5774,0.5778,Off,1
calm_off,3374,14.2833,0.0000,0.5799,0.0000,0.5774,0.5778,Off,1
calm_off,3375,14.3000,0.0000,0.5976,0.0000,0.5776,0.5778,Off,1
calm_off,3376,14.3167,0.0000,0.5911,0.0000,0.5777,0.5778,Off,1
calm_off,3377,14.3333,0.0000,0.5767,0.0000,0.5770,0.5778,Off,1
calm_off,3378,14.3500,0.0000,0.5907,0.0000,0.5771,0.5778,Off,1
calm_off,3379,14.3667,0.0000,0.5979,0.0000,0.5773,0.5778,Off,1
calm_off,3380,14.3833,0.0000,0.5802,0.0000,0.5773,0.5778,Off,1
calm_off,3381,14.4000,0.0000,0.5822,0.0000,0.5774,0.5778,Off,1
calm_off,3382,14.4167,0.0000,0.5988,0.0000,0.5775,0.5778,Off,1
calm_off,3383,14.4333,0.0000,0.5882,0.0000,0.5776,0.5778,Off,1
calm_off,3384,14.4500,0.0000,0.5771,0.0000,0.5769,0.5778,Off,1
calm_off,3385,14.4667,0.0000,0.5935,0.0000,0.5771,0.5778,Off,1
calm_off,3386,14.4833,0.0000,0.5961,0.0000,0.5772,0.5778,Off,1
calm_off,3387,14.5000,0.0000,0.5783,0.0000,0.5772,0.5778,Off,1
calm_off,3388,14.5167,0.0000,0.5849,0.0000,0.5773,0.5778,Off,1
calm_off,3389,14.5333,0.0000,0.5993,0.0000,0.5775,0.5778,Off,1
calm_off,3390,14.5500,0.0000,0.5852,0.0000,0.5776,0.5778,Off,1
calm_off,3391,14.5667,0.0000,0.5782,0.0000,0.5776,0.5778,Off,1
calm_off,3392,14.5833,0.0000,0.5959,0.0000,0.5777,0.5778,Off,1
calm_off,3393,14.6000,0.0000,0.5937,0.0000,0.5778,0.5778,Off,1
calm_off,3394,14.6167,0.0000,0.5772,0.0000,0.5771,0.5778,Off,1
calm_off,3395,14.6333,0.0000,0.5879,0.0000,0.5772,0.5778,Off,1
calm_off,3396,14.6500,0.0000,0.5989,0.0000,0.5774,0.5778,Off,1
calm_off,3397,14.6667,0.0000,0.5824,0.0000,0.5775,0.5778,Off,1
calm_off,3398,14.6833,0.0000,0.5800,0.0000,0.5775,0.5778,Off,1
calm_off,3399,14.7000,0.0000,0.5977,0.0000,0.5776,0.5778,Off,1
calm_off,3400,14.7167,0.0000,0.5910,0.0000,0.5778,0.5778,Off,1
calm_off,3401,14.7333,0.0000,0.5767,0.0000,0.5771,0.5778,Off,1
calm_off,3402,14.7500,0.0000,0.5909,0.0000,0.5772,0.5778,Off,1
calm_off,3403,14.7667,0.0000,0.5978,0.0000,0.5774,0.5778,Off,1
calm_off,3404,14.7833,0.0000,0.5800,0.0000,0.5774,0.5778,Off,1
calm_off,3405,14.8000,0.0000,0.5824,0.0000,0.5774,0.5778,Off,1
calm_off,3406,14.8167,0.0000,0.5989,0.0000,0.5776,0.5778,Off,1
calm_off,3407,14.8333,0.0000,0.5880,0.0000,0.5777,0.5778,Off,1
calm_off,3408,14.8500,0.0000,0.5771,0.0000,0.5770,0.5778,Off,1
calm_off,3409,14.8667,0.0000,0.5936,0.0000,0.5771,0.5778,Off,1
calm_off,3410,14.8833,0.0000,0.5959,0.0000,0.5773,0.5778,Off,1
calm_off,3411,14.9000,0.0000,0.5782,0.0000,0.5773,0.5778,Off,1
calm_off,3412,14.9167,0.0000,0.5851,0.0000,0.5774,0.5778,Off,1
calm_off,3413,14.9333,0.0000,0.5993,0.0000,0.5775,0.5778,Off,1
calm_off,3414,14.9500,0.0000,0.5850,0.0000,0.5776,0.5778,Off,1
calm_off,3415,14.9667,0.0000,0.5783,0.0000,0.5776,0.5778,Off,1
calm_off,3416,14.9833,0.0000,0.5960,0.0000,0.5778,0.5778,Off,1
calm_off,3417,15.0000,0.0000,0.5936,0.0000,0.5779,0.5779,Off,1
calm_off,3418,15.0167,0.0000,0.5771,0.0000,0.5772,0.5779,Off,1
calm_off,3419,15.0333,0.0000,0.5881,0.0000,0.5773,0.5779,Off,1
calm_off,3420,15.0500,0.0000,0.5988,0.0000,0.5775,0.5779,Off,1
calm_off,3421,15.0667,0.0000,0.5823,0.0000,0.5775,0.5779,Off,1
calm_off,3422,15.0833,0.0000,0.5801,0.0000,0.5775,0.5779,Off,1
calm_off,3423,15.1000,0.0000,0.5978,0.0000,0.5777,0.5779,Off,1
calm_off,3424,15.1167,0.0000,0.5908,0.0000,0.5778,0.5779,Off,1
calm_off,3425,15.1333,0.0000,0.5767,0.0000,0.5771,0.5779,Off,1
calm_off,3426,15.1500,0.0000,0.5911,0.0000,0.5772,0.5779,Off,1
calm_off,3427,15.1667,0.0000,0.5977,0.0000,0.5774,0.5779,Off,1
calm_off,3428,15.1833,0.0000,0.5799,0.0000,0.5774,0.5779,Off,1
calm_off,3429,15.2000,0.0000,0.5825,0.0000,0.5775,0.5779,Off,1
calm_off,3430,15.2167,0.0000,0.5989,0.0000,0.5776,0.5779,Off,1
calm_off,3431,15.2333,0.0000,0.5878,0.0000,0.5777,0.5779,Off,1
calm_off,3432,15.2500,0.0000,0.5772,0.0000,0.5770,0.5779,Off,1
calm_off,3433,15.2667,0.0000,0.5938,0.0000,0.5772,0.5779,Off,1
calm_off,3434,15.2833,0.0000,0.5958,0.0000,0.5773,0.5779,Off,1
calm_off,3435,15.3000,0.0000,0.5781,0.0000,0.5773,0.5779,Off,1
calm_off,3436,15.3167,0.0000,0.5853,0.0000,0.5774,0.5779,Off,1
calm_off,3437,15.3333,0.0000,0.5993,0.0000,0.5776,0.5779,Off,1
calm_off,3438,15.3500,0.0000,0.5848,0.0000,0.5776,0.5779,Off,1
calm_off,3439,15.3667,0.0000,0.5784,0.0000,0.5776,0.5779,Off,1
calm_off,3440,15.3833,0.0000,0.5962,0.0000,0.5778,0.5779,Off,1
calm_off,3441,15.4000,0.0000,0.5934,0.0000,0.5779,0.5779,Off,1
calm_off,3442,15.4167,0.0000,0.5771,0.0000,0.5772,0.5779,Off,1
calm_off,3443,15.4333,0.0000,0.5883,0.0000,0.5773,0.5779,Off,1
calm_off,3444,15.4500,0.0000,0.5988,0.0000,0.5775,0.5779,Off,1
calm_off,3445,15.4667,0.0000,0.5821,0.0000,0.5775,0.5779,Off,1
calm_off,3446,15.4833,0.0000,0.5803,0.0000,0.5776,0.5779,Off,1
calm_off,3447,15.5000,0.0000,0.5979,0.0000,0.5777,0.5779,Off,1
calm_off,3448,15.5167,0.0000,0.5906,0.0000,0.5778,0.5779,Off,1
calm_off,3449,15.5333,0.0000,0.5767,0.0000,0.5771,0.5779,Off,1
calm_off,3450,15.5500,0.0000,0.5913,0.0000,0.5773,0.5779,Off,1
calm_off,3451,15.5667,0.0000,0.5976,0.0000,0.5774,0.5779,Off,1
calm_off,3452,15.5833,0.0000,0.5798,0.0000,0.5774,0.5779,Off,1
calm_off,3453,15.6000,0.0000,0.5827,0.0000,0.5775,0.5779,Off,1
calm_off,3454,15.6167,0.0000,0.5990,0.0000,0.5777,0.5779,Off,1
calm_off,3455,15.6333,0.0000,0.5876,0.0000,0.5777,0.5779,Off,1
calm_off,3456,15.6500,0.0000,0.5772,0.0000,0.5771,0.5779,Off,1
calm_off,3457,15.6667,0.0000,0.5940,0.0000,0.5772,0.5779,Off,1
calm_off,3458,15.6833,0.0000,0.5957,0.0000,0.5773,0.5779,Off,1
calm_off,3459,15.7000,0.0000,0.5780,0.0000,0.5774,0.5779,Off,1
calm_off,3460,15.7167,0.0000,0.5855,0.0000,0.5774,0.5779,Off,1
calm_off,3461,15.7333,0.0000,0.5993,0.0000,0.5776,0.5779,Off,1
calm_off,3462,15.7500,0.0000,0.5847,0.0000,0.5777,0.5779,Off,1
calm_off,3463,15.7667,0.0000,0.5785,0.0000,0.5777,0.5779,Off,1
calm_off,3464,15.7833,0.0000,0.5963,0.0000,0.5778,0.5779,Off,1
calm_off,3465,15.8000,0.0000,0.5932,0.0000,0.5779,0.5779,Off,1
calm_off,3466,15.8167,0.0000,0.5770,0.0000,0.5773,0.5779,Off,1
calm_off,3467,15.8333,0.0000,0.5885,0.0000,0.5773,0.5779,Off,1
calm_off,3468,15.8500,0.0000,0.5987,0.0000,0.5775,0.5779,Off,1
calm_off,3469,15.8667,0.0000,0.5819,0.0000,0.5776,0.5779,Off,1
calm_off,3470,15.8833,0.0000,0.5804,0.0000,0.5776,0.5779,Off,1
calm_off,3471,15.9000,0.0000,0.5980,0.0000,0.5778,0.5779,Off,1
calm_off,3472,15.9167,0.0000,0.5904,0.0000,0.5779,0.5779,Off,1
calm_off,3473,15.9333,0.0000,0.5768,0.0000,0.5772,0.5779,Off,1
calm_off,3474,15.9500,0.0000,0.5914,0.0000,0.5773,0.5779,Off,1
calm_off,3475,15.9667,0.0000,0.5975,0.0000,0.5774,0.5779,Off,1
calm_off,3476,15.9833,0.0000,0.5797,0.0000,0.5775,0.5779,Off,1
calm_off,3477,16.0000,0.0000,0.5829,0.0000,0.5775,0.5779,Off,1
calm_off,3478,16.0167,0.0000,0.5990,0.0000,0.5777,0.5779,Off,1
calm_off,3479,16.0333,0.0000,0.5874,0.0000,0.5778,0.5779,Off,1
calm_off,3480,16.0500,0.0000,0.5773,0.0000,0.5771,0.5779,Off,1
calm_off,3481,16.0667,0.0000,0.5941,0.0000,0.5772,0.5779,Off,1
calm_off,3482,16.0833,0.0000,0.5955,0.0000,0.5774,0.5779,Off,1
calm_off,3483,16.1000,0.0000,0.5780,0.0000,0.5774,0.5779,Off,1
calm_off,3484,16.1167,0.0000,0.5857,0.0000,0.5774,0.5779,Off,1
calm_off,3485,16.1333,0.0000,0.5992,0.0000,0.5776,0.5779,Off,1
calm_off,3486,16.1500,0.0000,0.5845,0.0000,0.5777,0.5779,Off,1
calm_off,3487,16.1667,0.0000,0.5786,0.0000,0.5777,0.5779,Off,1
calm_off,3488,16.1833,0.0000,0.5964,0.0000,0.5778,0.5779,Off,1
calm_off,3489,16.2000,0.0000,0.5930,0.0000,0.5780,0.5780,Off,1
calm_off,3490,16.2167,0.0000,0.5770,0.0000,0.5773,0.5780,Off,1
calm_off,3491,16.2333,0.0000,0.5887,0.0000,0.5774,0.5780,Off,1
calm_off,3492,16.2500,0.0000,0.5987,0.0000,0.5775,0.5780,Off,1
calm_off,3493,16.2667,0.0000,0.5818,0.0000,0.5776,0.5780,Off,1
calm_off,3494,16.2833,0.0000,0.5806,0.0000,0.5776,0.5780,Off,1
calm_off,3495,16.3000,0.0000,0.5981,0.0000,0.5778,0.5780,Off,1
calm_off,3496,16.3167,0.0000,0.5902,0.0000,0.5779,0.5780,Off,1
calm_off,3497,16.3333,0.0000,0.5768,0.0000,0.5772,0.5780,Off,1
calm_off,3498,16.3500,0.0000,0.5916,0.0000,0.5773,0.5780,Off,1
calm_off,3499,16.3667,0.0000,0.5974,0.0000,0.5775,0.5780,Off,1
calm_off,3500,16.3833,0.0000,0.5795,0.0000,0.5775,0.5780,Off,1
calm_off,3501,16.4000,0.0000,0.5830,0.0000,0.5775,0.5780,Off,1
calm_off,3502,16.4167,0.0000,0.5990,0.0000,0.5777,0.5780,Off,1
calm_off,3503,16.4333,0.0000,0.5872,0.0000,0.5778,0.5780,Off,1
calm_off,3504,16.4500,0.0000,0.5774,0.0000,0.5771,0.5780,Off,1
calm_off,3505,16.4667,0.0000,0.5943,0.0000,0.5772,0.5780,Off,1
calm_off,3506,16.4833,0.0000,0.5954,0.0000,0.5774,0.5780,Off,1
calm_off,3507,16.5000,0.0000,0.5779,0.0000,0.5774,0.5780,Off,1
calm_off,3508,16.5167,0.0000,0.5859,0.0000,0.5775,0.5780,Off,1
calm_off,3509,16.5333,0.0000,0.5992,0.0000,0.5776,0.5780,Off,1
calm_off,3510,16.5500,0.0000,0.5843,0.0000,0.5777,0.5780,Off,1
calm_off,3511,16.5667,0.0000,0.5787,0.0000,0.5777,0.5780,Off,1
calm_off,3512,16.5833,0.0000,0.5965,0.0000,0.5779,0.5780,Off,1
calm_off,3513,16.6000,0.0000,0.5929,0.0000,0.5780,0.5780,Off,1
calm_off,3514,16.6167,0.0000,0.5769,0.0000,0.5773,0.5780,Off,1
calm_off,3515,16.6333,0.0000,0.5889,0.0000,0.5774,0.5780,Off,1
calm_off,3516,16.6500,0.0000,0.5986,0.0000,0.5776,0.5780,Off,1
calm_off,3517,16.6667,0.0000,0.5816,0.0000,0.5776,0.5780,Off,1
calm_off,3518,16.6833,0.0000,0.5807,0.0000,0.5776,0.5780,Off,1
calm_off,3519,16.7000,0.0000,0.5982,0.0000,0.5778,0.5780,Off,1
calm_off,3520,16.7167,0.0000,0.5900,0.0000,0.5779,0.5780,Off,1
calm_off,3521,16.7333,0.0000,0.5768,0.0000,0.5772,0.5780,Off,1
calm_off,3522,16.7500,0.0000,0.5918,0.0000,0.5773,0.5780,Off,1
calm_off,3523,16.7667,0.0000,0.5973,0.0000,0.5775,0.5780,Off,1
calm_off,3524,16.7833,0.0000,0.5794,0.0000,0.5775,0.5780,Off,1
calm_off,3525,16.8000,0.0000,0.5832,0.0000,0.5776,0.5780,Off,1
calm_off,3526,16.8167,0.0000,0.5991,0.0000,0.5777,0.5780,Off,1
calm_off,3527,16.8333,0.0000,0.5870,0.0000,0.5778,0.5780,Off,1
calm_off,3528,16.8500,0.0000,0.5774,0.0000,0.5771,0.5780,Off,1
calm_off,3529,16.8667,0.0000,0.5945,0.0000,0.5773,0.5780,Off,1
calm_off,3530,16.8833,0.0000,0.5952,0.0000,0.5774,0.5780,Off,1
calm_off,3531,16.9000,0.0000,0.5778,0.0000,0.5774,0.5780,Off,1
calm_off,3532,16.9167,0.0000,0.5861,0.0000,0.5775,0.5780,Off,1
calm_off,3533,16.9333,0.0000,0.5992,0.0000,0.5777,0.5780,Off,1
calm_off,3534,16.9500,0.0000,0.5841,0.0000,0.5777,0.5780,Off,1
calm_off,3535,16.9667,0.0000,0.5788,0.0000,0.5777,0.5780,Off,1
calm_off,3536,16.9833,0.0000,0.5967,0.0000,0.5779,0.5780,Off,1
calm_off,3537,17.0000,0.0000,0.5927,0.0000,0.5780,0.5780,Off,1
calm_off,3538,17.0167,0.0000,0.5769,0.0000,0.5773,0.5780,Off,1
calm_off,3539,17.0333,0.0000,0.5891,0.0000,0.5774,0.5780,Off,1
calm_off,3540,17.0500,0.0000,0.5986,0.0000,0.5776,0.5780,Off,1
calm_off,3541,17.0667,0.0000,0.5815,0.0000,0.5776,0.5780,Off,1
calm_off,3542,17.0833,0.0000,0.5808,0.0000,0.5776,0.5780,Off,1
calm_off,3543,17.1000,0.0000,0.5983,0.0000,0.5778,0.5780,Off,1
calm_off,3544,17.1167,0.0000,0.5898,0.0000,0.5779,0.5780,Off,1
calm_off,3545,17.1333,0.0000,0.5768,0.0000,0.5772,0.5780,Off,1
calm_off,3546,17.1500,0.0000,0.5920,0.0000,0.5773,0.5780,Off,1
calm_off,3547,17.1667,0.0000,0.5971,0.0000,0.5775,0.5780,Off,1
calm_off,3548,17.1833,0.0000,0.5793,0.0000,0.5775,0.5780,Off,1
calm_off,3549,17.2000,0.0000,0.5834,0.0000,0.5776,0.5780,Off,1
calm_off,3550,17.2167,0.0000,0.5991,0.0000,0.5777,0.5780,Off,1
calm_off,3551,17.2333,0.0000,0.5868,0.0000,0.5778,0.5780,Off,1
calm_off,3552,17.2500,0.0000,0.5775,0.0000,0.5771,0.5780,Off,1
calm_off,3553,17.2667,0.0000,0.5946,0.0000,0.5773,0.5780,Off,1
calm_off,3554,17.2833,0.0000,0.5951,0.0000,0.5774,0.5780,Off,1
calm_off,3555,17.3000,0.0000,0.5777,0.0000,0.5774,0.5780,Off,1
calm_off,3556,17.3167,0.0000,0.5863,0.0000,0.5775,0.5780,Off,1
calm_off,3557,17.3333,0.0000,0.5992,0.0000,0.5777,0.5780,Off,1
calm_off,3558,17.3500,0.0000,0.5839,0.0000,0.5777,0.5780,Off,1
calm_off,3559,17.3667,0.0000,0.5789,0.0000,0.5777,0.5780,Off,1
calm_off,3560,17.3833,0.0000,0.5968,0.0000,0.5779,0.5780,Off,1
calm_off,3561,17.4000,0.0000,0.5925,0.0000,0.5780,0.5780,Off,1
calm_off,3562,17.4167,0.0000,0.5769,0.0000,0.5773,0.5780,Off,1
calm_off,3563,17.4333,0.0000,0.5893,0.0000,0.5774,0.5780,Off,1
calm_off,3564,17.4500,0.0000,0.5985,0.0000,0.5776,0.5780,Off,1
calm_off,3565,17.4667,0.0000,0.5813,0.0000,0.5776,0.5780,Off,1
calm_off,3566,17.4833,0.0000,0.5810,0.0000,0.5777,0.5780,Off,1
calm_off,3567,17.5000,0.0000,0.5983,0.0000,0.5778,0.5780,Off,1
calm_off,3568,17.5167,0.0000,0.5896,0.0000,0.5779,0.5780,Off,1
calm_off,3569,17.5333,0.0000,0.5768,0.0000,0.5772,0.5780,Off,1
calm_off,3570,17.5500,0.0000,0.5922,0.0000,0.5774,0.5780,Off,1
calm_off,3571,17.5667,0.0000,0.5970,0.0000,0.5775,0.5780,Off,1
calm_off,3572,17.5833,0.0000,0.5792,0.0000,0.5775,0.5780,Off,1
calm_off,3573,17.6000,0.0000,0.5836,0.0000,0.5776,0.5780,Off,1
calm_off,3574,17.6167,0.0000,0.5991,0.0000,0.5778,0.5780,Off,1
calm_off,3575,17.6333,0.0000,0.5867,0.0000,0.5778,0.5780,Off,1
calm_off,3576,17.6500,0.0000,0.5776,0.0000,0.5771,0.5780,Off,1
calm_off,3577,17.6667,0.0000,0.5948,0.0000,0.5773,0.5780,Off,1
calm_off,3578,17.6833,0.0000,0.5949,0.0000,0.5774,0.5780,Off,1
calm_off,3579,17.7000,0.0000,0.5776,0.0000,0.5774,0.5780,Off,1
calm_off,3580,17.7167,0.0000,0.5864,0.0000,0.5775,0.5780,Off,1
calm_off,3581,17.7333,0.0000,0.5992,0.0000,0.5777,0.5780,Off,1
calm_off,3582,17.7500,0.0000,0.5838,0.0000,0.5777,0.5780,Off,1
calm_off,3583,17.7667,0.0000,0.5790,0.0000,0.5777,0.5780,Off,1
calm_off,3584,17.7833,0.0000,0.5969,0.0000,0.5779,0.5780,Off,1
calm_off,3585,17.8000,0.0000,0.5924,0.0000,0.5780,0.5780,Off,1
calm_off,3586,17.8167,0.0000,0.5768,0.0000,0.5773,0.5780,Off,1
calm_off,3587,17.8333,0.0000,0.5894,0.0000,0.5774,0.5780,Off,1
calm_off,3588,17.8500,0.0000,0.5984,0.0000,0.5776,0.5780,Off,1
calm_off,3589,17.8667,0.0000,0.5812,0.0000,0.5776,0.5780,Off,1
calm_off,3590,17.8833,0.0000,0.5811,0.0000,0.5777,0.5780,Off,1
calm_off,3591,17.9000,0.0000,0.5984,0.0000,0.5778,0.5780,Off,1
calm_off,3592,17.9167,0.0000,0.5895,0.0000,0.5779,0.5780,Off,1
calm_off,3593,17.9333,0.0000,0.5768,0.0000,0.5772,0.5780,Off,1
calm_off,3594,17.9500,0.0000,0.5923,0.0000,0.5774,0.5780,Off,1
calm_off,3595,17.9667,0.0000,0.5969,0.0000,0.5775,0.5780,Off,1
calm_off,3596,17.9833,0.0000,0.5790,0.0000,0.5775,0.5780,Off,1
calm_off,3597,18.0000,0.0000,0.5837,0.0000,0.5776,0.5780,Off,1
calm_off,3598,18.0167,0.0000,0.5992,0.0000,0.5778,0.5780,Off,1
calm_off,3599,18.0333,0.0000,0.5865,0.0000,0.5778,0.5780,Off,1
calm_off,3600,18.0500,0.0000,0.5776,0.0000,0.5771,0.5780,Off,1
calm_off,3601,18.0667,0.0000,0.5949,0.0000,0.5773,0.5780,Off,1
calm_off,3602,18.0833,0.0000,0.5948,0.0000,0.5774,0.5780,Off,1
calm_off,3603,18.1000,0.0000,0.5776,0.0000,0.5774,0.5780,Off,1
calm_off,3604,18.1167,0.0000,0.5866,0.0000,0.5775,0.5780,Off,1
calm_off,3605,18.1333,0.0000,0.5991,0.0000,0.5777,0.5780,Off,1
calm_off,3606,18.1500,0.0000,0.5836,0.0000,0.5777,0.5780,Off,1
calm_off,3607,18.1667,0.0000,0.5791,0.0000,0.5778,0.5780,Off,1
calm_off,3608,18.1833,0.0000,0.5970,0.0000,0.5779,0.5780,Off,1
calm_off,3609,18.2000,0.0000,0.5922,0.0000,0.5780,0.5780,Off,1
calm_off,3610,18.2167,0.0000,0.5768,0.0000,0.5773,0.5780,Off,1
calm_off,3611,18.2333,0.0000,0.5896,0.0000,0.5774,0.5780,Off,1
calm_off,3612,18.2500,0.0000,0.5983,0.0000,0.5776,0.5780,Off,1
calm_off,3613,18.2667,0.0000,0.5810,0.0000,0.5776,0.5780,Off,1
calm_off,3614,18.2833,0.0000,0.5813,0.0000,0.5777,0.5780,Off,1
calm_off,3615,18.3000,0.0000,0.5985,0.0000,0.5778,0.5780,Off,1
calm_off,3616,18.3167,0.0000,0.5893,0.0000,0.5779,0.5780,Off,1
calm_off,3617,18.3333,0.0000,0.5769,0.0000,0.5772,0.5780,Off,1
calm_off,3618,18.3500,0.0000,0.5925,0.0000,0.5774,0.5780,Off,1
calm_off,3619,18.3667,0.0000,0.5968,0.0000,0.5775,0.5780,Off,1
calm_off,3620,18.3833,0.0000,0.5789,0.0000,0.5775,0.5780,Off,1
calm_off,3621,18.4000,0.0000,0.5839,0.0000,0.5776,0.5780,Off,1
calm_off,3622,18.4167,0.0000,0.5992,0.0000,0.5778,0.5780,Off,1
calm_off,3623,18.4333,0.0000,0.5863,0.0000,0.5778,0.5780,Off,1
calm_off,3624,18.4500,0.0000,0.5777,0.0000,0.5772,0.5780,Off,1
calm_off,3625,18.4667,0.0000,0.5951,0.0000,0.5773,0.5780,Off,1
calm_off,3626,18.4833,0.0000,0.5946,0.0000,0.5774,0.5780,Off,1
calm_off,3627,18.5000,0.0000,0.5775,0.0000,0.5774,0.5780,Off,1
calm_off,3628,18.5167,0.0000,0.5868,0.0000,0.5775,0.5780,Off,1
calm_off,3629,18.5333,0.0000,0.5991,0.0000,0.5777,0.5780,Off,1
calm_off,3630,18.5500,0.0000,0.5834,0.0000,0.5778,0.5780,Off,1
calm_off,3631,18.5667,0.0000,0.5793,0.0000,0.5778,0.5780,Off,1
calm_off,3632,18.5833,0.0000,0.5971,0.0000,0.5779,0.5780,Off,1
calm_off,3633,18.6000,0.0000,0.5920,0.0000,0.5780,0.5780,Off,1
calm_off,3634,18.6167,0.0000,0.5768,0.0000,0.5773,0.5780,Off,1
calm_off,3635,18.6333,0.0000,0.5898,0.0000,0.5774,0.5780,Off,1
calm_off,3636,18.6500,0.0000,0.5983,0.0000,0.5776,0.5780,Off,1
calm_off,3637,18.6667,0.0000,0.5809,0.0000,0.5776,0.5780,Off,1
calm_off,3638,18.6833,0.0000,0.5815,0.0000,0.5777,0.5780,Off,1
calm_off,3639,18.7000,0.0000,0.5985,0.0000,0.5779,0.5780,Off,1
calm_off,3640,18.7167,0.0000,0.5891,0.0000,0.5779,0.5780,Off,1
calm_off,3641,18.7333,0.0000,0.5769,0.0000,0.5773,0.5780,Off,1
calm_off,3642,18.7500,0.0000,0.5927,0.0000,0.5774,0.5780,Off,1
calm_off,3643,18.7667,0.0000,0.5967,0.0000,0.5775,0.5780,Off,1
calm_off,3644,18.7833,0.0000,0.5788,0.0000,0.5775,0.5780,Off,1
calm_off,3645,18.8000,0.0000,0.5841,0.0000,0.5776,0.5780,Off,1
calm_off,3646,18.8167,0.0000,0.5992,0.0000,0.5778,0.5780,Off,1
calm_off,3647,18.8333,0.0000,0.5861,0.0000,0.5779,0.5780,Off,1
calm_off,3648,18.8500,0.0000,0.5778,0.0000,0.5772,0.5780,Off,1
calm_off,3649,18.8667,0.0000,0.5952,0.0000,0.5773,0.5780,Off,1
calm_off,3650,18.8833,0.0000,0.5945,0.0000,0.5774,0.5780,Off,1
calm_off,3651,18.9000,0.0000,0.5774,0.0000,0.5768,0.5780,Off,1
calm_off,3652,18.9167,0.0000,0.5870,0.0000,0.5768,0.5780,Off,1
calm_off,3653,18.9333,0.0000,0.5991,0.0000,0.5770,0.5780,Off,1
calm_off,3654,18.9500,0.0000,0.5832,0.0000,0.5771,0.5780,Off,1
calm_off,3655,18.9667,0.0000,0.5794,0.0000,0.5771,0.5780,Off,1
calm_off,3656,18.9833,0.0000,0.5972,0.0000,0.5773,0.5780,Off,1
calm_off,3657,19.0000,0.0000,0.5918,0.0000,0.5774,0.5780,Off,1
calm_off,3658,19.0167,0.0000,0.5768,0.0000,0.5767,0.5780,Off,1
calm_off,3659,19.0333,0.0000,0.5900,0.0000,0.5768,0.5780,Off,1
calm_off,3660,19.0500,0.0000,0.5982,0.0000,0.5770,0.5780,Off,1
calm_off,3661,19.0667,0.0000,0.5807,0.0000,0.5770,0.5780,Off,1
calm_off,3662,19.0833,0.0000,0.5816,0.0000,0.5770,0.5780,Off,1
calm_off,3663,19.1000,0.0000,0.5986,0.0000,0.5772,0.5780,Off,1
calm_off,3664,19.1167,0.0000,0.5889,0.0000,0.5773,0.5780,Off,1
calm_off,3665,19.1333,0.0000,0.5769,0.0000,0.5766,0.5780,Off,1
calm_off,3666,19.1500,0.0000,0.5929,0.0000,0.5768,0.5780,Off,1
calm_off,3667,19.1667,0.0000,0.5965,0.0000,0.5769,0.5780,Off,1
calm_off,3668,19.1833,0.0000,0.5787,0.0000,0.5769,0.5780,Off,1
calm_off,3669,19.2000,0.0000,0.5843,0.0000,0.5770,0.5780,Off,1
calm_off,3670,19.2167,0.0000,0.5992,0.0000,0.5772,0.5780,Off,1
calm_off,3671,19.2333,0.0000,0.5859,0.0000,0.5773,0.5780,Off,1
calm_off,3672,19.2500,0.0000,0.5779,0.0000,0.5773,0.5780,Off,1
calm_off,3673,19.2667,0.0000,0.5954,0.0000,0.5774,0.5780,Off,1
calm_off,3674,19.2833,0.0000,0.5943,0.0000,0.5776,0.5780,Off,1
calm_off,3675,19.3000,0.0000,0.5774,0.0000,0.5769,0.5780,Off,1
calm_off,3676,19.3167,0.0000,0.5872,0.0000,0.5769,0.5780,Off,1
calm_off,3677,19.3333,0.0000,0.5991,0.0000,0.5771,0.5780,Off,1
calm_off,3678,19.3500,0.0000,0.5831,0.0000,0.5772,0.5780,Off,1
calm_off,3679,19.3667,0.0000,0.5795,0.0000,0.5772,0.5780,Off,1
calm_off,3680,19.3833,0.0000,0.5974,0.0000,0.5774,0.5780,Off,1
calm_off,3681,19.4000,0.0000,0.5916,0.0000,0.5775,0.5780,Off,1
calm_off,3682,19.4167,0.0000,0.5768,0.0000,0.5768,0.5780,Off,1
calm_off,3683,19.4333,0.0000,0.5902,0.0000,0.5769,0.5780,Off,1
calm_off,3684,19.4500,0.0000,0.5981,0.0000,0.5771,0.5780,Off,1
calm_off,3685,19.4667,0.0000,0.5806,0.0000,0.5771,0.5780,Off,1
calm_off,3686,19.4833,0.0000,0.5818,0.0000,0.5771,0.5780,Off,1
calm_off,3687,19.5000,0.0000,0.5987,0.0000,0.5773,0.5780,Off,1
calm_off,3688,19.5167,0.0000,0.5887,0.0000,0.5774,0.5780,Off,1
calm_off,3689,19.5333,0.0000,0.5770,0.0000,0.5767,0.5780,Off,1
calm_off,3690,19.5500,0.0000,0.5930,0.0000,0.5769,0.5780,Off,1
calm_off,3691,19.5667,0.0000,0.5964,0.0000,0.5770,0.5780,Off,1
calm_off,3692,19.5833,0.0000,0.5786,0.0000,0.5770,0.5780,Off,1
calm_off,3693,19.6000,0.0000,0.5845,0.0000,0.5771,0.5780,Off,1
calm_off,3694,19.6167,0.0000,0.5992,0.0000,0.5773,0.5780,Off,1
calm_off,3695,19.6333,0.0000,0.5857,0.0000,0.5774,0.5780,Off,1
calm_off,3696,19.6500,0.0000,0.5779,0.0000,0.5774,0.5780,Off,1
calm_off,3697,19.6667,0.0000,0.5955,0.0000,0.5775,0.5780,Off,1
calm_off,3698,19.6833,0.0000,0.5942,0.0000,0.5776,0.5780,Off,1
calm_off,3699,19.7000,0.0000,0.5773,0.0000,0.5770,0.5780,Off,1
calm_off,3700,19.7167,0.0000,0.5874,0.0000,0.5770,0.5780,Off,1
calm_off,3701,19.7333,0.0000,0.5990,0.0000,0.5772,0.5780,Off,1
calm_off,3702,19.7500,0.0000,0.5829,0.0000,0.5773,0.5780,Off,1
calm_off,3703,19.7667,0.0000,0.5796,0.0000,0.5773,0.5780,Off,1
calm_off,3704,19.7833,0.0000,0.5975,0.0000,0.5775,0.5780,Off,1
calm_off,3705,19.8000,0.0000,0.5915,0.0000,0.5776,0.5780,Off,1
calm_off,3706,19.8167,0.0000,0.5768,0.0000,0.5769,0.5780,Off,1
calm_off,3707,19.8333,0.0000,0.5904,0.0000,0.5770,0.5780,Off,1
calm_off,3708,19.8500,0.0000,0.5980,0.0000,0.5772,0.5780,Off,1
calm_off,3709,19.8667,0.0000,0.5804,0.0000,0.5772,0.5780,Off,1
calm_off,3710,19.8833,0.0000,0.5819,0.0000,0.5772,0.5780,Off,1
calm_off,3711,19.9000,0.0000,0.5987,0.0000,0.5774,0.5780,Off,1
calm_off,3712,19.9167,0.0000,0.5885,0.0000,0.5775,0.5780,Off,1
calm_off,3713,19.9333,0.0000,0.5770,0.0000,0.5768,0.5780,Off,1
calm_off,3714,19.9500,0.0000,0.5932,0.0000,0.5769,0.5780,Off,1
calm_off,3715,19.9667,0.0000,0.5963,0.0000,0.5771,0.5780,Off,1
calm_off,3716,19.9833,0.0000,0.5785,0.0000,0.5771,0.5780,Off,1
calm_off,3717,20.0000,0.0000,0.5846,0.0000,0.5772,0.5780,Off,1
calm_relight,3718,0.0167,0.9728,1.0000,0.0161,0.5807,0.5807,Off,1
calm_relight,3719,0.0333,0.9638,1.0000,0.0317,0.5842,0.5842,Off,1
calm_relight,3720,0.0500,0.9955,1.0000,0.0477,0.5876,0.5876,Off,1
calm_relight,3721,0.0667,0.9881,1.0000,0.0632,0.5910,0.5910,Off,1
calm_relight,3722,0.0833,0.9602,1.0000,0.0780,0.5944,0.5944,Off,1
calm_relight,3723,0.1000,0.9821,1.0000,0.0930,0.5978,0.5978,Off,1
calm_relight,3724,0.1167,0.9987,1.0000,0.1080,0.6011,0.6011,Off,1
calm_relight,3725,0.1333,0.9682,1.0000,0.1222,0.6044,0.6044,Off,1
calm_relight,3726,0.1500,0.9675,1.0000,0.1361,0.6077,0.6077,Off,1
calm_relight,3727,0.1667,0.9983,1.0000,0.1504,0.6110,0.6110,Off,1
calm_relight,3728,0.1833,0.9830,1.0000,0.1642,0.6142,0.6120,Off,1
calm_relight,3729,0.2000,0.9601,1.0000,0.1773,0.6174,0.6120,Off,1
calm_relight,3730,0.2167,0.9873,1.0000,0.1907,0.6206,0.6120,Off,1
calm_relight,3731,0.2333,0.9961,1.0000,0.2040,0.6237,0.6120,Off,1
calm_relight,3732,0.2500,0.9644,1.0000,0.2166,0.6269,0.6120,Off,1
calm_relight,3733,0.2667,0.9720,1.0000,0.2291,0.6300,0.6120,Off,1
calm_relight,3734,0.2833,0.9998,1.0000,0.2418,0.6330,0.6120,Off,1
calm_relight,3735,0.3000,0.9777,1.0000,0.2540,0.6361,0.6120,Off,1
calm_relight,3736,0.3167,0.9614,1.0000,0.2657,0.6391,0.6120,Off,1
calm_relight,3737,0.3333,0.9920,1.0000,0.2777,0.6421,0.6120,Off,1
calm_relight,3738,0.3500,0.9924,1.0000,0.2895,0.6451,0.6120,Off,1
calm_relight,3739,0.3667,0.9616,1.0000,0.3006,0.6480,0.6120,Off,1
calm_relight,3740,0.3833,0.9772,1.0000,0.3118,0.6509,0.6120,Off,1
calm_relight,3741,0.4000,0.9999,1.0000,0.3231,0.6538,0.6120,Off,1
calm_relight,3742,0.4167,0.9725,1.0000,0.3339,0.6567,0.6120,Off,1
calm_relight,3743,0.4333,0.9640,1.0000,0.3443,0.6595,0.6120,Off,1
calm_relight,3744,0.4500,0.9958,1.0000,0.3551,0.6624,0.6120,Steady,1
calm_relight,3745,0.4667,0.9878,1.0000,0.3655,0.6652,0.6120,Steady,1
calm_relight,3746,0.4833,0.9602,1.0000,0.3754,0.6679,0.6120,Steady,1
calm_relight,3747,0.5000,0.9825,1.0000,0.3854,0.6707,0.6120,Steady,1
calm_relight,3748,0.5167,0.9985,1.0000,0.3955,0.6734,0.6120,Steady,1
calm_relight,3749,0.5333,0.9679,1.0000,0.4050,0.6761,0.6120,Steady,1
calm_relight,3750,0.5500,0.9678,1.0000,0.4143,0.6788,0.6120,Steady,1
calm_relight,3751,0.5667,0.9984,1.0000,0.4239,0.6815,0.6120,Steady,1
calm_relight,3752,0.5833,0.9827,1.0000,0.4332,0.6841,0.6120,Steady,1
calm_relight,3753,0.6000,0.9602,1.0000,0.4419,0.6868,0.6120,Steady,1
calm_relight,3754,0.6167,0.9876,1.0000,0.4509,0.6894,0.6120,Steady,1
calm_relight,3755,0.6333,0.9959,1.0000,0.4599,0.6919,0.6120,Steady,1
calm_relight,3756,0.6500,0.9641,1.0000,0.4682,0.6945,0.6120,Steady,1
calm_relight,3757,0.6667,0.9724,1.0000,0.4766,0.6970,0.6120,Steady,1
calm_relight,3758,0.6833,0.9998,1.0000,0.4852,0.6995,0.6120,Steady,1
calm_relight,3759,0.7000,0.9773,1.0000,0.4934,0.7020,0.6120,Steady,1
calm_relight,3760,0.7167,0.9615,1.0000,0.5011,0.7045,0.6120,Steady,1
calm_relight,3761,0.7333,0.9922,1.0000,0.5092,0.7070,0.6120,Steady,1
calm_relight,3762,0.7500,0.9921,1.0000,0.5172,0.7094,0.6120,Steady,1
calm_relight,3763,0.7667,0.9615,1.0000,0.5245,0.7118,0.6120,Steady,1
calm_relight,3764,0.7833,0.9775,1.0000,0.5320,0.7142,0.6120,Steady,1
calm_relight,3765,0.8000,0.9998,1.0000,0.5398,0.7166,0.6120,Steady,1
calm_relight,3766,0.8167,0.9722,1.0000,0.5469,0.7189,0.6120,Steady,1
calm_relight,3767,0.8333,0.9642,1.0000,0.5538,0.7213,0.6120,Steady,1
calm_relight,3768,0.8500,0.9960,1.0000,0.5611,0.7236,0.6120,Steady,1
calm_relight,3769,0.8667,0.9875,1.0000,0.5682,0.7259,0.6120,Steady,1
calm_relight,3770,0.8833,0.9601,1.0000,0.5746,0.7281,0.6120,Steady,1
calm_relight,3771,0.9000,0.9828,1.0000,0.5814,0.7304,0.6120,Steady,1
calm_relight,3772,0.9167,0.9984,1.0000,0.5883,0.7326,0.6120,Steady,1
calm_relight,3773,0.9333,0.9676,1.0000,0.5945,0.7349,0.6120,Steady,1
calm_relight,3774,0.9500,0.9680,1.0000,0.6007,0.7371,0.6120,Steady,1
calm_relight,3775,0.9667,0.9986,1.0000,0.6073,0.7392,0.6120,Steady,1
calm_relight,3776,0.9833,0.9823,1.0000,0.6135,0.7414,0.6120,Steady,1
calm_relight,3777,1.0000,0.9602,1.0000,0.6192,0.7435,0.6120,Steady,1
calm_relight,3778,1.0167,0.9879,1.0000,0.6253,0.7457,0.6120,Steady,1
calm_relight,3779,1.0333,0.9957,1.0000,0.6314,0.7478,0.6120,Steady,1
calm_relight,3780,1.0500,0.9639,1.0000,0.6369,0.7499,0.6120,Steady,1
calm_relight,3781,1.0667,0.9727,1.0000,0.6425,0.7520,0.6120,Steady,1
calm_relight,3782,1.0833,0.9999,1.0000,0.6484,0.7540,0.6120,Steady,1
calm_relight,3783,1.1000,0.9770,1.0000,0.6538,0.7561,0.6120,Steady,1
calm_relight,3784,1.1167,0.9617,1.0000,0.6589,0.7581,0.6120,Steady,1
calm_relight,3785,1.1333,0.9925,1.0000,0.6644,0.7601,0.6120,Steady,1
calm_relight,3786,1.1500,0.9918,1.0000,0.6698,0.7621,0.6120,Steady,1
calm_relight,3787,1.1667,0.9614,1.0000,0.6747,0.7640,0.6120,Steady,1
calm_relight,3788,1.1833,0.9778,1.0000,0.6797,0.7660,0.6120,Steady,1
calm_relight,3789,1.2000,0.9998,1.0000,0.6850,0.7679,0.6120,Steady,1
calm_relight,3790,1.2167,0.9719,1.0000,0.6897,0.7699,0.6120,Steady,1
calm_relight,3791,1.2333,0.9644,1.0000,0.6942,0.7718,0.6120,Steady,1
calm_relight,3792,1.2500,0.9962,1.0000,0.6992,0.7737,0.6120,Steady,1
calm_relight,3793,1.2667,0.9872,1.0000,0.7040,0.7756,0.6120,Steady,1
calm_relight,3794,1.2833,0.9601,1.0000,0.7082,0.7774,0.6120,Steady,1
calm_relight,3795,1.3000,0.9832,1.0000,0.7128,0.7793,0.6120,Steady,1
calm_relight,3796,1.3167,0.9983,1.0000,0.7175,0.7811,0.6120,Steady,1
calm_relight,3797,1.3333,0.9674,1.0000,0.7216,0.7829,0.6120,Steady,1
calm_relight,3798,1.3500,0.9683,1.0000,0.7257,0.7847,0.6120,Steady,1
calm_relight,3799,1.3667,0.9987,1.0000,0.7302,0.7865,0.6120,Steady,1
calm_relight,3800,1.3833,0.9820,1.0000,0.7344,0.7883,0.6120,Steady,1
calm_relight,3801,1.4000,0.9603,1.0000,0.7381,0.7900,0.6120,Steady,1
calm_relight,3802,1.4167,0.9882,1.0000,0.7422,0.7918,0.6120,Steady,1
calm_relight,3803,1.4333,0.9955,1.0000,0.7464,0.7935,0.6120,Steady,1
calm_relight,3804,1.4500,0.9637,1.0000,0.7500,0.7952,0.6120,Steady,1
calm_relight,3805,1.4667,0.9730,1.0000,0.7537,0.7969,0.6120,Steady,1
calm_relight,3806,1.4833,0.9999,1.0000,0.7578,0.7986,0.6120,Steady,1
calm_relight,3807,1.5000,0.9767,1.0000,0.7614,0.8003,0.6120,Steady,1
calm_relight,3808,1.5167,0.9618,1.0000,0.7647,0.8019,0.6120,Steady,1
calm_relight,3809,1.5333,0.9928,1.0000,0.7685,0.8036,0.6120,Steady,1
calm_relight,3810,1.5500,0.9916,1.0000,0.7722,0.8052,0.6120,Steady,1
calm_relight,3811,1.5667,0.9612,1.0000,0.7753,0.8068,0.6120,Steady,1
calm_relight,3812,1.5833,0.9782,1.0000,0.7786,0.8084,0.6120,Steady,1
calm_relight,3813,1.6000,0.9997,1.0000,0.7823,0.8100,0.6120,Steady,1
calm_relight,3814,1.6167,0.9716,1.0000,0.7854,0.8116,0.6120,Steady,1
calm_relight,3815,1.6333,0.9647,1.0000,0.7884,0.8132,0.6120,Steady,1
calm_relight,3816,1.6500,0.9964,1.0000,0.7918,0.8147,0.6120,Steady,1
calm_relight,3817,1.6667,0.9869,1.0000,0.7950,0.8162,0.6120,Steady,1
calm_relight,3818,1.6833,0.9601,1.0000,0.7978,0.8178,0.6120,Steady,1
calm_relight,3819,1.7000,0.9835,1.0000,0.8008,0.8193,0.6036,Steady,1
calm_relight,3820,1.7167,0.9981,1.0000,0.8041,0.8208,0.5953,Steady,1
calm_relight,3821,1.7333,0.9671,1.0000,0.8068,0.8223,0.5870,Steady,1
calm_relight,3822,1.7500,0.9686,1.0000,0.8095,0.8237,0.5786,Steady,1
calm_relight,3823,1.7667,0.9988,1.0000,0.8126,0.8252,0.5703,Steady,1
calm_relight,3824,1.7833,0.9817,1.0000,0.8154,0.8267,0.5620,Steady,1
calm_relight,3825,1.8000,0.9603,1.0000,0.8178,0.8281,0.5536,Steady,1
calm_relight,3826,1.8167,0.9886,1.0000,0.8206,0.8295,0.5453,Steady,1
calm_relight,3827,1.8333,0.9952,1.0000,0.8235,0.8309,0.5370,Steady,1
calm_relight,3828,1.8500,0.9635,1.0000,0.8258,0.8323,0.5286,Steady,1
calm_relight,3829,1.8667,0.9733,1.0000,0.8283,0.8337,0.5203,Steady,1
calm_relight,3830,1.8833,0.9999,1.0000,0.8311,0.8351,0.5120,Steady,1
calm_relight,3831,1.9000,0.9763,1.0000,0.8335,0.8365,0.5036,Steady,1
calm_relight,3832,1.9167,0.9620,1.0000,0.8356,0.8378,0.4953,Steady,1
calm_relight,3833,1.9333,0.9930,1.0000,0.8382,0.8392,0.4870,Steady,1
calm_relight,3834,1.9500,0.9913,1.0000,0.8407,0.8405,0.4786,Steady,1
calm_relight,3835,1.9667,0.9611,1.0000,0.8427,0.8418,0.4703,Steady,1
calm_relight,3836,1.9833,0.9785,1.0000,0.8450,0.8432,0.4620,Steady,1
calm_relight,3837,2.0000,0.9996,1.0000,0.8475,0.8445,0.4536,Steady,1
calm_relight,3838,2.0167,0.9713,1.0000,0.8496,0.8457,0.4453,Steady,1
calm_relight,3839,2.0333,0.9649,1.0000,0.8515,0.8470,0.4370,Steady,1
calm_relight,3840,2.0500,0.9966,1.0000,0.8539,0.8483,0.4286,Steady,1
calm_relight,3841,2.0667,0.9865,1.0000,0.8561,0.8496,0.4203,Steady,1
calm_relight,3842,2.0833,0.9600,1.0000,0.8578,0.8508,0.4120,Steady,1
calm_relight,3843,2.1000,0.9838,1.0000,0.8599,0.8520,0.4036,Steady,1
calm_relight,3844,2.1167,0.9980,1.0000,0.8622,0.8533,0.3953,Steady,1
calm_relight,3845,2.1333,0.9669,1.0000,0.8639,0.8545,0.3870,Steady,1
calm_relight,3846,2.1500,0.9689,1.0000,0.8656,0.8557,0.3786,Steady,1
calm_relight,3847,2.1667,0.9989,1.0000,0.8678,0.8569,0.3703,Steady,1
calm_relight,3848,2.1833,0.9813,1.0000,0.8697,0.8581,0.3620,Steady,1
calm_relight,3849,2.2000,0.9604,1.0000,0.8712,0.8593,0.3536,Steady,1
calm_relight,3850,2.2167,0.9889,1.0000,0.8731,0.8604,0.3453,Steady,1
calm_relight,3851,2.2333,0.9950,1.0000,0.8752,0.8616,0.3370,Steady,1
calm_relight,3852,2.2500,0.9633,1.0000,0.8766,0.8627,0.3286,Steady,1
calm_relight,3853,2.2667,0.9736,1.0000,0.8782,0.8639,0.3203,Steady,1
calm_relight,3854,2.2833,1.0000,1.0000,0.8802,0.8650,0.3120,Steady,1
calm_relight,3855,2.3000,0.9760,1.0000,0.8818,0.8661,0.3036,Steady,1
calm_relight,3856,2.3167,0.9621,1.0000,0.8831,0.8672,0.2953,Steady,1
calm_relight,3857,2.3333,0.9933,1.0000,0.8850,0.8683,0.2870,Steady,1
calm_relight,3858,2.3500,0.9910,1.0000,0.8867,0.8694,0.2786,Steady,1
calm_relight,3859,2.3667,0.9610,1.0000,0.8879,0.8705,0.2703,Steady,1
calm_relight,3860,2.3833,0.9788,1.0000,0.8894,0.8716,0.2620,Steady,1
calm_relight,3861,2.4000,0.9996,1.0000,0.8913,0.8726,0.2536,Steady,1
calm_relight,3862,2.4167,0.9710,1.0000,0.8926,0.8737,0.2453,Steady,1
calm_relight,3863,2.4333,0.9651,1.0000,0.8938,0.8748,0.2370,Steady,1
calm_relight,3864,2.4500,0.9967,1.0000,0.8955,0.8758,0.2286,Steady,1
calm_relight,3865,2.4667,0.9862,1.0000,0.8970,0.8768,0.2203,Steady,1
calm_relight,3866,2.4833,0.9600,1.0000,0.8980,0.8778,0.2120,Steady,1
calm_relight,3867,2.5000,0.9842,1.0000,0.8995,0.8789,0.2036,Steady,1
calm_relight,3868,2.5167,0.9978,1.0000,0.9011,0.8799,0.1953,Steady,1
calm_relight,3869,2.5333,0.9666,1.0000,0.9022,0.8809,0.1870,Steady,1
calm_relight,3870,2.5500,0.9691,1.0000,0.9033,0.8818,0.1786,Steady,1
calm_relight,3871,2.5667,0.9990,1.0000,0.9049,0.8828,0.1703,Steady,1
calm_relight,3872,2.5833,0.9810,1.0000,0.9061,0.8838,0.1620,Steady,1
calm_relight,3873,2.6000,0.9605,1.0000,0.9070,0.8848,0.1536,Steady,1
calm_relight,3874,2.6167,0.9892,1.0000,0.9084,0.8857,0.1453,Steady,1
calm_relight,3875,2.6333,0.9948,1.0000,0.9098,0.8867,0.1370,Steady,1
calm_relight,3876,2.6500,0.9632,1.0000,0.9107,0.8876,0.1286,Steady,1
calm_relight,3877,2.6667,0.9740,1.0000,0.9117,0.8885,0.1203,Steady,1
calm_relight,3878,2.6833,1.0000,1.0000,0.9132,0.8895,0.1120,Steady,1
calm_relight,3879,2.7000,0.9757,1.0000,0.9142,0.8904,0.1036,Steady,1
calm_relight,3880,2.7167,0.9623,1.0000,0.9150,0.8913,0.0953,Steady,1
calm_relight,3881,2.7333,0.9935,1.0000,0.9163,0.8922,0.0870,Steady,1
calm_relight,3882,2.7500,0.9907,1.0000,0.9175,0.8931,0.0786,Steady,1
calm_relight,3883,2.7667,0.9609,1.0000,0.9183,0.8940,0.0703,Steady,1
calm_relight,3884,2.7833,0.9792,1.0000,0.9193,0.8949,0.0620,Steady,1
calm_relight,3885,2.8000,0.9995,1.0000,0.9206,0.8957,0.0536,Steady,1
calm_relight,3886,2.8167,0.9707,1.0000,0.9214,0.8966,0.0453,Steady,1
calm_relight,3887,2.8333,0.9653,1.0000,0.9221,0.8975,0.0370,Steady,1
calm_relight,3888,2.8500,0.9969,1.0000,0.9234,0.8983,0.0286,Steady,1
calm_relight,3889,2.8667,0.9859,1.0000,0.9244,0.8992,0.0203,Steady,1
calm_relight,3890,2.8833,0.9600,1.0000,0.9250,0.9000,0.0120,Steady,1
calm_relight,3891,2.9000,0.9845,1.0000,0.9260,0.9008,0.0036,Steady,1
calm_relight,3892,2.9167,0.9977,1.0000,0.9272,0.9016,0.0000,Steady,1
calm_relight,3893,2.9333,0.9663,1.0000,0.9278,0.9025,0.0000,Steady,1
calm_relight,3894,2.9500,0.9694,1.0000,0.9285,0.9033,0.0000,Steady,1
calm_relight,3895,2.9667,0.9991,1.0000,0.9297,0.9041,0.0000,Steady,1
calm_relight,3896,2.9833,0.9806,1.0000,0.9305,0.9049,0.0000,Steady,1
calm_relight,3897,3.0000,0.9605,1.0000,0.9310,0.9057,0.0000,Steady,1
calm_relight,3898,3.0167,0.9895,1.0000,0.9320,0.9064,0.0000,Steady,1
calm_relight,3899,3.0333,0.9946,1.0000,0.9330,0.9072,0.0000,Steady,1
calm_relight,3900,3.0500,0.9630,1.0000,0.9335,0.9080,0.0000,Steady,1
calm_relight,3901,3.0667,0.9743,1.0000,0.9342,0.9087,0.0000,Steady,1
calm_relight,3902,3.0833,1.0000,1.0000,0.9353,0.9095,0.0000,Steady,1
calm_relight,3903,3.1000,0.9753,1.0000,0.9359,0.9103,0.0000,Steady,1
calm_relight,3904,3.1167,0.9624,1.0000,0.9364,0.9110,0.0000,Steady,1
calm_relight,3905,3.1333,0.9938,1.0000,0.9373,0.9117,0.0000,Steady,1
calm_relight,3906,3.1500,0.9904,1.0000,0.9382,0.9125,0.0000,Steady,1
calm_relight,3907,3.1667,0.9608,1.0000,0.9386,0.9132,0.0000,Steady,1
calm_relight,3908,3.1833,0.9795,1.0000,0.9392,0.9139,0.0000,Steady,1
calm_relight,3909,3.2000,0.9994,1.0000,0.9402,0.9146,0.0000,Steady,1
calm_relight,3910,3.2167,0.9704,1.0000,0.9407,0.9153,0.0000,Steady,1
calm_relight,3911,3.2333,0.9656,1.0000,0.9411,0.9160,0.0000,Steady,1
calm_relight,3912,3.2500,0.9971,1.0000,0.9421,0.9167,0.0000,Steady,1
calm_relight,3913,3.2667,0.9855,1.0000,0.9428,0.9174,0.0000,Steady,1
calm_relight,3914,3.2833,0.9600,1.0000,0.9431,0.9181,0.0000,Steady,1
calm_relight,3915,3.3000,0.9849,1.0000,0.9438,0.9188,0.0000,Steady,1
calm_relight,3916,3.3167,0.9975,1.0000,0.9447,0.9195,0.0000,Steady,1
calm_relight,3917,3.3333,0.9661,1.0000,0.9450,0.9201,0.0000,Steady,1
calm_relight,3918,3.3500,0.9698,1.0000,0.9454,0.9208,0.0000,Steady,1
calm_relight,3919,3.3667,0.9993,1.0000,0.9463,0.9215,0.0000,Steady,1
calm_relight,3920,3.3833,0.9802,1.0000,0.9469,0.9221,0.0000,Steady,1
calm_relight,3921,3.4000,0.9606,1.0000,0.9471,0.9228,0.0000,Steady,1
calm_relight,3922,3.4167,0.9899,1.0000,0.9478,0.9234,0.0000,Steady,1
calm_relight,3923,3.4333,0.9942,1.0000,0.9486,0.9240,0.0000,Steady,1
calm_relight,3924,3.4500,0.9627,1.0000,0.9488,0.9247,0.0000,Steady,1
calm_relight,3925,3.4667,0.9747,1.0000,0.9492,0.9253,0.0000,Steady,1
calm_relight,3926,3.4833,1.0000,1.0000,0.9501,0.9259,0.0000,Steady,1
calm_relight,3927,3.5000,0.9749,1.0000,0.9505,0.9265,0.0000,Steady,1
calm_relight,3928,3.5167,0.9627,1.0000,0.9507,0.9271,0.0000,Steady,1
calm_relight,3929,3.5333,0.9941,1.0000,0.9514,0.9277,0.0000,Steady,1
calm_relight,3930,3.5500,0.9900,1.0000,0.9520,0.9283,0.0000,Steady,1
calm_relight,3931,3.5667,0.9607,1.0000,0.9522,0.9289,0.0000,Steady,1
calm_relight,3932,3.5833,0.9801,1.0000,0.9526,0.9295,0.0000,Steady,1
calm_relight,3933,3.6000,0.9993,1.0000,0.9534,0.9301,0.0000,Steady,1
calm_relight,3934,3.6167,0.9699,1.0000,0.9537,0.9307,0.0000,Steady,1
calm_relight,3935,3.6333,0.9660,1.0000,0.9539,0.9313,0.0000,Steady,1
calm_relight,3936,3.6500,0.9974,1.0000,0.9546,0.9318,0.0000,Steady,1
calm_relight,3937,3.6667,0.9850,1.0000,0.9551,0.9324,0.0000,Steady,1
calm_relight,3938,3.6833,0.9600,1.0000,0.9552,0.9330,0.0000,Steady,1
calm_relight,3939,3.7000,0.9854,1.0000,0.9557,0.9335,0.0000,Steady,1
calm_relight,3940,3.7167,0.9972,1.0000,0.9564,0.9341,0.0000,Steady,1
calm_relight,3941,3.7333,0.9657,1.0000,0.9565,0.9346,0.0000,Steady,1
calm_relight,3942,3.7500,0.9703,1.0000,0.9568,0.9352,0.0000,Steady,1
calm_relight,3943,3.7667,0.9994,1.0000,0.9575,0.9357,0.0000,Steady,1
calm_relight,3944,3.7833,0.9797,1.0000,0.9578,0.9362,0.0000,Steady,1
calm_relight,3945,3.8000,0.9608,1.0000,0.9579,0.9368,0.0000,Steady,1
calm_relight,3946,3.8167,0.9903,1.0000,0.9584,0.9373,0.0000,Steady,1
calm_relight,3947,3.8333,0.9939,1.0000,0.9590,0.9378,0.0000,Steady,1
calm_relight,3948,3.8500,0.9625,1.0000,0.9591,0.9383,0.0000,Steady,1
calm_relight,3949,3.8667,0.9753,1.0000,0.9593,0.9388,0.0000,Steady,1
calm_relight,3950,3.8833,1.0000,1.0000,0.9600,0.9393,0.0000,Steady,1
calm_relight,3951,3.9000,0.9744,1.0000,0.9602,0.9398,0.0000,Steady,1
calm_relight,3952,3.9167,0.9629,1.0000,0.9603,0.9403,0.0000,Steady,1
calm_relight,3953,3.9333,0.9945,1.0000,0.9608,0.9408,0.0000,Steady,1
calm_relight,3954,3.9500,0.9895,1.0000,0.9613,0.9413,0.0000,Steady,1
calm_relight,3955,3.9667,0.9605,1.0000,0.9613,0.9418,0.0000,Steady,1
calm_relight,3956,3.9833,0.9806,1.0000,0.9616,0.9423,0.0000,Steady,1
calm_relight,3957,4.0000,0.9991,1.0000,0.9622,0.9428,0.0000,Steady,1
calm_relight,3958,4.0167,0.9694,1.0000,0.9624,0.9433,0.0000,Steady,1
calm_relight,3959,4.0333,0.9663,1.0000,0.9624,0.9437,0.0000,Steady,1
calm_relight,3960,4.0500,0.9977,1.0000,0.9630,0.9442,0.0000,Steady,1
calm_relight,3961,4.0667,0.9845,1.0000,0.9634,0.9447,0.0000,Steady,1
calm_relight,3962,4.0833,0.9600,1.0000,0.9633,0.9451,0.0000,Steady,1
calm_relight,3963,4.1000,0.9859,1.0000,0.9637,0.9456,0.0000,Steady,1
calm_relight,3964,4.1167,0.9969,1.0000,0.9642,0.9460,0.0000,Steady,1
calm_relight,3965,4.1333,0.9653,1.0000,0.9643,0.9465,0.0000,Steady,1
calm_relight,3966,4.1500,0.9707,1.0000,0.9644,0.9469,0.0000,Steady,1
calm_relight,3967,4.1667,0.9995,1.0000,0.9649,0.9474,0.0000,Steady,1
calm_relight,3968,4.1833,0.9791,1.0000,0.9652,0.9478,0.0000,Steady,1
calm_relight,3969,4.2000,0.9609,1.0000,0.9651,0.9482,0.0000,Steady,1
calm_relight,3970,4.2167,0.9908,1.0000,0.9655,0.9487,0.0000,Steady,1
calm_relight,3971,4.2333,0.9935,1.0000,0.9660,0.9491,0.0000,Steady,1
calm_relight,3972,4.2500,0.9622,1.0000,0.9659,0.9495,0.0000,Steady,1
calm_relight,3973,4.2667,0.9758,1.0000,0.9661,0.9499,0.0000,Steady,1
calm_relight,3974,4.2833,1.0000,1.0000,0.9667,0.9503,0.0000,Steady,1
calm_relight,3975,4.3000,0.9738,1.0000,0.9668,0.9507,0.0000,Steady,1
calm_relight,3976,4.3167,0.9632,1.0000,0.9667,0.9512,0.0000,Steady,1
calm_relight,3977,4.3333,0.9949,1.0000,0.9672,0.9516,0.0000,Steady,1
calm_relight,3978,4.3500,0.9890,1.0000,0.9675,0.9520,0.0000,Steady,1
calm_relight,3979,4.3667,0.9604,1.0000,0.9674,0.9524,0.0000,Steady,1
calm_relight,3980,4.3833,0.9812,1.0000,0.9676,0.9528,0.0000,Steady,1
calm_relight,3981,4.4000,0.9990,1.0000,0.9682,0.9531,0.0000,Steady,1
calm_relight,3982,4.4167,0.9690,1.0000,0.9682,0.9535,0.0000,Steady,1
calm_relight,3983,4.4333,0.9667,1.0000,0.9682,0.9539,0.0000,Steady,1
calm_relight,3984,4.4500,0.9979,1.0000,0.9686,0.9543,0.0000,Steady,1
calm_relight,3985,4.4667,0.9840,1.0000,0.9689,0.9547,0.0000,Steady,1
calm_relight,3986,4.4833,0.9600,1.0000,0.9688,0.9551,0.0000,Steady,1
calm_relight,3987,4.5000,0.9864,1.0000,0.9690,0.9554,0.0000,Steady,1
calm_relight,3988,4.5167,0.9966,1.0000,0.9695,0.9558,0.0000,Steady,1
calm_relight,3989,4.5333,0.9649,1.0000,0.9694,0.9562,0.0000,Steady,1
calm_relight,3990,4.5500,0.9712,1.0000,0.9695,0.9565,0.0000,Steady,1
calm_relight,3991,4.5667,0.9996,1.0000,0.9700,0.9569,0.0000,Steady,1
calm_relight,3992,4.5833,0.9786,1.0000,0.9701,0.9573,0.0000,Steady,1
calm_relight,3993,4.6000,0.9611,1.0000,0.9699,0.9576,0.0000,Steady,1
calm_relight,3994,4.6167,0.9912,1.0000,0.9703,0.9580,0.0000,Steady,1
calm_relight,3995,4.6333,0.9930,1.0000,0.9707,0.9583,0.0000,Steady,1
calm_relight,3996,4.6500,0.9620,1.0000,0.9705,0.9587,0.0000,Steady,1
calm_relight,3997,4.6667,0.9763,1.0000,0.9706,0.9590,0.0000,Steady,1
calm_relight,3998,4.6833,0.9999,1.0000,0.9711,0.9593,0.0000,Steady,1
calm_relight,3999,4.7000,0.9733,1.0000,0.9711,0.9597,0.0000,Steady,1
calm_relight,4000,4.7167,0.9635,1.0000,0.9710,0.9600,0.0000,Steady,1
calm_relight,4001,4.7333,0.9952,1.0000,0.9714,0.9603,0.0000,Steady,1
calm_relight,4002,4.7500,0.9885,1.0000,0.9717,0.9607,0.0000,Steady,1
calm_relight,4003,4.7667,0.9603,1.0000,0.9715,0.9610,0.0000,Steady,1
calm_relight,4004,4.7833,0.9817,1.0000,0.9717,0.9613,0.0000,Steady,1
calm_relight,4005,4.8000,0.9988,1.0000,0.9721,0.9616,0.0000,Steady,1
calm_relight,4006,4.8167,0.9685,1.0000,0.9721,0.9620,0.0000,Steady,1
calm_relight,4007,4.8333,0.9671,1.0000,0.9720,0.9623,0.0000,Steady,1
calm_relight,4008,4.8500,0.9981,1.0000,0.9724,0.9626,0.0000,Steady,1
calm_relight,4009,4.8667,0.9834,1.0000,0.9726,0.9629,0.0000,Steady,1
calm_relight,4010,4.8833,0.9601,1.0000,0.9724,0.9632,0.0000,Steady,1
calm_relight,4011,4.9000,0.9869,1.0000,0.9726,0.9635,0.0000,Steady,1
calm_relight,4012,4.9167,0.9963,1.0000,0.9730,0.9638,0.0000,Steady,1
calm_relight,4013,4.9333,0.9646,1.0000,0.9729,0.9641,0.0000,Steady,1
calm_relight,4014,4.9500,0.9717,1.0000,0.9729,0.9644,0.0000,Steady,1
calm_relight,4015,4.9667,0.9997,1.0000,0.9733,0.9647,0.0000,Steady,1
calm_relight,4016,4.9833,0.9780,1.0000,0.9734,0.9650,0.0000,Steady,1
calm_relight,4017,5.0000,0.9613,1.0000,0.9732,0.9653,0.0000,Steady,1
calm_relight,4018,5.0167,0.9917,1.0000,0.9735,0.9656,0.0000,Steady,1
calm_relight,4019,5.0333,0.9926,1.0000,0.9738,0.9659,0.0000,Steady,1
calm_relight,4020,5.0500,0.9617,1.0000,0.9736,0.9661,0.0000,Steady,1
calm_relight,4021,5.0667,0.9769,1.0000,0.9737,0.9664,0.0000,Steady,1
calm_relight,4022,5.0833,0.9999,1.0000,0.9741,0.9667,0.0000,Steady,1
calm_relight,4023,5.1000,0.9728,1.0000,0.9741,0.9670,0.0000,Steady,1
calm_relight,4024,5.1167,0.9638,1.0000,0.9739,0.9673,0.0000,Steady,1
calm_relight,4025,5.1333,0.9956,1.0000,0.9743,0.9675,0.0000,Steady,1
calm_relight,4026,5.1500,0.9881,1.0000,0.9745,0.9678,0.0000,Steady,1
calm_relight,4027,5.1667,0.9602,1.0000,0.9743,0.9681,0.0000,Steady,1
calm_relight,4028,5.1833,0.9822,1.0000,0.9744,0.9683,0.0000,Steady,1
calm_relight,4029,5.2000,0.9986,1.0000,0.9748,0.9686,0.0000,Steady,1
calm_relight,4030,5.2167,0.9681,1.0000,0.9747,0.9689,0.0000,Steady,1
calm_relight,4031,5.2333,0.9676,1.0000,0.9746,0.9691,0.0000,Steady,1
calm_relight,4032,5.2500,0.9984,1.0000,0.9750,0.9694,0.0000,Steady,1
calm_relight,4033,5.2667,0.9829,1.0000,0.9751,0.9696,0.0000,Steady,1
calm_relight,4034,5.2833,0.9601,1.0000,0.9748,0.9699,0.0000,Steady,1
calm_relight,4035,5.3000,0.9874,1.0000,0.9751,0.9701,0.0000,Steady,1
calm_relight,4036,5.3167,0.9960,1.0000,0.9754,0.9704,0.0000,Steady,1
calm_relight,4037,5.3333,0.9642,1.0000,0.9752,0.9706,0.0000,Steady,1
calm_relight,4038,5.3500,0.9722,1.0000,0.9752,0.9709,0.0000,Steady,1
calm_relight,4039,5.3667,0.9998,1.0000,0.9756,0.9711,0.0000,Steady,1
calm_relight,4040,5.3833,0.9775,1.0000,0.9756,0.9713,0.0000,Steady,1
calm_relight,4041,5.4000,0.9615,1.0000,0.9754,0.9716,0.0000,Steady,1
calm_relight,4042,5.4167,0.9921,1.0000,0.9756,0.9718,0.0000,Steady,1
calm_relight,4043,5.4333,0.9922,1.0000,0.9759,0.9721,0.0000,Steady,1
calm_relight,4044,5.4500,0.9615,1.0000,0.9757,0.9723,0.0000,Steady,1
calm_relight,4045,5.4667,0.9774,1.0000,0.9757,0.9725,0.0000,Steady,1
calm_relight,4046,5.4833,0.9998,1.0000,0.9761,0.9727,0.0000,Steady,1
calm_relight,4047,5.5000,0.9723,1.0000,0.9760,0.9730,0.0000,Steady,1
calm_relight,4048,5.5167,0.9642,1.0000,0.9759,0.9732,0.0000,Steady,1
calm_relight,4049,5.5333,0.9959,1.0000,0.9762,0.9734,0.0000,Steady,1
calm_relight,4050,5.5500,0.9875,1.0000,0.9764,0.9736,0.0000,Steady,1
calm_relight,4051,5.5667,0.9602,1.0000,0.9761,0.9739,0.0000,Steady,1
calm_relight,4052,5.5833,0.9828,1.0000,0.9762,0.9741,0.0000,Steady,1
calm_relight,4053,5.6000,0.9984,1.0000,0.9766,0.9743,0.0000,Steady,1
calm_relight,4054,5.6167,0.9677,1.0000,0.9764,0.9745,0.0000,Steady,1
calm_relight,4055,5.6333,0.9680,1.0000,0.9763,0.9747,0.0000,Steady,1
calm_relight,4056,5.6500,0.9986,1.0000,0.9767,0.9749,0.0000,Steady,1
calm_relight,4057,5.6667,0.9823,1.0000,0.9768,0.9751,0.0000,Steady,1
calm_relight,4058,5.6833,0.9602,1.0000,0.9765,0.9753,0.0000,Steady,1
calm_relight,4059,5.7000,0.9880,1.0000,0.9767,0.9755,0.0000,Steady,1
calm_relight,4060,5.7167,0.9957,1.0000,0.9770,0.9757,0.0000,Steady,1
calm_relight,4061,5.7333,0.9639,1.0000,0.9768,0.9759,0.0000,Steady,1
calm_relight,4062,5.7500,0.9727,1.0000,0.9767,0.9761,0.0000,Steady,1
calm_relight,4063,5.7667,0.9999,1.0000,0.9771,0.9763,0.0000,Steady,1
calm_relight,4064,5.7833,0.9770,1.0000,0.9771,0.9765,0.0000,Steady,1
calm_relight,4065,5.8000,0.9617,1.0000,0.9768,0.9767,0.0000,Steady,1
calm_relight,4066,5.8167,0.9926,1.0000,0.9771,0.9769,0.0000,Steady,1
calm_relight,4067,5.8333,0.9918,1.0000,0.9773,0.9771,0.0000,Steady,1
calm_relight,4068,5.8500,0.9613,1.0000,0.9771,0.9773,0.0000,Steady,1
calm_relight,4069,5.8667,0.9779,1.0000,0.9771,0.9775,0.0000,Steady,1
calm_relight,4070,5.8833,0.9997,1.0000,0.9775,0.9777,0.0000,Steady,1
calm_relight,4071,5.9000,0.9718,1.0000,0.9774,0.9779,0.0000,Steady,1
calm_relight,4072,5.9167,0.9645,1.0000,0.9771,0.9781,0.0000,Steady,1
calm_relight,4073,5.9333,0.9962,1.0000,0.9775,0.9782,0.0000,Steady,1
calm_relight,4074,5.9500,0.9870,1.0000,0.9776,0.9784,0.0000,Steady,1
calm_relight,4075,5.9667,0.9601,1.0000,0.9773,0.9786,0.0000,Steady,1
calm_relight,4076,5.9833,0.9833,1.0000,0.9774,0.9788,0.0000,Steady,1
calm_relight,4077,6.0000,0.9982,1.0000,0.9778,0.9789,0.0000,Steady,1
calm_relight,4078,6.0167,0.9672,1.0000,0.9776,0.9791,0.0000,Steady,1
calm_relight,4079,6.0333,0.9684,1.0000,0.9774,0.9793,0.0000,Steady,1
calm_relight,4080,6.0500,0.9988,1.0000,0.9778,0.9795,0.0000,Steady,1
calm_relight,4081,6.0667,0.9818,1.0000,0.9779,0.9796,0.0000,Steady,1
calm_relight,4082,6.0833,0.9603,1.0000,0.9776,0.9798,0.0000,Steady,1
calm_relight,4083,6.1000,0.9884,1.0000,0.9778,0.9800,0.0000,Steady,1
calm_relight,4084,6.1167,0.9953,1.0000,0.9780,0.9801,0.0000,Steady,1
calm_relight,4085,6.1333,0.9636,1.0000,0.9778,0.9803,0.0000,Steady,1
calm_relight,4086,6.1500,0.9732,1.0000,0.9777,0.9805,0.0000,Steady,1
calm_relight,4087,6.1667,0.9999,1.0000,0.9781,0.9806,0.0000,Steady,1
calm_relight,4088,6.1833,0.9764,1.0000,0.9781,0.9808,0.0000,Steady,1
calm_relight,4089,6.2000,0.9619,1.0000,0.9778,0.9810,0.0000,Steady,1
calm_relight,4090,6.2167,0.9930,1.0000,0.9781,0.9811,0.0000,Steady,1
calm_relight,4091,6.2333,0.9913,1.0000,0.9783,0.9813,0.0000,Steady,1
calm_relight,4092,6.2500,0.9611,1.0000,0.9780,0.9814,0.0000,Steady,1
calm_relight,4093,6.2667,0.9785,1.0000,0.9780,0.9816,0.0000,Steady,1
calm_relight,4094,6.2833,0.9997,1.0000,0.9784,0.9817,0.0000,Steady,1
calm_relight,4095,6.3000,0.9713,1.0000,0.9782,0.9819,0.0000,Steady,1
calm_relight,4096,6.3167,0.9649,1.0000,0.9780,0.9820,0.0000,Steady,1
calm_relight,4097,6.3333,0.9966,1.0000,0.9783,0.9822,0.0000,Steady,1
calm_relight,4098,6.3500,0.9865,1.0000,0.9785,0.9823,0.0000,Steady,1
calm_relight,4099,6.3667,0.9600,1.0000,0.9782,0.9825,0.0000,Steady,1
calm_relight,4100,6.3833,0.9838,1.0000,0.9783,0.9826,0.0000,Steady,1
calm_relight,4101,6.4000,0.9980,1.0000,0.9786,0.9828,0.0000,Steady,1
calm_relight,4102,6.4167,0.9668,1.0000,0.9784,0.9829,0.0000,Steady,1
calm_relight,4103,6.4333,0.9689,1.0000,0.9782,0.9830,0.0000,Steady,1
calm_relight,4104,6.4500,0.9989,1.0000,0.9786,0.9832,0.0000,Steady,1
calm_relight,4105,6.4667,0.9813,1.0000,0.9786,0.9833,0.0000,Steady,1
calm_relight,4106,6.4833,0.9604,1.0000,0.9783,0.9835,0.0000,Steady,1
calm_relight,4107,6.5000,0.9889,1.0000,0.9785,0.9836,0.0000,Steady,1
calm_relight,4108,6.5167,0.9950,1.0000,0.9788,0.9837,0.0000,Steady,1
calm_relight,4109,6.5333,0.9633,1.0000,0.9785,0.9839,0.0000,Steady,1
calm_relight,4110,6.5500,0.9737,1.0000,0.9784,0.9840,0.0000,Steady,1
calm_relight,4111,6.5667,1.0000,1.0000,0.9788,0.9841,0.0000,Steady,1
calm_relight,4112,6.5833,0.9759,1.0000,0.9787,0.9843,0.0000,Steady,1
calm_relight,4113,6.6000,0.9622,1.0000,0.9785,0.9844,0.0000,Steady,1
calm_relight,4114,6.6167,0.9934,1.0000,0.9787,0.9845,0.0000,Steady,1
calm_relight,4115,6.6333,0.9909,1.0000,0.9789,0.9847,0.0000,Steady,1
calm_relight,4116,6.6500,0.9610,1.0000,0.9786,0.9848,0.0000,Steady,1
calm_relight,4117,6.6667,0.9790,1.0000,0.9786,0.9849,0.0000,Steady,1
calm_relight,4118,6.6833,0.9995,1.0000,0.9790,0.9850,0.0000,Steady,1
calm_relight,4119,6.7000,0.9708,1.0000,0.9788,0.9852,0.0000,Steady,1
calm_relight,4120,6.7167,0.9652,1.0000,0.9786,0.9853,0.0000,Steady,1
calm_relight,4121,6.7333,0.9969,1.0000,0.9789,0.9854,0.0000,Steady,1
calm_relight,4122,6.7500,0.9860,1.0000,0.9790,0.9855,0.0000,Steady,1
calm_relight,4123,6.7667,0.9600,1.0000,0.9787,0.9857,0.0000,Steady,1
calm_relight,4124,6.7833,0.9844,1.0000,0.9788,0.9858,0.0000,Steady,1
calm_relight,4125,6.8000,0.9977,1.0000,0.9791,0.9859,0.0000,Steady,1
calm_relight,4126,6.8167,0.9664,1.0000,0.9789,0.9860,0.0000,Steady,1
calm_relight,4127,6.8333,0.9694,1.0000,0.9787,0.9861,0.0000,Steady,1
calm_relight,4128,6.8500,0.9991,1.0000,0.9791,0.9862,0.0000,Steady,1
calm_relight,4129,6.8667,0.9807,1.0000,0.9791,0.9864,0.0000,Steady,1
calm_relight,4130,6.8833,0.9605,1.0000,0.9788,0.9865,0.0000,Steady,1
calm_relight,4131,6.9000,0.9894,1.0000,0.9790,0.9866,0.0000,Steady,1
calm_relight,4132,6.9167,0.9946,1.0000,0.9792,0.9867,0.0000,Steady,1
calm_relight,4133,6.9333,0.9630,1.0000,0.9790,0.9868,0.0000,Steady,1
calm_relight,4134,6.9500,0.9742,1.0000,0.9789,0.9869,0.0000,Steady,1
calm_relight,4135,6.9667,1.0000,1.0000,0.9792,0.9870,0.0000,Steady,1
calm_relight,4136,6.9833,0.9754,1.0000,0.9792,0.9871,0.0000,Steady,1
calm_relight,4137,7.0000,0.9624,1.0000,0.9789,0.9872,0.0000,Steady,1
calm_relight,4138,7.0167,0.9938,1.0000,0.9791,0.9873,0.0000,Steady,1
calm_relight,4139,7.0333,0.9904,1.0000,0.9793,0.9874,0.0000,Steady,1
calm_relight,4140,7.0500,0.9608,1.0000,0.9790,0.9875,0.0000,Steady,1
calm_relight,4141,7.0667,0.9796,1.0000,0.9790,0.9877,0.0000,Steady,1
calm_relight,4142,7.0833,0.9994,1.0000,0.9794,0.9878,0.0000,Steady,1
calm_relight,4143,7.1000,0.9704,1.0000,0.9792,0.9879,0.0000,Steady,1
calm_relight,4144,7.1167,0.9656,1.0000,0.9790,0.9880,0.0000,Steady,1
calm_relight,4145,7.1333,0.9971,1.0000,0.9793,0.9881,0.0000,Steady,1
calm_relight,4146,7.1500,0.9855,1.0000,0.9794,0.9882,0.0000,Steady,1
calm_relight,4147,7.1667,0.9600,1.0000,0.9791,0.9883,0.0000,Steady,1
calm_relight,4148,7.1833,0.9849,1.0000,0.9792,0.9884,0.0000,Steady,1
calm_relight,4149,7.2000,0.9975,1.0000,0.9795,0.9884,0.0000,Steady,1
calm_relight,4150,7.2167,0.9660,1.0000,0.9793,0.9885,0.0000,Steady,1
calm_relight,4151,7.2333,0.9698,1.0000,0.9791,0.9886,0.0000,Steady,1
calm_relight,4152,7.2500,0.9993,1.0000,0.9794,0.9887,0.0000,Steady,1
calm_relight,4153,7.2667,0.9802,1.0000,0.9794,0.9888,0.0000,Steady,1
calm_relight,4154,7.2833,0.9606,1.0000,0.9791,0.9889,0.0000,Steady,1
calm_relight,4155,7.3000,0.9899,1.0000,0.9793,0.9890,0.0000,Steady,1
calm_relight,4156,7.3167,0.9942,1.0000,0.9796,0.9891,0.0000,Steady,1
calm_relight,4157,7.3333,0.9627,1.0000,0.9793,0.9892,0.0000,Steady,1
calm_relight,4158,7.3500,0.9748,1.0000,0.9792,0.9893,0.0000,Steady,1
calm_relight,4159,7.3667,1.0000,1.0000,0.9795,0.9894,0.0000,Steady,1
calm_relight,4160,7.3833,0.9748,1.0000,0.9795,0.9895,0.0000,Steady,1
calm_relight,4161,7.4000,0.9627,1.0000,0.9792,0.9895,0.0000,Steady,1
calm_relight,4162,7.4167,0.9942,1.0000,0.9794,0.9896,0.0000,Steady,1
calm_relight,4163,7.4333,0.9900,1.0000,0.9796,0.9897,0.0000,Steady,1
calm_relight,4164,7.4500,0.9607,1.0000,0.9793,0.9898,0.0000,Steady,1
calm_relight,4165,7.4667,0.9801,1.0000,0.9793,0.9899,0.0000,Steady,1
calm_relight,4166,7.4833,0.9993,1.0000,0.9796,0.9900,0.0000,Steady,1
calm_relight,4167,7.5000,0.9699,1.0000,0.9795,0.9901,0.0000,Steady,1
calm_relight,4168,7.5167,0.9660,1.0000,0.9793,0.9901,0.0000,Steady,1
calm_relight,4169,7.5333,0.9974,1.0000,0.9796,0.9902,0.0000,Steady,1
calm_relight,4170,7.5500,0.9850,1.0000,0.9796,0.9903,0.0000,Steady,1
calm_relight,4171,7.5667,0.9600,1.0000,0.9793,0.9904,0.0000,Steady,1
calm_relight,4172,7.5833,0.9854,1.0000,0.9794,0.9905,0.0000,Steady,1
calm_relight,4173,7.6000,0.9972,1.0000,0.9797,0.9905,0.0000,Steady,1
calm_relight,4174,7.6167,0.9657,1.0000,0.9795,0.9906,0.0000,Steady,1
calm_relight,4175,7.6333,0.9703,1.0000,0.9793,0.9907,0.0000,Steady,1
calm_relight,4176,7.6500,0.9994,1.0000,0.9797,0.9908,0.0000,Steady,1
calm_relight,4177,7.6667,0.9796,1.0000,0.9797,0.9909,0.0000,Steady,1
calm_relight,4178,7.6833,0.9608,1.0000,0.9794,0.9909,0.0000,Steady,1
calm_relight,4179,7.7000,0.9904,1.0000,0.9795,0.9910,0.0000,Steady,1
calm_relight,4180,7.7167,0.9938,1.0000,0.9798,0.9911,0.0000,Steady,1
calm_relight,4181,7.7333,0.9625,1.0000,0.9795,0.9912,0.0000,Steady,1
calm_relight,4182,7.7500,0.9753,1.0000,0.9794,0.9912,0.0000,Steady,1
calm_relight,4183,7.7667,1.0000,1.0000,0.9798,0.9913,0.0000,Steady,1
calm_relight,4184,7.7833,0.9743,1.0000,0.9797,0.9914,0.0000,Steady,1
calm_relight,4185,7.8000,0.9630,1.0000,0.9794,0.9914,0.0000,Steady,1
calm_relight,4186,7.8167,0.9945,1.0000,0.9796,0.9915,0.0000,Steady,1
calm_relight,4187,7.8333,0.9895,1.0000,0.9798,0.9916,0.0000,Steady,1
calm_relight,4188,7.8500,0.9605,1.0000,0.9795,0.9917,0.0000,Steady,1
calm_relight,4189,7.8667,0.9806,1.0000,0.9795,0.9917,0.0000,Steady,1
calm_relight,4190,7.8833,0.9991,1.0000,0.9798,0.9918,0.0000,Steady,1
calm_relight,4191,7.9000,0.9694,1.0000,0.9797,0.9919,0.0000,Steady,1
calm_relight,4192,7.9167,0.9664,1.0000,0.9794,0.9919,0.0000,Steady,1
calm_relight,4193,7.9333,0.9977,1.0000,0.9797,0.9920,0.0000,Steady,1
calm_relight,4194,7.9500,0.9844,1.0000,0.9798,0.9921,0.0000,Steady,1
calm_relight,4195,7.9667,0.9600,1.0000,0.9795,0.9921,0.0000,Steady,1
calm_relight,4196,7.9833,0.9859,1.0000,0.9796,0.9922,0.0000,Steady,1
calm_relight,4197,8.0000,0.9969,1.0000,0.9799,0.9923,0.0000,Steady,1
calm_relight,4198,8.0167,0.9653,1.0000,0.9796,0.9923,0.0000,Steady,1
calm_relight,4199,8.0333,0.9707,1.0000,0.9795,0.9924,0.0000,Steady,1
calm_relight,4200,8.0500,0.9995,1.0000,0.9798,0.9924,0.0000,Steady,1
calm_relight,4201,8.0667,0.9791,1.0000,0.9798,0.9925,0.0000,Steady,1
calm_relight,4202,8.0833,0.9609,1.0000,0.9795,0.9926,0.0000,Steady,1
calm_relight,4203,8.1000,0.9908,1.0000,0.9797,0.9926,0.0000,Steady,1
calm_relight,4204,8.1167,0.9934,1.0000,0.9799,0.9927,0.0000,Steady,1
calm_relight,4205,8.1333,0.9622,1.0000,0.9796,0.9928,0.0000,Steady,1
calm_relight,4206,8.1500,0.9758,1.0000,0.9796,0.9928,0.0000,Steady,1
calm_relight,4207,8.1667,1.0000,1.0000,0.9799,0.9929,0.0000,Steady,1
calm_relight,4208,8.1833,0.9738,1.0000,0.9798,0.9929,0.0000,Steady,1
calm_relight,4209,8.2000,0.9633,1.0000,0.9795,0.9930,0.0000,Steady,1
calm_relight,4210,8.2167,0.9949,1.0000,0.9798,0.9931,0.0000,Steady,1
calm_relight,4211,8.2333,0.9890,1.0000,0.9799,0.9931,0.0000,Steady,1
calm_relight,4212,8.2500,0.9604,1.0000,0.9796,0.9932,0.0000,Steady,1
calm_relight,4213,8.2667,0.9812,1.0000,0.9796,0.9932,0.0000,Steady,1
calm_relight,4214,8.2833,0.9990,1.0000,0.9800,0.9933,0.0000,Steady,1
calm_relight,4215,8.3000,0.9690,1.0000,0.9798,0.9933,0.0000,Steady,1
calm_relight,4216,8.3167,0.9668,1.0000,0.9796,0.9934,0.0000,Steady,1
calm_relight,4217,8.3333,0.9979,1.0000,0.9799,0.9934,0.0000,Steady,1
calm_relight,4218,8.3500,0.9839,1.0000,0.9799,0.9935,0.0000,Steady,1
calm_relight,4219,8.3667,0.9600,1.0000,0.9796,0.9936,0.0000,Steady,1
calm_relight,4220,8.3833,0.9865,1.0000,0.9797,0.9936,0.0000,Steady,1
calm_relight,4221,8.4000,0.9966,1.0000,0.9800,0.9937,0.0000,Steady,1
calm_relight,4222,8.4167,0.9649,1.0000,0.9797,0.9937,0.0000,Steady,1
calm_relight,4223,8.4333,0.9712,1.0000,0.9796,0.9938,0.0000,Steady,1
calm_relight,4224,8.4500,0.9996,1.0000,0.9799,0.9938,0.0000,Steady,1
calm_relight,4225,8.4667,0.9785,1.0000,0.9799,0.9939,0.0000,Steady,1
calm_relight,4226,8.4833,0.9611,1.0000,0.9796,0.9939,0.0000,Steady,1
calm_relight,4227,8.5000,0.9913,1.0000,0.9798,0.9940,0.0000,Steady,1
calm_relight,4228,8.5167,0.9930,1.0000,0.9800,0.9940,0.0000,Steady,1
calm_relight,4229,8.5333,0.9620,1.0000,0.9797,0.9941,0.0000,Steady,1
calm_relight,4230,8.5500,0.9763,1.0000,0.9797,0.9941,0.0000,Steady,1
calm_relight,4231,8.5667,0.9999,1.0000,0.9800,0.9942,0.0000,Steady,1
calm_relight,4232,8.5833,0.9733,1.0000,0.9799,0.9942,0.0000,Steady,1
calm_relight,4233,8.6000,0.9635,1.0000,0.9796,0.9943,0.0000,Steady,1
calm_relight,4234,8.6167,0.9953,1.0000,0.9799,0.9943,0.0000,Steady,1
calm_relight,4235,8.6333,0.9885,1.0000,0.9800,0.9944,0.0000,Steady,1
calm_relight,4236,8.6500,0.9603,1.0000,0.9797,0.9944,0.0000,Steady,1
calm_relight,4237,8.6667,0.9817,1.0000,0.9797,0.9945,0.0000,Steady,1
calm_relight,4238,8.6833,0.9988,1.0000,0.9800,0.9945,0.0000,Steady,1
calm_relight,4239,8.7000,0.9685,1.0000,0.9798,0.9945,0.0000,Steady,1
calm_relight,4240,8.7167,0.9672,1.0000,0.9796,0.9946,0.0000,Steady,1
calm_relight,4241,8.7333,0.9982,1.0000,0.9799,0.9946,0.0000,Steady,1
calm_relight,4242,8.7500,0.9834,1.0000,0.9800,0.9947,0.0000,Steady,1
calm_relight,4243,8.7667,0.9601,1.0000,0.9797,0.9947,0.0000,Steady,1
calm_relight,4244,8.7833,0.9870,1.0000,0.9798,0.9948,0.0000,Steady,1
calm_relight,4245,8.8000,0.9963,1.0000,0.9801,0.9948,0.0000,Steady,1
calm_relight,4246,8.8167,0.9646,1.0000,0.9798,0.9949,0.0000,Steady,1
calm_relight,4247,8.8333,0.9717,1.0000,0.9797,0.9949,0.0000,Steady,1
calm_relight,4248,8.8500,0.9997,1.0000,0.9800,0.9949,0.0000,Steady,1
calm_relight,4249,8.8667,0.9780,1.0000,0.9800,0.9950,0.0000,Steady,1
calm_relight,4250,8.8833,0.9613,1.0000,0.9797,0.9950,0.0000,Steady,1
calm_relight,4251,8.9000,0.9917,1.0000,0.9799,0.9951,0.0000,Steady,1
calm_relight,4252,8.9167,0.9926,1.0000,0.9801,0.9951,0.0000,Steady,1
calm_relight,4253,8.9333,0.9617,1.0000,0.9798,0.9951,0.0000,Steady,1
calm_relight,4254,8.9500,0.9769,1.0000,0.9797,0.9952,0.0000,Steady,1
calm_relight,4255,8.9667,0.9999,1.0000,0.9801,0.9952,0.0000,Steady,1
calm_relight,4256,8.9833,0.9728,1.0000,0.9799,0.9953,0.0000,Steady,1
calm_relight,4257,9.0000,0.9639,1.0000,0.9797,0.9953,0.0000,Steady,1
calm_relight,4258,9.0167,0.9956,1.0000,0.9799,0.9953,0.0000,Steady,1
calm_relight,4259,9.0333,0.9880,1.0000,0.9801,0.9954,0.0000,Steady,1
calm_relight,4260,9.0500,0.9602,1.0000,0.9797,0.9954,0.0000,Steady,1
calm_relight,4261,9.0667,0.9823,1.0000,0.9798,0.9955,0.0000,Steady,1
calm_relight,4262,9.0833,0.9986,1.0000,0.9801,0.9955,0.0000,Steady,1
calm_relight,4263,9.1000,0.9681,1.0000,0.9799,0.9955,0.0000,Steady,1
calm_relight,4264,9.1167,0.9676,1.0000,0.9797,0.9956,0.0000,Steady,1
calm_relight,4265,9.1333,0.9984,1.0000,0.9800,0.9956,0.0000,Steady,1
calm_relight,4266,9.1500,0.9828,1.0000,0.9800,0.9956,0.0000,Steady,1
calm_relight,4267,9.1667,0.9601,1.0000,0.9797,0.9957,0.0000,Steady,1
calm_relight,4268,9.1833,0.9875,1.0000,0.9798,0.9957,0.0000,Steady,1
calm_relight,4269,9.2000,0.9960,1.0000,0.9801,0.9958,0.0000,Steady,1
calm_relight,4270,9.2167,0.9642,1.0000,0.9798,0.9958,0.0000,Steady,1
calm_relight,4271,9.2333,0.9722,1.0000,0.9797,0.9958,0.0000,Steady,1
calm_relight,4272,9.2500,0.9998,1.0000,0.9801,0.9959,0.0000,Steady,1
calm_relight,4273,9.2667,0.9775,1.0000,0.9800,0.9959,0.0000,Steady,1
calm_relight,4274,9.2833,0.9615,1.0000,0.9797,0.9959,0.0000,Steady,1
calm_relight,4275,9.3000,0.9921,1.0000,0.9799,0.9960,0.0000,Steady,1
calm_relight,4276,9.3167,0.9922,1.0000,0.9801,0.9960,0.0000,Steady,1
calm_relight,4277,9.3333,0.9615,1.0000,0.9798,0.9960,0.0000,Steady,1
calm_relight,4278,9.3500,0.9774,1.0000,0.9798,0.9961,0.0000,Steady,1
calm_relight,4279,9.3667,0.9998,1.0000,0.9801,0.9961,0.0000,Steady,1
calm_relight,4280,9.3833,0.9723,1.0000,0.9800,0.9961,0.0000,Steady,1
calm_relight,4281,9.4000,0.9642,1.0000,0.9797,0.9962,0.0000,Steady,1
calm_relight,4282,9.4167,0.9959,1.0000,0.9800,0.9962,0.0000,Steady,1
calm_relight,4283,9.4333,0.9875,1.0000,0.9801,0.9962,0.0000,Steady,1
calm_relight,4284,9.4500,0.9602,1.0000,0.9798,0.9962,0.0000,Steady,1
calm_relight,4285,9.4667,0.9828,1.0000,0.9798,0.9963,0.0000,Steady,1
calm_relight,4286,9.4833,0.9984,1.0000,0.9801,0.9963,0.0000,Steady,1
calm_relight,4287,9.5000,0.9676,1.0000,0.9799,0.9963,0.0000,Steady,1
calm_relight,4288,9.5167,0.9680,1.0000,0.9797,0.9964,0.0000,Steady,1
calm_relight,4289,9.5333,0.9986,1.0000,0.9800,0.9964,0.0000,Steady,1
calm_relight,4290,9.5500,0.9823,1.0000,0.9801,0.9964,0.0000,Steady,1
calm_relight,4291,9.5667,0.9602,1.0000,0.9797,0.9965,0.0000,Steady,1
calm_relight,4292,9.5833,0.9880,1.0000,0.9799,0.9965,0.0000,Steady,1
calm_relight,4293,9.6000,0.9956,1.0000,0.9801,0.9965,0.0000,Steady,1
calm_relight,4294,9.6167,0.9639,1.0000,0.9799,0.9965,0.0000,Steady,1
calm_relight,4295,9.6333,0.9727,1.0000,0.9798,0.9966,0.0000,Steady,1
calm_relight,4296,9.6500,0.9999,1.0000,0.9801,0.9966,0.0000,Steady,1
calm_relight,4297,9.6667,0.9769,1.0000,0.9800,0.9966,0.0000,Steady,1
calm_relight,4298,9.6833,0.9617,1.0000,0.9797,0.9967,0.0000,Steady,1
calm_relight,4299,9.7000,0.9926,1.0000,0.9799,0.9967,0.0000,Steady,1
calm_relight,4300,9.7167,0.9917,1.0000,0.9801,0.9967,0.0000,Steady,1
calm_relight,4301,9.7333,0.9613,1.0000,0.9798,0.9967,0.0000,Steady,1
calm_relight,4302,9.7500,0.9780,1.0000,0.9798,0.9968,0.0000,Steady,1
calm_relight,4303,9.7667,0.9997,1.0000,0.9801,0.9968,0.0000,Steady,1
calm_relight,4304,9.7833,0.9718,1.0000,0.9800,0.9968,0.0000,Steady,1
calm_relight,4305,9.8000,0.9645,1.0000,0.9797,0.9969,0.0000,Steady,1
calm_relight,4306,9.8167,0.9963,1.0000,0.9800,0.9969,0.0000,Steady,1
calm_relight,4307,9.8333,0.9870,1.0000,0.9801,0.9969,0.0000,Steady,1
calm_relight,4308,9.8500,0.9601,1.0000,0.9798,0.9969,0.0000,Steady,1
calm_relight,4309,9.8667,0.9833,1.0000,0.9799,0.9970,0.0000,Steady,1
calm_relight,4310,9.8833,0.9982,1.0000,0.9802,0.9970,0.0000,Steady,1
calm_relight,4311,9.9000,0.9672,1.0000,0.9799,0.9970,0.0000,Steady,1
calm_relight,4312,9.9167,0.9685,1.0000,0.9798,0.9970,0.0000,Steady,1
calm_relight,4313,9.9333,0.9988,1.0000,0.9801,0.9971,0.0000,Steady,1
calm_relight,4314,9.9500,0.9818,1.0000,0.9801,0.9971,0.0000,Steady,1
calm_relight,4315,9.9667,0.9603,1.0000,0.9798,0.9971,0.0000,Steady,1
calm_relight,4316,9.9833,0.9885,1.0000,0.9799,0.9971,0.0000,Steady,1
calm_relight,4317,10.0000,0.9953,1.0000,0.9802,0.9972,0.0000,Steady,1
calm_relight,4318,10.0167,0.9636,1.0000,0.9799,0.9972,0.0000,Steady,1
calm_relight,4319,10.0333,0.9732,1.0000,0.9798,0.9972,0.0000,Steady,1
calm_relight,4320,10.0500,0.9999,1.0000,0.9801,0.9972,0.0000,Steady,1
calm_relight,4321,10.0667,0.9764,1.0000,0.9801,0.9972,0.0000,Steady,1
calm_relight,4322,10.0833,0.9619,1.0000,0.9798,0.9973,0.0000,Steady,1
calm_relight,4323,10.1000,0.9930,1.0000,0.9800,0.9973,0.0000,Steady,1
calm_relight,4324,10.1167,0.9913,1.0000,0.9802,0.9973,0.0000,Steady,1
calm_relight,4325,10.1333,0.9611,1.0000,0.9798,0.9973,0.0000,Steady,1
calm_relight,4326,10.1500,0.9785,1.0000,0.9798,0.9974,0.0000,Steady,1
calm_relight,4327,10.1667,0.9997,1.0000,0.9802,0.9974,0.0000,Steady,1
calm_relight,4328,10.1833,0.9713,1.0000,0.9800,0.9974,0.0000,Steady,1
calm_relight,4329,10.2000,0.9649,1.0000,0.9798,0.9974,0.0000,Steady,1
calm_relight,4330,10.2167,0.9966,1.0000,0.9800,0.9974,0.0000,Steady,1
calm_relight,4331,10.2333,0.9865,1.0000,0.9801,0.9975,0.0000,Steady,1
calm_relight,4332,10.2500,0.9600,1.0000,0.9798,0.9975,0.0000,Steady,1
calm_relight,4333,10.2667,0.9839,1.0000,0.9799,0.9975,0.0000,Steady,1
calm_relight,4334,10.2833,0.9979,1.0000,0.9802,0.9975,0.0000,Steady,1
calm_relight,4335,10.3000,0.9668,1.0000,0.9800,0.9975,0.0000,Steady,1
calm_relight,4336,10.3167,0.9689,1.0000,0.9798,0.9976,0.0000,Steady,1
calm_relight,4337,10.3333,0.9990,1.0000,0.9801,0.9976,0.0000,Steady,1
calm_relight,4338,10.3500,0.9812,1.0000,0.9801,0.9976,0.0000,Steady,1
calm_relight,4339,10.3667,0.9604,1.0000,0.9798,0.9976,0.0000,Steady,1
calm_relight,4340,10.3833,0.9890,1.0000,0.9799,0.9976,0.0000,Steady,1
calm_relight,4341,10.4000,0.9949,1.0000,0.9802,0.9977,0.0000,Steady,1
calm_relight,4342,10.4167,0.9633,1.0000,0.9799,0.9977,0.0000,Steady,1
calm_relight,4343,10.4333,0.9737,1.0000,0.9798,0.9977,0.0000,Steady,1
calm_relight,4344,10.4500,1.0000,1.0000,0.9801,0.9977,0.0000,Steady,1
calm_relight,4345,10.4667,0.9759,1.0000,0.9801,0.9977,0.0000,Steady,1
calm_relight,4346,10.4833,0.9622,1.0000,0.9798,0.9978,0.0000,Steady,1
calm_relight,4347,10.5000,0.9934,1.0000,0.9800,0.9978,0.0000,Steady,1
calm_relight,4348,10.5167,0.9909,1.0000,0.9802,0.9978,0.0000,Steady,1
calm_relight,4349,10.5333,0.9610,1.0000,0.9799,0.9978,0.0000,Steady,1
calm_relight,4350,10.5500,0.9790,1.0000,0.9798,0.9978,0.0000,Steady,1
calm_relight,4351,10.5667,0.9995,1.0000,0.9802,0.9979,0.0000,Steady,1
calm_relight,4352,10.5833,0.9708,1.0000,0.9800,0.9979,0.0000,Steady,1
calm_relight,4353,10.6000,0.9652,1.0000,0.9798,0.9979,0.0000,Steady,1
calm_relight,4354,10.6167,0.9969,1.0000,0.9800,0.9979,0.0000,Steady,1
calm_relight,4355,10.6333,0.9860,1.0000,0.9801,0.9979,0.0000,Steady,1
calm_relight,4356,10.6500,0.9600,1.0000,0.9798,0.9979,0.0000,Steady,1
calm_relight,4357,10.6667,0.9844,1.0000,0.9799,0.9980,0.0000,Steady,1
calm_relight,4358,10.6833,0.9977,1.0000,0.9802,0.9980,0.0000,Steady,1
calm_relight,4359,10.7000,0.9664,1.0000,0.9800,0.9980,0.0000,Steady,1
calm_relight,4360,10.7167,0.9694,1.0000,0.9798,0.9980,0.0000,Steady,1
calm_relight,4361,10.7333,0.9991,1.0000,0.9801,0.9980,0.0000,Steady,1
calm_relight,4362,10.7500,0.9807,1.0000,0.9801,0.9980,0.0000,Steady,1
calm_relight,4363,10.7667,0.9605,1.0000,0.9798,0.9981,0.0000,Steady,1
calm_relight,4364,10.7833,0.9894,1.0000,0.9799,0.9981,0.0000,Steady,1
calm_relight,4365,10.8000,0.9946,1.0000,0.9802,0.9981,0.0000,Steady,1
calm_relight,4366,10.8167,0.9630,1.0000,0.9799,0.9981,0.0000,Steady,1
calm_relight,4367,10.8333,0.9743,1.0000,0.9798,0.9981,0.0000,Steady,1
calm_relight,4368,10.8500,1.0000,1.0000,0.9801,0.9981,0.0000,Steady,1
calm_relight,4369,10.8667,0.9753,1.0000,0.9801,0.9982,0.0000,Steady,1
calm_relight,4370,10.8833,0.9624,1.0000,0.9798,0.9982,0.0000,Steady,1
calm_relight,4371,10.9000,0.9938,1.0000,0.9800,0.9982,0.0000,Steady,1
calm_relight,4372,10.9167,0.9904,1.0000,0.9802,0.9982,0.0000,Steady,1
calm_relight,4373,10.9333,0.9608,1.0000,0.9799,0.9982,0.0000,Steady,1
calm_relight,4374,10.9500,0.9796,1.0000,0.9799,0.9982,0.0000,Steady,1
calm_relight,4375,10.9667,0.9994,1.0000,0.9802,0.9982,0.0000,Steady,1
calm_relight,4376,10.9833,0.9703,1.0000,0.9800,0.9983,0.0000,Steady,1
calm_relight,4377,11.0000,0.9656,1.0000,0.9798,0.9983,0.0000,Steady,1
calm_relight,4378,11.0167,0.9972,1.0000,0.9801,0.9983,0.0000,Steady,1
calm_relight,4379,11.0333,0.9855,1.0000,0.9802,0.9983,0.0000,Steady,1
calm_relight,4380,11.0500,0.9600,1.0000,0.9798,0.9983,0.0000,Steady,1
calm_relight,4381,11.0667,0.9849,1.0000,0.9799,0.9983,0.0000,Steady,1
calm_relight,4382,11.0833,0.9974,1.0000,0.9802,0.9983,0.0000,Steady,1
calm_relight,4383,11.1000,0.9660,1.0000,0.9800,0.9984,0.0000,Steady,1
calm_relight,4384,11.1167,0.9698,1.0000,0.9798,0.9984,0.0000,Steady,1
calm_relight,4385,11.1333,0.9993,1.0000,0.9801,0.9984,0.0000,Steady,1
calm_relight,4386,11.1500,0.9801,1.0000,0.9801,0.9984,0.0000,Steady,1
calm_relight,4387,11.1667,0.9607,1.0000,0.9798,0.9984,0.0000,Steady,1
calm_relight,4388,11.1833,0.9899,1.0000,0.9800,0.9984,0.0000,Steady,1
calm_relight,4389,11.2000,0.9942,1.0000,0.9802,0.9984,0.0000,Steady,1
calm_relight,4390,11.2167,0.9627,1.0000,0.9799,0.9984,0.0000,Steady,1
calm_relight,4391,11.2333,0.9748,1.0000,0.9798,0.9985,0.0000,Steady,1
calm_relight,4392,11.2500,1.0000,1.0000,0.9802,0.9985,0.0000,Steady,1
calm_relight,4393,11.2667,0.9748,1.0000,0.9801,0.9985,0.0000,Steady,1
calm_relight,4394,11.2833,0.9627,1.0000,0.9798,0.9985,0.0000,Steady,1
calm_relight,4395,11.3000,0.9942,1.0000,0.9800,0.9985,0.0000,Steady,1
calm_relight,4396,11.3167,0.9899,1.0000,0.9802,0.9985,0.0000,Steady,1
calm_relight,4397,11.3333,0.9607,1.0000,0.9799,0.9985,0.0000,Steady,1
calm_relight,4398,11.3500,0.9801,1.0000,0.9799,0.9985,0.0000,Steady,1
calm_relight,4399,11.3667,0.9993,1.0000,0.9802,0.9986,0.0000,Steady,1
calm_relight,4400,11.3833,0.9699,1.0000,0.9800,0.9986,0.0000,Steady,1
calm_relight,4401,11.4000,0.9660,1.0000,0.9798,0.9986,0.0000,Steady,1
calm_relight,4402,11.4167,0.9974,1.0000,0.9801,0.9986,0.0000,Steady,1
calm_relight,4403,11.4333,0.9850,1.0000,0.9802,0.9986,0.0000,Steady,1
calm_relight,4404,11.4500,0.9600,1.0000,0.9798,0.9986,0.0000,Steady,1
calm_relight,4405,11.4667,0.9854,1.0000,0.9799,0.9986,0.0000,Steady,1
calm_relight,4406,11.4833,0.9972,1.0000,0.9802,0.9986,0.0000,Steady,1
calm_relight,4407,11.5000,0.9656,1.0000,0.9800,0.9987,0.0000,Steady,1
calm_relight,4408,11.5167,0.9703,1.0000,0.9798,0.9987,0.0000,Steady,1
calm_relight,4409,11.5333,0.9994,1.0000,0.9801,0.9987,0.0000,Steady,1
calm_relight,4410,11.5500,0.9796,1.0000,0.9801,0.9987,0.0000,Steady,1
calm_relight,4411,11.5667,0.9608,1.0000,0.9798,0.9987,0.0000,Steady,1
calm_relight,4412,11.5833,0.9904,1.0000,0.9800,0.9987,0.0000,Steady,1
calm_relight,4413,11.6000,0.9938,1.0000,0.9802,0.9987,0.0000,Steady,1
calm_relight,4414,11.6167,0.9624,1.0000,0.9799,0.9987,0.0000,Steady,1
calm_relight,4415,11.6333,0.9753,1.0000,0.9798,0.9987,0.0000,Steady,1
calm_relight,4416,11.6500,1.0000,1.0000,0.9802,0.9988,0.0000,Steady,1
calm_relight,4417,11.6667,0.9743,1.0000,0.9801,0.9988,0.0000,Steady,1
calm_relight,4418,11.6833,0.9630,1.0000,0.9798,0.9988,0.0000,Steady,1
calm_relight,4419,11.7000,0.9946,1.0000,0.9800,0.9988,0.0000,Steady,1
calm_relight,4420,11.7167,0.9895,1.0000,0.9802,0.9988,0.0000,Steady,1
calm_relight,4421,11.7333,0.9605,1.0000,0.9799,0.9988,0.0000,Steady,1
calm_relight,4422,11.7500,0.9807,1.0000,0.9799,0.9988,0.0000,Steady,1
calm_relight,4423,11.7667,0.9991,1.0000,0.9802,0.9988,0.0000,Steady,1
calm_relight,4424,11.7833,0.9694,1.0000,0.9800,0.9988,0.0000,Steady,1
calm_relight,4425,11.8000,0.9664,1.0000,0.9798,0.9988,0.0000,Steady,1
calm_relight,4426,11.8167,0.9977,1.0000,0.9801,0.9989,0.0000,Steady,1
calm_relight,4427,11.8333,0.9844,1.0000,0.9802,0.9989,0.0000,Steady,1
calm_relight,4428,11.8500,0.9600,1.0000,0.9798,0.9989,0.0000,Steady,1
calm_relight,4429,11.8667,0.9860,1.0000,0.9799,0.9989,0.0000,Steady,1
calm_relight,4430,11.8833,0.9969,1.0000,0.9802,0.9989,0.0000,Steady,1
calm_relight,4431,11.9000,0.9653,1.0000,0.9800,0.9989,0.0000,Steady,1
calm_relight,4432,11.9167,0.9708,1.0000,0.9798,0.9989,0.0000,Steady,1
calm_relight,4433,11.9333,0.9995,1.0000,0.9801,0.9989,0.0000,Steady,1
calm_relight,4434,11.9500,0.9791,1.0000,0.9801,0.9989,0.0000,Steady,1
calm_relight,4435,11.9667,0.9610,1.0000,0.9798,0.9989,0.0000,Steady,1
calm_relight,4436,11.9833,0.9908,1.0000,0.9800,0.9989,0.0000,Steady,1
calm_relight,4437,12.0000,0.9934,1.0000,0.9802,0.9990,0.0000,Steady,1
failing_normal,4438,0.0167,0.0221,0.6187,0.9356,0.9969,0.0000,Steady,0
failing_normal,4439,0.0333,0.0225,0.6013,0.8932,0.9948,0.0000,Steady,0
failing_normal,4440,0.0500,0.0230,0.6071,0.8527,0.9928,0.0000,Steady,0
failing_normal,4441,0.0667,0.0235,0.6227,0.8142,0.9907,0.0000,Steady,0
failing_normal,4442,0.0833,0.0240,0.6100,0.7774,0.9887,0.0000,Steady,0
failing_normal,4443,0.1000,0.0245,0.6023,0.7424,0.9866,0.0000,Steady,0
failing_normal,4444,0.1167,0.0250,0.6202,0.7090,0.9846,0.0000,Steady,0
failing_normal,4445,0.1333,0.0255,0.6199,0.6772,0.9826,0.0000,Steady,0
failing_normal,4446,0.1500,0.0260,0.6034,0.6470,0.9806,0.0000,Steady,0
failing_normal,4447,0.1667,0.0265,0.6135,0.6181,0.9786,0.0000,Steady,0
failing_normal,4448,0.1833,0.0270,0.6260,0.5906,0.9766,0.0000,Steady,0
failing_normal,4449,0.2000,0.0275,0.6106,0.5644,0.9746,0.0000,Steady,0
failing_normal,4450,0.2167,0.0279,0.6074,0.5395,0.9726,0.0020,Steady,0
failing_normal,4451,0.2333,0.0284,0.6257,0.5157,0.9707,0.0202,Steady,0
failing_normal,4452,0.2500,0.0289,0.6206,0.4931,0.9687,0.0533,Steady,0
failing_normal,4453,0.2667,0.0294,0.6061,0.4715,0.9668,0.0866,Steady,0
failing_normal,4454,0.2833,0.0298,0.6199,0.4510,0.9648,0.1199,Steady,0
failing_normal,4455,0.3000,0.0303,0.6284,0.4314,0.9629,0.1533,Steady,0
failing_normal,4456,0.3167,0.0307,0.6113,0.4128,0.9610,0.1866,Steady,0
failing_normal,4457,0.3333,0.0311,0.6128,0.3950,0.9590,0.2199,Steady,0
failing_normal,4458,0.3500,0.0315,0.6302,0.3781,0.9571,0.2533,Steady,0
failing_normal,4459,0.3667,0.0319,0.6207,0.3620,0.9552,0.2866,Steady,0
failing_normal,4460,0.3833,0.0323,0.6092,0.3467,0.9533,0.3199,Steady,0
failing_normal,4461,0.4000,0.0326,0.6256,0.3321,0.9514,0.3533,Steady,0
failing_normal,4462,0.4167,0.0329,0.6294,0.3182,0.9495,0.3866,Steady,0
failing_normal,4463,0.4333,0.0332,0.6118,0.3049,0.9477,0.4199,Steady,0
failing_normal,4464,0.4500,0.0335,0.6179,0.2923,0.9458,0.4533,Steady,0
failing_normal,4465,0.4667,0.0337,0.6330,0.2803,0.9439,0.4866,Steady,0
failing_normal,4466,0.4833,0.0339,0.6197,0.2688,0.9421,0.5199,Steady,0
failing_normal,4467,0.5000,0.0341,0.6121,0.2579,0.9402,0.5533,Steady,0
failing_normal,4468,0.5167,0.0343,0.6298,0.2475,0.9384,0.5866,Steady,0
failing_normal,4469,0.5333,0.0344,0.6286,0.2376,0.9366,0.6199,Steady,0
failing_normal,4470,0.5500,0.0345,0.6118,0.2281,0.9348,0.6533,Steady,0
failing_normal,4471,0.5667,0.0346,0.6220,0.2191,0.9329,0.6866,Steady,0
failing_normal,4472,0.5833,0.6930,1.0000,0.2412,0.9335,0.7199,Steady,0
failing_normal,4473,0.6000,0.6933,1.0000,0.2622,0.9340,0.7533,Steady,0
failing_normal,4474,0.6167,0.6930,1.0000,0.2822,0.9346,0.7866,Steady,0
failing_normal,4475,0.6333,0.6920,1.0000,0.3013,0.9351,0.8199,Steady,0
failing_normal,4476,0.6500,0.6905,1.0000,0.3194,0.9357,0.8533,Failing,0
failing_normal,4477,0.6667,0.6883,1.0000,0.3365,0.9362,0.8589,Failing,0
failing_normal,4478,0.6833,0.6855,1.0000,0.3528,0.9367,0.8589,Failing,0
failing_normal,4479,0.7000,0.6822,1.0000,0.3681,0.9373,0.8589,Failing,0
failing_normal,4480,0.7167,0.6782,1.0000,0.3825,0.9378,0.8589,Failing,0
failing_normal,4481,0.7333,0.6736,1.0000,0.3961,0.9383,0.8589,Failing,0
failing_normal,4482,0.7500,0.6685,1.0000,0.4087,0.9388,0.8589,Failing,0
failing_normal,4483,0.7667,0.6628,1.0000,0.4205,0.9393,0.8589,Failing,0
failing_normal,4484,0.7833,0.6566,1.0000,0.4315,0.9398,0.8589,Failing,0
failing_normal,4485,0.8000,0.6498,1.0000,0.4417,0.9403,0.8589,Failing,0
failing_normal,4486,0.8167,0.6425,1.0000,0.4510,0.9408,0.8589,Failing,0
failing_normal,4487,0.8333,0.6348,1.0000,0.4595,0.9413,0.8589,Failing,0
failing_normal,4488,0.8500,0.6265,1.0000,0.4673,0.9418,0.8589,Failing,0
failing_normal,4489,0.8667,0.6179,1.0000,0.4743,0.9423,0.8589,Failing,0
failing_normal,4490,0.8833,0.6088,1.0000,0.4806,0.9428,0.8589,Failing,0
failing_normal,4491,0.9000,0.5994,1.0000,0.4861,0.9432,0.8589,Failing,0
failing_normal,4492,0.9167,0.5895,1.0000,0.4909,0.9437,0.8589,Failing,0
failing_normal,4493,0.9333,0.5794,1.0000,0.4950,0.9442,0.8589,Failing,0
failing_normal,4494,0.9500,0.5690,1.0000,0.4985,0.9446,0.8589,Failing,0
failing_normal,4495,0.9667,0.5583,1.0000,0.5012,0.9451,0.8589,Failing,0
failing_normal,4496,0.9833,0.5474,1.0000,0.5034,0.9456,0.8589,Failing,0
failing_normal,4497,1.0000,0.5362,1.0000,0.5049,0.9460,0.8589,Failing,0
failing_normal,4498,1.0167,0.5250,1.0000,0.5058,0.9464,0.8589,Failing,0
failing_normal,4499,1.0333,0.5136,1.0000,0.5062,0.9469,0.8589,Failing,0
failing_normal,4500,1.0500,0.5020,1.0000,0.5060,0.9473,0.8589,Failing,0
failing_normal,4501,1.0667,0.4905,1.0000,0.5053,0.9478,0.8589,Failing,0
failing_normal,4502,1.0833,0.4789,1.0000,0.5041,0.9482,0.8589,Failing,0
failing_normal,4503,1.1000,0.4673,1.0000,0.5024,0.9486,0.8589,Failing,0
failing_normal,4504,1.1167,0.4558,1.0000,0.5002,0.9491,0.8589,Failing,0
failing_normal,4505,1.1333,0.4444,1.0000,0.4976,0.9495,0.8589,Failing,0
failing_normal,4506,1.1500,0.4331,1.0000,0.4946,0.9499,0.8589,Failing,0
failing_normal,4507,1.1667,0.4220,1.0000,0.4912,0.9503,0.8256,Failing,0
failing_normal,4508,1.1833,0.4110,0.9881,0.4875,0.9506,0.7923,Failing,0
failing_normal,4509,1.2000,0.4002,0.9937,0.4834,0.9510,0.7589,Failing,0
failing_normal,4510,1.2167,0.3898,0.9858,0.4791,0.9513,0.7256,Failing,0
failing_normal,4511,1.2333,0.3795,0.9579,0.4744,0.9513,0.6923,Failing,0
failing_normal,4512,1.2500,0.3697,0.9546,0.4696,0.9514,0.6589,Failing,0
failing_normal,4513,1.2667,0.3601,0.9594,0.4645,0.9514,0.6256,Failing,0
failing_normal,4514,1.2833,0.3509,0.9361,0.4592,0.9495,0.5923,Failing,0
failing_normal,4515,1.3000,0.3422,0.9204,0.4538,0.9477,0.5589,Failing,0
failing_normal,4516,1.3167,0.3338,0.9297,0.4482,0.9458,0.5256,Failing,0
failing_normal,4517,1.3333,0.3259,0.9196,0.4425,0.9439,0.4923,Failing,0
failing_normal,4518,1.3500,0.3184,0.8956,0.4367,0.9421,0.4589,Failing,0
failing_normal,4519,1.3667,0.3115,0.8995,0.4309,0.9402,0.4256,Failing,0
failing_normal,4520,1.3833,0.3050,0.9039,0.4251,0.9384,0.3923,Failing,0
failing_normal,4521,1.4000,0.2991,0.8815,0.4192,0.9366,0.3589,Failing,0
failing_normal,4522,1.4167,0.2937,0.8738,0.4134,0.9348,0.3256,Failing,0
failing_normal,4523,1.4333,0.2889,0.8866,0.4076,0.9329,0.2923,Failing,0
failing_normal,4524,1.4500,0.2846,0.8755,0.4019,0.9311,0.2886,Failing,0
failing_normal,4525,1.4667,0.2809,0.8576,0.3962,0.9293,0.3064,Failing,0
failing_normal,4526,1.4833,0.2777,0.8687,0.3907,0.9275,0.3241,Failing,0
failing_normal,4527,1.5000,0.2752,0.8729,0.3853,0.9257,0.3415,Failing,0
failing_normal,4528,1.5167,0.2732,0.8532,0.3801,0.9240,0.3584,Failing,0
failing_normal,4529,1.5333,0.2718,0.8543,0.3751,0.9222,0.3748,Failing,0
failing_normal,4530,1.5500,0.2710,0.8699,0.3702,0.9204,0.3906,Failing,0
failing_normal,4531,1.5667,0.2708,0.8586,0.3656,0.9187,0.4056,Failing,0
failing_normal,4532,1.5833,0.2711,0.8483,0.3612,0.9169,0.4199,Failing,0
failing_normal,4533,1.6000,0.2720,0.8658,0.3571,0.9151,0.4333,Failing,0
failing_normal,4534,1.6167,0.2735,0.8694,0.3532,0.9134,0.4458,Failing,0
failing_normal,4535,1.6333,0.2756,0.8537,0.3496,0.9117,0.4573,Failing,0
failing_normal,4536,1.6500,0.2781,0.8634,0.3463,0.9099,0.4677,Failing,0
failing_normal,4537,1.6667,0.2812,0.8805,0.3432,0.9082,0.4771,Failing,0
failing_normal,4538,1.6833,0.2848,0.8697,0.3405,0.9065,0.4855,Failing,0
failing_normal,4539,1.7000,0.2889,0.8673,0.3381,0.9048,0.4927,Failing,0
failing_normal,4540,1.7167,0.2935,0.8896,0.3360,0.9031,0.4987,Failing,0
failing_normal,4541,1.7333,0.2985,0.8919,0.3343,0.9014,0.5037,Failing,0
failing_normal,4542,1.7500,0.3040,0.8810,0.3329,0.8997,0.5074,Failing,0
failing_normal,4543,1.7667,0.3098,0.8981,0.3318,0.8980,0.5101,Failing,0
failing_normal,4544,1.7833,0.3161,0.9149,0.3311,0.8982,0.5126,Failing,0
failing_normal,4545,1.8000,0.3227,0.9048,0.3307,0.8982,0.5139,Failing,0
failing_normal,4546,1.8167,0.3297,0.9100,0.3307,0.8983,0.5141,Failing,0
failing_normal,4547,1.8333,0.3370,0.9349,0.3309,0.8986,0.5141,Failing,0
failing_normal,4548,1.8500,0.3446,0.9351,0.3316,0.8989,0.5141,Failing,0
failing_normal,4549,1.8667,0.3524,0.9291,0.3325,0.8992,0.5141,Failing,0
failing_normal,4550,1.8833,0.3605,0.9517,0.3338,0.8996,0.5141,Failing,0
failing_normal,4551,1.9000,0.3687,0.9663,0.3355,0.9002,0.5141,Failing,0
failing_normal,4552,1.9167,0.3772,0.9569,0.3374,0.9006,0.5141,Failing,0
failing_normal,4553,1.9333,0.3858,0.9685,0.3397,0.9012,0.5141,Failing,0
failing_normal,4554,1.9500,0.3945,0.9935,0.3422,0.9020,0.5141,Failing,0
failing_normal,4555,1.9667,0.4033,0.9909,0.3450,0.9027,0.5141,Failing,0
failing_normal,4556,1.9833,0.4122,0.9895,0.3482,0.9034,0.5141,Failing,0
failing_normal,4557,2.0000,0.4211,1.0000,0.3516,0.9042,0.5141,Failing,0
failing_normal,4558,2.0167,0.4300,1.0000,0.3552,0.9050,0.5141,Failing,0
failing_normal,4559,2.0333,0.4390,1.0000,0.3591,0.9058,0.5141,Failing,0
failing_normal,4560,2.0500,0.4478,1.0000,0.3632,0.9066,0.5141,Failing,0
failing_normal,4561,2.0667,0.4566,1.0000,0.3676,0.9074,0.5141,Failing,0
failing_normal,4562,2.0833,0.4653,1.0000,0.3721,0.9081,0.5141,Failing,0
failing_normal,4563,2.1000,0.4739,1.0000,0.3769,0.9089,0.5141,Failing,0
failing_normal,4564,2.1167,0.4823,1.0000,0.3818,0.9097,0.5141,Failing,0
failing_normal,4565,2.1333,0.4906,1.0000,0.3868,0.9104,0.5141,Failing,0
failing_normal,4566,2.1500,0.4987,1.0000,0.3920,0.9111,0.5141,Failing,0
failing_normal,4567,2.1667,0.5065,1.0000,0.3973,0.9119,0.5141,Failing,0
failing_normal,4568,2.1833,0.5142,1.0000,0.4028,0.9126,0.5141,Failing,0
failing_normal,4569,2.2000,0.5216,1.0000,0.4083,0.9133,0.5141,Failing,0
failing_normal,4570,2.2167,0.5287,1.0000,0.4139,0.9141,0.5141,Failing,0
failing_normal,4571,2.2333,0.5356,1.0000,0.4196,0.9148,0.5141,Failing,0
failing_normal,4572,2.2500,0.5421,1.0000,0.4253,0.9155,0.5141,Failing,0
failing_normal,4573,2.2667,0.5484,1.0000,0.4310,0.9162,0.5141,Failing,0
failing_normal,4574,2.2833,0.5543,1.0000,0.4367,0.9169,0.5141,Failing,0
failing_normal,4575,2.3000,0.5599,1.0000,0.4424,0.9176,0.5141,Failing,0
failing_normal,4576,2.3167,0.5651,1.0000,0.4481,0.9183,0.5141,Failing,0
failing_normal,4577,2.3333,0.5700,1.0000,0.4538,0.9189,0.5141,Failing,0
failing_normal,4578,2.3500,0.5745,1.0000,0.4594,0.9196,0.5141,Failing,0
failing_normal,4579,2.3667,0.5787,1.0000,0.4650,0.9203,0.5141,Failing,0
failing_normal,4580,2.3833,0.5825,1.0000,0.4704,0.9209,0.5141,Failing,0
failing_normal,4581,2.4000,0.5859,1.0000,0.4758,0.9216,0.5141,Failing,0
failing_normal,4582,2.4167,0.5890,1.0000,0.4811,0.9222,0.4808,Failing,0
failing_normal,4583,2.4333,0.5916,1.0000,0.4862,0.9229,0.4475,Failing,0
failing_normal,4584,2.4500,0.5939,1.0000,0.4912,0.9235,0.4141,Failing,0
failing_normal,4585,2.4667,0.5959,1.0000,0.4961,0.9242,0.3808,Failing,0
failing_normal,4586,2.4833,0.5974,1.0000,0.5008,0.9248,0.3475,Failing,0
failing_normal,4587,2.5000,0.5986,1.0000,0.5053,0.9254,0.3141,Failing,0
failing_normal,4588,2.5167,0.5994,1.0000,0.5097,0.9260,0.2808,Failing,0
failing_normal,4589,2.5333,0.5999,1.0000,0.5139,0.9266,0.2475,Failing,0
failing_normal,4590,2.5500,0.6000,1.0000,0.5179,0.9273,0.2141,Failing,0
failing_normal,4591,2.5667,0.5997,1.0000,0.5217,0.9279,0.1808,Failing,0
failing_normal,4592,2.5833,0.5992,1.0000,0.5253,0.9285,0.1475,Failing,0
failing_normal,4593,2.6000,0.5983,1.0000,0.5287,0.9290,0.1141,Failing,0
failing_normal,4594,2.6167,0.5971,1.0000,0.5319,0.9296,0.0808,Failing,0
failing_normal,4595,2.6333,0.5955,1.0000,0.5349,0.9302,0.0475,Failing,0
failing_normal,4596,2.6500,0.5937,1.0000,0.5376,0.9308,0.0141,Failing,0
failing_normal,4597,2.6667,0.5916,1.0000,0.5401,0.9314,0.0017,Failing,0
failing_normal,4598,2.6833,0.5892,1.0000,0.5424,0.9319,0.0010,Failing,0
failing_normal,4599,2.7000,0.5866,1.0000,0.5444,0.9325,0.0005,Failing,0
failing_normal,4600,2.7167,0.5837,1.0000,0.5463,0.9331,0.0002,Failing,0
failing_normal,4601,2.7333,0.5806,1.0000,0.5479,0.9336,0.0001,Failing,0
failing_normal,4602,2.7500,0.5773,1.0000,0.5492,0.9342,0.0000,Failing,0
failing_normal,4603,2.7667,0.5737,1.0000,0.5504,0.9347,0.0000,Failing,0
failing_normal,4604,2.7833,0.5700,1.0000,0.5513,0.9353,0.0000,Failing,0
failing_normal,4605,2.8000,0.5660,1.0000,0.5520,0.9358,0.0000,Failing,0
failing_normal,4606,2.8167,0.5620,1.0000,0.5524,0.9363,0.0000,Failing,0
failing_normal,4607,2.8333,0.5577,1.0000,0.5527,0.9369,0.0000,Failing,0
failing_normal,4608,2.8500,0.5533,1.0000,0.5527,0.9374,0.0000,Failing,0
failing_normal,4609,2.8667,0.5488,1.0000,0.5525,0.9379,0.0000,Failing,0
failing_normal,4610,2.8833,0.5442,1.0000,0.5521,0.9384,0.0000,Failing,0
failing_normal,4611,2.9000,0.5395,1.0000,0.5516,0.9389,0.0000,Failing,0
failing_normal,4612,2.9167,0.5347,1.0000,0.5508,0.9394,0.0000,Failing,0
failing_normal,4613,2.9333,0.5298,1.0000,0.5498,0.9399,0.0000,Failing,0
failing_normal,4614,2.9500,0.5248,1.0000,0.5486,0.9404,0.0000,Failing,0
failing_normal,4615,2.9667,0.5199,1.0000,0.5473,0.9409,0.0001,Failing,0
failing_normal,4616,2.9833,0.5148,1.0000,0.5458,0.9414,0.0003,Failing,0
failing_normal,4617,3.0000,0.5098,1.0000,0.5441,0.9419,0.0006,Failing,0
failing_normal,4618,3.0167,0.5047,1.0000,0.5423,0.9424,0.0010,Failing,0
failing_normal,4619,3.0333,0.4996,1.0000,0.5403,0.9429,0.0016,Failing,0
failing_normal,4620,3.0500,0.4946,1.0000,0.5382,0.9433,0.0024,Failing,0
failing_normal,4621,3.0667,0.4895,1.0000,0.5359,0.9438,0.0034,Failing,0
failing_normal,4622,3.0833,0.4845,1.0000,0.5335,0.9443,0.0047,Failing,0
failing_normal,4623,3.1000,0.4795,1.0000,0.5310,0.9447,0.0062,Failing,0
failing_normal,4624,3.1167,0.4746,1.0000,0.5284,0.9452,0.0080,Failing,0
failing_normal,4625,3.1333,0.4697,1.0000,0.5257,0.9457,0.0101,Failing,0
failing_normal,4626,3.1500,0.4649,1.0000,0.5228,0.9461,0.0125,Failing,0
failing_normal,4627,3.1667,0.4602,1.0000,0.5199,0.9466,0.0153,Failing,0
failing_normal,4628,3.1833,0.4555,1.0000,0.5169,0.9470,0.0184,Failing,0
failing_normal,4629,3.2000,0.4510,1.0000,0.5139,0.9474,0.0218,Failing,0
failing_normal,4630,3.2167,0.4465,1.0000,0.5107,0.9479,0.0256,Failing,0
failing_normal,4631,3.2333,0.4421,1.0000,0.5075,0.9483,0.0298,Failing,0
failing_normal,4632,3.2500,0.4379,1.0000,0.5043,0.9487,0.0343,Failing,0
failing_normal,4633,3.2667,0.4337,1.0000,0.5010,0.9492,0.0392,Failing,0
failing_normal,4634,3.2833,0.4297,1.0000,0.4977,0.9496,0.0444,Failing,0
failing_normal,4635,3.3000,0.4258,1.0000,0.4944,0.9500,0.0500,Failing,0
failing_normal,4636,3.3167,0.4221,1.0000,0.4910,0.9504,0.0559,Failing,0
failing_normal,4637,3.3333,0.4185,1.0000,0.4876,0.9508,0.0621,Failing,0
failing_normal,4638,3.3500,0.4150,0.9918,0.4842,0.9512,0.0687,Failing,0
failing_normal,4639,3.3667,0.4117,1.0000,0.4809,0.9516,0.0754,Failing,0
failing_normal,4640,3.3833,0.4085,1.0000,0.4775,0.9520,0.0825,Failing,0
failing_normal,4641,3.4000,0.4055,0.9866,0.4742,0.9523,0.0897,Failing,0
failing_normal,4642,3.4167,0.4026,0.9838,0.4708,0.9525,0.0972,Failing,0
failing_normal,4643,3.4333,0.4000,0.9984,0.4675,0.9529,0.1048,Failing,0
failing_normal,4644,3.4500,0.3974,0.9868,0.4643,0.9532,0.1126,Failing,0
failing_normal,4645,3.4667,0.3951,0.9720,0.4611,0.9533,0.1204,Failing,0
failing_normal,4646,3.4833,0.3930,0.9854,0.4579,0.9536,0.1284,Failing,0
failing_normal,4647,3.5000,0.3910,0.9879,0.4548,0.9539,0.1364,Failing,0
failing_normal,4648,3.5167,0.3893,0.9682,0.4517,0.9540,0.1444,Failing,0
failing_normal,4649,3.5333,0.3877,0.9715,0.4488,0.9542,0.1524,Failing,0
failing_normal,4650,3.5500,0.3863,0.9855,0.4459,0.9544,0.1604,Failing,0
failing_normal,4651,3.5667,0.3851,0.9715,0.4430,0.9546,0.1683,Failing,0
failing_normal,4652,3.5833,0.3842,0.9619,0.4403,0.9546,0.1760,Failing,0
failing_normal,4653,3.6000,0.3834,0.9784,0.4377,0.9548,0.1837,Failing,0
failing_normal,4654,3.6167,0.3829,0.9776,0.4351,0.9550,0.1911,Failing,0
failing_normal,4655,3.6333,0.3826,0.9601,0.4327,0.9550,0.1983,Failing,0
failing_normal,4656,3.6500,0.3825,0.9692,0.4303,0.9552,0.2053,Failing,0
failing_normal,4657,3.6667,0.3826,0.9817,0.4281,0.9554,0.2121,Failing,0
failing_normal,4658,3.6833,0.3829,0.9663,0.4260,0.9555,0.2185,Failing,0
failing_normal,4659,3.7000,0.3835,0.9627,0.4240,0.9555,0.2246,Failing,0
failing_normal,4660,3.7167,0.3843,0.9814,0.4222,0.9558,0.2304,Failing,0
failing_normal,4661,3.7333,0.3853,0.9773,0.4205,0.9559,0.2358,Failing,0
failing_normal,4662,3.7500,0.3866,0.9634,0.4189,0.9560,0.2408,Failing,0
failing_normal,4663,3.7667,0.3881,0.9779,0.4175,0.9562,0.2454,Failing,0
failing_normal,4664,3.7833,0.3898,0.9880,0.4162,0.9564,0.2496,Failing,0
failing_normal,4665,3.8000,0.3918,0.9726,0.4150,0.9566,0.2532,Failing,0
failing_normal,4666,3.8167,0.3940,0.9754,0.4140,0.9567,0.2564,Failing,0
failing_normal,4667,3.8333,0.3964,0.9949,0.4132,0.9570,0.2592,Failing,0
failing_normal,4668,3.8500,0.3991,0.9881,0.4126,0.9573,0.2614,Failing,0
failing_normal,4669,3.8667,0.4020,0.9789,0.4121,0.9575,0.2630,Failing,0
failing_normal,4670,3.8833,0.4051,0.9978,0.4118,0.9578,0.2642,Failing,0
failing_normal,4671,3.9000,0.4085,1.0000,0.4116,0.9582,0.2648,Failing,0
failing_normal,4672,3.9167,0.4120,0.9908,0.4116,0.9584,0.2648,Failing,0
failing_normal,4673,3.9333,0.4159,1.0000,0.4118,0.9588,0.2648,Failing,0
failing_normal,4674,3.9500,0.4199,1.0000,0.4122,0.9591,0.2648,Failing,0
failing_normal,4675,3.9667,0.4241,1.0000,0.4127,0.9595,0.2648,Failing,0
failing_normal,4676,3.9833,0.4286,1.0000,0.4135,0.9598,0.2648,Failing,0
failing_normal,4677,4.0000,0.4332,1.0000,0.4144,0.9601,0.2648,Failing,0
failing_normal,4678,4.0167,0.4381,1.0000,0.4155,0.9605,0.2648,Failing,0
failing_normal,4679,4.0333,0.4431,1.0000,0.4168,0.9608,0.2648,Failing,0
failing_normal,4680,4.0500,0.4483,1.0000,0.4183,0.9611,0.2648,Failing,0
failing_normal,4681,4.0667,0.4537,1.0000,0.4199,0.9614,0.2648,Failing,0
failing_normal,4682,4.0833,0.4592,1.0000,0.4217,0.9618,0.2648,Failing,0
failing_normal,4683,4.1000,0.4649,1.0000,0.4237,0.9621,0.2648,Failing,0
failing_normal,4684,4.1167,0.4708,1.0000,0.4259,0.9624,0.2648,Failing,0
failing_normal,4685,4.1333,0.4767,1.0000,0.4283,0.9627,0.2648,Failing,0
failing_normal,4686,4.1500,0.4828,1.0000,0.4308,0.9630,0.2648,Failing,0
failing_normal,4687,4.1667,0.4889,1.0000,0.4335,0.9633,0.2648,Failing,0
failing_normal,4688,4.1833,0.4952,1.0000,0.4364,0.9636,0.2648,Failing,0
failing_normal,4689,4.2000,0.5015,1.0000,0.4394,0.9639,0.2648,Failing,0
failing_normal,4690,4.2167,0.5079,1.0000,0.4426,0.9642,0.2648,Failing,0
failing_normal,4691,4.2333,0.5143,1.0000,0.4459,0.9645,0.2648,Failing,0
failing_normal,4692,4.2500,0.5207,1.0000,0.4494,0.9648,0.2648,Failing,0
failing_normal,4693,4.2667,0.5271,1.0000,0.4530,0.9651,0.2648,Failing,0
failing_normal,4694,4.2833,0.5335,1.0000,0.4568,0.9654,0.2648,Failing,0
failing_normal,4695,4.3000,0.5399,1.0000,0.4606,0.9657,0.2648,Failing,0
failing_normal,4696,4.3167,0.5462,1.0000,0.4646,0.9660,0.2648,Failing,0
failing_normal,4697,4.3333,0.5525,1.0000,0.4687,0.9663,0.2648,Failing,0
failing_normal,4698,4.3500,0.5587,1.0000,0.4729,0.9665,0.2648,Failing,0
failing_normal,4699,4.3667,0.5647,1.0000,0.4772,0.9668,0.2648,Failing,0
failing_normal,4700,4.3833,0.5706,1.0000,0.4815,0.9671,0.2648,Failing,0
failing_normal,4701,4.4000,0.5764,1.0000,0.4859,0.9674,0.2648,Failing,0
failing_normal,4702,4.4167,0.5820,1.0000,0.4904,0.9676,0.2648,Failing,0
failing_normal,4703,4.4333,0.5874,1.0000,0.4949,0.9679,0.2648,Failing,0
failing_normal,4704,4.4500,0.5926,1.0000,0.4994,0.9682,0.2648,Failing,0
failing_normal,4705,4.4667,0.5976,1.0000,0.5040,0.9684,0.2648,Failing,0
failing_normal,4706,4.4833,0.6023,1.0000,0.5086,0.9687,0.2648,Failing,0
failing_normal,4707,4.5000,0.6068,1.0000,0.5132,0.9690,0.2648,Failing,0
failing_normal,4708,4.5167,0.6110,1.0000,0.5177,0.9692,0.2314,Failing,0
failing_normal,4709,4.5333,0.6148,1.0000,0.5222,0.9695,0.1981,Failing,0
failing_normal,4710,4.5500,0.6184,1.0000,0.5267,0.9697,0.1648,Failing,0
failing_normal,4711,4.5667,0.6216,1.0000,0.5311,0.9700,0.1314,Failing,0
failing_normal,4712,4.5833,0.6244,1.0000,0.5354,0.9702,0.0981,Failing,0
failing_normal,4713,4.6000,0.6269,1.0000,0.5397,0.9705,0.0648,Failing,0
failing_normal,4714,4.6167,0.6290,1.0000,0.5438,0.9707,0.0314,Failing,0
failing_normal,4715,4.6333,0.6306,1.0000,0.5479,0.9710,0.0001,Failing,0
failing_normal,4716,4.6500,0.6319,1.0000,0.5518,0.9712,0.0000,Failing,0
failing_normal,4717,4.6667,0.6327,1.0000,0.5555,0.9714,0.0000,Failing,0
failing_normal,4718,4.6833,0.6331,1.0000,0.5592,0.9717,0.0000,Failing,0
failing_normal,4719,4.7000,0.6331,1.0000,0.5626,0.9719,0.0000,Failing,0
failing_normal,4720,4.7167,0.6326,1.0000,0.5659,0.9721,0.0000,Failing,0
failing_normal,4721,4.7333,0.6316,1.0000,0.5689,0.9724,0.0000,Failing,0
failing_normal,4722,4.7500,0.6302,1.0000,0.5718,0.9726,0.0000,Failing,0
failing_normal,4723,4.7667,0.6283,1.0000,0.5744,0.9728,0.0000,Failing,0
failing_normal,4724,4.7833,0.6260,1.0000,0.5768,0.9731,0.0000,Failing,0
failing_normal,4725,4.8000,0.6231,1.0000,0.5789,0.9733,0.0000,Failing,0
failing_normal,4726,4.8167,0.6198,1.0000,0.5809,0.9735,0.0000,Failing,0
failing_normal,4727,4.8333,0.6161,1.0000,0.5825,0.9737,0.0000,Failing,0
failing_normal,4728,4.8500,0.6118,1.0000,0.5839,0.9739,0.0000,Failing,0
failing_normal,4729,4.8667,0.6071,1.0000,0.5849,0.9742,0.0000,Failing,0
failing_normal,4730,4.8833,0.6020,1.0000,0.5857,0.9744,0.0000,Failing,0
failing_normal,4731,4.9000,0.5964,1.0000,0.5862,0.9746,0.0000,Failing,0
failing_normal,4732,4.9167,0.5904,1.0000,0.5864,0.9748,0.0000,Failing,0
failing_normal,4733,4.9333,0.5839,1.0000,0.5863,0.9750,0.0000,Failing,0
failing_normal,4734,4.9500,0.5771,1.0000,0.5859,0.9752,0.0000,Failing,0
failing_normal,4735,4.9667,0.5698,1.0000,0.5851,0.9754,0.0000,Failing,0
failing_normal,4736,4.9833,0.5622,1.0000,0.5841,0.9756,0.0000,Failing,0
failing_normal,4737,5.0000,0.5542,1.0000,0.5827,0.9758,0.0000,Failing,0
failing_normal,4738,5.0167,0.5459,1.0000,0.5810,0.9760,0.0000,Failing,0
failing_normal,4739,5.0333,0.5373,1.0000,0.5789,0.9762,0.0000,Failing,0
failing_normal,4740,5.0500,0.5283,1.0000,0.5766,0.9764,0.0000,Failing,0
failing_normal,4741,5.0667,0.5191,1.0000,0.5739,0.9766,0.0000,Failing,0
failing_normal,4742,5.0833,0.5097,1.0000,0.5709,0.9768,0.0000,Failing,0
failing_normal,4743,5.1000,0.5000,1.0000,0.5676,0.9770,0.0000,Failing,0
failing_normal,4744,5.1167,0.4902,1.0000,0.5640,0.9772,0.0000,Failing,0
failing_normal,4745,5.1333,0.0240,0.6090,0.5389,0.9752,0.0022,Failing,0
failing_normal,4746,5.1500,0.0235,0.6228,0.5149,0.9732,0.0211,Failing,0
failing_normal,4747,5.1667,0.0230,0.6081,0.4921,0.9713,0.0545,Failing,0
failing_normal,4748,5.1833,0.0225,0.6007,0.4702,0.9693,0.0878,Failing,0
failing_normal,4749,5.2000,0.0219,0.6179,0.4494,0.9673,0.1211,Failing,0
failing_normal,4750,5.2167,0.0214,0.6151,0.4295,0.9654,0.1545,Failing,0
failing_normal,4751,5.2333,0.0209,0.5980,0.4105,0.9635,0.1878,Failing,0
failing_normal,4752,5.2500,0.0204,0.6084,0.3923,0.9615,0.2211,Failing,0
failing_normal,4753,5.2667,0.0199,0.6188,0.3750,0.9596,0.2545,Failing,0
failing_normal,4754,5.2833,0.0194,0.6017,0.3585,0.9577,0.2878,Failing,0
failing_normal,4755,5.3000,0.0189,0.5989,0.3427,0.9558,0.3211,Failing,0
failing_normal,4756,5.3167,0.0184,0.6162,0.3276,0.9539,0.3545,Failing,0
failing_normal,4757,5.3333,0.0179,0.6088,0.3132,0.9520,0.3878,Failing,0
failing_normal,4758,5.3500,0.0174,0.5942,0.2994,0.9501,0.4211,Failing,0
failing_normal,4759,5.3667,0.0170,0.6080,0.2863,0.9482,0.4545,Failing,0
failing_normal,4760,5.3833,0.0166,0.6143,0.2738,0.9464,0.4878,Failing,0
failing_normal,4761,5.4000,0.0161,0.5961,0.2618,0.9445,0.5211,Failing,0
failing_normal,4762,5.4167,0.0157,0.5982,0.2503,0.9426,0.5545,Failing,0
failing_normal,4763,5.4333,0.0153,0.6143,0.2394,0.9408,0.5878,Failing,0
failing_normal,4764,5.4500,0.0150,0.6028,0.2290,0.9390,0.6211,Failing,0
failing_normal,4765,5.4667,0.0146,0.5918,0.2190,0.9371,0.6545,Failing,0
failing_normal,4766,5.4833,0.0143,0.6081,0.2095,0.9353,0.6878,Failing,0
failing_normal,4767,5.5000,0.0140,0.6099,0.2004,0.9335,0.7211,Failing,0
failing_normal,4768,5.5167,0.0138,0.5919,0.1917,0.9317,0.7545,Failing,0
failing_normal,4769,5.5333,0.0135,0.5988,0.1834,0.9299,0.7878,Failing,0
failing_normal,4770,5.5500,0.0133,0.6126,0.1755,0.9281,0.8211,Failing,0
failing_normal,4771,5.5667,0.0131,0.5980,0.1680,0.9263,0.8545,Failing,0
failing_normal,4772,5.5833,0.0130,0.5914,0.1608,0.9245,0.8878,Failing,0
failing_normal,4773,5.6000,0.0129,0.6090,0.1539,0.9227,0.9211,Failing,0
failing_normal,4774,5.6167,0.0128,0.6061,0.1473,0.9209,0.9225,Failing,0
failing_normal,4775,5.6333,0.0127,0.5897,0.1411,0.9192,0.9225,Failing,0
failing_normal,4776,5.6500,0.0127,0.6010,0.1351,0.9174,0.9225,Failing,0
failing_normal,4777,5.6667,0.0127,0.6114,0.1294,0.9157,0.9225,Failing,0
failing_normal,4778,5.6833,0.0127,0.5948,0.1240,0.9139,0.9225,Failing,0
failing_normal,4779,5.7000,0.0127,0.5930,0.1188,0.9122,0.9225,Failing,0
failing_normal,4780,5.7167,0.0128,0.6108,0.1139,0.9105,0.9225,Failing,0
failing_normal,4781,5.7333,0.0130,0.6035,0.1092,0.9087,0.9225,Failing,0
failing_normal,4782,5.7500,0.0131,0.5899,0.1047,0.9070,0.9225,Failing,0
failing_normal,4783,5.7667,0.0133,0.6046,0.1005,0.9053,0.9225,Failing,0
failing_normal,4784,5.7833,0.0135,0.6110,0.0964,0.9036,0.9225,Failing,0
failing_normal,4785,5.8000,0.0137,0.5935,0.0926,0.9019,0.9225,Failing,0
failing_normal,4786,5.8167,0.0140,0.5968,0.0889,0.9002,0.9225,Failing,0
failing_normal,4787,5.8333,0.0143,0.6133,0.0854,0.8985,0.9225,Failing,0
failing_normal,4788,5.8500,0.0146,0.6022,0.0822,0.8969,0.9225,Failing,0
failing_normal,4789,5.8667,0.0150,0.5922,0.0790,0.8952,0.9225,Failing,0
failing_normal,4790,5.8833,0.0154,0.6094,0.0761,0.8935,0.9225,Failing,0
failing_normal,4791,5.9000,0.0158,0.6114,0.0733,0.8919,0.9225,Failing,0
failing_normal,4792,5.9167,0.0162,0.5942,0.0706,0.8902,0.9225,Failing,0
failing_normal,4793,5.9333,0.0166,0.6022,0.0681,0.8886,0.9225,Failing,0
failing_normal,4794,5.9500,0.3415,0.9408,0.0808,0.8890,0.9225,Failing,0
failing_normal,4795,5.9667,0.3511,0.9357,0.0934,0.8894,0.9225,Failing,0
failing_normal,4796,5.9833,0.3611,0.9396,0.1058,0.8898,0.9225,Failing,0
failing_normal,4797,6.0000,0.3713,0.9676,0.1182,0.8904,0.9225,Failing,0
failing_normal,4798,6.0167,0.3818,0.9749,0.1304,0.8911,0.9225,Failing,0
failing_normal,4799,6.0333,0.3925,0.9695,0.1426,0.8918,0.9225,Failing,0
failing_normal,4800,6.0500,0.4035,0.9921,0.1548,0.8926,0.9225,Failing,0
failing_normal,4801,6.0667,0.4146,1.0000,0.1668,0.8935,0.9225,Failing,0
failing_normal,4802,6.0833,0.4259,1.0000,0.1789,0.8944,0.9225,Failing,0
failing_normal,4803,6.1000,0.4372,1.0000,0.1909,0.8953,0.9225,Failing,0
failing_normal,4804,6.1167,0.4487,1.0000,0.2029,0.8961,0.9225,Failing,0
failing_normal,4805,6.1333,0.4601,1.0000,0.2148,0.8970,0.9225,Failing,0
failing_normal,4806,6.1500,0.4716,1.0000,0.2268,0.8979,0.9225,Failing,0
failing_normal,4807,6.1667,0.4830,1.0000,0.2387,0.8987,0.9225,Failing,0
failing_normal,4808,6.1833,0.4944,1.0000,0.2506,0.8995,0.8892,Failing,0
failing_normal,4809,6.2000,0.5056,1.0000,0.2625,0.9004,0.8559,Failing,0
failing_normal,4810,6.2167,0.5167,1.0000,0.2743,0.9012,0.8225,Failing,0
failing_normal,4811,6.2333,0.5276,1.0000,0.2861,0.9020,0.7892,Failing,0
failing_normal,4812,6.2500,0.5383,1.0000,0.2978,0.9028,0.7559,Failing,0
failing_normal,4813,6.2667,0.5488,1.0000,0.3095,0.9036,0.7225,Failing,0
failing_normal,4814,6.2833,0.5590,1.0000,0.3211,0.9044,0.6892,Failing,0
failing_normal,4815,6.3000,0.5689,1.0000,0.3326,0.9052,0.6559,Failing,0
failing_normal,4816,6.3167,0.5785,1.0000,0.3440,0.9060,0.6225,Failing,0
failing_normal,4817,6.3333,0.5878,1.0000,0.3554,0.9068,0.5892,Failing,0
failing_normal,4818,6.3500,0.5966,1.0000,0.3666,0.9076,0.5559,Failing,0
failing_normal,4819,6.3667,0.6050,1.0000,0.3777,0.9083,0.5225,Failing,0
failing_normal,4820,6.3833,0.6130,1.0000,0.3886,0.9091,0.4892,Failing,0
failing_normal,4821,6.4000,0.6206,1.0000,0.3994,0.9099,0.4559,Failing,0
failing_normal,4822,6.4167,0.6277,1.0000,0.4100,0.9106,0.4225,Failing,0
failing_normal,4823,6.4333,0.6343,1.0000,0.4205,0.9113,0.3892,Failing,0
failing_normal,4824,6.4500,0.6404,1.0000,0.4307,0.9121,0.3559,Failing,0
failing_normal,4825,6.4667,0.6460,1.0000,0.4407,0.9128,0.3225,Failing,0
failing_normal,4826,6.4833,0.6510,1.0000,0.4505,0.9135,0.2892,Failing,0
failing_normal,4827,6.5000,0.6555,1.0000,0.4600,0.9143,0.2559,Failing,0
failing_normal,4828,6.5167,0.6595,1.0000,0.4693,0.9150,0.2225,Failing,0
failing_normal,4829,6.5333,0.6629,1.0000,0.4783,0.9157,0.1892,Failing,0
failing_normal,4830,6.5500,0.6657,1.0000,0.4870,0.9164,0.1559,Failing,0
failing_normal,4831,6.5667,0.6680,1.0000,0.4954,0.9171,0.1225,Failing,0
failing_normal,4832,6.5833,0.6697,1.0000,0.5035,0.9178,0.0892,Failing,0
failing_normal,4833,6.6000,0.6708,1.0000,0.5113,0.9184,0.0559,Failing,0
failing_normal,4834,6.6167,0.6714,1.0000,0.5188,0.9191,0.0225,Failing,0
failing_normal,4835,6.6333,0.6714,1.0000,0.5259,0.9198,0.0096,Failing,0
failing_normal,4836,6.6500,0.6709,1.0000,0.5326,0.9205,0.0051,Failing,0
failing_normal,4837,6.6667,0.6698,1.0000,0.5390,0.9211,0.0021,Failing,0
failing_normal,4838,6.6833,0.6682,1.0000,0.5450,0.9218,0.0004,Failing,0
failing_normal,4839,6.7000,0.6661,1.0000,0.5506,0.9224,0.0000,Failing,0
failing_normal,4840,6.7167,0.6634,1.0000,0.5559,0.9231,0.0000,Failing,0
failing_normal,4841,6.7333,0.6603,1.0000,0.5607,0.9237,0.0000,Failing,0
failing_normal,4842,6.7500,0.6567,1.0000,0.5652,0.9243,0.0000,Failing,0
failing_normal,4843,6.7667,0.6526,1.0000,0.5692,0.9250,0.0000,Failing,0
failing_normal,4844,6.7833,0.6480,1.0000,0.5729,0.9256,0.0000,Failing,0
failing_normal,4845,6.8000,0.6431,1.0000,0.5762,0.9262,0.0000,Failing,0
failing_normal,4846,6.8167,0.6377,1.0000,0.5790,0.9268,0.0000,Failing,0
failing_normal,4847,6.8333,0.6320,1.0000,0.5815,0.9274,0.0000,Failing,0
failing_normal,4848,6.8500,0.6259,1.0000,0.5836,0.9280,0.0000,Failing,0
failing_normal,4849,6.8667,0.6194,1.0000,0.5852,0.9286,0.0000,Failing,0
failing_normal,4850,6.8833,0.6127,1.0000,0.5865,0.9292,0.0000,Failing,0
failing_normal,4851,6.9000,0.6056,1.0000,0.5874,0.9298,0.0000,Failing,0
failing_normal,4852,6.9167,0.5984,1.0000,0.5879,0.9304,0.0000,Failing,0
failing_normal,4853,6.9333,0.5908,1.0000,0.5880,0.9310,0.0000,Failing,0
failing_normal,4854,6.9500,0.5831,1.0000,0.5878,0.9315,0.0000,Failing,0
failing_normal,4855,6.9667,0.5752,1.0000,0.5872,0.9321,0.0000,Failing,0
failing_normal,4856,6.9833,0.5671,1.0000,0.5863,0.9327,0.0000,Failing,0
failing_normal,4857,7.0000,0.5589,1.0000,0.5850,0.9332,0.0000,Failing,0
failing_normal,4858,7.0167,0.5506,1.0000,0.5834,0.9338,0.0000,Failing,0
failing_normal,4859,7.0333,0.5422,1.0000,0.5815,0.9343,0.0000,Failing,0
failing_normal,4860,7.0500,0.5338,1.0000,0.5793,0.9349,0.0000,Failing,0
failing_normal,4861,7.0667,0.5254,1.0000,0.5768,0.9354,0.0000,Failing,0
failing_normal,4862,7.0833,0.5170,1.0000,0.5740,0.9359,0.0000,Failing,0
failing_normal,4863,7.1000,0.5086,1.0000,0.5710,0.9365,0.0000,Failing,0
failing_normal,4864,7.1167,0.5002,1.0000,0.5677,0.9370,0.0000,Failing,0
failing_normal,4865,7.1333,0.4919,1.0000,0.5641,0.9375,0.0000,Failing,0
failing_normal,4866,7.1500,0.4838,1.0000,0.5604,0.9380,0.0000,Failing,0
failing_normal,4867,7.1667,0.4757,1.0000,0.5565,0.9386,0.0000,Failing,0
failing_normal,4868,7.1833,0.4678,1.0000,0.5523,0.9391,0.0000,Failing,0
failing_normal,4869,7.2000,0.4601,1.0000,0.5481,0.9396,0.0001,Failing,0
failing_normal,4870,7.2167,0.4525,1.0000,0.5436,0.9401,0.0007,Failing,0
failing_normal,4871,7.2333,0.4452,1.0000,0.5390,0.9406,0.0021,Failing,0
failing_normal,4872,7.2500,0.4381,1.0000,0.5343,0.9411,0.0042,Failing,0
failing_normal,4873,7.2667,0.4312,1.0000,0.5295,0.9416,0.0071,Failing,0
failing_normal,4874,7.2833,0.4246,1.0000,0.5247,0.9420,0.0109,Failing,0
failing_normal,4875,7.3000,0.4182,0.9994,0.5197,0.9425,0.0154,Failing,0
failing_normal,4876,7.3167,0.4121,1.0000,0.5147,0.9430,0.0207,Failing,0
failing_normal,4877,7.3333,0.4063,0.9957,0.5097,0.9434,0.0268,Failing,0
failing_normal,4878,7.3500,0.4009,0.9777,0.5046,0.9437,0.0337,Failing,0
failing_normal,4879,7.3667,0.3957,0.9881,0.4995,0.9441,0.0413,Failing,0
failing_normal,4880,7.3833,0.3908,0.9877,0.4945,0.9444,0.0495,Failing,0
failing_normal,4881,7.4000,0.3863,0.9653,0.4895,0.9446,0.0584,Failing,0
failing_normal,4882,7.4167,0.3821,0.9660,0.4845,0.9448,0.0678,Failing,0
failing_normal,4883,7.4333,0.3783,0.9775,0.4795,0.9451,0.0777,Failing,0
failing_normal,4884,7.4500,0.3748,0.9611,0.4747,0.9452,0.0880,Failing,0
failing_normal,4885,7.4667,0.3716,0.9493,0.4699,0.9452,0.0986,Failing,0
failing_normal,4886,7.4833,0.3688,0.9639,0.4652,0.9454,0.1095,Failing,0
failing_normal,4887,7.5000,0.3664,0.9610,0.4606,0.9455,0.1206,Failing,0
failing_normal,4888,7.5167,0.3643,0.9418,0.4561,0.9437,0.1316,Failing,0
failing_normal,4889,7.5333,0.3625,0.9493,0.4517,0.9437,0.1429,Failing,0
failing_normal,4890,7.5500,0.3610,0.9602,0.4475,0.9438,0.1541,Failing,0
failing_normal,4891,7.5667,0.3600,0.9434,0.4435,0.9420,0.1649,Failing,0
failing_normal,4892,7.5833,0.3592,0.9385,0.4395,0.9401,0.1755,Failing,0
failing_normal,4893,7.6000,0.3588,0.9559,0.4358,0.9403,0.1862,Failing,0
failing_normal,4894,7.6167,0.3587,0.9507,0.4322,0.9404,0.1967,Failing,0
failing_normal,4895,7.6333,0.3589,0.9357,0.4288,0.9385,0.2063,Failing,0
failing_normal,4896,7.6500,0.3594,0.9492,0.4256,0.9386,0.2160,Failing,0
failing_normal,4897,7.6667,0.3602,0.9584,0.4225,0.9388,0.2253,Failing,0
failing_normal,4898,7.6833,0.3613,0.9421,0.4197,0.9388,0.2341,Failing,0
failing_normal,4899,7.7000,0.3627,0.9441,0.4170,0.9389,0.2423,Failing,0
failing_normal,4900,7.7167,0.3643,0.9629,0.4146,0.9391,0.2501,Failing,0
failing_normal,4901,7.7333,0.3662,0.9553,0.4123,0.9392,0.2572,Failing,0
failing_normal,4902,7.7500,0.3684,0.9453,0.4103,0.9392,0.2637,Failing,0
failing_normal,4903,7.7667,0.3708,0.9635,0.4084,0.9394,0.2697,Failing,0
failing_normal,4904,7.7833,0.3734,0.9701,0.4068,0.9397,0.2750,Failing,0
failing_normal,4905,7.8000,0.3763,0.9551,0.4054,0.9398,0.2797,Failing,0
failing_normal,4906,7.8167,0.3794,0.9635,0.4042,0.9400,0.2837,Failing,0
failing_normal,4907,7.8333,0.3826,0.9818,0.4032,0.9404,0.2871,Failing,0
failing_normal,4908,7.8500,0.3860,0.9721,0.4024,0.9406,0.2898,Failing,0
failing_normal,4909,7.8667,0.3896,0.9674,0.4018,0.9408,0.2918,Failing,0
failing_normal,4910,7.8833,0.3934,0.9887,0.4014,0.9412,0.2932,Failing,0
failing_normal,4911,7.9000,0.3973,0.9917,0.4012,0.9417,0.2939,Failing,0
failing_normal,4912,7.9167,0.4014,0.9788,0.4012,0.9420,0.2940,Failing,0
failing_normal,4913,7.9333,0.4055,0.9926,0.4014,0.9424,0.2940,Failing,0
failing_normal,4914,7.9500,0.4098,1.0000,0.4018,0.9429,0.2940,Failing,0
failing_normal,4915,7.9667,0.4142,0.9973,0.4024,0.9433,0.2940,Failing,0
failing_normal,4916,7.9833,0.4187,0.9981,0.4031,0.9438,0.2940,Failing,0
failing_normal,4917,8.0000,0.4232,1.0000,0.4041,0.9442,0.2940,Failing,0
failing_normal,4918,8.0167,0.4278,1.0000,0.4052,0.9447,0.2940,Failing,0
failing_normal,4919,8.0333,0.4325,1.0000,0.4065,0.9452,0.2940,Failing,0
failing_normal,4920,8.0500,0.4372,1.0000,0.4079,0.9456,0.2940,Failing,0
failing_normal,4921,8.0667,0.4420,1.0000,0.4095,0.9461,0.2940,Failing,0
failing_normal,4922,8.0833,0.4468,1.0000,0.4112,0.9465,0.2940,Failing,0
failing_normal,4923,8.1000,0.4516,1.0000,0.4131,0.9470,0.2940,Failing,0
failing_normal,4924,8.1167,0.4564,1.0000,0.4151,0.9474,0.2940,Failing,0
failing_normal,4925,8.1333,0.4612,1.0000,0.4172,0.9478,0.2940,Failing,0
failing_normal,4926,8.1500,0.4660,1.0000,0.4195,0.9483,0.2940,Failing,0
failing_normal,4927,8.1667,0.4708,1.0000,0.4219,0.9487,0.2940,Failing,0
failing_normal,4928,8.1833,0.4756,1.0000,0.4244,0.9491,0.2940,Failing,0
failing_normal,4929,8.2000,0.4803,1.0000,0.4270,0.9496,0.2940,Failing,0
failing_normal,4930,8.2167,0.4850,1.0000,0.4297,0.9500,0.2940,Failing,0
failing_normal,4931,8.2333,0.4896,1.0000,0.4325,0.9504,0.2940,Failing,0
failing_normal,4932,8.2500,0.4942,1.0000,0.4353,0.9508,0.2940,Failing,0
failing_normal,4933,8.2667,0.4987,1.0000,0.4383,0.9512,0.2940,Failing,0
failing_normal,4934,8.2833,0.5031,1.0000,0.4413,0.9516,0.2940,Failing,0
failing_normal,4935,8.3000,0.5074,1.0000,0.4444,0.9520,0.2940,Failing,0
failing_normal,4936,8.3167,0.5117,1.0000,0.4475,0.9524,0.2940,Failing,0
failing_normal,4937,8.3333,0.5159,1.0000,0.4507,0.9528,0.2940,Failing,0
failing_normal,4938,8.3500,0.5199,1.0000,0.4539,0.9532,0.2940,Failing,0
failing_normal,4939,8.3667,0.5239,1.0000,0.4572,0.9536,0.2940,Failing,0
failing_normal,4940,8.3833,0.5278,1.0000,0.4604,0.9540,0.2940,Failing,0
failing_normal,4941,8.4000,0.5315,1.0000,0.4637,0.9544,0.2940,Failing,0
failing_normal,4942,8.4167,0.5351,1.0000,0.4671,0.9547,0.2940,Failing,0
failing_normal,4943,8.4333,0.5386,1.0000,0.4704,0.9551,0.2940,Failing,0
failing_normal,4944,8.4500,0.5419,1.0000,0.4737,0.9555,0.2940,Failing,0
failing_normal,4945,8.4667,0.5451,1.0000,0.4770,0.9558,0.2940,Failing,0
failing_normal,4946,8.4833,0.5481,1.0000,0.4803,0.9562,0.2940,Failing,0
failing_normal,4947,8.5000,0.5510,1.0000,0.4836,0.9566,0.2940,Failing,0
failing_normal,4948,8.5167,0.5537,1.0000,0.4869,0.9569,0.2607,Failing,0
failing_normal,4949,8.5333,0.5562,1.0000,0.4901,0.9573,0.2274,Failing,0
failing_normal,4950,8.5500,0.5586,1.0000,0.4933,0.9576,0.1940,Failing,0
failing_normal,4951,8.5667,0.5608,1.0000,0.4964,0.9580,0.1607,Failing,0
failing_normal,4952,8.5833,0.5628,1.0000,0.4995,0.9583,0.1274,Failing,0
failing_normal,4953,8.6000,0.5646,1.0000,0.5025,0.9587,0.0940,Failing,0
failing_normal,4954,8.6167,0.5661,1.0000,0.5055,0.9590,0.0607,Failing,0
failing_normal,4955,8.6333,0.5675,1.0000,0.5084,0.9594,0.0290,Failing,0
failing_normal,4956,8.6500,0.5687,1.0000,0.5112,0.9597,0.0254,Failing,0
failing_normal,4957,8.6667,0.5697,1.0000,0.5139,0.9600,0.0220,Failing,0
failing_normal,4958,8.6833,0.5704,1.0000,0.5165,0.9604,0.0190,Failing,0
failing_normal,4959,8.7000,0.5710,1.0000,0.5191,0.9607,0.0163,Failing,0
failing_normal,4960,8.7167,0.5712,1.0000,0.5215,0.9610,0.0139,Failing,0
failing_normal,4961,8.7333,0.5713,1.0000,0.5238,0.9614,0.0118,Failing,0
failing_normal,4962,8.7500,0.5711,1.0000,0.5260,0.9617,0.0100,Failing,0
failing_normal,4963,8.7667,0.5707,1.0000,0.5281,0.9620,0.0083,Failing,0
failing_normal,4964,8.7833,0.5700,1.0000,0.5300,0.9623,0.0070,Failing,0
failing_normal,4965,8.8000,0.5691,1.0000,0.5319,0.9626,0.0058,Failing,0
failing_normal,4966,8.8167,0.5679,1.0000,0.5335,0.9629,0.0048,Failing,0
failing_normal,4967,8.8333,0.5665,1.0000,0.5351,0.9632,0.0039,Failing,0
failing_normal,4968,8.8500,0.5648,1.0000,0.5364,0.9635,0.0032,Failing,0
failing_normal,4969,8.8667,0.5628,1.0000,0.5377,0.9639,0.0027,Failing,0
failing_normal,4970,8.8833,0.5606,1.0000,0.5387,0.9642,0.0023,Failing,0
failing_normal,4971,8.9000,0.5581,1.0000,0.5396,0.9644,0.0019,Failing,0
failing_normal,4972,8.9167,0.5554,1.0000,0.5404,0.9647,0.0017,Failing,0
failing_normal,4973,8.9333,0.5524,1.0000,0.5409,0.9650,0.0015,Failing,0
failing_normal,4974,8.9500,0.5491,1.0000,0.5413,0.9653,0.0013,Failing,0
failing_normal,4975,8.9667,0.5456,1.0000,0.5415,0.9656,0.0013,Failing,0
failing_normal,4976,8.9833,0.5419,1.0000,0.5415,0.9659,0.0013,Failing,0
failing_normal,4977,9.0000,0.5379,1.0000,0.5414,0.9662,0.0013,Failing,0
failing_normal,4978,9.0167,0.5336,1.0000,0.5410,0.9665,0.0014,Failing,0
failing_normal,4979,9.0333,0.5291,1.0000,0.5404,0.9667,0.0016,Failing,0
failing_normal,4980,9.0500,0.5244,1.0000,0.5397,0.9670,0.0019,Failing,0
failing_normal,4981,9.0667,0.5195,1.0000,0.5388,0.9673,0.0023,Failing,0
failing_normal,4982,9.0833,0.5143,1.0000,0.5376,0.9676,0.0027,Failing,0
failing_normal,4983,9.1000,0.5089,1.0000,0.5363,0.9678,0.0033,Failing,0
failing_normal,4984,9.1167,0.5034,1.0000,0.5348,0.9681,0.0041,Failing,0
failing_normal,4985,9.1333,0.4976,1.0000,0.5330,0.9684,0.0051,Failing,0
failing_normal,4986,9.1500,0.4917,1.0000,0.5311,0.9686,0.0063,Failing,0
failing_normal,4987,9.1667,0.4856,1.0000,0.5290,0.9689,0.0077,Failing,0
failing_normal,4988,9.1833,0.4793,1.0000,0.5267,0.9691,0.0095,Failing,0
failing_normal,4989,9.2000,0.4729,1.0000,0.5242,0.9694,0.0116,Failing,0
failing_normal,4990,9.2167,0.4664,1.0000,0.5215,0.9697,0.0141,Failing,0
failing_normal,4991,9.2333,0.4598,1.0000,0.5186,0.9699,0.0170,Failing,0
failing_normal,4992,9.2500,0.4531,1.0000,0.5156,0.9702,0.0203,Failing,0
failing_normal,4993,9.2667,0.4463,1.0000,0.5123,0.9704,0.0242,Failing,0
failing_normal,4994,9.2833,0.4394,1.0000,0.5090,0.9706,0.0286,Failing,0
failing_normal,4995,9.3000,0.4325,1.0000,0.5054,0.9709,0.0335,Failing,0
failing_normal,4996,9.3167,0.4256,1.0000,0.5017,0.9711,0.0391,Failing,0
failing_normal,4997,9.3333,0.4187,1.0000,0.4978,0.9714,0.0453,Failing,0
failing_normal,4998,9.3500,0.4118,0.9890,0.4938,0.9715,0.0521,Failing,0
failing_normal,4999,9.3667,0.4050,0.9988,0.4897,0.9717,0.0596,Failing,0
failing_normal,5000,9.3833,0.3982,0.9940,0.4854,0.9719,0.0678,Failing,0
failing_normal,5001,9.4000,0.3915,0.9696,0.4811,0.9700,0.0765,Failing,0
failing_normal,5002,9.4167,0.3849,0.9702,0.4766,0.9700,0.0860,Failing,0
failing_normal,5003,9.4333,0.3784,0.9777,0.4720,0.9700,0.0962,Failing,0
failing_normal,5004,9.4500,0.3721,0.9569,0.4674,0.9681,0.1068,Failing,0
failing_normal,5005,9.4667,0.3659,0.9443,0.4627,0.9661,0.1181,Failing,0
failing_normal,5006,9.4833,0.3600,0.9561,0.4579,0.9642,0.1298,Failing,0
failing_normal,5007,9.5000,0.3542,0.9476,0.4531,0.9623,0.1421,Failing,0
failing_normal,5008,9.5167,0.3487,0.9257,0.4482,0.9603,0.1549,Failing,0
failing_normal,5009,9.5333,0.3434,0.9317,0.4433,0.9584,0.1681,Failing,0
failing_normal,5010,9.5500,0.3384,0.9372,0.4385,0.9565,0.1816,Failing,0
failing_normal,5011,9.5667,0.3337,0.9158,0.4336,0.9546,0.1955,Failing,0
failing_normal,5012,9.5833,0.3293,0.9096,0.4287,0.9527,0.2096,Failing,0
failing_normal,5013,9.6000,0.3253,0.9232,0.4239,0.9508,0.2238,Failing,0
failing_normal,5014,9.6167,0.3216,0.9122,0.4192,0.9489,0.2381,Failing,0
failing_normal,5015,9.6333,0.3183,0.8950,0.4145,0.9471,0.2525,Failing,0
failing_normal,5016,9.6500,0.3154,0.9067,0.4099,0.9452,0.2667,Failing,0
failing_normal,5017,9.6667,0.3128,0.9104,0.4054,0.9433,0.2808,Failing,0
failing_normal,5018,9.6833,0.3107,0.8905,0.4010,0.9415,0.2947,Failing,0
failing_normal,5019,9.7000,0.3091,0.8918,0.3967,0.9397,0.3083,Failing,0
failing_normal,5020,9.7167,0.3078,0.9068,0.3926,0.9378,0.3215,Failing,0
failing_normal,5021,9.7333,0.3071,0.8946,0.3886,0.9360,0.3342,Failing,0
failing_normal,5022,9.7500,0.3068,0.8840,0.3848,0.9342,0.3465,Failing,0
failing_normal,5023,9.7667,0.3070,0.9010,0.3812,0.9323,0.3581,Failing,0
failing_normal,5024,9.7833,0.3076,0.9032,0.3777,0.9305,0.3691,Failing,0
failing_normal,5025,9.8000,0.3088,0.8868,0.3745,0.9287,0.3794,Failing,0
failing_normal,5026,9.8167,0.3104,0.8960,0.3716,0.9269,0.3888,Failing,0
failing_normal,5027,9.8333,0.3126,0.9118,0.3688,0.9252,0.3975,Failing,0
failing_normal,5028,9.8500,0.3152,0.8998,0.3663,0.9234,0.4053,Failing,0
failing_normal,5029,9.8667,0.3183,0.8969,0.3641,0.9216,0.4122,Failing,0
failing_normal,5030,9.8833,0.3220,0.9183,0.3621,0.9198,0.4181,Failing,0
failing_normal,5031,9.9000,0.3261,0.9192,0.3605,0.9181,0.4231,Failing,0
failing_normal,5032,9.9167,0.3307,0.9077,0.3591,0.9163,0.4270,Failing,0
failing_normal,5033,9.9333,0.3358,0.9244,0.3580,0.9164,0.4308,Failing,0
failing_normal,5034,9.9500,0.3414,0.9401,0.3572,0.9166,0.4335,Failing,0
failing_normal,5035,9.9667,0.3474,0.9292,0.3568,0.9167,0.4351,Failing,0
failing_normal,5036,9.9833,0.3539,0.9344,0.3566,0.9168,0.4357,Failing,0
failing_normal,5037,10.0000,0.3607,0.9588,0.3568,0.9172,0.4357,Failing,0
failing_normal,5038,10.0167,0.3681,0.9583,0.3573,0.9175,0.4357,Failing,0
failing_normal,5039,10.0333,0.3758,0.9525,0.3582,0.9178,0.4357,Failing,0
failing_normal,5040,10.0500,0.3839,0.9755,0.3594,0.9183,0.4357,Failing,0
failing_normal,5041,10.0667,0.3923,0.9897,0.3609,0.9189,0.4357,Failing,0
failing_normal,5042,10.0833,0.4011,0.9807,0.3628,0.9194,0.4357,Failing,0
failing_normal,5043,10.1000,0.4102,0.9933,0.3650,0.9200,0.4357,Failing,0
failing_normal,5044,10.1167,0.4196,1.0000,0.3675,0.9207,0.4357,Failing,0
failing_normal,5045,10.1333,0.4293,1.0000,0.3704,0.9213,0.4357,Failing,0
failing_normal,5046,10.1500,0.4392,1.0000,0.3736,0.9220,0.4357,Failing,0
failing_normal,5047,10.1667,0.4493,1.0000,0.3771,0.9226,0.4357,Failing,0
failing_normal,5048,10.1833,0.4596,1.0000,0.3810,0.9233,0.4357,Failing,0
failing_normal,5049,10.2000,0.4701,1.0000,0.3851,0.9239,0.4357,Failing,0
failing_normal,5050,10.2167,0.4807,1.0000,0.3896,0.9246,0.4357,Failing,0
failing_normal,5051,10.2333,0.4913,1.0000,0.3943,0.9252,0.4357,Failing,0
failing_normal,5052,10.2500,0.5020,1.0000,0.3993,0.9258,0.4357,Failing,0
failing_normal,5053,10.2667,0.5128,1.0000,0.4046,0.9264,0.4357,Failing,0
failing_normal,5054,10.2833,0.5235,1.0000,0.4101,0.9270,0.4357,Failing,0
failing_normal,5055,10.3000,0.5342,1.0000,0.4159,0.9276,0.4357,Failing,0
failing_normal,5056,10.3167,0.5448,1.0000,0.4219,0.9282,0.4357,Failing,0
failing_normal,5057,10.3333,0.5553,1.0000,0.4281,0.9288,0.4357,Failing,0
failing_normal,5058,10.3500,0.5657,1.0000,0.4345,0.9294,0.4357,Failing,0
failing_normal,5059,10.3667,0.5759,1.0000,0.4411,0.9300,0.4357,Failing,0
failing_normal,5060,10.3833,0.5858,1.0000,0.4478,0.9306,0.4357,Failing,0
failing_normal,5061,10.4000,0.5956,1.0000,0.4547,0.9312,0.4357,Failing,0
failing_normal,5062,10.4167,0.6051,1.0000,0.4617,0.9317,0.4357,Failing,0
failing_normal,5063,10.4333,0.6142,1.0000,0.4687,0.9323,0.4357,Failing,0
failing_normal,5064,10.4500,0.6231,1.0000,0.4759,0.9329,0.4357,Failing,0
failing_normal,5065,10.4667,0.6315,1.0000,0.4832,0.9334,0.4357,Failing,0
failing_normal,5066,10.4833,0.6396,1.0000,0.4904,0.9340,0.4357,Failing,0
failing_normal,5067,10.5000,0.6473,1.0000,0.4977,0.9345,0.4357,Failing,0
failing_normal,5068,10.5167,0.0327,0.6318,0.4761,0.9327,0.4357,Failing,0
failing_normal,5069,10.5333,0.0331,0.6200,0.4555,0.9309,0.4357,Failing,0
failing_normal,5070,10.5500,0.0334,0.6108,0.4359,0.9291,0.4357,Failing,0
failing_normal,5071,10.5667,0.0337,0.6282,0.4172,0.9273,0.4357,Failing,0
failing_normal,5072,10.5833,0.0339,0.6291,0.3993,0.9255,0.4023,Failing,0
failing_normal,5073,10.6000,0.0342,0.6119,0.3824,0.9237,0.3690,Failing,0
failing_normal,5074,10.6167,0.0344,0.6206,0.3662,0.9220,0.4023,Failing,0
failing_normal,5075,10.6333,0.0345,0.6337,0.3508,0.9202,0.4357,Failing,0
failing_normal,5076,10.6500,0.0347,0.6187,0.3361,0.9184,0.4690,Failing,0
failing_normal,5077,10.6667,0.0348,0.6137,0.3220,0.9167,0.5023,Failing,0
failing_normal,5078,10.6833,0.0349,0.6316,0.3087,0.9149,0.5357,Failing,0
failing_normal,5079,10.7000,0.0349,0.6275,0.2960,0.9132,0.5690,Failing,0
failing_normal,5080,10.7167,0.0350,0.6118,0.2838,0.9115,0.6023,Failing,0
failing_normal,5081,10.7333,0.0350,0.6242,0.2723,0.9097,0.6357,Failing,0
failing_normal,5082,10.7500,0.0349,0.6334,0.2612,0.9080,0.6690,Failing,0
failing_normal,5083,10.7667,0.0348,0.6162,0.2507,0.9063,0.7023,Failing,0
failing_normal,5084,10.7833,0.0347,0.6157,0.2406,0.9046,0.7357,Failing,0
failing_normal,5085,10.8000,0.0346,0.6329,0.2311,0.9029,0.7690,Failing,0
failing_normal,5086,10.8167,0.0344,0.6241,0.2219,0.9012,0.8023,Failing,0
failing_normal,5087,10.8333,0.0342,0.6111,0.2132,0.8995,0.8357,Failing,0
failing_normal,5088,10.8500,0.0340,0.6262,0.2049,0.8978,0.8518,Failing,0
failing_normal,5089,10.8667,0.0338,0.6308,0.1969,0.8961,0.8621,Failing,0
failing_normal,5090,10.8833,0.0335,0.6126,0.1893,0.8945,0.8703,Failing,0
failing_normal,5091,10.9000,0.0332,0.6168,0.1820,0.8928,0.8765,Failing,0
failing_normal,5092,10.9167,0.0328,0.6320,0.1751,0.8911,0.8811,Failing,0
failing_normal,5093,10.9333,0.0325,0.6191,0.1685,0.8895,0.8840,Failing,0
failing_normal,5094,10.9500,0.0321,0.6097,0.1621,0.8878,0.8854,Failing,0
failing_normal,5095,10.9667,0.0317,0.6265,0.1561,0.8862,0.8856,Failing,0
failing_normal,5096,10.9833,0.0313,0.6262,0.1503,0.8846,0.8856,Failing,0
failing_normal,5097,11.0000,0.0308,0.6084,0.1447,0.8829,0.8856,Failing,0
failing_normal,5098,11.0167,0.0304,0.6169,0.1394,0.8813,0.8856,Failing,0
failing_normal,5099,11.0333,0.0299,0.6290,0.1343,0.8797,0.8856,Failing,0
failing_normal,5100,11.0500,0.0294,0.6131,0.1294,0.8781,0.8856,Failing,0
failing_normal,5101,11.0667,0.0289,0.6079,0.1247,0.8765,0.8856,Failing,0
failing_normal,5102,11.0833,0.0283,0.6253,0.1203,0.8749,0.8856,Failing,0
failing_normal,5103,11.1000,0.0278,0.6201,0.1160,0.8733,0.8856,Failing,0
failing_normal,5104,11.1167,0.0273,0.6041,0.1118,0.8717,0.8856,Failing,0
failing_normal,5105,11.1333,0.0267,0.6162,0.1079,0.8701,0.8856,Failing,0
failing_normal,5106,11.1500,0.0261,0.6245,0.1041,0.8686,0.8856,Failing,0
failing_normal,5107,11.1667,0.0256,0.6067,0.1004,0.8670,0.8856,Failing,0
failing_normal,5108,11.1833,0.0250,0.6063,0.0969,0.8654,0.8856,Failing,0
failing_normal,5109,11.2000,0.0245,0.6229,0.0936,0.8639,0.8856,Failing,0
failing_normal,5110,11.2167,0.0239,0.6132,0.0903,0.8623,0.8856,Failing,0
failing_normal,5111,11.2333,0.0233,0.6002,0.0872,0.8608,0.8856,Failing,0
failing_normal,5112,11.2500,0.0228,0.6152,0.0842,0.8592,0.8856,Failing,0
failing_normal,5113,11.2667,0.0222,0.6191,0.0813,0.8577,0.8856,Failing,0
failing_normal,5114,11.2833,0.0217,0.6007,0.0785,0.8562,0.8856,Failing,0
failing_normal,5115,11.3000,0.0212,0.6050,0.0759,0.8547,0.8856,Failing,0
failing_normal,5116,11.3167,0.0206,0.6198,0.0733,0.8531,0.8856,Failing,0
failing_normal,5117,11.3333,0.0201,0.6064,0.0708,0.8516,0.8856,Failing,0
failing_normal,5118,11.3500,0.0196,0.5973,0.0685,0.8501,0.8856,Failing,0
failing_normal,5119,11.3667,0.0192,0.6142,0.0662,0.8486,0.8856,Failing,0
failing_normal,5120,11.3833,0.0187,0.6133,0.0640,0.8471,0.8856,Failing,0
failing_normal,5121,11.4000,0.0183,0.5958,0.0618,0.8456,0.8856,Failing,0
failing_normal,5122,11.4167,0.0178,0.6046,0.0598,0.8441,0.8856,Failing,0
failing_normal,5123,11.4333,0.0174,0.6166,0.0578,0.8426,0.8856,Failing,0
failing_normal,5124,11.4500,0.0170,0.6005,0.0559,0.8412,0.8856,Failing,0
failing_normal,5125,11.4667,0.0167,0.5960,0.0541,0.8397,0.8856,Failing,0
failing_normal,5126,11.4833,0.0164,0.6135,0.0523,0.8382,0.8856,Failing,0
failing_normal,5127,11.5000,0.0160,0.6080,0.0507,0.8368,0.8856,Failing,0
failing_normal,5128,11.5167,0.0158,0.5925,0.0490,0.8353,0.8856,Failing,0
failing_normal,5129,11.5333,0.0155,0.6053,0.0475,0.8339,0.8856,Failing,0
failing_normal,5130,11.5500,0.0153,0.6135,0.0460,0.8324,0.8856,Failing,0
failing_normal,5131,11.5667,0.0151,0.5959,0.0445,0.8310,0.8523,Failing,0
failing_normal,5132,11.5833,0.2974,0.8789,0.0563,0.8314,0.8314,Failing,0
failing_normal,5133,11.6000,0.2943,0.8929,0.0674,0.8319,0.8319,Failing,0
failing_normal,5134,11.6167,0.2918,0.8808,0.0778,0.8323,0.8323,Failing,0
failing_normal,5135,11.6333,0.2898,0.8667,0.0877,0.8326,0.8326,Failing,0
failing_normal,5136,11.6500,0.2884,0.8811,0.0970,0.8330,0.8330,Failing,0
failing_normal,5137,11.6667,0.2875,0.8841,0.1059,0.8334,0.8334,Failing,0
failing_normal,5138,11.6833,0.2871,0.8659,0.1143,0.8337,0.8337,Failing,0
failing_normal,5139,11.7000,0.2873,0.8714,0.1223,0.8340,0.8340,Failing,0
failing_normal,5140,11.7167,0.2880,0.8872,0.1300,0.8344,0.8344,Failing,0
failing_normal,5141,11.7333,0.2892,0.8752,0.1374,0.8348,0.8348,Failing,0
failing_normal,5142,11.7500,0.2909,0.8687,0.1446,0.8350,0.8350,Failing,0
failing_normal,5143,11.7667,0.2931,0.8884,0.1515,0.8355,0.8355,Failing,0
failing_normal,5144,11.7833,0.2958,0.8902,0.1582,0.8359,0.8355,Failing,0
failing_normal,5145,11.8000,0.2990,0.8764,0.1647,0.8363,0.8355,Failing,0
failing_normal,5146,11.8167,0.3026,0.8897,0.1711,0.8367,0.8355,Failing,0
failing_normal,5147,11.8333,0.3066,0.9057,0.1774,0.8373,0.8355,Failing,0
failing_normal,5148,11.8500,0.3111,0.8942,0.1837,0.8378,0.8355,Failing,0
failing_normal,5149,11.8667,0.3159,0.8954,0.1898,0.8382,0.8355,Failing,0
failing_normal,5150,11.8833,0.3211,0.9184,0.1959,0.8389,0.8355,Failing,0
failing_normal,5151,11.9000,0.3267,0.9184,0.2020,0.8396,0.8355,Failing,0
failing_normal,5152,11.9167,0.3326,0.9094,0.2081,0.8402,0.8355,Failing,0
failing_normal,5153,11.9333,0.3388,0.9289,0.2141,0.8409,0.8355,Failing,0
failing_normal,5154,11.9500,0.3453,0.9434,0.2202,0.8417,0.8355,Failing,0
failing_normal,5155,11.9667,0.3520,0.9326,0.2264,0.8425,0.8355,Failing,0
failing_normal,5156,11.9833,0.3590,0.9407,0.2325,0.8433,0.8355,Failing,0
failing_normal,5157,12.0000,0.3662,0.9648,0.2388,0.8443,0.8355,Failing,0
failing_normal_back,5158,0.0167,0.9612,1.0000,0.2723,0.8456,0.8355,Failing,0
failing_normal_back,5159,0.0333,0.9913,1.0000,0.3058,0.8469,0.8355,Failing,0
failing_normal_back,5160,0.0500,0.9930,1.0000,0.3377,0.8482,0.8355,Failing,0
failing_normal_back,5161,0.0667,0.9619,1.0000,0.3668,0.8494,0.8355,Failing,0
failing_normal_back,5162,0.0833,0.9765,1.0000,0.3951,0.8507,0.8355,Failing,0
failing_normal_back,5163,0.1000,0.9999,1.0000,0.4232,0.8519,0.8355,Failing,0
failing_normal_back,5164,0.1167,0.9732,1.0000,0.4488,0.8531,0.8355,Failing,0
failing_normal_back,5165,0.1333,0.9636,1.0000,0.4728,0.8544,0.8355,Failing,0
failing_normal_back,5166,0.1500,0.9953,1.0000,0.4971,0.8556,0.8355,Failing,0
failing_normal_back,5167,0.1667,0.9884,1.0000,0.5199,0.8568,0.8355,Failing,0
failing_normal_back,5168,0.1833,0.9603,1.0000,0.5404,0.8580,0.8355,Failing,0
failing_normal_back,5169,0.2000,0.9818,1.0000,0.5609,0.8591,0.8355,Failing,0
failing_normal_back,5170,0.2167,0.9988,1.0000,0.5813,0.8603,0.8355,Failing,0
failing_normal_back,5171,0.2333,0.9684,1.0000,0.5993,0.8615,0.8355,Failing,0
failing_normal_back,5172,0.2500,0.9673,1.0000,0.6164,0.8626,0.8355,Failing,0
failing_normal_back,5173,0.2667,0.9982,1.0000,0.6341,0.8638,0.8355,Failing,0
failing_normal_back,5174,0.2833,0.9833,1.0000,0.6504,0.8649,0.8355,Failing,0
failing_normal_back,5175,0.3000,0.9601,1.0000,0.6648,0.8660,0.8355,Failing,0
failing_normal_back,5176,0.3167,0.9871,1.0000,0.6798,0.8671,0.8355,Failing,0
failing_normal_back,5177,0.3333,0.9962,1.0000,0.6945,0.8682,0.8355,Failing,0
failing_normal_back,5178,0.3500,0.9645,1.0000,0.7070,0.8693,0.8355,Failing,0
failing_normal_back,5179,0.3667,0.9718,1.0000,0.7194,0.8704,0.8021,Failing,0
failing_normal_back,5180,0.3833,0.9998,1.0000,0.7324,0.8715,0.7688,Failing,0
failing_normal_back,5181,0.4000,0.9779,1.0000,0.7438,0.8725,0.7355,Failing,0
failing_normal_back,5182,0.4167,0.9613,1.0000,0.7539,0.8736,0.7021,Failing,0
failing_normal_back,5183,0.4333,0.9918,1.0000,0.7650,0.8746,0.6688,Failing,0
failing_normal_back,5184,0.4500,0.9925,1.0000,0.7756,0.8757,0.6355,Failing,0
failing_normal_back,5185,0.4667,0.9617,1.0000,0.7842,0.8767,0.6021,Failing,0
failing_normal_back,5186,0.4833,0.9770,1.0000,0.7932,0.8777,0.5688,Failing,0
failing_normal_back,5187,0.5000,0.9999,1.0000,0.8028,0.8788,0.5355,Failing,0
failing_normal_back,5188,0.5167,0.9727,1.0000,0.8107,0.8798,0.5021,Failing,0
failing_normal_back,5189,0.5333,0.9639,1.0000,0.8178,0.8808,0.4688,Failing,0
failing_normal_back,5190,0.5500,0.9957,1.0000,0.8261,0.8817,0.4355,Failing,0
failing_normal_back,5191,0.5667,0.9879,1.0000,0.8336,0.8827,0.4021,Failing,0
failing_normal_back,5192,0.5833,0.9602,1.0000,0.8395,0.8837,0.3688,Failing,0
failing_normal_back,5193,0.6000,0.9824,1.0000,0.8462,0.8847,0.3355,Failing,0
failing_normal_back,5194,0.6167,0.9986,1.0000,0.8532,0.8856,0.3021,Failing,0
failing_normal_back,5195,0.6333,0.9680,1.0000,0.8586,0.8866,0.2688,Failing,0
failing_normal_back,5196,0.6500,0.9677,1.0000,0.8637,0.8875,0.2355,Failing,0
failing_normal_back,5197,0.6667,0.9984,1.0000,0.8699,0.8884,0.2021,Failing,0
failing_normal_back,5198,0.6833,0.9828,1.0000,0.8752,0.8894,0.1688,Failing,0
failing_normal_back,5199,0.7000,0.9602,1.0000,0.8791,0.8903,0.1355,Failing,0
failing_normal_back,5200,0.7167,0.9876,1.0000,0.8842,0.8912,0.1021,Failing,0
failing_normal_back,5201,0.7333,0.9959,1.0000,0.8894,0.8921,0.0688,Failing,0
failing_normal_back,5202,0.7500,0.9642,1.0000,0.8928,0.8930,0.0355,Failing,0
failing_normal_back,5203,0.7667,0.9723,1.0000,0.8965,0.8939,0.0021,Failing,0
failing_normal_back,5204,0.7833,0.9998,1.0000,0.9013,0.8948,0.0000,Failing,0
failing_normal_back,5205,0.8000,0.9774,1.0000,0.9049,0.8956,0.0000,Failing,0
failing_normal_back,5206,0.8167,0.9615,1.0000,0.9075,0.8965,0.0000,Failing,0
failing_normal_back,5207,0.8333,0.9922,1.0000,0.9114,0.8974,0.0000,Failing,0
failing_normal_back,5208,0.8500,0.9921,1.0000,0.9152,0.8982,0.0000,Steady,0
failing_normal_back,5209,0.8667,0.9615,1.0000,0.9174,0.8991,0.0000,Steady,0
failing_normal_back,5210,0.8833,0.9775,1.0000,0.9201,0.8999,0.0000,Steady,0
failing_normal_back,5211,0.9000,0.9998,1.0000,0.9239,0.9007,0.0000,Steady,0
failing_normal_back,5212,0.9167,0.9722,1.0000,0.9261,0.9016,0.0000,Steady,0
failing_normal_back,5213,0.9333,0.9643,1.0000,0.9279,0.9024,0.0000,Steady,0
failing_normal_back,5214,0.9500,0.9960,1.0000,0.9310,0.9032,0.0000,Steady,0
failing_normal_back,5215,0.9667,0.9874,1.0000,0.9337,0.9040,0.0000,Steady,0
failing_normal_back,5216,0.9833,0.9601,1.0000,0.9349,0.9048,0.0000,Steady,0
failing_normal_back,5217,1.0000,0.9829,1.0000,0.9371,0.9056,0.0000,Steady,0
failing_normal_back,5218,1.0167,0.9984,1.0000,0.9400,0.9064,0.0000,Steady,0
failing_normal_back,5219,1.0333,0.9676,1.0000,0.9413,0.9071,0.0000,Steady,0
failing_normal_back,5220,1.0500,0.9681,1.0000,0.9425,0.9079,0.0000,Steady,0
failing_normal_back,5221,1.0667,0.9986,1.0000,0.9451,0.9087,0.0000,Steady,0
failing_normal_back,5222,1.0833,0.9822,1.0000,0.9468,0.9094,0.0000,Steady,0
failing_normal_back,5223,1.1000,0.9602,1.0000,0.9475,0.9102,0.0000,Steady,0
failing_normal_back,5224,1.1167,0.9881,1.0000,0.9494,0.9109,0.0000,Steady,0
failing_normal_back,5225,1.1333,0.9956,1.0000,0.9515,0.9117,0.0000,Steady,0
failing_normal_back,5226,1.1500,0.9638,1.0000,0.9521,0.9124,0.0000,Steady,0
failing_normal_back,5227,1.1667,0.9728,1.0000,0.9530,0.9131,0.0000,Steady,0
failing_normal_back,5228,1.1833,0.9999,1.0000,0.9552,0.9138,0.0000,Steady,0
failing_normal_back,5229,1.2000,0.9768,1.0000,0.9562,0.9146,0.0000,Steady,0
failing_normal_back,5230,1.2167,0.9618,1.0000,0.9565,0.9153,0.0000,Steady,0
failing_normal_back,5231,1.2333,0.9926,1.0000,0.9582,0.9160,0.0000,Steady,0
failing_normal_back,5232,1.2500,0.9917,1.0000,0.9597,0.9167,0.0000,Steady,0
failing_normal_back,5233,1.2667,0.9613,1.0000,0.9598,0.9174,0.0000,Steady,0
failing_normal_back,5234,1.2833,0.9781,1.0000,0.9606,0.9180,0.0000,Steady,0
failing_normal_back,5235,1.3000,0.9997,1.0000,0.9625,0.9187,0.0000,Steady,0
failing_normal_back,5236,1.3167,0.9717,1.0000,0.9629,0.9194,0.0000,Steady,0
failing_normal_back,5237,1.3333,0.9646,1.0000,0.9630,0.9201,0.0000,Steady,0
failing_normal_back,5238,1.3500,0.9963,1.0000,0.9645,0.9207,0.0000,Steady,0
failing_normal_back,5239,1.3667,0.9869,1.0000,0.9656,0.9214,0.0000,Steady,0
failing_normal_back,5240,1.3833,0.9601,1.0000,0.9653,0.9220,0.0000,Steady,0
failing_normal_back,5241,1.4000,0.9834,1.0000,0.9662,0.9227,0.0000,Steady,0
failing_normal_back,5242,1.4167,0.9981,1.0000,0.9676,0.9233,0.0000,Steady,0
failing_normal_back,5243,1.4333,0.9671,1.0000,0.9676,0.9240,0.0000,Steady,0
failing_normal_back,5244,1.4500,0.9686,1.0000,0.9677,0.9246,0.0000,Steady,0
failing_normal_back,5245,1.4667,0.9988,1.0000,0.9691,0.9252,0.0000,Steady,0
failing_normal_back,5246,1.4833,0.9817,1.0000,0.9697,0.9258,0.0000,Steady,0
failing_normal_back,5247,1.5000,0.9603,1.0000,0.9693,0.9265,0.0000,Steady,0
failing_normal_back,5248,1.5167,0.9886,1.0000,0.9702,0.9271,0.0000,Steady,0
failing_normal_back,5249,1.5333,0.9952,1.0000,0.9713,0.9277,0.0000,Steady,0
failing_normal_back,5250,1.5500,0.9635,1.0000,0.9710,0.9283,0.0000,Steady,0
failing_normal_back,5251,1.5667,0.9733,1.0000,0.9711,0.9289,0.0000,Steady,0
failing_normal_back,5252,1.5833,0.9999,1.0000,0.9724,0.9295,0.0000,Steady,0
failing_normal_back,5253,1.6000,0.9763,1.0000,0.9726,0.9300,0.0000,Steady,0
failing_normal_back,5254,1.6167,0.9620,1.0000,0.9721,0.9306,0.0000,Steady,0
failing_normal_back,5255,1.6333,0.9931,1.0000,0.9731,0.9312,0.0000,Steady,0
failing_normal_back,5256,1.6500,0.9912,1.0000,0.9739,0.9318,0.0000,Steady,0
failing_normal_back,5257,1.6667,0.9611,1.0000,0.9733,0.9323,0.0000,Steady,0
failing_normal_back,5258,1.6833,0.9786,1.0000,0.9736,0.9329,0.0000,Steady,0
failing_normal_back,5259,1.7000,0.9996,1.0000,0.9748,0.9335,0.0000,Steady,0
failing_normal_back,5260,1.7167,0.9712,1.0000,0.9746,0.9340,0.0000,Steady,0
failing_normal_back,5261,1.7333,0.9649,1.0000,0.9742,0.9346,0.0000,Steady,0
failing_normal_back,5262,1.7500,0.9966,1.0000,0.9752,0.9351,0.0000,Steady,0
failing_normal_back,5263,1.7667,0.9864,1.0000,0.9757,0.9356,0.0000,Steady,0
failing_normal_back,5264,1.7833,0.9600,1.0000,0.9750,0.9362,0.0000,Steady,0
failing_normal_back,5265,1.8000,0.9840,1.0000,0.9754,0.9367,0.0000,Steady,0
failing_normal_back,5266,1.8167,0.9979,1.0000,0.9765,0.9372,0.0000,Steady,0
failing_normal_back,5267,1.8333,0.9667,1.0000,0.9760,0.9378,0.0000,Steady,0
failing_normal_back,5268,1.8500,0.9690,1.0000,0.9757,0.9383,0.0000,Steady,0
failing_normal_back,5269,1.8667,0.9990,1.0000,0.9768,0.9388,0.0000,Steady,0
failing_normal_back,5270,1.8833,0.9811,1.0000,0.9770,0.9393,0.0000,Steady,0
failing_normal_back,5271,1.9000,0.9604,1.0000,0.9762,0.9398,0.0000,Steady,0
failing_normal_back,5272,1.9167,0.9890,1.0000,0.9768,0.9403,0.0000,Steady,0
failing_normal_back,5273,1.9333,0.9949,1.0000,0.9776,0.9408,0.0000,Steady,0
failing_normal_back,5274,1.9500,0.9632,1.0000,0.9770,0.9413,0.0000,Steady,0
failing_normal_back,5275,1.9667,0.9739,1.0000,0.9768,0.9418,0.0000,Steady,0
failing_normal_back,5276,1.9833,1.0000,1.0000,0.9779,0.9422,0.0000,Steady,0
failing_normal_back,5277,2.0000,0.9758,1.0000,0.9778,0.9427,0.0000,Steady,0
failing_normal_back,5278,2.0167,0.9622,1.0000,0.9771,0.9432,0.0000,Steady,0
failing_normal_back,5279,2.0333,0.9935,1.0000,0.9778,0.9437,0.0000,Steady,0
failing_normal_back,5280,2.0500,0.9908,1.0000,0.9784,0.9441,0.0000,Steady,0
failing_normal_back,5281,2.0667,0.9609,1.0000,0.9776,0.9446,0.0000,Steady,0
failing_normal_back,5282,2.0833,0.9791,1.0000,0.9777,0.9451,0.0000,Steady,0
failing_normal_back,5283,2.1000,0.9995,1.0000,0.9787,0.9455,0.0000,Steady,0
failing_normal_back,5284,2.1167,0.9707,1.0000,0.9783,0.9460,0.0000,Steady,0
failing_normal_back,5285,2.1333,0.9653,1.0000,0.9777,0.9464,0.0000,Steady,0
failing_normal_back,5286,2.1500,0.9969,1.0000,0.9786,0.9469,0.0000,Steady,0
failing_normal_back,5287,2.1667,0.9859,1.0000,0.9790,0.9473,0.0000,Steady,0
failing_normal_back,5288,2.1833,0.9600,1.0000,0.9781,0.9477,0.0000,Steady,0
failing_normal_back,5289,2.2000,0.9845,1.0000,0.9784,0.9482,0.0000,Steady,0
failing_normal_back,5290,2.2167,0.9976,1.0000,0.9793,0.9486,0.0000,Steady,0
failing_normal_back,5291,2.2333,0.9663,1.0000,0.9787,0.9490,0.0000,Steady,0
failing_normal_back,5292,2.2500,0.9695,1.0000,0.9782,0.9495,0.0000,Steady,0
failing_normal_back,5293,2.2667,0.9992,1.0000,0.9792,0.9499,0.0000,Steady,0
failing_normal_back,5294,2.2833,0.9806,1.0000,0.9793,0.9503,0.0000,Steady,0
failing_normal_back,5295,2.3000,0.9605,1.0000,0.9784,0.9507,0.0000,Steady,0
failing_normal_back,5296,2.3167,0.9895,1.0000,0.9789,0.9511,0.0000,Steady,0
failing_normal_back,5297,2.3333,0.9945,1.0000,0.9797,0.9515,0.0000,Steady,0
failing_normal_back,5298,2.3500,0.9629,1.0000,0.9789,0.9519,0.0000,Steady,0
failing_normal_back,5299,2.3667,0.9744,1.0000,0.9787,0.9523,0.0000,Steady,0
failing_normal_back,5300,2.3833,1.0000,1.0000,0.9797,0.9527,0.0000,Steady,0
failing_normal_back,5301,2.4000,0.9752,1.0000,0.9795,0.9531,0.0000,Steady,0
failing_normal_back,5302,2.4167,0.9625,1.0000,0.9787,0.9535,0.0000,Steady,0
failing_normal_back,5303,2.4333,0.9939,1.0000,0.9794,0.9539,0.0000,Steady,0
failing_normal_back,5304,2.4500,0.9903,1.0000,0.9799,0.9543,0.0000,Steady,0
failing_normal_back,5305,2.4667,0.9608,1.0000,0.9790,0.9546,0.0000,Steady,0
failing_normal_back,5306,2.4833,0.9797,1.0000,0.9790,0.9550,0.0000,Steady,0
failing_normal_back,5307,2.5000,0.9994,1.0000,0.9800,0.9554,0.0000,Steady,0
failing_normal_back,5308,2.5167,0.9702,1.0000,0.9795,0.9558,0.0000,Steady,0
failing_normal_back,5309,2.5333,0.9657,1.0000,0.9789,0.9561,0.0000,Steady,0
failing_normal_back,5310,2.5500,0.9972,1.0000,0.9797,0.9565,0.0000,Steady,0
failing_normal_back,5311,2.5667,0.9854,1.0000,0.9800,0.9569,0.0000,Steady,0
failing_normal_back,5312,2.5833,0.9600,1.0000,0.9791,0.9572,0.0000,Steady,0
failing_normal_back,5313,2.6000,0.9850,1.0000,0.9793,0.9576,0.0000,Steady,0
failing_normal_back,5314,2.6167,0.9974,1.0000,0.9802,0.9579,0.0000,Steady,0
failing_normal_back,5315,2.6333,0.9659,1.0000,0.9795,0.9583,0.0000,Steady,0
failing_normal_back,5316,2.6500,0.9699,1.0000,0.9791,0.9586,0.0000,Steady,0
failing_normal_back,5317,2.6667,0.9993,1.0000,0.9800,0.9590,0.0000,Steady,0
failing_normal_back,5318,2.6833,0.9801,1.0000,0.9800,0.9593,0.0000,Steady,0
failing_normal_back,5319,2.7000,0.9607,1.0000,0.9791,0.9596,0.0000,Steady,0
failing_normal_back,5320,2.7167,0.9900,1.0000,0.9796,0.9600,0.0000,Steady,0
failing_normal_back,5321,2.7333,0.9941,1.0000,0.9803,0.9603,0.0000,Steady,0
failing_normal_back,5322,2.7500,0.9627,1.0000,0.9795,0.9606,0.0000,Steady,0
failing_normal_back,5323,2.7667,0.9749,1.0000,0.9793,0.9610,0.0000,Steady,0
failing_normal_back,5324,2.7833,1.0000,1.0000,0.9802,0.9613,0.0000,Steady,0
failing_normal_back,5325,2.8000,0.9747,1.0000,0.9800,0.9616,0.0000,Steady,0
failing_normal_back,5326,2.8167,0.9627,1.0000,0.9792,0.9619,0.0000,Steady,0
failing_normal_back,5327,2.8333,0.9943,1.0000,0.9799,0.9622,0.0000,Steady,0
failing_normal_back,5328,2.8500,0.9898,1.0000,0.9803,0.9626,0.0000,Steady,0
failing_normal_back,5329,2.8667,0.9606,1.0000,0.9794,0.9629,0.0000,Steady,0
failing_normal_back,5330,2.8833,0.9802,1.0000,0.9795,0.9632,0.0000,Steady,0
failing_normal_back,5331,2.9000,0.9993,1.0000,0.9804,0.9635,0.0000,Steady,0
failing_normal_back,5332,2.9167,0.9698,1.0000,0.9799,0.9638,0.0000,Steady,0
failing_normal_back,5333,2.9333,0.9661,1.0000,0.9792,0.9641,0.0000,Steady,0
failing_normal_back,5334,2.9500,0.9975,1.0000,0.9801,0.9644,0.0000,Steady,0
failing_normal_back,5335,2.9667,0.9848,1.0000,0.9803,0.9647,0.0000,Steady,0
failing_normal_back,5336,2.9833,0.9600,1.0000,0.9794,0.9650,0.0000,Steady,0
failing_normal_back,5337,3.0000,0.9855,1.0000,0.9797,0.9653,0.0000,Steady,0
failing_normal_back,5338,3.0167,0.9971,1.0000,0.9805,0.9656,0.0000,Steady,0
failing_normal_back,5339,3.0333,0.9656,1.0000,0.9798,0.9658,0.0000,Steady,0
failing_normal_back,5340,3.0500,0.9704,1.0000,0.9793,0.9661,0.0000,Steady,0
failing_normal_back,5341,3.0667,0.9994,1.0000,0.9803,0.9664,0.0000,Steady,0
failing_normal_back,5342,3.0833,0.9795,1.0000,0.9802,0.9667,0.0000,Steady,0
failing_normal_back,5343,3.1000,0.9608,1.0000,0.9793,0.9670,0.0000,Steady,0
failing_normal_back,5344,3.1167,0.9905,1.0000,0.9798,0.9672,0.0000,Steady,0
failing_normal_back,5345,3.1333,0.9937,1.0000,0.9805,0.9675,0.0000,Steady,0
failing_normal_back,5346,3.1500,0.9624,1.0000,0.9797,0.9678,0.0000,Steady,0
failing_normal_back,5347,3.1667,0.9754,1.0000,0.9795,0.9680,0.0000,Steady,0
failing_normal_back,5348,3.1833,1.0000,1.0000,0.9804,0.9683,0.0000,Steady,0
failing_normal_back,5349,3.2000,0.9742,1.0000,0.9801,0.9686,0.0000,Steady,0
failing_normal_back,5350,3.2167,0.9630,1.0000,0.9793,0.9688,0.0000,Steady,0
failing_normal_back,5351,3.2333,0.9946,1.0000,0.9800,0.9691,0.0000,Steady,0
failing_normal_back,5352,3.2500,0.9894,1.0000,0.9805,0.9693,0.0000,Steady,0
failing_normal_back,5353,3.2667,0.9605,1.0000,0.9795,0.9696,0.0000,Steady,0
failing_normal_back,5354,3.2833,0.9808,1.0000,0.9796,0.9699,0.0000,Steady,0
failing_normal_back,5355,3.3000,0.9991,1.0000,0.9805,0.9701,0.0000,Steady,0
failing_normal_back,5356,3.3167,0.9693,1.0000,0.9800,0.9703,0.0000,Steady,0
failing_normal_back,5357,3.3333,0.9665,1.0000,0.9794,0.9706,0.0000,Steady,0
failing_normal_back,5358,3.3500,0.9977,1.0000,0.9802,0.9708,0.0000,Steady,0
failing_normal_back,5359,3.3667,0.9843,1.0000,0.9804,0.9711,0.0000,Steady,0
failing_normal_back,5360,3.3833,0.9600,1.0000,0.9795,0.9713,0.0000,Steady,0
failing_normal_back,5361,3.4000,0.9861,1.0000,0.9798,0.9716,0.0000,Steady,0
failing_normal_back,5362,3.4167,0.9968,1.0000,0.9806,0.9718,0.0000,Steady,0
failing_normal_back,5363,3.4333,0.9652,1.0000,0.9798,0.9720,0.0000,Steady,0
failing_normal_back,5364,3.4500,0.9709,1.0000,0.9794,0.9723,0.0000,Steady,0
failing_normal_back,5365,3.4667,0.9996,1.0000,0.9804,0.9725,0.0000,Steady,0
failing_normal_back,5366,3.4833,0.9790,1.0000,0.9803,0.9727,0.0000,Steady,0
failing_normal_back,5367,3.5000,0.9610,1.0000,0.9794,0.9729,0.0000,Steady,0
failing_normal_back,5368,3.5167,0.9909,1.0000,0.9799,0.9732,0.0000,Steady,0
failing_normal_back,5369,3.5333,0.9933,1.0000,0.9806,0.9734,0.0000,Steady,0
failing_normal_back,5370,3.5500,0.9621,1.0000,0.9797,0.9736,0.0000,Steady,0
failing_normal_back,5371,3.5667,0.9759,1.0000,0.9795,0.9738,0.0000,Steady,0
failing_normal_back,5372,3.5833,1.0000,1.0000,0.9805,0.9741,0.0000,Steady,0
failing_normal_back,5373,3.6000,0.9737,1.0000,0.9802,0.9743,0.0000,Steady,0
failing_normal_back,5374,3.6167,0.9633,1.0000,0.9794,0.9745,0.0000,Steady,0
failing_normal_back,5375,3.6333,0.9950,1.0000,0.9801,0.9747,0.0000,Steady,0
failing_normal_back,5376,3.6500,0.9889,1.0000,0.9805,0.9749,0.0000,Steady,0
failing_normal_back,5377,3.6667,0.9604,1.0000,0.9796,0.9751,0.0000,Steady,0
failing_normal_back,5378,3.6833,0.9813,1.0000,0.9797,0.9753,0.0000,Steady,0
failing_normal_back,5379,3.7000,0.9989,1.0000,0.9806,0.9755,0.0000,Steady,0
failing_normal_back,5380,3.7167,0.9688,1.0000,0.9800,0.9757,0.0000,Steady,0
failing_normal_back,5381,3.7333,0.9669,1.0000,0.9794,0.9759,0.0000,Steady,0
failing_normal_back,5382,3.7500,0.9980,1.0000,0.9803,0.9761,0.0000,Steady,0
failing_normal_back,5383,3.7667,0.9838,1.0000,0.9804,0.9763,0.0000,Steady,0
failing_normal_back,5384,3.7833,0.9601,1.0000,0.9795,0.9765,0.0000,Steady,0
failing_normal_back,5385,3.8000,0.9866,1.0000,0.9798,0.9767,0.0000,Steady,0
failing_normal_back,5386,3.8167,0.9965,1.0000,0.9806,0.9769,0.0000,Steady,0
failing_normal_back,5387,3.8333,0.9648,1.0000,0.9799,0.9771,0.0000,Steady,0
failing_normal_back,5388,3.8500,0.9714,1.0000,0.9795,0.9773,0.0000,Steady,0
failing_normal_back,5389,3.8667,0.9997,1.0000,0.9804,0.9775,0.0000,Steady,0
failing_normal_back,5390,3.8833,0.9784,1.0000,0.9803,0.9777,0.0000,Steady,0
failing_normal_back,5391,3.9000,0.9612,1.0000,0.9794,0.9779,0.0000,Steady,0
failing_normal_back,5392,3.9167,0.9914,1.0000,0.9800,0.9780,0.0000,Steady,0
failing_normal_back,5393,3.9333,0.9929,1.0000,0.9806,0.9782,0.0000,Steady,0
failing_normal_back,5394,3.9500,0.9619,1.0000,0.9797,0.9784,0.0000,Steady,0
failing_normal_back,5395,3.9667,0.9765,1.0000,0.9796,0.9786,0.0000,Steady,0
failing_normal_back,5396,3.9833,0.9999,1.0000,0.9805,0.9788,0.0000,Steady,0
failing_normal_back,5397,4.0000,0.9732,1.0000,0.9802,0.9789,0.0000,Steady,0
failing_normal_back,5398,4.0167,0.9636,1.0000,0.9794,0.9791,0.0000,Steady,0
failing_normal_back,5399,4.0333,0.9953,1.0000,0.9801,0.9793,0.0000,Steady,0
failing_normal_back,5400,4.0500,0.9884,1.0000,0.9805,0.9795,0.0000,Steady,0
failing_normal_back,5401,4.0667,0.9603,1.0000,0.9796,0.9796,0.0000,Steady,0
failing_normal_back,5402,4.0833,0.9818,1.0000,0.9797,0.9798,0.0000,Steady,0
failing_normal_back,5403,4.1000,0.9987,1.0000,0.9806,0.9800,0.0000,Steady,0
failing_normal_back,5404,4.1167,0.9684,1.0000,0.9800,0.9801,0.0000,Steady,0
failing_normal_back,5405,4.1333,0.9673,1.0000,0.9794,0.9803,0.0000,Steady,0
failing_normal_back,5406,4.1500,0.9982,1.0000,0.9803,0.9805,0.0000,Steady,0
failing_normal_back,5407,4.1667,0.9832,1.0000,0.9804,0.9806,0.0000,Steady,0
failing_normal_back,5408,4.1833,0.9601,1.0000,0.9795,0.9808,0.0000,Steady,0
failing_normal_back,5409,4.2000,0.9871,1.0000,0.9798,0.9809,0.0000,Steady,0
failing_normal_back,5410,4.2167,0.9962,1.0000,0.9806,0.9811,0.0000,Steady,0
failing_normal_back,5411,4.2333,0.9645,1.0000,0.9798,0.9813,0.0000,Steady,0
failing_normal_back,5412,4.2500,0.9718,1.0000,0.9795,0.9814,0.0000,Steady,0
failing_normal_back,5413,4.2667,0.9998,1.0000,0.9804,0.9816,0.0000,Steady,0
failing_normal_back,5414,4.2833,0.9779,1.0000,0.9803,0.9817,0.0000,Steady,0
failing_normal_back,5415,4.3000,0.9613,1.0000,0.9794,0.9819,0.0000,Steady,0
failing_normal_back,5416,4.3167,0.9918,1.0000,0.9800,0.9820,0.0000,Steady,0
failing_normal_back,5417,4.3333,0.9925,1.0000,0.9806,0.9822,0.0000,Steady,0
failing_normal_back,5418,4.3500,0.9617,1.0000,0.9797,0.9823,0.0000,Steady,0
failing_normal_back,5419,4.3667,0.9770,1.0000,0.9796,0.9825,0.0000,Steady,0
failing_normal_back,5420,4.3833,0.9999,1.0000,0.9805,0.9826,0.0000,Steady,0
failing_normal_back,5421,4.4000,0.9727,1.0000,0.9802,0.9827,0.0000,Steady,0
failing_normal_back,5422,4.4167,0.9639,1.0000,0.9794,0.9829,0.0000,Steady,0
failing_normal_back,5423,4.4333,0.9957,1.0000,0.9802,0.9830,0.0000,Steady,0
failing_normal_back,5424,4.4500,0.9879,1.0000,0.9805,0.9832,0.0000,Steady,0
failing_normal_back,5425,4.4667,0.9602,1.0000,0.9796,0.9833,0.0000,Steady,0
failing_normal_back,5426,4.4833,0.9824,1.0000,0.9797,0.9835,0.0000,Steady,0
failing_normal_back,5427,4.5000,0.9986,1.0000,0.9806,0.9836,0.0000,Steady,0
failing_normal_back,5428,4.5167,0.9680,1.0000,0.9800,0.9837,0.0000,Steady,0
failing_normal_back,5429,4.5333,0.9677,1.0000,0.9794,0.9839,0.0000,Steady,0
failing_normal_back,5430,4.5500,0.9984,1.0000,0.9803,0.9840,0.0000,Steady,0
failing_normal_back,5431,4.5667,0.9827,1.0000,0.9804,0.9841,0.0000,Steady,0
failing_normal_back,5432,4.5833,0.9602,1.0000,0.9795,0.9843,0.0000,Steady,0
failing_normal_back,5433,4.6000,0.9876,1.0000,0.9799,0.9844,0.0000,Steady,0
failing_normal_back,5434,4.6167,0.9959,1.0000,0.9806,0.9845,0.0000,Steady,0
failing_normal_back,5435,4.6333,0.9641,1.0000,0.9798,0.9846,0.0000,Steady,0
failing_normal_back,5436,4.6500,0.9723,1.0000,0.9795,0.9848,0.0000,Steady,0
failing_normal_back,5437,4.6667,0.9998,1.0000,0.9804,0.9849,0.0000,Steady,0
failing_normal_back,5438,4.6833,0.9774,1.0000,0.9803,0.9850,0.0000,Steady,0
failing_normal_back,5439,4.7000,0.9615,1.0000,0.9794,0.9852,0.0000,Steady,0
failing_normal_back,5440,4.7167,0.9923,1.0000,0.9800,0.9853,0.0000,Steady,0
failing_normal_back,5441,4.7333,0.9921,1.0000,0.9806,0.9854,0.0000,Steady,0
failing_normal_back,5442,4.7500,0.9615,1.0000,0.9797,0.9855,0.0000,Steady,0
failing_normal_back,5443,4.7667,0.9775,1.0000,0.9796,0.9856,0.0000,Steady,0
failing_normal_back,5444,4.7833,0.9998,1.0000,0.9805,0.9858,0.0000,Steady,0
failing_normal_back,5445,4.8000,0.9722,1.0000,0.9801,0.9859,0.0000,Steady,0
failing_normal_back,5446,4.8167,0.9643,1.0000,0.9794,0.9860,0.0000,Steady,0
failing_normal_back,5447,4.8333,0.9960,1.0000,0.9802,0.9861,0.0000,Steady,0
failing_normal_back,5448,4.8500,0.9874,1.0000,0.9805,0.9862,0.0000,Steady,0
failing_normal_back,5449,4.8667,0.9601,1.0000,0.9796,0.9863,0.0000,Steady,0
failing_normal_back,5450,4.8833,0.9829,1.0000,0.9797,0.9865,0.0000,Steady,0
failing_normal_back,5451,4.9000,0.9983,1.0000,0.9806,0.9866,0.0000,Steady,0
failing_normal_back,5452,4.9167,0.9675,1.0000,0.9800,0.9867,0.0000,Steady,0
failing_normal_back,5453,4.9333,0.9681,1.0000,0.9794,0.9868,0.0000,Steady,0
failing_normal_back,5454,4.9500,0.9986,1.0000,0.9803,0.9869,0.0000,Steady,0
failing_normal_back,5455,4.9667,0.9822,1.0000,0.9804,0.9870,0.0000,Steady,0
failing_normal_back,5456,4.9833,0.9602,1.0000,0.9795,0.9871,0.0000,Steady,0
failing_normal_back,5457,5.0000,0.9881,1.0000,0.9799,0.9872,0.0000,Steady,0
failing_normal_back,5458,5.0167,0.9956,1.0000,0.9806,0.9873,0.0000,Steady,0
failing_normal_back,5459,5.0333,0.9638,1.0000,0.9798,0.9874,0.0000,Steady,0
failing_normal_back,5460,5.0500,0.9728,1.0000,0.9795,0.9875,0.0000,Steady,0
failing_normal_back,5461,5.0667,0.9999,1.0000,0.9804,0.9876,0.0000,Steady,0
failing_normal_back,5462,5.0833,0.9768,1.0000,0.9803,0.9877,0.0000,Steady,0
failing_normal_back,5463,5.1000,0.9618,1.0000,0.9794,0.9878,0.0000,Steady,0
failing_normal_back,5464,5.1167,0.9927,1.0000,0.9800,0.9879,0.0000,Steady,0
failing_normal_back,5465,5.1333,0.9917,1.0000,0.9806,0.9880,0.0000,Steady,0
failing_normal_back,5466,5.1500,0.9613,1.0000,0.9797,0.9881,0.0000,Steady,0
failing_normal_back,5467,5.1667,0.9781,1.0000,0.9796,0.9882,0.0000,Steady,0
failing_normal_back,5468,5.1833,0.9997,1.0000,0.9805,0.9883,0.0000,Steady,0
failing_normal_back,5469,5.2000,0.9717,1.0000,0.9801,0.9884,0.0000,Steady,0
failing_normal_back,5470,5.2167,0.9646,1.0000,0.9794,0.9885,0.0000,Steady,0
failing_normal_back,5471,5.2333,0.9963,1.0000,0.9802,0.9886,0.0000,Steady,0
failing_normal_back,5472,5.2500,0.9869,1.0000,0.9805,0.9887,0.0000,Steady,0
failing_normal_back,5473,5.2667,0.9601,1.0000,0.9796,0.9888,0.0000,Steady,0
failing_normal_back,5474,5.2833,0.9835,1.0000,0.9797,0.9889,0.0000,Steady,0
failing_normal_back,5475,5.3000,0.9981,1.0000,0.9806,0.9890,0.0000,Steady,0
failing_normal_back,5476,5.3167,0.9671,1.0000,0.9800,0.9891,0.0000,Steady,0
failing_normal_back,5477,5.3333,0.9686,1.0000,0.9794,0.9892,0.0000,Steady,0
failing_normal_back,5478,5.3500,0.9988,1.0000,0.9803,0.9893,0.0000,Steady,0
failing_normal_back,5479,5.3667,0.9817,1.0000,0.9804,0.9894,0.0000,Steady,0
failing_normal_back,5480,5.3833,0.9603,1.0000,0.9795,0.9894,0.0000,Steady,0
failing_normal_back,5481,5.4000,0.9886,1.0000,0.9799,0.9895,0.0000,Steady,0
failing_normal_back,5482,5.4167,0.9952,1.0000,0.9806,0.9896,0.0000,Steady,0
failing_normal_back,5483,5.4333,0.9635,1.0000,0.9798,0.9897,0.0000,Steady,0
failing_normal_back,5484,5.4500,0.9734,1.0000,0.9795,0.9898,0.0000,Steady,0
failing_normal_back,5485,5.4667,0.9999,1.0000,0.9805,0.9899,0.0000,Steady,0
failing_normal_back,5486,5.4833,0.9763,1.0000,0.9803,0.9900,0.0000,Steady,0
failing_normal_back,5487,5.5000,0.9620,1.0000,0.9794,0.9900,0.0000,Steady,0
failing_normal_back,5488,5.5167,0.9931,1.0000,0.9800,0.9901,0.0000,Steady,0
failing_normal_back,5489,5.5333,0.9912,1.0000,0.9806,0.9902,0.0000,Steady,0
failing_normal_back,5490,5.5500,0.9611,1.0000,0.9797,0.9903,0.0000,Steady,0
failing_normal_back,5491,5.5667,0.9786,1.0000,0.9796,0.9904,0.0000,Steady,0
failing_normal_back,5492,5.5833,0.9996,1.0000,0.9805,0.9905,0.0000,Steady,0
failing_normal_back,5493,5.6000,0.9712,1.0000,0.9801,0.9905,0.0000,Steady,0
failing_normal_back,5494,5.6167,0.9650,1.0000,0.9794,0.9906,0.0000,Steady,0
failing_normal_back,5495,5.6333,0.9966,1.0000,0.9802,0.9907,0.0000,Steady,0
failing_normal_back,5496,5.6500,0.9864,1.0000,0.9805,0.9908,0.0000,Steady,0
failing_normal_back,5497,5.6667,0.9600,1.0000,0.9795,0.9908,0.0000,Steady,0
failing_normal_back,5498,5.6833,0.9840,1.0000,0.9797,0.9909,0.0000,Steady,0
failing_normal_back,5499,5.7000,0.9979,1.0000,0.9806,0.9910,0.0000,Steady,0
failing_normal_back,5500,5.7167,0.9667,1.0000,0.9799,0.9911,0.0000,Steady,0
failing_normal_back,5501,5.7333,0.9690,1.0000,0.9794,0.9911,0.0000,Steady,0
failing_normal_back,5502,5.7500,0.9990,1.0000,0.9803,0.9912,0.0000,Steady,0
failing_normal_back,5503,5.7667,0.9811,1.0000,0.9804,0.9913,0.0000,Steady,0
failing_normal_back,5504,5.7833,0.9604,1.0000,0.9795,0.9914,0.0000,Steady,0
failing_normal_back,5505,5.8000,0.9891,1.0000,0.9799,0.9914,0.0000,Steady,0
failing_normal_back,5506,5.8167,0.9949,1.0000,0.9806,0.9915,0.0000,Steady,0
failing_normal_back,5507,5.8333,0.9632,1.0000,0.9798,0.9916,0.0000,Steady,0
failing_normal_back,5508,5.8500,0.9739,1.0000,0.9795,0.9916,0.0000,Steady,0
failing_normal_back,5509,5.8667,1.0000,1.0000,0.9805,0.9917,0.0000,Steady,0
failing_normal_back,5510,5.8833,0.9757,1.0000,0.9802,0.9918,0.0000,Steady,0
failing_normal_back,5511,5.9000,0.9622,1.0000,0.9794,0.9919,0.0000,Steady,0
failing_normal_back,5512,5.9167,0.9935,1.0000,0.9801,0.9919,0.0000,Steady,0
failing_normal_back,5513,5.9333,0.9908,1.0000,0.9806,0.9920,0.0000,Steady,0
failing_normal_back,5514,5.9500,0.9609,1.0000,0.9796,0.9921,0.0000,Steady,0
failing_normal_back,5515,5.9667,0.9792,1.0000,0.9796,0.9921,0.0000,Steady,0
failing_normal_back,5516,5.9833,0.9995,1.0000,0.9805,0.9922,0.0000,Steady,0
failing_normal_back,5517,6.0000,0.9707,1.0000,0.9801,0.9922,0.0000,Steady,0
failing_normal_back,5518,6.0167,0.9653,1.0000,0.9794,0.9923,0.0000,Steady,0
failing_normal_back,5519,6.0333,0.9969,1.0000,0.9802,0.9924,0.0000,Steady,0
failing_normal_back,5520,6.0500,0.9859,1.0000,0.9805,0.9924,0.0000,Steady,0
failing_normal_back,5521,6.0667,0.9600,1.0000,0.9795,0.9925,0.0000,Steady,0
failing_normal_back,5522,6.0833,0.9845,1.0000,0.9798,0.9926,0.0000,Steady,0
failing_normal_back,5523,6.1000,0.9976,1.0000,0.9806,0.9926,0.0000,Steady,0
failing_normal_back,5524,6.1167,0.9663,1.0000,0.9799,0.9927,0.0000,Steady,0
failing_normal_back,5525,6.1333,0.9695,1.0000,0.9794,0.9927,0.0000,Steady,0
failing_normal_back,5526,6.1500,0.9992,1.0000,0.9804,0.9928,0.0000,Steady,0
failing_normal_back,5527,6.1667,0.9806,1.0000,0.9804,0.9929,0.0000,Steady,0
failing_normal_back,5528,6.1833,0.9605,1.0000,0.9794,0.9929,0.0000,Steady,0
failing_normal_back,5529,6.2000,0.9895,1.0000,0.9799,0.9930,0.0000,Steady,0
failing_normal_back,5530,6.2167,0.9945,1.0000,0.9806,0.9930,0.0000,Steady,0
failing_normal_back,5531,6.2333,0.9629,1.0000,0.9798,0.9931,0.0000,Steady,0
failing_normal_back,5532,6.2500,0.9744,1.0000,0.9795,0.9932,0.0000,Steady,0
failing_normal_back,5533,6.2667,1.0000,1.0000,0.9805,0.9932,0.0000,Steady,0
failing_normal_back,5534,6.2833,0.9752,1.0000,0.9802,0.9933,0.0000,Steady,0
failing_normal_back,5535,6.3000,0.9625,1.0000,0.9794,0.9933,0.0000,Steady,0
failing_normal_back,5536,6.3167,0.9939,1.0000,0.9801,0.9934,0.0000,Steady,0
failing_normal_back,5537,6.3333,0.9903,1.0000,0.9806,0.9934,0.0000,Steady,0
failing_normal_back,5538,6.3500,0.9608,1.0000,0.9796,0.9935,0.0000,Steady,0
failing_normal_back,5539,6.3667,0.9797,1.0000,0.9796,0.9935,0.0000,Steady,0
failing_normal_back,5540,6.3833,0.9994,1.0000,0.9806,0.9936,0.0000,Steady,0
failing_normal_back,5541,6.4000,0.9702,1.0000,0.9801,0.9937,0.0000,Steady,0
failing_normal_back,5542,6.4167,0.9657,1.0000,0.9794,0.9937,0.0000,Steady,0
failing_normal_back,5543,6.4333,0.9972,1.0000,0.9802,0.9938,0.0000,Steady,0
failing_normal_back,5544,6.4500,0.9854,1.0000,0.9805,0.9938,0.0000,Steady,0
failing_normal_back,5545,6.4667,0.9600,1.0000,0.9795,0.9939,0.0000,Steady,0
failing_normal_back,5546,6.4833,0.9851,1.0000,0.9798,0.9939,0.0000,Steady,0
failing_normal_back,5547,6.5000,0.9974,1.0000,0.9806,0.9940,0.0000,Steady,0
failing_normal_back,5548,6.5167,0.9659,1.0000,0.9799,0.9940,0.0000,Steady,0
failing_normal_back,5549,6.5333,0.9699,1.0000,0.9795,0.9941,0.0000,Steady,0
failing_normal_back,5550,6.5500,0.9993,1.0000,0.9804,0.9941,0.0000,Steady,0
failing_normal_back,5551,6.5667,0.9800,1.0000,0.9804,0.9942,0.0000,Steady,0
failing_normal_back,5552,6.5833,0.9607,1.0000,0.9794,0.9942,0.0000,Steady,0
failing_normal_back,5553,6.6000,0.9900,1.0000,0.9799,0.9943,0.0000,Steady,0
failing_normal_back,5554,6.6167,0.9941,1.0000,0.9806,0.9943,0.0000,Steady,0
failing_normal_back,5555,6.6333,0.9626,1.0000,0.9798,0.9944,0.0000,Steady,0
failing_normal_back,5556,6.6500,0.9749,1.0000,0.9795,0.9944,0.0000,Steady,0
failing_normal_back,5557,6.6667,1.0000,1.0000,0.9805,0.9944,0.0000,Steady,0
failing_normal_back,5558,6.6833,0.9747,1.0000,0.9802,0.9945,0.0000,Steady,0
failing_normal_back,5559,6.7000,0.9628,1.0000,0.9794,0.9945,0.0000,Steady,0
failing_normal_back,5560,6.7167,0.9943,1.0000,0.9801,0.9946,0.0000,Steady,0
failing_normal_back,5561,6.7333,0.9898,1.0000,0.9805,0.9946,0.0000,Steady,0
failing_normal_back,5562,6.7500,0.9606,1.0000,0.9796,0.9947,0.0000,Steady,0
failing_normal_back,5563,6.7667,0.9802,1.0000,0.9797,0.9947,0.0000,Steady,0
failing_normal_back,5564,6.7833,0.9992,1.0000,0.9806,0.9948,0.0000,Steady,0
failing_normal_back,5565,6.8000,0.9697,1.0000,0.9801,0.9948,0.0000,Steady,0
failing_normal_back,5566,6.8167,0.9661,1.0000,0.9794,0.9948,0.0000,Steady,0
failing_normal_back,5567,6.8333,0.9975,1.0000,0.9802,0.9949,0.0000,Steady,0
failing_normal_back,5568,6.8500,0.9848,1.0000,0.9805,0.9949,0.0000,Steady,0
failing_normal_back,5569,6.8667,0.9600,1.0000,0.9795,0.9950,0.0000,Steady,0
failing_normal_back,5570,6.8833,0.9856,1.0000,0.9798,0.9950,0.0000,Steady,0
failing_normal_back,5571,6.9000,0.9971,1.0000,0.9806,0.9951,0.0000,Steady,0
failing_normal_back,5572,6.9167,0.9655,1.0000,0.9799,0.9951,0.0000,Steady,0
failing_normal_back,5573,6.9333,0.9704,1.0000,0.9795,0.9951,0.0000,Steady,0
failing_normal_back,5574,6.9500,0.9994,1.0000,0.9804,0.9952,0.0000,Steady,0
failing_normal_back,5575,6.9667,0.9795,1.0000,0.9803,0.9952,0.0000,Steady,0
failing_normal_back,5576,6.9833,0.9608,1.0000,0.9794,0.9953,0.0000,Steady,0
failing_normal_back,5577,7.0000,0.9905,1.0000,0.9799,0.9953,0.0000,Steady,0
failing_normal_back,5578,7.0167,0.9937,1.0000,0.9806,0.9953,0.0000,Steady,0
failing_normal_back,5579,7.0333,0.9624,1.0000,0.9797,0.9954,0.0000,Steady,0
failing_normal_back,5580,7.0500,0.9754,1.0000,0.9795,0.9954,0.0000,Steady,0
failing_normal_back,5581,7.0667,1.0000,1.0000,0.9805,0.9955,0.0000,Steady,0
failing_normal_back,5582,7.0833,0.9742,1.0000,0.9802,0.9955,0.0000,Steady,0
failing_normal_back,5583,7.1000,0.9630,1.0000,0.9794,0.9955,0.0000,Steady,0
failing_normal_back,5584,7.1167,0.9947,1.0000,0.9801,0.9956,0.0000,Steady,0
failing_normal_back,5585,7.1333,0.9894,1.0000,0.9805,0.9956,0.0000,Steady,0
failing_normal_back,5586,7.1500,0.9605,1.0000,0.9796,0.9956,0.0000,Steady,0
failing_normal_back,5587,7.1667,0.9808,1.0000,0.9797,0.9957,0.0000,Steady,0
failing_normal_back,5588,7.1833,0.9991,1.0000,0.9806,0.9957,0.0000,Steady,0
failing_normal_back,5589,7.2000,0.9693,1.0000,0.9800,0.9957,0.0000,Steady,0
failing_normal_back,5590,7.2167,0.9665,1.0000,0.9794,0.9958,0.0000,Steady,0
failing_normal_back,5591,7.2333,0.9977,1.0000,0.9803,0.9958,0.0000,Steady,0
failing_normal_back,5592,7.2500,0.9843,1.0000,0.9805,0.9959,0.0000,Steady,0
failing_normal_back,5593,7.2667,0.9600,1.0000,0.9795,0.9959,0.0000,Steady,0
failing_normal_back,5594,7.2833,0.9861,1.0000,0.9798,0.9959,0.0000,Steady,0
failing_normal_back,5595,7.3000,0.9968,1.0000,0.9806,0.9960,0.0000,Steady,0
failing_normal_back,5596,7.3167,0.9652,1.0000,0.9799,0.9960,0.0000,Steady,0
failing_normal_back,5597,7.3333,0.9709,1.0000,0.9795,0.9960,0.0000,Steady,0
failing_normal_back,5598,7.3500,0.9996,1.0000,0.9804,0.9961,0.0000,Steady,0
failing_normal_back,5599,7.3667,0.9789,1.0000,0.9803,0.9961,0.0000,Steady,0
failing_normal_back,5600,7.3833,0.9610,1.0000,0.9794,0.9961,0.0000,Steady,0
failing_normal_back,5601,7.4000,0.9909,1.0000,0.9800,0.9962,0.0000,Steady,0
failing_normal_back,5602,7.4167,0.9933,1.0000,0.9806,0.9962,0.0000,Steady,0
failing_normal_back,5603,7.4333,0.9621,1.0000,0.9797,0.9962,0.0000,Steady,0
failing_normal_back,5604,7.4500,0.9760,1.0000,0.9796,0.9962,0.0000,Steady,0
failing_normal_back,5605,7.4667,1.0000,1.0000,0.9805,0.9963,0.0000,Steady,0
failing_normal_back,5606,7.4833,0.9736,1.0000,0.9802,0.9963,0.0000,Steady,0
failing_normal_back,5607,7.5000,0.9633,1.0000,0.9794,0.9963,0.0000,Steady,0
failing_normal_back,5608,7.5167,0.9950,1.0000,0.9801,0.9964,0.0000,Steady,0
failing_normal_back,5609,7.5333,0.9889,1.0000,0.9805,0.9964,0.0000,Steady,0
failing_normal_back,5610,7.5500,0.9604,1.0000,0.9796,0.9964,0.0000,Steady,0
failing_normal_back,5611,7.5667,0.9813,1.0000,0.9797,0.9965,0.0000,Steady,0
failing_normal_back,5612,7.5833,0.9989,1.0000,0.9806,0.9965,0.0000,Steady,0
failing_normal_back,5613,7.6000,0.9688,1.0000,0.9800,0.9965,0.0000,Steady,0
failing_normal_back,5614,7.6167,0.9669,1.0000,0.9794,0.9965,0.0000,Steady,0
failing_normal_back,5615,7.6333,0.9980,1.0000,0.9803,0.9966,0.0000,Steady,0
failing_normal_back,5616,7.6500,0.9838,1.0000,0.9804,0.9966,0.0000,Steady,0
failing_normal_back,5617,7.6667,0.9601,1.0000,0.9795,0.9966,0.0000,Steady,0
failing_normal_back,5618,7.6833,0.9866,1.0000,0.9798,0.9967,0.0000,Steady,0
failing_normal_back,5619,7.7000,0.9965,1.0000,0.9806,0.9967,0.0000,Steady,0
failing_normal_back,5620,7.7167,0.9648,1.0000,0.9799,0.9967,0.0000,Steady,0
failing_normal_back,5621,7.7333,0.9714,1.0000,0.9795,0.9967,0.0000,Steady,0
failing_normal_back,5622,7.7500,0.9997,1.0000,0.9804,0.9968,0.0000,Steady,0
failing_normal_back,5623,7.7667,0.9784,1.0000,0.9803,0.9968,0.0000,Steady,0
failing_normal_back,5624,7.7833,0.9612,1.0000,0.9794,0.9968,0.0000,Steady,0
failing_normal_back,5625,7.8000,0.9914,1.0000,0.9800,0.9968,0.0000,Steady,0
failing_normal_back,5626,7.8167,0.9929,1.0000,0.9806,0.9969,0.0000,Steady,0
failing_normal_back,5627,7.8333,0.9619,1.0000,0.9797,0.9969,0.0000,Steady,0
failing_normal_back,5628,7.8500,0.9765,1.0000,0.9796,0.9969,0.0000,Steady,0
failing_normal_back,5629,7.8667,0.9999,1.0000,0.9805,0.9970,0.0000,Steady,0
failing_normal_back,5630,7.8833,0.9731,1.0000,0.9802,0.9970,0.0000,Steady,0
failing_normal_back,5631,7.9000,0.9636,1.0000,0.9794,0.9970,0.0000,Steady,0
failing_normal_back,5632,7.9167,0.9954,1.0000,0.9801,0.9970,0.0000,Steady,0
failing_normal_back,5633,7.9333,0.9884,1.0000,0.9805,0.9971,0.0000,Steady,0
failing_normal_back,5634,7.9500,0.9603,1.0000,0.9796,0.9971,0.0000,Steady,0
failing_normal_back,5635,7.9667,0.9819,1.0000,0.9797,0.9971,0.0000,Steady,0
failing_normal_back,5636,7.9833,0.9987,1.0000,0.9806,0.9971,0.0000,Steady,0
failing_normal_back,5637,8.0000,0.9684,1.0000,0.9800,0.9971,0.0000,Steady,0
failing_calm,5638,0.0167,0.3073,0.8901,0.9689,0.9951,0.0000,Steady,1
failing_calm,5639,0.0333,0.3121,0.8918,0.9580,0.9930,0.0000,Steady,1
failing_calm,5640,0.0500,0.3175,0.9150,0.9474,0.9910,0.0000,Steady,1
failing_calm,5641,0.0667,0.3234,0.9148,0.9371,0.9889,0.0000,Steady,1
failing_calm,5642,0.0833,0.3298,0.9065,0.9271,0.9869,0.0000,Steady,1
failing_calm,5643,0.1000,0.3366,0.9271,0.9173,0.9849,0.0000,Steady,1
failing_calm,5644,0.1167,0.3439,0.9419,0.9079,0.9829,0.0000,Steady,1
failing_calm,5645,0.1333,0.3517,0.9320,0.8987,0.9808,0.0000,Steady,1
failing_calm,5646,0.1500,0.3598,0.9419,0.8898,0.9788,0.0000,Steady,1
failing_calm,5647,0.1667,0.3684,0.9672,0.8811,0.9769,0.0000,Steady,1
failing_calm,5648,0.1833,0.3774,0.9658,0.8728,0.9749,0.0000,Steady,1
failing_calm,5649,0.2000,0.3867,0.9637,0.8648,0.9729,0.0000,Steady,1
failing_calm,5650,0.2167,0.3964,0.9897,0.8570,0.9730,0.0000,Steady,1
failing_calm,5651,0.2333,0.4063,1.0000,0.8496,0.9733,0.0000,Steady,1
failing_calm,5652,0.2500,0.4165,0.9950,0.8424,0.9734,0.0000,Steady,1
failing_calm,5653,0.2667,0.4270,1.0000,0.8356,0.9737,0.0000,Steady,1
failing_calm,5654,0.2833,0.4377,1.0000,0.8290,0.9739,0.0000,Steady,1
failing_calm,5655,0.3000,0.4485,1.0000,0.8227,0.9741,0.0000,Steady,1
failing_calm,5656,0.3167,0.4595,1.0000,0.8167,0.9743,0.0000,Steady,1
failing_calm,5657,0.3333,0.4707,1.0000,0.8110,0.9745,0.0000,Steady,1
failing_calm,5658,0.3500,0.4819,1.0000,0.8055,0.9747,0.0000,Steady,1
failing_calm,5659,0.3667,0.4931,1.0000,0.8004,0.9749,0.0000,Steady,1
failing_calm,5660,0.3833,0.5044,1.0000,0.7955,0.9752,0.0000,Steady,1
failing_calm,5661,0.4000,0.5157,1.0000,0.7909,0.9754,0.0000,Steady,1
failing_calm,5662,0.4167,0.5269,1.0000,0.7865,0.9756,0.0000,Steady,1
failing_calm,5663,0.4333,0.5380,1.0000,0.7824,0.9758,0.0000,Steady,1
failing_calm,5664,0.4500,0.5490,1.0000,0.7785,0.9760,0.0000,Steady,1
failing_calm,5665,0.4667,0.5598,1.0000,0.7749,0.9762,0.0000,Steady,1
failing_calm,5666,0.4833,0.5705,1.0000,0.7715,0.9764,0.0000,Steady,1
failing_calm,5667,0.5000,0.5809,1.0000,0.7684,0.9766,0.0000,Steady,1
failing_calm,5668,0.5167,0.5910,1.0000,0.7655,0.9768,0.0000,Steady,1
failing_calm,5669,0.5333,0.6009,1.0000,0.7627,0.9769,0.0000,Steady,1
failing_calm,5670,0.5500,0.6104,1.0000,0.7602,0.9771,0.0000,Steady,1
failing_calm,5671,0.5667,0.6196,1.0000,0.7579,0.9773,0.0000,Steady,1
failing_calm,5672,0.5833,0.6284,1.0000,0.7557,0.9775,0.0000,Steady,1
failing_calm,5673,0.6000,0.6368,1.0000,0.7538,0.9777,0.0000,Steady,1
failing_calm,5674,0.6167,0.6448,1.0000,0.7520,0.9779,0.0000,Steady,1
failing_calm,5675,0.6333,0.6523,1.0000,0.7503,0.9781,0.0000,Steady,1
failing_calm,5676,0.6500,0.6593,1.0000,0.7488,0.9783,0.0000,Steady,1
failing_calm,5677,0.6667,0.6658,1.0000,0.7475,0.9784,0.0000,Steady,1
failing_calm,5678,0.6833,0.6717,1.0000,0.7462,0.9786,0.0000,Steady,1
failing_calm,5679,0.7000,0.6772,1.0000,0.7451,0.9788,0.0000,Steady,1
failing_calm,5680,0.7167,0.6820,1.0000,0.7440,0.9790,0.0000,Steady,1
failing_calm,5681,0.7333,0.6863,1.0000,0.7431,0.9791,0.0000,Steady,1
failing_calm,5682,0.7500,0.6900,1.0000,0.7422,0.9793,0.0000,Steady,1
failing_calm,5683,0.7667,0.6931,1.0000,0.7414,0.9795,0.0000,Steady,1
failing_calm,5684,0.7833,0.6956,1.0000,0.7406,0.9797,0.0000,Steady,1
failing_calm,5685,0.8000,0.6974,1.0000,0.7399,0.9798,0.0000,Steady,1
failing_calm,5686,0.8167,0.6986,1.0000,0.7392,0.9800,0.0000,Steady,1
failing_calm,5687,0.8333,0.6992,1.0000,0.7386,0.9802,0.0000,Steady,1
failing_calm,5688,0.8500,0.6992,1.0000,0.7379,0.9803,0.0000,Steady,1
failing_calm,5689,0.8667,0.6986,1.0000,0.7373,0.9805,0.0000,Steady,1
failing_calm,5690,0.8833,0.6973,1.0000,0.7366,0.9806,0.0000,Steady,1
failing_calm,5691,0.9000,0.6954,1.0000,0.7359,0.9808,0.0000,Steady,1
failing_calm,5692,0.9167,0.6928,1.0000,0.7352,0.9810,0.0000,Steady,1
failing_calm,5693,0.9333,0.6897,1.0000,0.7345,0.9811,0.0000,Steady,1
failing_calm,5694,0.9500,0.6860,1.0000,0.7337,0.9813,0.0000,Steady,1
failing_calm,5695,0.9667,0.6817,1.0000,0.7328,0.9814,0.0000,Steady,1
failing_calm,5696,0.9833,0.6769,1.0000,0.7319,0.9816,0.0000,Failing,1
failing_calm,5697,1.0000,0.6715,1.0000,0.7309,0.9817,0.0000,Failing,1
failing_calm,5698,1.0167,0.6656,1.0000,0.7298,0.9819,0.0000,Failing,1
failing_calm,5699,1.0333,0.6591,1.0000,0.7286,0.9820,0.0000,Failing,1
failing_calm,5700,1.0500,0.6522,1.0000,0.7274,0.9822,0.0000,Failing,1
failing_calm,5701,1.0667,0.6448,1.0000,0.7260,0.9823,0.0000,Failing,1
failing_calm,5702,1.0833,0.6370,1.0000,0.7245,0.9825,0.0000,Failing,1
failing_calm,5703,1.1000,0.6288,1.0000,0.7229,0.9826,0.0000,Failing,1
failing_calm,5704,1.1167,0.6202,1.0000,0.7212,0.9828,0.0000,Failing,1
failing_calm,5705,1.1333,0.6112,1.0000,0.7194,0.9829,0.0000,Failing,1
failing_calm,5706,1.1500,0.6019,1.0000,0.7175,0.9831,0.0000,Failing,1
failing_calm,5707,1.1667,0.5924,1.0000,0.7154,0.9832,0.0000,Failing,1
failing_calm,5708,1.1833,0.5825,1.0000,0.7132,0.9833,0.0000,Failing,1
failing_calm,5709,1.2000,0.5725,1.0000,0.7109,0.9835,0.0000,Failing,1
failing_calm,5710,1.2167,0.5622,1.0000,0.7084,0.9836,0.0000,Failing,1
failing_calm,5711,1.2333,0.5517,1.0000,0.7058,0.9838,0.0000,Failing,1
failing_calm,5712,1.2500,0.5412,1.0000,0.7031,0.9839,0.0000,Failing,1
failing_calm,5713,1.2667,0.5305,1.0000,0.7003,0.9840,0.0000,Failing,1
failing_calm,5714,1.2833,0.5198,1.0000,0.6973,0.9842,0.0000,Failing,1
failing_calm,5715,1.3000,0.5090,1.0000,0.6942,0.9843,0.0000,Failing,1
failing_calm,5716,1.3167,0.4983,1.0000,0.6909,0.9844,0.0000,Failing,1
failing_calm,5717,1.3333,0.4876,1.0000,0.6876,0.9845,0.0000,Failing,1
failing_calm,5718,1.3500,0.4769,1.0000,0.6841,0.9847,0.0000,Failing,1
failing_calm,5719,1.3667,0.4663,1.0000,0.6805,0.9848,0.0000,Failing,1
failing_calm,5720,1.3833,0.4559,1.0000,0.6768,0.9849,0.0000,Failing,1
failing_calm,5721,1.4000,0.4457,1.0000,0.6730,0.9851,0.0000,Failing,1
failing_calm,5722,1.4167,0.4356,1.0000,0.6690,0.9852,0.0000,Failing,1
failing_calm,5723,1.4333,0.4257,1.0000,0.6650,0.9853,0.0000,Failing,1
failing_calm,5724,1.4500,0.4161,0.9941,0.6609,0.9854,0.0000,Failing,1
failing_calm,5725,1.4667,0.4068,0.9924,0.6567,0.9854,0.0000,Failing,1
failing_calm,5726,1.4833,0.3978,0.9970,0.6524,0.9855,0.0000,Failing,1
failing_calm,5727,1.5000,0.3890,0.9735,0.6481,0.9835,0.0000,Failing,1
failing_calm,5728,1.5167,0.3807,0.9593,0.6437,0.9815,0.0000,Failing,1
failing_calm,5729,1.5333,0.3727,0.9691,0.6392,0.9795,0.0000,Failing,1
failing_calm,5730,1.5500,0.3651,0.9582,0.6346,0.9775,0.0000,Failing,1
failing_calm,5731,1.5667,0.3579,0.9349,0.6301,0.9755,0.0000,Failing,1
failing_calm,5732,1.5833,0.3511,0.9398,0.6255,0.9735,0.0000,Failing,1
failing_calm,5733,1.6000,0.3448,0.9435,0.6208,0.9716,0.0000,Failing,1
failing_calm,5734,1.6167,0.3389,0.9207,0.6162,0.9696,0.0000,Failing,1
failing_calm,5735,1.6333,0.3335,0.9140,0.6115,0.9676,0.0000,Failing,1
failing_calm,5736,1.6500,0.3285,0.9266,0.6068,0.9657,0.0000,Failing,1
failing_calm,5737,1.6667,0.3241,0.9143,0.6021,0.9638,0.0000,Failing,1
failing_calm,5738,1.6833,0.3201,0.8969,0.5975,0.9618,0.0000,Failing,1
failing_calm,5739,1.7000,0.3166,0.9082,0.5928,0.9599,0.0000,Failing,1
failing_calm,5740,1.7167,0.3136,0.9110,0.5882,0.9580,0.0000,Failing,1
failing_calm,5741,1.7333,0.3111,0.8906,0.5836,0.9561,0.0000,Failing,1
failing_calm,5742,1.7500,0.3092,0.8922,0.5791,0.9542,0.0000,Failing,1
failing_calm,5743,1.7667,0.3077,0.9067,0.5746,0.9523,0.0000,Failing,1
failing_calm,5744,1.7833,0.3067,0.8939,0.5702,0.9504,0.0000,Failing,1
failing_calm,5745,1.8000,0.3062,0.8836,0.5658,0.9485,0.0000,Failing,1
failing_calm,5746,1.8167,0.3062,0.9005,0.5615,0.9467,0.0000,Failing,1
failing_calm,5747,1.8333,0.3066,0.9020,0.5573,0.9448,0.0000,Failing,1
failing_calm,5748,1.8500,0.3076,0.8854,0.5532,0.9429,0.0000,Failing,1
failing_calm,5749,1.8667,0.3089,0.8949,0.5492,0.9411,0.0000,Failing,1
failing_calm,5750,1.8833,0.3108,0.9100,0.5452,0.9392,0.0000,Failing,1
failing_calm,5751,1.9000,0.3130,0.8972,0.5414,0.9374,0.0000,Failing,1
failing_calm,5752,1.9167,0.3157,0.8944,0.5376,0.9356,0.0000,Failing,1
failing_calm,5753,1.9333,0.3188,0.9154,0.5340,0.9338,0.0000,Failing,1
failing_calm,5754,1.9500,0.3222,0.9150,0.5305,0.9320,0.0000,Failing,1
failing_calm,5755,1.9667,0.3261,0.9030,0.5271,0.9301,0.0000,Failing,1
failing_calm,5756,1.9833,0.3302,0.9192,0.5239,0.9283,0.0000,Failing,1
failing_calm,5757,2.0000,0.3347,0.9333,0.5208,0.9284,0.0000,Failing,1
failing_calm,5758,2.0167,0.3396,0.9211,0.5178,0.9266,0.0000,Failing,1
failing_calm,5759,2.0333,0.2413,0.8221,0.5132,0.9248,0.0000,Failing,1
failing_calm,5760,2.0500,0.2450,0.8433,0.5088,0.9230,0.0000,Failing,1
failing_calm,5761,2.0667,0.2490,0.8389,0.5045,0.9213,0.0000,Failing,1
failing_calm,5762,2.0833,0.2531,0.8299,0.5003,0.9195,0.0000,Failing,1
failing_calm,5763,2.1000,0.2573,0.8492,0.4963,0.9177,0.0000,Failing,1
failing_calm,5764,2.1167,0.2617,0.8589,0.4924,0.9160,0.0000,Failing,1
failing_calm,5765,2.1333,0.2662,0.8455,0.4887,0.9142,0.0000,Failing,1
failing_calm,5766,2.1500,0.2708,0.8541,0.4851,0.9125,0.0000,Failing,1
failing_calm,5767,2.1667,0.2754,0.8745,0.4816,0.9108,0.0000,Failing,1
failing_calm,5768,2.1833,0.2802,0.8670,0.4783,0.9090,0.0000,Failing,1
failing_calm,5769,2.2000,0.2850,0.8624,0.4751,0.9073,0.0000,Failing,1
failing_calm,5770,2.2167,0.2898,0.8844,0.4720,0.9056,0.0000,Failing,1
failing_calm,5771,2.2333,0.2946,0.8897,0.4691,0.9039,0.0000,Failing,1
failing_calm,5772,2.2500,0.2995,0.8772,0.4663,0.9022,0.0000,Failing,1
failing_calm,5773,2.2667,0.3043,0.8906,0.4636,0.9005,0.0000,Failing,1
failing_calm,5774,2.2833,0.3092,0.9084,0.4611,0.9006,0.0000,Failing,1
failing_calm,5775,2.3000,0.3140,0.8979,0.4586,0.8989,0.0000,Failing,1
failing_calm,5776,2.3167,0.3187,0.8977,0.4563,0.8972,0.0000,Failing,1
failing_calm,5777,2.3333,0.3234,0.9202,0.4541,0.8974,0.0000,Failing,1
failing_calm,5778,2.3500,0.3281,0.9206,0.4520,0.8976,0.0000,Failing,1
failing_calm,5779,2.3667,0.4752,1.0000,0.4524,0.8985,0.0000,Failing,1
failing_calm,5780,2.3833,0.4816,1.0000,0.4529,0.8993,0.0000,Failing,1
failing_calm,5781,2.4000,0.4878,1.0000,0.4535,0.9001,0.0000,Failing,1
failing_calm,5782,2.4167,0.4939,1.0000,0.4541,0.9010,0.0000,Failing,1
failing_calm,5783,2.4333,0.4998,1.0000,0.4549,0.9018,0.0000,Failing,1
failing_calm,5784,2.4500,0.5055,1.0000,0.4557,0.9026,0.0000,Failing,1
failing_calm,5785,2.4667,0.5110,1.0000,0.4567,0.9034,0.0000,Failing,1
failing_calm,5786,2.4833,0.5163,1.0000,0.4576,0.9042,0.0000,Failing,1
failing_calm,5787,2.5000,0.5215,1.0000,0.4587,0.9050,0.0000,Failing,1
failing_calm,5788,2.5167,0.5263,1.0000,0.4598,0.9058,0.0000,Failing,1
failing_calm,5789,2.5333,0.5310,1.0000,0.4610,0.9066,0.0000,Failing,1
failing_calm,5790,2.5500,0.5354,1.0000,0.4622,0.9073,0.0000,Failing,1
failing_calm,5791,2.5667,0.5396,1.0000,0.4635,0.9081,0.0000,Failing,1
failing_calm,5792,2.5833,0.5435,1.0000,0.4648,0.9089,0.0000,Failing,1
failing_calm,5793,2.6000,0.5472,1.0000,0.4662,0.9096,0.0000,Failing,1
failing_calm,5794,2.6167,0.5506,1.0000,0.4676,0.9104,0.0000,Failing,1
failing_calm,5795,2.6333,0.5538,1.0000,0.4690,0.9111,0.0000,Failing,1
failing_calm,5796,2.6500,0.5567,1.0000,0.4705,0.9119,0.0000,Failing,1
failing_calm,5797,2.6667,0.5594,1.0000,0.4719,0.9126,0.0000,Failing,1
failing_calm,5798,2.6833,0.5618,1.0000,0.4734,0.9133,0.0000,Failing,1
failing_calm,5799,2.7000,0.5639,1.0000,0.4749,0.9140,0.0000,Failing,1
failing_calm,5800,2.7167,0.5657,1.0000,0.4764,0.9148,0.0000,Failing,1
failing_calm,5801,2.7333,0.5673,1.0000,0.4779,0.9155,0.0000,Failing,1
failing_calm,5802,2.7500,0.5687,1.0000,0.4794,0.9162,0.0000,Failing,1
failing_calm,5803,2.7667,0.5698,1.0000,0.4809,0.9169,0.0000,Failing,1
failing_calm,5804,2.7833,0.5706,1.0000,0.4824,0.9175,0.0000,Failing,1
failing_calm,5805,2.8000,0.5712,1.0000,0.4839,0.9182,0.0000,Failing,1
failing_calm,5806,2.8167,0.5715,1.0000,0.4853,0.9189,0.0000,Failing,1
failing_calm,5807,2.8333,0.5716,1.0000,0.4867,0.9196,0.0000,Failing,1
failing_calm,5808,2.8500,0.5715,1.0000,0.4881,0.9203,0.0000,Failing,1
failing_calm,5809,2.8667,0.5711,1.0000,0.4895,0.9209,0.0000,Failing,1
failing_calm,5810,2.8833,0.5705,1.0000,0.4908,0.9216,0.0000,Failing,1
failing_calm,5811,2.9000,0.5696,1.0000,0.4921,0.9222,0.0000,Failing,1
failing_calm,5812,2.9167,0.5686,1.0000,0.4934,0.9229,0.0000,Failing,1
failing_calm,5813,2.9333,0.5673,1.0000,0.4946,0.9235,0.0000,Failing,1
failing_calm,5814,2.9500,0.5658,1.0000,0.4958,0.9241,0.0000,Failing,1
failing_calm,5815,2.9667,0.5641,1.0000,0.4969,0.9248,0.0000,Failing,1
failing_calm,5816,2.9833,0.5622,1.0000,0.4980,0.9254,0.0000,Failing,1
failing_calm,5817,3.0000,0.5602,1.0000,0.4990,0.9260,0.0000,Failing,1
failing_calm,5818,3.0167,0.5579,1.0000,0.5000,0.9266,0.0000,Failing,1
failing_calm,5819,3.0333,0.5555,1.0000,0.5009,0.9272,0.0000,Failing,1
failing_calm,5820,3.0500,0.5528,1.0000,0.5018,0.9278,0.0000,Failing,1
failing_calm,5821,3.0667,0.5501,1.0000,0.5026,0.9284,0.0000,Failing,1
failing_calm,5822,3.0833,0.5471,1.0000,0.5033,0.9290,0.0000,Failing,1
failing_calm,5823,3.1000,0.5440,1.0000,0.5040,0.9296,0.0000,Failing,1
failing_calm,5824,3.1167,0.5408,1.0000,0.5046,0.9302,0.0000,Failing,1
failing_calm,5825,3.1333,0.5374,1.0000,0.5051,0.9308,0.0000,Failing,1
failing_calm,5826,3.1500,0.5339,1.0000,0.5056,0.9314,0.0000,Failing,1
failing_calm,5827,3.1667,0.5302,1.0000,0.5060,0.9319,0.0000,Failing,1
failing_calm,5828,3.1833,0.5264,1.0000,0.5064,0.9325,0.0000,Failing,1
failing_calm,5829,3.2000,0.5225,1.0000,0.5066,0.9331,0.0000,Failing,1
failing_calm,5830,3.2167,0.5185,1.0000,0.5068,0.9336,0.0000,Failing,1
failing_calm,5831,3.2333,0.5144,1.0000,0.5069,0.9342,0.0000,Failing,1
failing_calm,5832,3.2500,0.5102,1.0000,0.5070,0.9347,0.0000,Failing,1
failing_calm,5833,3.2667,0.5059,1.0000,0.5070,0.9352,0.0000,Failing,1
failing_calm,5834,3.2833,0.5015,1.0000,0.5069,0.9358,0.0000,Failing,1
failing_calm,5835,3.3000,0.4971,1.0000,0.5067,0.9363,0.0000,Failing,1
failing_calm,5836,3.3167,0.4925,1.0000,0.5065,0.9368,0.0000,Failing,1
failing_calm,5837,3.3333,0.4879,1.0000,0.5062,0.9374,0.0000,Failing,1
failing_calm,5838,3.3500,0.4833,1.0000,0.5058,0.9379,0.0000,Failing,1
failing_calm,5839,3.3667,0.4786,1.0000,0.5054,0.9384,0.0000,Failing,1
failing_calm,5840,3.3833,0.4739,1.0000,0.5048,0.9389,0.0000,Failing,1
failing_calm,5841,3.4000,0.4691,1.0000,0.5043,0.9394,0.0000,Failing,1
failing_calm,5842,3.4167,0.4643,1.0000,0.5036,0.9399,0.0000,Failing,1
failing_calm,5843,3.4333,0.4595,1.0000,0.5029,0.9404,0.0000,Failing,1
failing_calm,5844,3.4500,0.4547,1.0000,0.5021,0.9409,0.0000,Failing,1
failing_calm,5845,3.4667,0.4499,1.0000,0.5012,0.9414,0.0000,Failing,1
failing_calm,5846,3.4833,0.4452,1.0000,0.5003,0.9419,0.0000,Failing,1
failing_calm,5847,3.5000,0.4404,1.0000,0.4993,0.9424,0.0000,Failing,1
failing_calm,5848,3.5167,0.4357,1.0000,0.4982,0.9429,0.0000,Failing,1
failing_calm,5849,3.5333,0.4310,1.0000,0.4971,0.9433,0.0000,Failing,1
failing_calm,5850,3.5500,0.4263,1.0000,0.4960,0.9438,0.0000,Failing,1
failing_calm,5851,3.5667,0.4218,0.9985,0.4947,0.9443,0.0000,Failing,1
failing_calm,5852,3.5833,0.4173,1.0000,0.4934,0.9447,0.0000,Failing,1
failing_calm,5853,3.6000,0.4128,1.0000,0.4921,0.9452,0.0000,Failing,1
failing_calm,5854,3.6167,0.4085,0.9891,0.4907,0.9455,0.0000,Failing,1
failing_calm,5855,3.6333,0.4043,0.9861,0.4893,0.9459,0.0000,Failing,1
failing_calm,5856,3.6500,0.4002,0.9989,0.4878,0.9463,0.0000,Failing,1
failing_calm,5857,3.6667,0.3962,0.9849,0.4863,0.9466,0.0000,Failing,1
failing_calm,5858,3.6833,0.3924,0.9693,0.4848,0.9468,0.0000,Failing,1
failing_calm,5859,3.7000,0.3887,0.9817,0.4832,0.9471,0.0000,Failing,1
failing_calm,5860,3.7167,0.3852,0.9816,0.4816,0.9474,0.0000,Failing,1
failing_calm,5861,3.7333,0.3818,0.9604,0.4799,0.9475,0.0000,Failing,1
failing_calm,5862,3.7500,0.3786,0.9631,0.4782,0.9476,0.0000,Failing,1
failing_calm,5863,3.7667,0.3757,0.9749,0.4765,0.9479,0.0000,Failing,1
failing_calm,5864,3.7833,0.3729,0.9586,0.4748,0.9480,0.0000,Failing,1
failing_calm,5865,3.8000,0.3704,0.9484,0.4731,0.9480,0.0000,Failing,1
failing_calm,5866,3.8167,0.3681,0.9636,0.4714,0.9481,0.0000,Failing,1
failing_calm,5867,3.8333,0.3660,0.9601,0.4696,0.9482,0.0000,Failing,1
failing_calm,5868,3.8500,0.3642,0.9415,0.4679,0.9463,0.0000,Failing,1
failing_calm,5869,3.8667,0.3627,0.9501,0.4661,0.9464,0.0000,Failing,1
failing_calm,5870,3.8833,0.3614,0.9604,0.4644,0.9465,0.0000,Failing,1
failing_calm,5871,3.9000,0.3604,0.9432,0.4627,0.9446,0.0000,Failing,1
failing_calm,5872,3.9167,0.3597,0.9394,0.4610,0.9427,0.0000,Failing,1
failing_calm,5873,3.9333,0.3593,0.9568,0.4593,0.9429,0.0000,Failing,1
failing_calm,5874,3.9500,0.3592,0.9506,0.4577,0.9429,0.0000,Failing,1
failing_calm,5875,3.9667,0.3594,0.9362,0.4560,0.9411,0.0000,Failing,1
failing_calm,5876,3.9833,0.3600,0.9505,0.4544,0.9412,0.0000,Failing,1
failing_calm,5877,4.0000,0.3609,0.9588,0.4529,0.9413,0.0000,Failing,1
failing_calm,5878,4.0167,0.3621,0.9424,0.4514,0.9413,0.0000,Failing,1
failing_calm,5879,4.0333,0.3636,0.9456,0.4499,0.9414,0.0000,Failing,1
failing_calm,5880,4.0500,0.3655,0.9643,0.4485,0.9415,0.0000,Failing,1
failing_calm,5881,4.0667,0.3677,0.9561,0.4472,0.9417,0.0000,Failing,1
failing_calm,5882,4.0833,0.3703,0.9473,0.4459,0.9417,0.0000,Failing,1
failing_calm,5883,4.1000,0.3732,0.9665,0.4447,0.9419,0.0000,Failing,1
failing_calm,5884,4.1167,0.3765,0.9727,0.4436,0.9422,0.0000,Failing,1
failing_calm,5885,4.1333,0.3801,0.9585,0.4426,0.9423,0.0000,Failing,1
failing_calm,5886,4.1500,0.3840,0.9688,0.4416,0.9425,0.0000,Failing,1
failing_calm,5887,4.1667,0.3883,0.9876,0.4407,0.9429,0.0000,Failing,1
failing_calm,5888,4.1833,0.3929,0.9783,0.4399,0.9432,0.0000,Failing,1
failing_calm,5889,4.2000,0.3979,0.9760,0.4392,0.9435,0.0000,Failing,1
failing_calm,5890,4.2167,0.4031,0.9989,0.4386,0.9439,0.0000,Failing,1
failing_calm,5891,4.2333,0.4087,1.0000,0.4381,0.9444,0.0000,Failing,1
failing_calm,5892,4.2500,0.4145,0.9917,0.4377,0.9448,0.0000,Failing,1
failing_calm,5893,4.2667,0.4207,1.0000,0.4375,0.9452,0.0000,Failing,1
failing_calm,5894,4.2833,0.4271,1.0000,0.4373,0.9457,0.0000,Failing,1
failing_calm,5895,4.3000,0.4338,1.0000,0.4372,0.9461,0.0000,Failing,1
failing_calm,5896,4.3167,0.4407,1.0000,0.4373,0.9466,0.0000,Failing,1
failing_calm,5897,4.3333,0.4479,1.0000,0.4375,0.9470,0.0000,Failing,1
failing_calm,5898,4.3500,0.4553,1.0000,0.4378,0.9475,0.0000,Failing,1
failing_calm,5899,4.3667,0.4629,1.0000,0.4382,0.9479,0.0000,Failing,1
failing_calm,5900,4.3833,0.4706,1.0000,0.4387,0.9483,0.0000,Failing,1
failing_calm,5901,4.4000,0.4785,1.0000,0.4394,0.9488,0.0000,Failing,1
failing_calm,5902,4.4167,0.4866,1.0000,0.4402,0.9492,0.0000,Failing,1
failing_calm,5903,4.4333,0.4948,1.0000,0.4411,0.9496,0.0000,Failing,1
failing_calm,5904,4.4500,0.5030,1.0000,0.4421,0.9500,0.0000,Failing,1
failing_calm,5905,4.4667,0.5114,1.0000,0.4432,0.9505,0.0000,Failing,1
failing_calm,5906,4.4833,0.5198,1.0000,0.4445,0.9509,0.0000,Failing,1
failing_calm,5907,4.5000,0.5282,1.0000,0.4459,0.9513,0.0000,Failing,1
failing_calm,5908,4.5167,0.5366,1.0000,0.4474,0.9517,0.0000,Failing,1
failing_calm,5909,4.5333,0.5449,1.0000,0.4490,0.9521,0.0000,Failing,1
failing_calm,5910,4.5500,0.5532,1.0000,0.4507,0.9525,0.0000,Failing,1
failing_calm,5911,4.5667,0.5615,1.0000,0.4525,0.9529,0.0000,Failing,1
failing_calm,5912,4.5833,0.5696,1.0000,0.4545,0.9533,0.0000,Failing,1
failing_calm,5913,4.6000,0.5776,1.0000,0.4565,0.9536,0.0000,Failing,1
failing_calm,5914,4.6167,0.5854,1.0000,0.4586,0.9540,0.0000,Failing,1
failing_calm,5915,4.6333,0.5931,1.0000,0.4609,0.9544,0.0000,Failing,1
failing_calm,5916,4.6500,0.6005,1.0000,0.4632,0.9548,0.0000,Failing,1
failing_calm,5917,4.6667,0.6077,1.0000,0.4656,0.9552,0.0000,Failing,1
failing_calm,5918,4.6833,0.6146,1.0000,0.4680,0.9555,0.0000,Failing,1
failing_calm,5919,4.7000,0.6212,1.0000,0.4706,0.9559,0.0000,Failing,1
failing_calm,5920,4.7167,0.6275,1.0000,0.4731,0.9563,0.0000,Failing,1
failing_calm,5921,4.7333,0.6335,1.0000,0.4758,0.9566,0.0000,Failing,1
failing_calm,5922,4.7500,0.6391,1.0000,0.4785,0.9570,0.0000,Failing,1
failing_calm,5923,4.7667,0.6443,1.0000,0.4812,0.9574,0.0000,Failing,1
failing_calm,5924,4.7833,0.6491,1.0000,0.4840,0.9577,0.0000,Failing,1
failing_calm,5925,4.8000,0.6535,1.0000,0.4868,0.9581,0.0000,Failing,1
failing_calm,5926,4.8167,0.6574,1.0000,0.4896,0.9584,0.0000,Failing,1
failing_calm,5927,4.8333,0.6609,1.0000,0.4925,0.9588,0.0000,Failing,1
failing_calm,5928,4.8500,0.6638,1.0000,0.4953,0.9591,0.0000,Failing,1
failing_calm,5929,4.8667,0.6663,1.0000,0.4981,0.9594,0.0000,Failing,1
failing_calm,5930,4.8833,0.6683,1.0000,0.5009,0.9598,0.0000,Failing,1
failing_calm,5931,4.9000,0.6697,1.0000,0.5037,0.9601,0.0000,Failing,1
failing_calm,5932,4.9167,0.6706,1.0000,0.5065,0.9604,0.0000,Failing,1
failing_calm,5933,4.9333,0.6710,1.0000,0.5092,0.9608,0.0000,Failing,1
failing_calm,5934,4.9500,0.6707,1.0000,0.5119,0.9611,0.0000,Failing,1
failing_calm,5935,4.9667,0.6700,1.0000,0.5145,0.9614,0.0000,Failing,1
failing_calm,5936,4.9833,0.6687,1.0000,0.5170,0.9617,0.0000,Failing,1
failing_calm,5937,5.0000,0.6668,1.0000,0.5195,0.9620,0.0000,Failing,1
failing_calm,5938,5.0167,0.6643,1.0000,0.5219,0.9624,0.0000,Failing,1
failing_calm,5939,5.0333,0.6613,1.0000,0.5242,0.9627,0.0000,Failing,1
failing_calm,5940,5.0500,0.6577,1.0000,0.5264,0.9630,0.0000,Failing,1
failing_calm,5941,5.0667,0.6536,1.0000,0.5285,0.9633,0.0000,Failing,1
failing_calm,5942,5.0833,0.6489,1.0000,0.5305,0.9636,0.0000,Failing,1
failing_calm,5943,5.1000,0.6437,1.0000,0.5324,0.9639,0.0000,Failing,1
failing_calm,5944,5.1167,0.6379,1.0000,0.5341,0.9642,0.0000,Failing,1
failing_calm,5945,5.1333,0.6317,1.0000,0.5357,0.9645,0.0000,Failing,1
failing_calm,5946,5.1500,0.6249,1.0000,0.5372,0.9648,0.0000,Failing,1
failing_calm,5947,5.1667,0.6177,1.0000,0.5385,0.9651,0.0000,Failing,1
failing_calm,5948,5.1833,0.6100,1.0000,0.5397,0.9654,0.0000,Failing,1
failing_calm,5949,5.2000,0.6019,1.0000,0.5407,0.9657,0.0000,Failing,1
failing_calm,5950,5.2167,0.5933,1.0000,0.5416,0.9659,0.0000,Failing,1
failing_calm,5951,5.2333,0.5843,1.0000,0.5423,0.9662,0.0000,Failing,1
failing_calm,5952,5.2500,0.5750,1.0000,0.5429,0.9665,0.0000,Failing,1
failing_calm,5953,5.2667,0.5653,1.0000,0.5432,0.9668,0.0000,Failing,1
failing_calm,5954,5.2833,0.5553,1.0000,0.5434,0.9671,0.0000,Failing,1
failing_calm,5955,5.3000,0.5450,1.0000,0.5435,0.9673,0.0000,Failing,1
failing_calm,5956,5.3167,0.5345,1.0000,0.5433,0.9676,0.0000,Failing,1
failing_calm,5957,5.3333,0.5237,1.0000,0.5430,0.9679,0.0000,Failing,1
failing_calm,5958,5.3500,0.5127,1.0000,0.5425,0.9681,0.0000,Failing,1
failing_calm,5959,5.3667,0.5016,1.0000,0.5418,0.9684,0.0000,Failing,1
failing_calm,5960,5.3833,0.4903,1.0000,0.5410,0.9687,0.0000,Failing,1
failing_calm,5961,5.4000,0.4790,1.0000,0.5399,0.9689,0.0000,Failing,1
failing_calm,5962,5.4167,0.4675,1.0000,0.5387,0.9692,0.0000,Failing,1
failing_calm,5963,5.4333,0.4561,1.0000,0.5374,0.9694,0.0000,Failing,1
failing_calm,5964,5.4500,0.4446,1.0000,0.5358,0.9697,0.0000,Failing,1
failing_calm,5965,5.4667,0.4332,1.0000,0.5341,0.9699,0.0000,Failing,1
failing_calm,5966,5.4833,0.4219,1.0000,0.5323,0.9702,0.0000,Failing,1
failing_calm,5967,5.5000,0.4107,0.9925,0.5303,0.9704,0.0000,Failing,1
failing_calm,5968,5.5167,0.3996,0.9802,0.5281,0.9705,0.0000,Failing,1
failing_calm,5969,5.5333,0.3888,0.9868,0.5258,0.9706,0.0000,Failing,1
failing_calm,5970,5.5500,0.3781,0.9683,0.5234,0.9686,0.0000,Failing,1
failing_calm,5971,5.5667,0.3677,0.9444,0.5208,0.9667,0.0000,Failing,1
failing_calm,5972,5.5833,0.3575,0.9492,0.5181,0.9647,0.0000,Failing,1
failing_calm,5973,5.6000,0.3477,0.9451,0.5153,0.9628,0.0000,Failing,1
failing_calm,5974,5.6167,0.3383,0.9178,0.5124,0.9609,0.0000,Failing,1
failing_calm,5975,5.6333,0.3292,0.9123,0.5093,0.9590,0.0000,Failing,1
failing_calm,5976,5.6500,0.3205,0.9195,0.5062,0.9571,0.0000,Failing,1
failing_calm,5977,5.6667,0.3122,0.8994,0.5030,0.9551,0.0000,Failing,1
failing_calm,5978,5.6833,0.3044,0.8818,0.4997,0.9533,0.0000,Failing,1
failing_calm,5979,5.7000,0.2971,0.8914,0.4964,0.9514,0.0000,Failing,1
failing_calm,5980,5.7167,0.2902,0.8856,0.4930,0.9495,0.0000,Failing,1
failing_calm,5981,5.7333,0.2839,0.8618,0.4895,0.9476,0.0000,Failing,1
failing_calm,5982,5.7500,0.2782,0.8641,0.4860,0.9457,0.0000,Failing,1
failing_calm,5983,5.7667,0.2730,0.8722,0.4825,0.9439,0.0000,Failing,1
failing_calm,5984,5.7833,0.2683,0.8525,0.4790,0.9420,0.0000,Failing,1
failing_calm,5985,5.8000,0.2643,0.8430,0.4754,0.9402,0.0000,Failing,1
failing_calm,5986,5.8167,0.2608,0.8575,0.4719,0.9383,0.0000,Failing,1
failing_calm,5987,5.8333,0.2580,0.8508,0.4683,0.9365,0.0000,Failing,1
failing_calm,5988,5.8500,0.2558,0.8327,0.4648,0.9347,0.0000,Failing,1
failing_calm,5989,5.8667,0.2542,0.8432,0.4613,0.9329,0.0000,Failing,1
failing_calm,5990,5.8833,0.2532,0.8518,0.4579,0.9311,0.0000,Failing,1
failing_calm,5991,5.9000,0.2529,0.8344,0.4545,0.9293,0.0000,Failing,1
failing_calm,5992,5.9167,0.2531,0.8339,0.4512,0.9275,0.0000,Failing,1
failing_calm,5993,5.9333,0.2540,0.8522,0.4479,0.9257,0.0000,Failing,1
failing_calm,5994,5.9500,0.2555,0.8454,0.4447,0.9239,0.0000,Failing,1
failing_calm,5995,5.9667,0.2576,0.8344,0.4416,0.9221,0.0000,Failing,1
failing_calm,5996,5.9833,0.2603,0.8523,0.4386,0.9204,0.0000,Failing,1
failing_calm,5997,6.0000,0.2636,0.8608,0.4358,0.9186,0.0000,Failing,1
failing_calm,5998,6.0167,0.2675,0.8468,0.4330,0.9168,0.0000,Failing,1
failing_calm,5999,6.0333,0.2720,0.8553,0.4303,0.9151,0.0000,Failing,1
failing_calm,6000,6.0500,0.2769,0.8761,0.4278,0.9133,0.0000,Failing,1
failing_calm,6001,6.0667,0.2824,0.8693,0.4254,0.9116,0.0000,Failing,1
failing_calm,6002,6.0833,0.2885,0.8659,0.4231,0.9099,0.0000,Failing,1
failing_calm,6003,6.1000,0.2950,0.8896,0.4210,0.9082,0.0000,Failing,1
failing_calm,6004,6.1167,0.3019,0.8970,0.4190,0.9064,0.0000,Failing,1
failing_calm,6005,6.1333,0.3093,0.8870,0.4172,0.9047,0.0000,Failing,1
failing_calm,6006,6.1500,0.3171,0.9034,0.4156,0.9030,0.0000,Failing,1
failing_calm,6007,6.1667,0.3253,0.9245,0.4141,0.9032,0.0000,Failing,1
failing_calm,6008,6.1833,0.3338,0.9178,0.4127,0.9033,0.0000,Failing,1
failing_calm,6009,6.2000,0.3427,0.9216,0.4116,0.9035,0.0000,Failing,1
failing_calm,6010,6.2167,0.3519,0.9487,0.4106,0.9039,0.0000,Failing,1
failing_calm,6011,6.2333,0.3613,0.9538,0.4098,0.9043,0.0000,Failing,1
failing_calm,6012,6.2500,0.3710,0.9478,0.4091,0.9046,0.0000,Failing,1
failing_calm,6013,6.2667,0.3809,0.9701,0.4087,0.9052,0.0000,Failing,1
failing_calm,6014,6.2833,0.3909,0.9894,0.4084,0.9059,0.0000,Failing,1
failing_calm,6015,6.3000,0.4011,0.9824,0.4083,0.9065,0.0000,Failing,1
failing_calm,6016,6.3167,0.4114,0.9924,0.4083,0.9072,0.0000,Failing,1
failing_calm,6017,6.3333,0.4218,1.0000,0.4085,0.9080,0.0000,Failing,1
failing_calm,6018,6.3500,0.4322,1.0000,0.4089,0.9088,0.0000,Failing,1
failing_calm,6019,6.3667,0.4426,1.0000,0.4095,0.9095,0.0000,Failing,1
failing_calm,6020,6.3833,0.4530,1.0000,0.4102,0.9103,0.0000,Failing,1
failing_calm,6021,6.4000,0.4633,1.0000,0.4111,0.9110,0.0000,Failing,1
failing_calm,6022,6.4167,0.4736,1.0000,0.4121,0.9118,0.0000,Failing,1
failing_calm,6023,6.4333,0.4837,1.0000,0.4133,0.9125,0.0000,Failing,1
failing_calm,6024,6.4500,0.4937,1.0000,0.4146,0.9132,0.0000,Failing,1
failing_calm,6025,6.4667,0.5035,1.0000,0.4161,0.9139,0.0000,Failing,1
failing_calm,6026,6.4833,0.5132,1.0000,0.4177,0.9146,0.0000,Failing,1
failing_calm,6027,6.5000,0.5226,1.0000,0.4194,0.9154,0.0000,Failing,1
failing_calm,6028,6.5167,0.5317,1.0000,0.4213,0.9161,0.0000,Failing,1
failing_calm,6029,6.5333,0.5406,1.0000,0.4233,0.9168,0.0000,Failing,1
failing_calm,6030,6.5500,0.5491,1.0000,0.4253,0.9174,0.0000,Failing,1
failing_calm,6031,6.5667,0.5574,1.0000,0.4275,0.9181,0.0000,Failing,1
failing_calm,6032,6.5833,0.5652,1.0000,0.4298,0.9188,0.0000,Failing,1
failing_calm,6033,6.6000,0.5728,1.0000,0.4322,0.9195,0.0000,Failing,1
failing_calm,6034,6.6167,0.5799,1.0000,0.4346,0.9202,0.0000,Failing,1
failing_calm,6035,6.6333,0.5867,1.0000,0.4371,0.9208,0.0000,Failing,1
failing_calm,6036,6.6500,0.5930,1.0000,0.4397,0.9215,0.0000,Failing,1
failing_calm,6037,6.6667,0.5989,1.0000,0.4423,0.9221,0.0000,Failing,1
failing_calm,6038,6.6833,0.6043,1.0000,0.4450,0.9228,0.0000,Failing,1
failing_calm,6039,6.7000,0.6094,1.0000,0.4477,0.9234,0.0000,Failing,1
failing_calm,6040,6.7167,0.6139,1.0000,0.4505,0.9240,0.0000,Failing,1
failing_calm,6041,6.7333,0.6180,1.0000,0.4532,0.9247,0.0000,Failing,1
failing_calm,6042,6.7500,0.6216,1.0000,0.4560,0.9253,0.0000,Failing,1
failing_calm,6043,6.7667,0.6248,1.0000,0.4588,0.9259,0.0000,Failing,1
failing_calm,6044,6.7833,0.6275,1.0000,0.4616,0.9265,0.0000,Failing,1
failing_calm,6045,6.8000,0.6297,1.0000,0.4644,0.9271,0.0000,Failing,1
failing_calm,6046,6.8167,0.6314,1.0000,0.4671,0.9277,0.0000,Failing,1
failing_calm,6047,6.8333,0.6327,1.0000,0.4699,0.9283,0.0000,Failing,1
failing_calm,6048,6.8500,0.6335,1.0000,0.4726,0.9289,0.0000,Failing,1
failing_calm,6049,6.8667,0.6338,1.0000,0.4752,0.9295,0.0000,Failing,1
failing_calm,6050,6.8833,0.6337,1.0000,0.4779,0.9301,0.0000,Failing,1
failing_calm,6051,6.9000,0.6332,1.0000,0.4804,0.9307,0.0000,Failing,1
failing_calm,6052,6.9167,0.6322,1.0000,0.4829,0.9313,0.0000,Failing,1
failing_calm,6053,6.9333,0.6308,1.0000,0.4854,0.9318,0.0000,Failing,1
failing_calm,6054,6.9500,0.6289,1.0000,0.4878,0.9324,0.0000,Failing,1
failing_calm,6055,6.9667,0.6267,1.0000,0.4900,0.9330,0.0000,Failing,1
failing_calm,6056,6.9833,0.6241,1.0000,0.4923,0.9335,0.0000,Failing,1
failing_calm,6057,7.0000,0.6211,1.0000,0.4944,0.9341,0.0000,Failing,1
failing_calm,6058,7.0167,0.6178,1.0000,0.4964,0.9346,0.0000,Failing,1
failing_calm,6059,7.0333,0.6141,1.0000,0.4984,0.9352,0.0000,Failing,1
failing_calm,6060,7.0500,0.6101,1.0000,0.5002,0.9357,0.0000,Failing,1
failing_calm,6061,7.0667,0.6059,1.0000,0.5020,0.9362,0.0000,Failing,1
failing_calm,6062,7.0833,0.6013,1.0000,0.5036,0.9368,0.0000,Failing,1
failing_calm,6063,7.1000,0.5965,1.0000,0.5051,0.9373,0.0000,Failing,1
failing_calm,6064,7.1167,0.5914,1.0000,0.5066,0.9378,0.0000,Failing,1
failing_calm,6065,7.1333,0.5861,1.0000,0.5079,0.9383,0.0000,Failing,1
failing_calm,6066,7.1500,0.5806,1.0000,0.5091,0.9388,0.0000,Failing,1
failing_calm,6067,7.1667,0.5749,1.0000,0.5102,0.9393,0.0000,Failing,1
failing_calm,6068,7.1833,0.5690,1.0000,0.5111,0.9399,0.0000,Failing,1
failing_calm,6069,7.2000,0.5630,1.0000,0.5120,0.9404,0.0000,Failing,1
failing_calm,6070,7.2167,0.5569,1.0000,0.5127,0.9408,0.0000,Failing,1
failing_calm,6071,7.2333,0.5507,1.0000,0.5134,0.9413,0.0000,Failing,1
failing_calm,6072,7.2500,0.5443,1.0000,0.5139,0.9418,0.0000,Failing,1
failing_calm,6073,7.2667,0.5380,1.0000,0.5143,0.9423,0.0000,Failing,1
failing_calm,6074,7.2833,0.5315,1.0000,0.5146,0.9428,0.0000,Failing,1
failing_calm,6075,7.3000,0.5251,1.0000,0.5147,0.9433,0.0000,Failing,1
failing_calm,6076,7.3167,0.5186,1.0000,0.5148,0.9437,0.0000,Failing,1
failing_calm,6077,7.3333,0.5122,1.0000,0.5148,0.9442,0.0000,Failing,1
failing_calm,6078,7.3500,0.5057,1.0000,0.5146,0.9447,0.0000,Failing,1
failing_calm,6079,7.3667,0.4994,1.0000,0.5144,0.9451,0.0000,Failing,1
failing_calm,6080,7.3833,0.4930,1.0000,0.5140,0.9456,0.0000,Failing,1
failing_calm,6081,7.4000,0.4868,1.0000,0.5136,0.9460,0.0000,Failing,1
failing_calm,6082,7.4167,0.4806,1.0000,0.5130,0.9465,0.0000,Failing,1
failing_calm,6083,7.4333,0.4746,1.0000,0.5124,0.9469,0.0000,Failing,1
failing_calm,6084,7.4500,0.4687,1.0000,0.5117,0.9474,0.0000,Failing,1
failing_calm,6085,7.4667,0.4628,1.0000,0.5109,0.9478,0.0000,Failing,1
failing_calm,6086,7.4833,0.4572,1.0000,0.5100,0.9482,0.0000,Failing,1
failing_calm,6087,7.5000,0.4517,1.0000,0.5090,0.9487,0.0000,Failing,1
failing_calm,6088,7.5167,0.4463,1.0000,0.5080,0.9491,0.0000,Failing,1
failing_calm,6089,7.5333,0.4412,1.0000,0.5069,0.9495,0.0000,Failing,1
failing_calm,6090,7.5500,0.4362,1.0000,0.5057,0.9499,0.0000,Failing,1
failing_calm,6091,7.5667,0.4314,1.0000,0.5045,0.9503,0.0000,Failing,1
failing_calm,6092,7.5833,0.4268,1.0000,0.5032,0.9508,0.0000,Failing,1
failing_calm,6093,7.6000,0.4224,1.0000,0.5018,0.9512,0.0000,Failing,1
failing_calm,6094,7.6167,0.4182,0.9968,0.5005,0.9515,0.0000,Failing,1
failing_calm,6095,7.6333,0.4142,0.9987,0.4990,0.9519,0.0000,Failing,1
failing_calm,6096,7.6500,0.4105,1.0000,0.4976,0.9523,0.0000,Failing,1
failing_calm,6097,7.6667,0.4070,0.9926,0.4961,0.9527,0.0000,Failing,1
failing_calm,6098,7.6833,0.4037,0.9817,0.4945,0.9529,0.0000,Failing,1
failing_calm,6099,7.7000,0.4006,0.9962,0.4930,0.9533,0.0000,Failing,1
failing_calm,6100,7.7167,0.3978,0.9919,0.4914,0.9536,0.0000,Failing,1
failing_calm,6101,7.7333,0.3952,0.9725,0.4898,0.9537,0.0000,Failing,1
failing_calm,6102,7.7500,0.3929,0.9803,0.4882,0.9540,0.0000,Failing,1
failing_calm,6103,7.7667,0.3908,0.9898,0.4866,0.9543,0.0000,Failing,1
failing_calm,6104,7.7833,0.3889,0.9717,0.4850,0.9544,0.0000,Failing,1
failing_calm,6105,7.8000,0.3872,0.9669,0.4834,0.9545,0.0000,Failing,1
failing_calm,6106,7.8167,0.3858,0.9833,0.4818,0.9547,0.0000,Failing,1
failing_calm,6107,7.8333,0.3847,0.9760,0.4802,0.9549,0.0000,Failing,1
failing_calm,6108,7.8500,0.3837,0.9605,0.4786,0.9550,0.0000,Failing,1
failing_calm,6109,7.8667,0.3830,0.9735,0.4770,0.9551,0.0000,Failing,1
failing_calm,6110,7.8833,0.3825,0.9805,0.4754,0.9553,0.0000,Failing,1
failing_calm,6111,7.9000,0.3823,0.9626,0.4739,0.9554,0.0000,Failing,1
failing_calm,6112,7.9167,0.3823,0.9643,0.4724,0.9555,0.0000,Failing,1
failing_calm,6113,7.9333,0.3825,0.9812,0.4709,0.9557,0.0000,Failing,1
failing_calm,6114,7.9500,0.3829,0.9713,0.4694,0.9558,0.0000,Failing,1
failing_calm,6115,7.9667,0.3835,0.9606,0.4680,0.9559,0.0000,Failing,1
failing_calm,6116,7.9833,0.3844,0.9777,0.4666,0.9560,0.0000,Failing,1
failing_calm,6117,8.0000,0.3854,0.9816,0.4653,0.9562,0.0000,Failing,1
failing_calm,6118,8.0167,0.3867,0.9651,0.4640,0.9563,0.0000,Failing,1
failing_calm,6119,8.0333,0.3881,0.9729,0.4627,0.9565,0.0000,Failing,1
failing_calm,6120,8.0500,0.3898,0.9890,0.4615,0.9567,0.0000,Failing,1
failing_calm,6121,8.0667,0.3916,0.9770,0.4604,0.9569,0.0000,Failing,1
failing_calm,6122,8.0833,0.2756,0.8537,0.4573,0.9550,0.0000,Failing,1
failing_calm,6123,8.1000,0.2771,0.8729,0.4543,0.9531,0.0000,Failing,1
failing_calm,6124,8.1167,0.2788,0.8726,0.4514,0.9512,0.0000,Failing,1
failing_calm,6125,8.1333,0.2806,0.8578,0.4486,0.9493,0.0000,Failing,1
failing_calm,6126,8.1500,0.2825,0.8703,0.4459,0.9475,0.0000,Failing,1
failing_calm,6127,8.1667,0.2846,0.8835,0.4432,0.9456,0.0000,Failing,1
failing_calm,6128,8.1833,0.2867,0.8693,0.4406,0.9437,0.0000,Failing,1
failing_calm,6129,8.2000,0.2890,0.8689,0.4381,0.9419,0.0000,Failing,1
failing_calm,6130,8.2167,0.2914,0.8890,0.4357,0.9400,0.0000,Failing,1
failing_calm,6131,8.2333,0.2938,0.8849,0.4333,0.9382,0.0000,Failing,1
failing_calm,6132,8.2500,0.2964,0.8731,0.4311,0.9364,0.0000,Failing,1
failing_calm,6133,8.2667,0.2991,0.8899,0.4289,0.9345,0.0000,Failing,1
failing_calm,6134,8.2833,0.3018,0.8996,0.4268,0.9327,0.0000,Failing,1
failing_calm,6135,8.3000,0.3047,0.8848,0.4248,0.9309,0.0000,Failing,1
failing_calm,6136,8.3167,0.4394,1.0000,0.4250,0.9315,0.0000,Failing,1
failing_calm,6137,8.3333,0.4437,1.0000,0.4253,0.9321,0.0000,Failing,1
failing_calm,6138,8.3500,0.4481,1.0000,0.4257,0.9326,0.0000,Failing,1
failing_calm,6139,8.3667,0.4526,1.0000,0.4262,0.9332,0.0000,Failing,1
failing_calm,6140,8.3833,0.4572,1.0000,0.4267,0.9337,0.0000,Failing,1
failing_calm,6141,8.4000,0.4619,1.0000,0.4273,0.9343,0.0000,Failing,1
failing_calm,6142,8.4167,0.4667,1.0000,0.4279,0.9348,0.0000,Failing,1
failing_calm,6143,8.4333,0.4715,1.0000,0.4286,0.9354,0.0000,Failing,1
failing_calm,6144,8.4500,0.4764,1.0000,0.4294,0.9359,0.0000,Failing,1
failing_calm,6145,8.4667,0.4813,1.0000,0.4303,0.9364,0.0000,Failing,1
failing_calm,6146,8.4833,0.4863,1.0000,0.4312,0.9370,0.0000,Failing,1
failing_calm,6147,8.5000,0.4913,1.0000,0.4322,0.9375,0.0000,Failing,1
failing_calm,6148,8.5167,0.4963,1.0000,0.4332,0.9380,0.0000,Failing,1
failing_calm,6149,8.5333,0.5014,1.0000,0.4344,0.9385,0.0000,Failing,1
failing_calm,6150,8.5500,0.5064,1.0000,0.4356,0.9390,0.0000,Failing,1
failing_calm,6151,8.5667,0.5114,1.0000,0.4368,0.9395,0.0000,Failing,1
failing_calm,6152,8.5833,0.5165,1.0000,0.4381,0.9400,0.0000,Failing,1
failing_calm,6153,8.6000,0.5215,1.0000,0.4395,0.9405,0.0000,Failing,1
failing_calm,6154,8.6167,0.5264,1.0000,0.4409,0.9410,0.0000,Failing,1
failing_calm,6155,8.6333,0.5313,1.0000,0.4424,0.9415,0.0000,Failing,1
failing_calm,6156,8.6500,0.5361,1.0000,0.4440,0.9420,0.0000,Failing,1
failing_calm,6157,8.6667,0.5409,1.0000,0.4456,0.9425,0.0000,Failing,1
failing_calm,6158,8.6833,0.5456,1.0000,0.4472,0.9430,0.0000,Failing,1
failing_calm,6159,8.7000,0.5501,1.0000,0.4489,0.9434,0.0000,Failing,1
failing_calm,6160,8.7167,0.5546,1.0000,0.4507,0.9439,0.0000,Failing,1
failing_calm,6161,8.7333,0.5589,1.0000,0.4525,0.9444,0.0000,Failing,1
failing_calm,6162,8.7500,0.5630,1.0000,0.4543,0.9448,0.0000,Failing,1
failing_calm,6163,8.7667,0.5671,1.0000,0.4562,0.9453,0.0000,Failing,1
failing_calm,6164,8.7833,0.5709,1.0000,0.4581,0.9457,0.0000,Failing,1
failing_calm,6165,8.8000,0.5745,1.0000,0.4600,0.9462,0.0000,Failing,1
failing_calm,6166,8.8167,0.5780,1.0000,0.4619,0.9466,0.0000,Failing,1
failing_calm,6167,8.8333,0.5812,1.0000,0.4639,0.9471,0.0000,Failing,1
failing_calm,6168,8.8500,0.5843,1.0000,0.4659,0.9475,0.0000,Failing,1
failing_calm,6169,8.8667,0.5870,1.0000,0.4679,0.9480,0.0000,Failing,1
failing_calm,6170,8.8833,0.5896,1.0000,0.4699,0.9484,0.0000,Failing,1
failing_calm,6171,8.9000,0.5918,1.0000,0.4719,0.9488,0.0000,Failing,1
failing_calm,6172,8.9167,0.5938,1.0000,0.4739,0.9492,0.0000,Failing,1
failing_calm,6173,8.9333,0.5955,1.0000,0.4760,0.9497,0.0000,Failing,1
failing_calm,6174,8.9500,0.5969,1.0000,0.4780,0.9501,0.0000,Failing,1
failing_calm,6175,8.9667,0.5980,1.0000,0.4799,0.9505,0.0000,Failing,1
failing_calm,6176,8.9833,0.5988,1.0000,0.4819,0.9509,0.0000,Failing,1
failing_calm,6177,9.0000,0.5993,1.0000,0.4838,0.9513,0.0000,Failing,1
failing_calm,6178,9.0167,0.5994,1.0000,0.4858,0.9517,0.0000,Failing,1
failing_calm,6179,9.0333,0.5991,1.0000,0.4876,0.9521,0.0000,Failing,1
failing_calm,6180,9.0500,0.5986,1.0000,0.4895,0.9525,0.0000,Failing,1
failing_calm,6181,9.0667,0.5976,1.0000,0.4912,0.9529,0.0000,Failing,1
failing_calm,6182,9.0833,0.5963,1.0000,0.4930,0.9533,0.0000,Failing,1
failing_calm,6183,9.1000,0.5946,1.0000,0.4947,0.9537,0.0000,Failing,1
failing_calm,6184,9.1167,0.5926,1.0000,0.4963,0.9541,0.0000,Failing,1
failing_calm,6185,9.1333,0.5902,1.0000,0.4978,0.9545,0.0000,Failing,1
failing_calm,6186,9.1500,0.5874,1.0000,0.4993,0.9548,0.0000,Failing,1
failing_calm,6187,9.1667,0.5842,1.0000,0.5007,0.9552,0.0000,Failing,1
failing_calm,6188,9.1833,0.5807,1.0000,0.5020,0.9556,0.0000,Failing,1
failing_calm,6189,9.2000,0.5768,1.0000,0.5033,0.9559,0.0000,Failing,1
failing_calm,6190,9.2167,0.5725,1.0000,0.5044,0.9563,0.0000,Failing,1
failing_calm,6191,9.2333,0.5679,1.0000,0.5055,0.9567,0.0000,Failing,1
failing_calm,6192,9.2500,0.5629,1.0000,0.5064,0.9570,0.0000,Failing,1
failing_calm,6193,9.2667,0.5575,1.0000,0.5073,0.9574,0.0000,Failing,1
failing_calm,6194,9.2833,0.5519,1.0000,0.5080,0.9577,0.0000,Failing,1
failing_calm,6195,9.3000,0.5459,1.0000,0.5086,0.9581,0.0000,Failing,1
failing_calm,6196,9.3167,0.5395,1.0000,0.5091,0.9584,0.0000,Failing,1
failing_calm,6197,9.3333,0.5329,1.0000,0.5095,0.9588,0.0000,Failing,1
failing_calm,6198,9.3500,0.5260,1.0000,0.5098,0.9591,0.0000,Failing,1
failing_calm,6199,9.3667,0.5188,1.0000,0.5100,0.9595,0.0000,Failing,1
failing_calm,6200,9.3833,0.5113,1.0000,0.5100,0.9598,0.0000,Failing,1
failing_calm,6201,9.4000,0.5037,1.0000,0.5099,0.9601,0.0000,Failing,1
failing_calm,6202,9.4167,0.4957,1.0000,0.5096,0.9605,0.0000,Failing,1
failing_calm,6203,9.4333,0.4876,1.0000,0.5093,0.9608,0.0000,Failing,1
failing_calm,6204,9.4500,0.4793,1.0000,0.5088,0.9611,0.0000,Failing,1
failing_calm,6205,9.4667,0.4709,1.0000,0.5082,0.9614,0.0000,Failing,1
failing_calm,6206,9.4833,0.4623,1.0000,0.5074,0.9618,0.0000,Failing,1
failing_calm,6207,9.5000,0.4536,1.0000,0.5065,0.9621,0.0000,Failing,1
failing_calm,6208,9.5167,0.4448,1.0000,0.5055,0.9624,0.0000,Failing,1
failing_calm,6209,9.5333,0.4360,1.0000,0.5043,0.9627,0.0000,Failing,1
failing_calm,6210,9.5500,0.4271,1.0000,0.5031,0.9630,0.0000,Failing,1
failing_calm,6211,9.5667,0.4182,0.9955,0.5017,0.9633,0.0000,Failing,1
failing_calm,6212,9.5833,0.4093,1.0000,0.5001,0.9636,0.0000,Failing,1
failing_calm,6213,9.6000,0.4005,0.9958,0.4985,0.9639,0.0000,Failing,1
failing_calm,6214,9.6167,0.3917,0.9695,0.4967,0.9639,0.0000,Failing,1
failing_calm,6215,9.6333,0.3830,0.9690,0.4948,0.9640,0.0000,Failing,1
failing_calm,6216,9.6500,0.3745,0.9738,0.4928,0.9640,0.0000,Failing,1
failing_calm,6217,9.6667,0.3662,0.9504,0.4908,0.9621,0.0000,Failing,1
failing_calm,6218,9.6833,0.3580,0.9367,0.4886,0.9602,0.0000,Failing,1
failing_calm,6219,9.7000,0.3500,0.9466,0.4863,0.9583,0.0000,Failing,1
failing_calm,6220,9.7167,0.3423,0.9350,0.4839,0.9564,0.0000,Failing,1
failing_calm,6221,9.7333,0.3348,0.9117,0.4814,0.9544,0.0000,Failing,1
failing_calm,6222,9.7500,0.3277,0.9167,0.4789,0.9526,0.0000,Failing,1
failing_calm,6223,9.7667,0.3208,0.9194,0.4763,0.9507,0.0000,Failing,1
failing_calm,6224,9.7833,0.3143,0.8958,0.4736,0.9488,0.0000,Failing,1
failing_calm,6225,9.8000,0.3082,0.8890,0.4709,0.9469,0.0000,Failing,1
failing_calm,6226,9.8167,0.3025,0.9007,0.4681,0.9451,0.0000,Failing,1
failing_calm,6227,9.8333,0.2972,0.8871,0.4653,0.9432,0.0000,Failing,1
failing_calm,6228,9.8500,0.2923,0.8691,0.4624,0.9413,0.0000,Failing,1
failing_calm,6229,9.8667,0.2879,0.8799,0.4595,0.9395,0.0000,Failing,1
failing_calm,6230,9.8833,0.2840,0.8812,0.4566,0.9377,0.0000,Failing,1
failing_calm,6231,9.9000,0.2806,0.8599,0.4537,0.9358,0.0000,Failing,1
failing_calm,6232,9.9167,0.2777,0.8610,0.4508,0.9340,0.0000,Failing,1
failing_calm,6233,9.9333,0.2753,0.8744,0.4479,0.9322,0.0000,Failing,1
failing_calm,6234,9.9500,0.2734,0.8603,0.4450,0.9304,0.0000,Failing,1
failing_calm,6235,9.9667,0.2722,0.8496,0.4422,0.9286,0.0000,Failing,1
failing_calm,6236,9.9833,0.2714,0.8661,0.4393,0.9268,0.0000,Failing,1
failing_calm,6237,10.0000,0.2713,0.8663,0.4366,0.9250,0.0000,Failing,1
failing_calm,6238,10.0167,0.2717,0.8494,0.4338,0.9232,0.0000,Failing,1
failing_calm,6239,10.0333,0.2727,0.8590,0.4312,0.9215,0.0000,Failing,1
failing_calm,6240,10.0500,0.2743,0.8735,0.4286,0.9197,0.0000,Failing,1
failing_calm,6241,10.0667,0.2764,0.8603,0.4261,0.9179,0.0000,Failing,1
failing_calm,6242,10.0833,0.2792,0.8581,0.4236,0.9162,0.0000,Failing,1
failing_calm,6243,10.1000,0.2825,0.8793,0.4213,0.9144,0.0000,Failing,1
failing_calm,6244,10.1167,0.2864,0.8789,0.4191,0.9127,0.0000,Failing,1
failing_calm,6245,10.1333,0.2909,0.8677,0.4169,0.9110,0.0000,Failing,1
failing_calm,6246,10.1500,0.2959,0.8852,0.4149,0.9093,0.0000,Failing,1
failing_calm,6247,10.1667,0.3015,0.8999,0.4131,0.9075,0.0000,Failing,1
failing_calm,6248,10.1833,0.3075,0.8888,0.4113,0.9058,0.0000,Failing,1
failing_calm,6249,10.2000,0.3142,0.8952,0.4097,0.9041,0.0000,Failing,1
failing_calm,6250,10.2167,0.3213,0.9196,0.4083,0.9042,0.0000,Failing,1
failing_calm,6251,10.2333,0.3289,0.9184,0.4069,0.9044,0.0000,Failing,1
failing_calm,6252,10.2500,0.3369,0.9137,0.4058,0.9044,0.0000,Failing,1
failing_calm,6253,10.2667,0.3454,0.9376,0.4048,0.9047,0.0000,Failing,1
failing_calm,6254,10.2833,0.3543,0.9513,0.4040,0.9051,0.0000,Failing,1
failing_calm,6255,10.3000,0.3636,0.9427,0.4033,0.9054,0.0000,Failing,1
failing_calm,6256,10.3167,0.3732,0.9569,0.4028,0.9058,0.0000,Failing,1
failing_calm,6257,10.3333,0.3832,0.9824,0.4025,0.9065,0.0000,Failing,1
failing_calm,6258,10.3500,0.3935,0.9801,0.4023,0.9071,0.0000,Failing,1
failing_calm,6259,10.3667,0.4041,0.9817,0.4024,0.9077,0.0000,Failing,1
failing_calm,6260,10.3833,0.4149,1.0000,0.4026,0.9085,0.0000,Failing,1
failing_calm,6261,10.4000,0.4259,1.0000,0.4029,0.9092,0.0000,Failing,1
failing_calm,6262,10.4167,0.4371,1.0000,0.4035,0.9100,0.0000,Failing,1
failing_calm,6263,10.4333,0.4485,1.0000,0.4043,0.9107,0.0000,Failing,1
failing_calm,6264,10.4500,0.4599,1.0000,0.4052,0.9115,0.0000,Failing,1
failing_calm,6265,10.4667,0.4714,1.0000,0.4063,0.9122,0.0000,Failing,1
failing_calm,6266,10.4833,0.4830,1.0000,0.4075,0.9129,0.0000,Failing,1
failing_calm,6267,10.5000,0.4946,1.0000,0.4090,0.9137,0.0000,Failing,1
failing_calm,6268,10.5167,0.5061,1.0000,0.4106,0.9144,0.0000,Failing,1
failing_calm,6269,10.5333,0.5176,1.0000,0.4124,0.9151,0.0000,Failing,1
failing_calm,6270,10.5500,0.5290,1.0000,0.4143,0.9158,0.0000,Failing,1
failing_calm,6271,10.5667,0.5402,1.0000,0.4164,0.9165,0.0000,Failing,1
failing_calm,6272,10.5833,0.5512,1.0000,0.4186,0.9172,0.0000,Failing,1
failing_calm,6273,10.6000,0.5621,1.0000,0.4210,0.9179,0.0000,Failing,1
failing_calm,6274,10.6167,0.5727,1.0000,0.4235,0.9185,0.0000,Failing,1
failing_calm,6275,10.6333,0.5831,1.0000,0.4261,0.9192,0.0000,Failing,1
failing_calm,6276,10.6500,0.5931,1.0000,0.4289,0.9199,0.0000,Failing,1
failing_calm,6277,10.6667,0.6028,1.0000,0.4317,0.9206,0.0001,Failing,1
failing_calm,6278,10.6833,0.6121,1.0000,0.4347,0.9212,0.0001,Failing,1
failing_calm,6279,10.7000,0.6210,1.0000,0.4378,0.9219,0.0001,Failing,1
failing_calm,6280,10.7167,0.6296,1.0000,0.4410,0.9225,0.0001,Failing,1
failing_calm,6281,10.7333,0.6376,1.0000,0.4442,0.9232,0.0002,Failing,1
failing_calm,6282,10.7500,0.6452,1.0000,0.4475,0.9238,0.0002,Failing,1
failing_calm,6283,10.7667,0.6524,1.0000,0.4509,0.9244,0.0002,Failing,1
failing_calm,6284,10.7833,0.6589,1.0000,0.4544,0.9251,0.0003,Failing,1
failing_calm,6285,10.8000,0.6650,1.0000,0.4578,0.9257,0.0003,Failing,1
failing_calm,6286,10.8167,0.6705,1.0000,0.4614,0.9263,0.0003,Failing,1
failing_calm,6287,10.8333,0.6755,1.0000,0.4649,0.9269,0.0004,Failing,1
failing_calm,6288,10.8500,0.6798,1.0000,0.4685,0.9275,0.0004,Failing,1
failing_calm,6289,10.8667,0.6836,1.0000,0.4720,0.9281,0.0005,Failing,1
failing_calm,6290,10.8833,0.6868,1.0000,0.4756,0.9287,0.0005,Failing,1
failing_calm,6291,10.9000,0.6894,1.0000,0.4791,0.9293,0.0005,Failing,1
failing_calm,6292,10.9167,0.6913,1.0000,0.4826,0.9299,0.0006,Failing,1
failing_calm,6293,10.9333,0.6927,1.0000,0.4861,0.9305,0.0006,Failing,1
failing_calm,6294,10.9500,0.6934,1.0000,0.4895,0.9311,0.0007,Failing,1
failing_calm,6295,10.9667,0.6935,1.0000,0.4929,0.9316,0.0007,Failing,1
failing_calm,6296,10.9833,0.6930,1.0000,0.4962,0.9322,0.0008,Failing,1
failing_calm,6297,11.0000,0.6919,1.0000,0.4994,0.9328,0.0008,Failing,1
failing_calm,6298,11.0167,0.6902,1.0000,0.5026,0.9333,0.0009,Failing,1
failing_calm,6299,11.0333,0.6879,1.0000,0.5056,0.9339,0.0009,Failing,1
failing_calm,6300,11.0500,0.6850,1.0000,0.5086,0.9344,0.0010,Failing,1
failing_calm,6301,11.0667,0.6816,1.0000,0.5115,0.9350,0.0010,Failing,1
failing_calm,6302,11.0833,0.6776,1.0000,0.5142,0.9355,0.0011,Failing,1
failing_calm,6303,11.1000,0.6730,1.0000,0.5168,0.9360,0.0011,Failing,1
failing_calm,6304,11.1167,0.6680,1.0000,0.5193,0.9366,0.0012,Failing,1
failing_calm,6305,11.1333,0.6624,1.0000,0.5217,0.9371,0.0012,Failing,1
failing_calm,6306,11.1500,0.6564,1.0000,0.5239,0.9376,0.0013,Failing,1
failing_calm,6307,11.1667,0.6498,1.0000,0.5260,0.9381,0.0013,Failing,1
failing_calm,6308,11.1833,0.6429,1.0000,0.5279,0.9386,0.0014,Failing,1
failing_calm,6309,11.2000,0.6356,1.0000,0.5297,0.9392,0.0014,Failing,1
failing_calm,6310,11.2167,0.4395,1.0000,0.5282,0.9397,0.0014,Failing,1
failing_calm,6311,11.2333,0.4338,1.0000,0.5267,0.9402,0.0015,Failing,1
failing_calm,6312,11.2500,0.4279,1.0000,0.5250,0.9407,0.0015,Failing,1
failing_calm,6313,11.2667,0.4218,1.0000,0.5233,0.9411,0.0016,Failing,1
failing_calm,6314,11.2833,0.4155,0.9950,0.5215,0.9416,0.0016,Failing,1
failing_calm,6315,11.3000,0.4091,1.0000,0.5197,0.9421,0.0017,Failing,1
failing_calm,6316,11.3167,0.4025,0.9941,0.5177,0.9425,0.0017,Failing,1
failing_calm,6317,11.3333,0.3957,0.9725,0.5157,0.9428,0.0018,Failing,1
failing_calm,6318,11.3500,0.5556,1.0000,0.5164,0.9432,0.0018,Failing,1
failing_calm,6319,11.3667,0.5457,1.0000,0.5169,0.9437,0.0019,Failing,1
failing_calm,6320,11.3833,0.5357,1.0000,0.5172,0.9442,0.0019,Failing,1
failing_calm,6321,11.4000,0.5257,1.0000,0.5173,0.9446,0.0020,Failing,1
failing_calm,6322,11.4167,0.5157,1.0000,0.5173,0.9451,0.0020,Failing,1
failing_calm,6323,11.4333,0.5057,1.0000,0.5171,0.9456,0.0021,Failing,1
failing_calm,6324,11.4500,0.4957,1.0000,0.5168,0.9460,0.0021,Failing,1
failing_calm,6325,11.4667,0.4858,1.0000,0.5162,0.9465,0.0022,Failing,1
failing_calm,6326,11.4833,0.4760,1.0000,0.5156,0.9469,0.0022,Failing,1
failing_calm,6327,11.5000,0.4663,1.0000,0.5148,0.9473,0.0023,Failing,1
failing_calm,6328,11.5167,0.4568,1.0000,0.5138,0.9478,0.0023,Failing,1
failing_calm,6329,11.5333,0.4474,1.0000,0.5127,0.9482,0.0024,Failing,1
failing_calm,6330,11.5500,0.4383,1.0000,0.5115,0.9486,0.0024,Failing,1
failing_calm,6331,11.5667,0.4294,1.0000,0.5101,0.9491,0.0025,Failing,1
failing_calm,6332,11.5833,0.4207,1.0000,0.5086,0.9495,0.0025,Failing,1
failing_calm,6333,11.6000,0.4124,1.0000,0.5070,0.9499,0.0026,Failing,1
failing_calm,6334,11.6167,0.4043,0.9816,0.5054,0.9502,0.0026,Failing,1
failing_calm,6335,11.6333,0.3966,0.9841,0.5036,0.9505,0.0027,Failing,1
failing_calm,6336,11.6500,0.3892,0.9882,0.5017,0.9508,0.0028,Failing,1
failing_calm,6337,11.6667,0.3821,0.9649,0.4997,0.9509,0.0028,Failing,1
failing_calm,6338,11.6833,0.3755,0.9552,0.4976,0.9509,0.0029,Failing,1
failing_calm,6339,11.7000,0.3692,0.9667,0.4955,0.9510,0.0029,Failing,1
failing_calm,6340,11.7167,0.3633,0.9546,0.4933,0.9511,0.0030,Failing,1
failing_calm,6341,11.7333,0.3578,0.9346,0.4911,0.9492,0.0031,Failing,1
failing_calm,6342,11.7500,0.3528,0.9433,0.4888,0.9473,0.0031,Failing,1
failing_calm,6343,11.7667,0.3482,0.9461,0.4865,0.9455,0.0032,Failing,1
failing_calm,6344,11.7833,0.3440,0.9243,0.4841,0.9436,0.0033,Failing,1
failing_calm,6345,11.8000,0.3402,0.9223,0.4817,0.9417,0.0033,Failing,1
failing_calm,6346,11.8167,0.3369,0.9357,0.4793,0.9399,0.0034,Failing,1
failing_calm,6347,11.8333,0.3341,0.9224,0.4769,0.9381,0.0035,Failing,1
failing_calm,6348,11.8500,0.3317,0.9087,0.4745,0.9362,0.0036,Failing,1
failing_calm,6349,11.8667,0.3297,0.9230,0.4722,0.9344,0.0037,Failing,1
failing_calm,6350,11.8833,0.3282,0.9244,0.4698,0.9326,0.0037,Failing,1
failing_calm,6351,11.9000,0.3271,0.9055,0.4674,0.9308,0.0038,Failing,1
failing_calm,6352,11.9167,0.3265,0.9113,0.4651,0.9290,0.0039,Failing,1
failing_calm,6353,11.9333,0.3262,0.9255,0.4628,0.9272,0.0040,Failing,1
failing_calm,6354,11.9500,0.3264,0.9118,0.4605,0.9254,0.0041,Failing,1
failing_calm,6355,11.9667,0.3271,0.9052,0.4583,0.9236,0.0042,Failing,1
failing_calm,6356,11.9833,0.3281,0.9239,0.4562,0.9236,0.0043,Failing,1
failing_calm,6357,12.0000,0.3295,0.9233,0.4541,0.9219,0.0044,Failing,1
failing_calm_back,6358,0.0167,0.9825,1.0000,0.4628,0.9225,0.0045,Failing,1
failing_calm_back,6359,0.0333,0.9985,1.0000,0.4717,0.9231,0.0046,Failing,1
failing_calm_back,6360,0.0500,0.9679,1.0000,0.4799,0.9238,0.0046,Failing,1
failing_calm_back,6361,0.0667,0.9678,1.0000,0.4879,0.9244,0.0047,Failing,1
failing_calm_back,6362,0.0833,0.9985,1.0000,0.4964,0.9250,0.0048,Failing,1
failing_calm_back,6363,0.1000,0.9826,1.0000,0.5044,0.9257,0.0049,Failing,1
failing_calm_back,6364,0.1167,0.9602,1.0000,0.5119,0.9263,0.0050,Failing,1
failing_calm_back,6365,0.1333,0.9877,1.0000,0.5198,0.9269,0.0051,Failing,1
failing_calm_back,6366,0.1500,0.9958,1.0000,0.5277,0.9275,0.0051,Failing,1
failing_calm_back,6367,0.1667,0.9641,1.0000,0.5349,0.9281,0.0051,Steady,1
failing_calm_back,6368,0.1833,0.9724,1.0000,0.5421,0.9287,0.0051,Steady,1
failing_calm_back,6369,0.2000,0.9998,1.0000,0.5497,0.9293,0.0051,Steady,1
failing_calm_back,6370,0.2167,0.9772,1.0000,0.5568,0.9299,0.0051,Steady,1
failing_calm_back,6371,0.2333,0.9616,1.0000,0.5634,0.9305,0.0051,Steady,1
failing_calm_back,6372,0.2500,0.9923,1.0000,0.5705,0.9310,0.0051,Steady,1
failing_calm_back,6373,0.2667,0.9920,1.0000,0.5775,0.9316,0.0051,Steady,1
failing_calm_back,6374,0.2833,0.9614,1.0000,0.5838,0.9322,0.0051,Steady,1
failing_calm_back,6375,0.3000,0.9777,1.0000,0.5904,0.9327,0.0051,Steady,1
failing_calm_back,6376,0.3167,0.9998,1.0000,0.5971,0.9333,0.0051,Steady,1
failing_calm_back,6377,0.3333,0.9721,1.0000,0.6033,0.9339,0.0051,Steady,1
failing_calm_back,6378,0.3500,0.9643,1.0000,0.6093,0.9344,0.0051,Steady,1
failing_calm_back,6379,0.3667,0.9961,1.0000,0.6157,0.9349,0.0051,Steady,1
failing_calm_back,6380,0.3833,0.9873,1.0000,0.6218,0.9355,0.0051,Steady,1
failing_calm_back,6381,0.4000,0.9601,1.0000,0.6274,0.9360,0.0051,Steady,1
failing_calm_back,6382,0.4167,0.9830,1.0000,0.6333,0.9366,0.0051,Steady,1
failing_calm_back,6383,0.4333,0.9983,1.0000,0.6393,0.9371,0.0051,Steady,1
failing_calm_back,6384,0.4500,0.9675,1.0000,0.6447,0.9376,0.0051,Steady,1
failing_calm_back,6385,0.4667,0.9682,1.0000,0.6501,0.9381,0.0051,Steady,1
failing_calm_back,6386,0.4833,0.9987,1.0000,0.6559,0.9386,0.0051,Steady,1
failing_calm_back,6387,0.5000,0.9821,1.0000,0.6612,0.9391,0.0051,Steady,1
failing_calm_back,6388,0.5167,0.9603,1.0000,0.6662,0.9396,0.0051,Steady,1
failing_calm_back,6389,0.5333,0.9882,1.0000,0.6715,0.9401,0.0051,Steady,1
failing_calm_back,6390,0.5500,0.9955,1.0000,0.6769,0.9406,0.0051,Steady,1
failing_calm_back,6391,0.5667,0.9638,1.0000,0.6816,0.9411,0.0051,Steady,1
failing_calm_back,6392,0.5833,0.9730,1.0000,0.6864,0.9416,0.0051,Steady,1
failing_calm_back,6393,0.6000,0.9999,1.0000,0.6916,0.9421,0.0051,Steady,1
failing_calm_back,6394,0.6167,0.9767,1.0000,0.6963,0.9426,0.0051,Steady,1
failing_calm_back,6395,0.6333,0.9618,1.0000,0.7007,0.9431,0.0051,Steady,1
failing_calm_back,6396,0.6500,0.9928,1.0000,0.7055,0.9435,0.0051,Steady,1
failing_calm_back,6397,0.6667,0.9916,1.0000,0.7103,0.9440,0.0051,Steady,1
failing_calm_back,6398,0.6833,0.9612,1.0000,0.7144,0.9445,0.0051,Steady,1
failing_calm_back,6399,0.7000,0.9782,1.0000,0.7188,0.9449,0.0051,Steady,1
failing_calm_back,6400,0.7167,0.9997,1.0000,0.7234,0.9454,0.0051,Steady,1
failing_calm_back,6401,0.7333,0.9716,1.0000,0.7275,0.9458,0.0051,Steady,1
failing_calm_back,6402,0.7500,0.9647,1.0000,0.7314,0.9463,0.0051,Steady,1
failing_calm_back,6403,0.7667,0.9964,1.0000,0.7358,0.9467,0.0051,Steady,1
failing_calm_back,6404,0.7833,0.9868,1.0000,0.7400,0.9472,0.0051,Steady,1
failing_calm_back,6405,0.8000,0.9601,1.0000,0.7436,0.9476,0.0051,Steady,1
failing_calm_back,6406,0.8167,0.9836,1.0000,0.7476,0.9481,0.0051,Steady,1
failing_calm_back,6407,0.8333,0.9981,1.0000,0.7517,0.9485,0.0051,Steady,1
failing_calm_back,6408,0.8500,0.9670,1.0000,0.7553,0.9489,0.0051,Steady,1
failing_calm_back,6409,0.8667,0.9687,1.0000,0.7588,0.9493,0.0051,Steady,1
failing_calm_back,6410,0.8833,0.9989,1.0000,0.7628,0.9498,0.0051,Steady,1
failing_calm_back,6411,0.9000,0.9815,1.0000,0.7664,0.9502,0.0051,Steady,1
failing_calm_back,6412,0.9167,0.9603,1.0000,0.7696,0.9506,0.0051,Steady,1
failing_calm_back,6413,0.9333,0.9887,1.0000,0.7732,0.9510,0.0051,Steady,1
failing_calm_back,6414,0.9500,0.9951,1.0000,0.7769,0.9514,0.0051,Steady,1
failing_calm_back,6415,0.9667,0.9634,1.0000,0.7800,0.9518,0.0051,Steady,1
failing_calm_back,6416,0.9833,0.9735,1.0000,0.7832,0.9522,0.0051,Steady,1
failing_calm_back,6417,1.0000,0.9999,1.0000,0.7867,0.9526,0.0051,Steady,1
failing_calm_back,6418,1.0167,0.9762,1.0000,0.7899,0.9530,0.0051,Steady,1
failing_calm_back,6419,1.0333,0.9621,1.0000,0.7927,0.9534,0.0051,Steady,1
failing_calm_back,6420,1.0500,0.9932,1.0000,0.7960,0.9538,0.0051,Steady,1
failing_calm_back,6421,1.0667,0.9911,1.0000,0.7993,0.9542,0.0051,Steady,1
failing_calm_back,6422,1.0833,0.9611,1.0000,0.8019,0.9545,0.0051,Steady,1
failing_calm_back,6423,1.1000,0.9788,1.0000,0.8049,0.9549,0.0051,Steady,1
failing_calm_back,6424,1.1167,0.9996,1.0000,0.8081,0.9553,0.0051,Steady,1
failing_calm_back,6425,1.1333,0.9711,1.0000,0.8108,0.9557,0.0051,Steady,1
failing_calm_back,6426,1.1500,0.9650,1.0000,0.8133,0.9560,0.0051,Steady,1
failing_calm_back,6427,1.1667,0.9967,1.0000,0.8163,0.9564,0.0051,Steady,1
failing_calm_back,6428,1.1833,0.9863,1.0000,0.8192,0.9568,0.0051,Steady,1
failing_calm_back,6429,1.2000,0.9600,1.0000,0.8215,0.9571,0.0051,Steady,1
failing_calm_back,6430,1.2167,0.9841,1.0000,0.8242,0.9575,0.0051,Steady,1
failing_calm_back,6431,1.2333,0.9978,1.0000,0.8270,0.9578,0.0051,Steady,1
failing_calm_back,6432,1.2500,0.9666,1.0000,0.8293,0.9582,0.0051,Steady,1
failing_calm_back,6433,1.2667,0.9691,1.0000,0.8317,0.9585,0.0051,Steady,1
failing_calm_back,6434,1.2833,0.9990,1.0000,0.8344,0.9589,0.0051,Steady,1
failing_calm_back,6435,1.3000,0.9810,1.0000,0.8368,0.9592,0.0051,Steady,1
failing_calm_back,6436,1.3167,0.9605,1.0000,0.8389,0.9595,0.0051,Steady,1
failing_calm_back,6437,1.3333,0.9891,1.0000,0.8414,0.9599,0.0051,Steady,1
failing_calm_back,6438,1.3500,0.9948,1.0000,0.8439,0.9602,0.0051,Steady,1
failing_calm_back,6439,1.3667,0.9631,1.0000,0.8459,0.9605,0.0051,Steady,1
failing_calm_back,6440,1.3833,0.9740,1.0000,0.8480,0.9609,0.0051,Steady,1
failing_calm_back,6441,1.4000,1.0000,1.0000,0.8505,0.9612,0.0051,Steady,1
failing_calm_back,6442,1.4167,0.9756,1.0000,0.8526,0.9615,0.0051,Steady,1
failing_calm_back,6443,1.4333,0.9623,1.0000,0.8544,0.9618,0.0051,Steady,1
failing_calm_back,6444,1.4500,0.9936,1.0000,0.8567,0.9622,0.0051,Steady,1
failing_calm_back,6445,1.4667,0.9907,1.0000,0.8589,0.9625,0.0051,Steady,1
failing_calm_back,6446,1.4833,0.9609,1.0000,0.8606,0.9628,0.0051,Steady,1
failing_calm_back,6447,1.5000,0.9793,1.0000,0.8626,0.9631,0.0051,Steady,1
failing_calm_back,6448,1.5167,0.9995,1.0000,0.8648,0.9634,0.0051,Steady,1
failing_calm_back,6449,1.5333,0.9706,1.0000,0.8666,0.9637,0.0051,Steady,1
failing_calm_back,6450,1.5500,0.9654,1.0000,0.8682,0.9640,0.0051,Steady,1
failing_calm_back,6451,1.5667,0.9970,1.0000,0.8703,0.9643,0.0051,Steady,1
failing_calm_back,6452,1.5833,0.9858,1.0000,0.8722,0.9646,0.0051,Steady,1
failing_calm_back,6453,1.6000,0.9600,1.0000,0.8737,0.9649,0.0051,Steady,1
failing_calm_back,6454,1.6167,0.9846,1.0000,0.8755,0.9652,0.0051,Steady,1
failing_calm_back,6455,1.6333,0.9976,1.0000,0.8775,0.9655,0.0051,Steady,1
failing_calm_back,6456,1.6500,0.9662,1.0000,0.8790,0.9658,0.0051,Steady,1
failing_calm_back,6457,1.6667,0.9696,1.0000,0.8805,0.9660,0.0000,Steady,1
failing_calm_back,6458,1.6833,0.9992,1.0000,0.8825,0.9663,0.0000,Steady,1
failing_calm_back,6459,1.7000,0.9804,1.0000,0.8841,0.9666,0.0000,Steady,1
failing_calm_back,6460,1.7167,0.9606,1.0000,0.8853,0.9669,0.0000,Steady,1
failing_calm_back,6461,1.7333,0.9896,1.0000,0.8871,0.9672,0.0000,Steady,1
failing_calm_back,6462,1.7500,0.9944,1.0000,0.8888,0.9674,0.0000,Steady,1
failing_calm_back,6463,1.7667,0.9629,1.0000,0.8901,0.9677,0.0000,Steady,1
failing_calm_back,6464,1.7833,0.9745,1.0000,0.8915,0.9680,0.0000,Steady,1
failing_calm_back,6465,1.8000,1.0000,1.0000,0.8933,0.9682,0.0000,Steady,1
failing_calm_back,6466,1.8167,0.9751,1.0000,0.8946,0.9685,0.0000,Steady,1
failing_calm_back,6467,1.8333,0.9626,1.0000,0.8957,0.9688,0.0000,Steady,1
failing_calm_back,6468,1.8500,0.9940,1.0000,0.8974,0.9690,0.0000,Steady,1
failing_calm_back,6469,1.8667,0.9902,1.0000,0.8989,0.9693,0.0000,Steady,1
failing_calm_back,6470,1.8833,0.9607,1.0000,0.8999,0.9695,0.0000,Steady,1
failing_calm_back,6471,1.9000,0.9798,1.0000,0.9012,0.9698,0.0000,Steady,1
failing_calm_back,6472,1.9167,0.9994,1.0000,0.9029,0.9700,0.0000,Steady,1
failing_calm_back,6473,1.9333,0.9701,1.0000,0.9040,0.9703,0.0000,Steady,1
failing_calm_back,6474,1.9500,0.9658,1.0000,0.9050,0.9705,0.0000,Steady,1
failing_calm_back,6475,1.9667,0.9973,1.0000,0.9065,0.9708,0.0000,Steady,1
failing_calm_back,6476,1.9833,0.9852,1.0000,0.9078,0.9710,0.0000,Steady,1
failing_calm_back,6477,2.0000,0.9600,1.0000,0.9087,0.9713,0.0000,Steady,1
failing_calm_back,6478,2.0167,0.9851,1.0000,0.9099,0.9715,0.0000,Steady,1
failing_calm_back,6479,2.0333,0.9973,1.0000,0.9114,0.9717,0.0000,Steady,1
failing_calm_back,6480,2.0500,0.9658,1.0000,0.9123,0.9720,0.0000,Steady,1
failing_calm_back,6481,2.0667,0.9700,1.0000,0.9132,0.9722,0.0000,Steady,1
failing_calm_back,6482,2.0833,0.9993,1.0000,0.9147,0.9724,0.0000,Steady,1
failing_calm_back,6483,2.1000,0.9799,1.0000,0.9157,0.9727,0.0000,Steady,1
failing_calm_back,6484,2.1167,0.9607,1.0000,0.9165,0.9729,0.0000,Steady,1
failing_calm_back,6485,2.1333,0.9901,1.0000,0.9177,0.9731,0.0000,Steady,1
failing_calm_back,6486,2.1500,0.9940,1.0000,0.9190,0.9733,0.0000,Steady,1
failing_calm_back,6487,2.1667,0.9626,1.0000,0.9197,0.9736,0.0000,Steady,1
failing_calm_back,6488,2.1833,0.9750,1.0000,0.9206,0.9738,0.0000,Steady,1
failing_calm_back,6489,2.2000,1.0000,1.0000,0.9219,0.9740,0.0000,Steady,1
failing_calm_back,6490,2.2167,0.9746,1.0000,0.9228,0.9742,0.0000,Steady,1
failing_calm_back,6491,2.2333,0.9628,1.0000,0.9234,0.9744,0.0000,Steady,1
failing_calm_back,6492,2.2500,0.9943,1.0000,0.9246,0.9746,0.0000,Steady,1
failing_calm_back,6493,2.2667,0.9897,1.0000,0.9257,0.9748,0.0000,Steady,1
failing_calm_back,6494,2.2833,0.9606,1.0000,0.9263,0.9750,0.0000,Steady,1
failing_calm_back,6495,2.3000,0.9804,1.0000,0.9272,0.9753,0.0000,Steady,1
failing_calm_back,6496,2.3167,0.9992,1.0000,0.9284,0.9755,0.0000,Steady,1
failing_calm_back,6497,2.3333,0.9697,1.0000,0.9290,0.9757,0.0000,Steady,1
failing_calm_back,6498,2.3500,0.9662,1.0000,0.9297,0.9759,0.0000,Steady,1
failing_calm_back,6499,2.3667,0.9975,1.0000,0.9308,0.9761,0.0000,Steady,1
failing_calm_back,6500,2.3833,0.9847,1.0000,0.9317,0.9763,0.0000,Steady,1
failing_calm_back,6501,2.4000,0.9600,1.0000,0.9321,0.9765,0.0000,Steady,1
failing_calm_back,6502,2.4167,0.9857,1.0000,0.9330,0.9767,0.0000,Steady,1
failing_calm_back,6503,2.4333,0.9970,1.0000,0.9341,0.9769,0.0000,Steady,1
failing_calm_back,6504,2.4500,0.9655,1.0000,0.9346,0.9770,0.0000,Steady,1
failing_calm_back,6505,2.4667,0.9705,1.0000,0.9352,0.9772,0.0000,Steady,1
failing_calm_back,6506,2.4833,0.9995,1.0000,0.9363,0.9774,0.0000,Steady,1
failing_calm_back,6507,2.5000,0.9794,1.0000,0.9370,0.9776,0.0000,Steady,1
failing_calm_back,6508,2.5167,0.9609,1.0000,0.9374,0.9778,0.0000,Steady,1
failing_calm_back,6509,2.5333,0.9906,1.0000,0.9382,0.9780,0.0000,Steady,1
failing_calm_back,6510,2.5500,0.9936,1.0000,0.9392,0.9782,0.0000,Steady,1
failing_calm_back,6511,2.5667,0.9623,1.0000,0.9395,0.9783,0.0000,Steady,1
failing_calm_back,6512,2.5833,0.9755,1.0000,0.9401,0.9785,0.0000,Steady,1
failing_calm_back,6513,2.6000,1.0000,1.0000,0.9411,0.9787,0.0000,Steady,1
failing_calm_back,6514,2.6167,0.9741,1.0000,0.9417,0.9789,0.0000,Steady,1
failing_calm_back,6515,2.6333,0.9631,1.0000,0.9420,0.9791,0.0000,Steady,1
failing_calm_back,6516,2.6500,0.9947,1.0000,0.9429,0.9792,0.0000,Steady,1
failing_calm_back,6517,2.6667,0.9893,1.0000,0.9437,0.9794,0.0000,Steady,1
failing_calm_back,6518,2.6833,0.9605,1.0000,0.9439,0.9796,0.0000,Steady,1
failing_calm_back,6519,2.7000,0.9809,1.0000,0.9445,0.9797,0.0000,Steady,1
failing_calm_back,6520,2.7167,0.9991,1.0000,0.9454,0.9799,0.0000,Steady,1
failing_calm_back,6521,2.7333,0.9692,1.0000,0.9458,0.9801,0.0000,Steady,1
failing_calm_back,6522,2.7500,0.9666,1.0000,0.9462,0.9802,0.0000,Steady,1
failing_calm_back,6523,2.7667,0.9978,1.0000,0.9470,0.9804,0.0000,Steady,1
failing_calm_back,6524,2.7833,0.9842,1.0000,0.9476,0.9806,0.0000,Steady,1
failing_calm_back,6525,2.8000,0.9600,1.0000,0.9479,0.9807,0.0000,Steady,1
failing_calm_back,6526,2.8167,0.9862,1.0000,0.9485,0.9809,0.0000,Steady,1
failing_calm_back,6527,2.8333,0.9967,1.0000,0.9493,0.9810,0.0000,Steady,1
failing_calm_back,6528,2.8500,0.9651,1.0000,0.9495,0.9812,0.0000,Steady,1
failing_calm_back,6529,2.8667,0.9710,1.0000,0.9499,0.9814,0.0000,Steady,1
failing_calm_back,6530,2.8833,0.9996,1.0000,0.9507,0.9815,0.0000,Steady,1
failing_calm_back,6531,2.9000,0.9788,1.0000,0.9512,0.9817,0.0000,Steady,1
failing_calm_back,6532,2.9167,0.9610,1.0000,0.9513,0.9818,0.0000,Steady,1
failing_calm_back,6533,2.9333,0.9910,1.0000,0.9520,0.9820,0.0000,Steady,1
failing_calm_back,6534,2.9500,0.9932,1.0000,0.9527,0.9821,0.0000,Steady,1
failing_calm_back,6535,2.9667,0.9621,1.0000,0.9528,0.9823,0.0000,Steady,1
failing_calm_back,6536,2.9833,0.9761,1.0000,0.9532,0.9824,0.0000,Steady,1
failing_calm_back,6537,3.0000,1.0000,1.0000,0.9540,0.9826,0.0000,Steady,1
failing_calm_back,6538,3.0167,0.9736,1.0000,0.9543,0.9827,0.0000,Steady,1
failing_calm_back,6539,3.0333,0.9634,1.0000,0.9545,0.9829,0.0000,Steady,1
failing_calm_back,6540,3.0500,0.9951,1.0000,0.9551,0.9830,0.0000,Steady,1
failing_calm_back,6541,3.0667,0.9888,1.0000,0.9557,0.9831,0.0000,Steady,1
failing_calm_back,6542,3.0833,0.9604,1.0000,0.9558,0.9833,0.0000,Steady,1
failing_calm_back,6543,3.1000,0.9815,1.0000,0.9562,0.9834,0.0000,Steady,1
failing_calm_back,6544,3.1167,0.9989,1.0000,0.9569,0.9836,0.0000,Steady,1
failing_calm_back,6545,3.1333,0.9688,1.0000,0.9571,0.9837,0.0000,Steady,1
failing_calm_back,6546,3.1500,0.9670,1.0000,0.9573,0.9838,0.0000,Steady,1
failing_calm_back,6547,3.1667,0.9980,1.0000,0.9579,0.9840,0.0000,Steady,1
failing_calm_back,6548,3.1833,0.9837,1.0000,0.9584,0.9841,0.0000,Steady,1
failing_calm_back,6549,3.2000,0.9601,1.0000,0.9584,0.9842,0.0000,Steady,1
failing_calm_back,6550,3.2167,0.9867,1.0000,0.9589,0.9844,0.0000,Steady,1
failing_calm_back,6551,3.2333,0.9964,1.0000,0.9595,0.9845,0.0000,Steady,1
failing_calm_back,6552,3.2500,0.9648,1.0000,0.9596,0.9846,0.0000,Steady,1
failing_calm_back,6553,3.2667,0.9715,1.0000,0.9598,0.9847,0.0000,Steady,1
failing_calm_back,6554,3.2833,0.9997,1.0000,0.9604,0.9849,0.0000,Steady,1
failing_calm_back,6555,3.3000,0.9783,1.0000,0.9607,0.9850,0.0000,Steady,1
failing_calm_back,6556,3.3167,0.9612,1.0000,0.9607,0.9851,0.0000,Steady,1
failing_calm_back,6557,3.3333,0.9915,1.0000,0.9612,0.9852,0.0000,Steady,1
failing_calm_back,6558,3.3500,0.9928,1.0000,0.9618,0.9854,0.0000,Steady,1
failing_calm_back,6559,3.3667,0.9618,1.0000,0.9618,0.9855,0.0000,Steady,1
failing_calm_back,6560,3.3833,0.9766,1.0000,0.9620,0.9856,0.0000,Steady,1
failing_calm_back,6561,3.4000,0.9999,1.0000,0.9626,0.9857,0.0000,Steady,1
failing_calm_back,6562,3.4167,0.9730,1.0000,0.9628,0.9858,0.0000,Steady,1
failing_calm_back,6563,3.4333,0.9637,1.0000,0.9628,0.9860,0.0000,Steady,1
failing_calm_back,6564,3.4500,0.9954,1.0000,0.9634,0.9861,0.0000,Steady,1
failing_calm_back,6565,3.4667,0.9883,1.0000,0.9638,0.9862,0.0000,Steady,1
failing_calm_back,6566,3.4833,0.9603,1.0000,0.9637,0.9863,0.0000,Steady,1
failing_calm_back,6567,3.5000,0.9820,1.0000,0.9640,0.9864,0.0000,Steady,1
failing_calm_back,6568,3.5167,0.9987,1.0000,0.9646,0.9865,0.0000,Steady,1
failing_calm_back,6569,3.5333,0.9683,1.0000,0.9646,0.9866,0.0000,Steady,1
failing_calm_back,6570,3.5500,0.9674,1.0000,0.9647,0.9868,0.0000,Steady,1
failing_calm_back,6571,3.5667,0.9983,1.0000,0.9652,0.9869,0.0000,Steady,1
failing_calm_back,6572,3.5833,0.9831,1.0000,0.9655,0.9870,0.0000,Steady,1
failing_calm_back,6573,3.6000,0.9601,1.0000,0.9655,0.9871,0.0000,Steady,1
failing_calm_back,6574,3.6167,0.9872,1.0000,0.9658,0.9872,0.0000,Steady,1
failing_calm_back,6575,3.6333,0.9961,1.0000,0.9663,0.9873,0.0000,Steady,1
failing_calm_back,6576,3.6500,0.9644,1.0000,0.9663,0.9874,0.0000,Steady,1
failing_calm_back,6577,3.6667,0.9720,1.0000,0.9664,0.9875,0.0000,Steady,1
failing_calm_back,6578,3.6833,0.9998,1.0000,0.9669,0.9876,0.0000,Steady,1
failing_calm_back,6579,3.7000,0.9777,1.0000,0.9671,0.9877,0.0000,Steady,1
failing_calm_back,6580,3.7167,0.9614,1.0000,0.9670,0.9878,0.0000,Steady,1
failing_calm_back,6581,3.7333,0.9919,1.0000,0.9674,0.9879,0.0000,Steady,1
failing_calm_back,6582,3.7500,0.9924,1.0000,0.9678,0.9880,0.0000,Steady,1
failing_calm_back,6583,3.7667,0.9616,1.0000,0.9677,0.9881,0.0000,Steady,1
failing_calm_back,6584,3.7833,0.9771,1.0000,0.9679,0.9882,0.0000,Steady,1
failing_calm_back,6585,3.8000,0.9999,1.0000,0.9684,0.9883,0.0000,Steady,1
failing_calm_back,6586,3.8167,0.9725,1.0000,0.9685,0.9884,0.0000,Steady,1
failing_calm_back,6587,3.8333,0.9640,1.0000,0.9684,0.9885,0.0000,Steady,1
failing_calm_back,6588,3.8500,0.9958,1.0000,0.9689,0.9886,0.0000,Steady,1
failing_calm_back,6589,3.8667,0.9878,1.0000,0.9692,0.9887,0.0000,Steady,1
failing_calm_back,6590,3.8833,0.9602,1.0000,0.9690,0.9888,0.0000,Steady,1
failing_calm_back,6591,3.9000,0.9825,1.0000,0.9693,0.9889,0.0000,Steady,1
failing_calm_back,6592,3.9167,0.9985,1.0000,0.9697,0.9890,0.0000,Steady,1
failing_calm_back,6593,3.9333,0.9679,1.0000,0.9697,0.9891,0.0000,Steady,1
failing_calm_back,6594,3.9500,0.9678,1.0000,0.9697,0.9892,0.0000,Steady,1
failing_calm_back,6595,3.9667,0.9985,1.0000,0.9702,0.9892,0.0000,Steady,1
failing_calm_back,6596,3.9833,0.9826,1.0000,0.9704,0.9893,0.0000,Steady,1
failing_calm_back,6597,4.0000,0.9602,1.0000,0.9702,0.9894,0.0000,Steady,1
failing_calm_back,6598,4.0167,0.9877,1.0000,0.9705,0.9895,0.0000,Steady,1
failing_calm_back,6599,4.0333,0.9958,1.0000,0.9709,0.9896,0.0000,Steady,1
failing_calm_back,6600,4.0500,0.9641,1.0000,0.9708,0.9897,0.0000,Steady,1
failing_calm_back,6601,4.0667,0.9725,1.0000,0.9708,0.9898,0.0000,Steady,1
failing_calm_back,6602,4.0833,0.9998,1.0000,0.9713,0.9899,0.0000,Steady,1
failing_calm_back,6603,4.1000,0.9772,1.0000,0.9714,0.9899,0.0000,Steady,1
failing_calm_back,6604,4.1167,0.9616,1.0000,0.9712,0.9900,0.0000,Steady,1
failing_calm_back,6605,4.1333,0.9923,1.0000,0.9716,0.9901,0.0000,Steady,1
failing_calm_back,6606,4.1500,0.9920,1.0000,0.9719,0.9902,0.0000,Steady,1
failing_calm_back,6607,4.1667,0.9614,1.0000,0.9717,0.9903,0.0000,Steady,1
failing_calm_back,6608,4.1833,0.9777,1.0000,0.9718,0.9904,0.0000,Steady,1
failing_calm_back,6609,4.2000,0.9998,1.0000,0.9723,0.9904,0.0000,Steady,1
failing_calm_back,6610,4.2167,0.9720,1.0000,0.9723,0.9905,0.0000,Steady,1
failing_calm_back,6611,4.2333,0.9644,1.0000,0.9722,0.9906,0.0000,Steady,1
failing_calm_back,6612,4.2500,0.9961,1.0000,0.9726,0.9907,0.0000,Steady,1
failing_calm_back,6613,4.2667,0.9873,1.0000,0.9728,0.9907,0.0000,Steady,1
failing_calm_back,6614,4.2833,0.9601,1.0000,0.9726,0.9908,0.0000,Steady,1
failing_calm_back,6615,4.3000,0.9831,1.0000,0.9728,0.9909,0.0000,Steady,1
failing_calm_back,6616,4.3167,0.9983,1.0000,0.9732,0.9910,0.0000,Steady,1
failing_calm_back,6617,4.3333,0.9675,1.0000,0.9731,0.9910,0.0000,Steady,1
failing_calm_back,6618,4.3500,0.9682,1.0000,0.9730,0.9911,0.0000,Steady,1
failing_calm_back,6619,4.3667,0.9987,1.0000,0.9734,0.9912,0.0000,Steady,1
failing_calm_back,6620,4.3833,0.9821,1.0000,0.9736,0.9913,0.0000,Steady,1
failing_calm_back,6621,4.4000,0.9603,1.0000,0.9734,0.9913,0.0000,Steady,1
failing_calm_back,6622,4.4167,0.9882,1.0000,0.9736,0.9914,0.0000,Steady,1
failing_calm_back,6623,4.4333,0.9955,1.0000,0.9740,0.9915,0.0000,Steady,1
failing_calm_back,6624,4.4500,0.9637,1.0000,0.9738,0.9916,0.0000,Steady,1
failing_calm_back,6625,4.4667,0.9730,1.0000,0.9738,0.9916,0.0000,Steady,1
failing_calm_back,6626,4.4833,0.9999,1.0000,0.9742,0.9917,0.0000,Steady,1
failing_calm_back,6627,4.5000,0.9767,1.0000,0.9743,0.9918,0.0000,Steady,1
failing_calm_back,6628,4.5167,0.9618,1.0000,0.9741,0.9918,0.0000,Steady,1
failing_calm_back,6629,4.5333,0.9928,1.0000,0.9744,0.9919,0.0000,Steady,1
failing_calm_back,6630,4.5500,0.9915,1.0000,0.9746,0.9920,0.0000,Steady,1
failing_calm_back,6631,4.5667,0.9612,1.0000,0.9744,0.9920,0.0000,Steady,1
failing_calm_back,6632,4.5833,0.9782,1.0000,0.9745,0.9921,0.0000,Steady,1
failing_calm_back,6633,4.6000,0.9997,1.0000,0.9749,0.9922,0.0000,Steady,1
failing_calm_back,6634,4.6167,0.9715,1.0000,0.9748,0.9922,0.0000,Steady,1
failing_calm_back,6635,4.6333,0.9647,1.0000,0.9747,0.9923,0.0000,Steady,1
failing_calm_back,6636,4.6500,0.9964,1.0000,0.9750,0.9924,0.0000,Steady,1
failing_calm_back,6637,4.6667,0.9868,1.0000,0.9752,0.9924,0.0000,Steady,1
failing_calm_back,6638,4.6833,0.9601,1.0000,0.9750,0.9925,0.0000,Steady,1
failing_calm_back,6639,4.7000,0.9836,1.0000,0.9751,0.9925,0.0000,Steady,1
failing_calm_back,6640,4.7167,0.9981,1.0000,0.9755,0.9926,0.0000,Steady,1
failing_calm_back,6641,4.7333,0.9670,1.0000,0.9754,0.9927,0.0000,Steady,1
failing_calm_back,6642,4.7500,0.9687,1.0000,0.9753,0.9927,0.0000,Steady,1
failing_calm_back,6643,4.7667,0.9989,1.0000,0.9756,0.9928,0.0000,Steady,1
failing_calm_back,6644,4.7833,0.9815,1.0000,0.9757,0.9929,0.0000,Steady,1
failing_calm_back,6645,4.8000,0.9603,1.0000,0.9755,0.9929,0.0000,Steady,1
failing_calm_back,6646,4.8167,0.9887,1.0000,0.9757,0.9930,0.0000,Steady,1
failing_calm_back,6647,4.8333,0.9951,1.0000,0.9760,0.9930,0.0000,Steady,1
failing_calm_back,6648,4.8500,0.9634,1.0000,0.9758,0.9931,0.0000,Steady,1
failing_calm_back,6649,4.8667,0.9735,1.0000,0.9758,0.9931,0.0000,Steady,1
failing_calm_back,6650,4.8833,1.0000,1.0000,0.9762,0.9932,0.0000,Steady,1
failing_calm_back,6651,4.9000,0.9761,1.0000,0.9762,0.9933,0.0000,Steady,1
failing_calm_back,6652,4.9167,0.9621,1.0000,0.9759,0.9933,0.0000,Steady,1
failing_calm_back,6653,4.9333,0.9932,1.0000,0.9762,0.9934,0.0000,Steady,1
failing_calm_back,6654,4.9500,0.9911,1.0000,0.9765,0.9934,0.0000,Steady,1
failing_calm_back,6655,4.9667,0.9610,1.0000,0.9762,0.9935,0.0000,Steady,1
failing_calm_back,6656,4.9833,0.9788,1.0000,0.9763,0.9935,0.0000,Steady,1
failing_calm_back,6657,5.0000,0.9996,1.0000,0.9766,0.9936,0.0000,Steady,1
failing_calm_back,6658,5.0167,0.9711,1.0000,0.9766,0.9936,0.0000,Steady,1
failing_calm_back,6659,5.0333,0.9651,1.0000,0.9764,0.9937,0.0000,Steady,1
failing_calm_back,6660,5.0500,0.9967,1.0000,0.9767,0.9937,0.0000,Steady,1
failing_calm_back,6661,5.0667,0.9863,1.0000,0.9769,0.9938,0.0000,Steady,1
failing_calm_back,6662,5.0833,0.9600,1.0000,0.9766,0.9938,0.0000,Steady,1
failing_calm_back,6663,5.1000,0.9841,1.0000,0.9767,0.9939,0.0000,Steady,1
failing_calm_back,6664,5.1167,0.9978,1.0000,0.9771,0.9939,0.0000,Steady,1
failing_calm_back,6665,5.1333,0.9666,1.0000,0.9769,0.9940,0.0000,Steady,1
failing_calm_back,6666,5.1500,0.9691,1.0000,0.9768,0.9940,0.0000,Steady,1
failing_calm_back,6667,5.1667,0.9990,1.0000,0.9771,0.9941,0.0000,Steady,1
failing_calm_back,6668,5.1833,0.9810,1.0000,0.9772,0.9941,0.0000,Steady,1
failing_calm_back,6669,5.2000,0.9605,1.0000,0.9769,0.9942,0.0000,Steady,1
failing_calm_back,6670,5.2167,0.9892,1.0000,0.9771,0.9942,0.0000,Steady,1
failing_calm_back,6671,5.2333,0.9948,1.0000,0.9774,0.9943,0.0000,Steady,1
failing_calm_back,6672,5.2500,0.9631,1.0000,0.9772,0.9943,0.0000,Steady,1
failing_calm_back,6673,5.2667,0.9740,1.0000,0.9771,0.9944,0.0000,Steady,1
failing_calm_back,6674,5.2833,1.0000,1.0000,0.9775,0.9944,0.0000,Steady,1
failing_calm_back,6675,5.3000,0.9756,1.0000,0.9775,0.9945,0.0000,Steady,1
failing_calm_back,6676,5.3167,0.9623,1.0000,0.9772,0.9945,0.0000,Steady,1
failing_calm_back,6677,5.3333,0.9936,1.0000,0.9775,0.9946,0.0000,Steady,1
failing_calm_back,6678,5.3500,0.9906,1.0000,0.9777,0.9946,0.0000,Steady,1
failing_calm_back,6679,5.3667,0.9609,1.0000,0.9774,0.9947,0.0000,Steady,1
failing_calm_back,6680,5.3833,0.9793,1.0000,0.9775,0.9947,0.0000,Steady,1
failing_calm_back,6681,5.4000,0.9995,1.0000,0.9778,0.9947,0.0000,Steady,1
failing_calm_back,6682,5.4167,0.9706,1.0000,0.9777,0.9948,0.0000,Steady,1
failing_calm_back,6683,5.4333,0.9654,1.0000,0.9775,0.9948,0.0000,Steady,1
failing_calm_back,6684,5.4500,0.9970,1.0000,0.9778,0.9949,0.0000,Steady,1
failing_calm_back,6685,5.4667,0.9858,1.0000,0.9779,0.9949,0.0000,Steady,1
failing_calm_back,6686,5.4833,0.9600,1.0000,0.9777,0.9950,0.0000,Steady,1
failing_calm_back,6687,5.5000,0.9847,1.0000,0.9778,0.9950,0.0000,Steady,1
failing_calm_back,6688,5.5167,0.9976,1.0000,0.9781,0.9950,0.0000,Steady,1
failing_calm_back,6689,5.5333,0.9662,1.0000,0.9779,0.9951,0.0000,Steady,1
failing_calm_back,6690,5.5500,0.9696,1.0000,0.9778,0.9951,0.0000,Steady,1
failing_calm_back,6691,5.5667,0.9992,1.0000,0.9781,0.9952,0.0000,Steady,1
failing_calm_back,6692,5.5833,0.9804,1.0000,0.9782,0.9952,0.0000,Steady,1
failing_calm_back,6693,5.6000,0.9606,1.0000,0.9779,0.9952,0.0000,Steady,1
failing_calm_back,6694,5.6167,0.9897,1.0000,0.9781,0.9953,0.0000,Steady,1
failing_calm_back,6695,5.6333,0.9944,1.0000,0.9783,0.9953,0.0000,Steady,1
failing_calm_back,6696,5.6500,0.9629,1.0000,0.9781,0.9954,0.0000,Steady,1
failing_calm_back,6697,5.6667,0.9745,1.0000,0.9780,0.9954,0.0000,Steady,1
failing_calm_back,6698,5.6833,1.0000,1.0000,0.9784,0.9954,0.0000,Steady,1
failing_calm_back,6699,5.7000,0.9751,1.0000,0.9783,0.9955,0.0000,Steady,1
failing_calm_back,6700,5.7167,0.9626,1.0000,0.9781,0.9955,0.0000,Steady,1
failing_calm_back,6701,5.7333,0.9940,1.0000,0.9783,0.9956,0.0000,Steady,1
failing_calm_back,6702,5.7500,0.9902,1.0000,0.9785,0.9956,0.0000,Steady,1
failing_calm_back,6703,5.7667,0.9607,1.0000,0.9782,0.9956,0.0000,Steady,1
failing_calm_back,6704,5.7833,0.9798,1.0000,0.9783,0.9957,0.0000,Steady,1
failing_calm_back,6705,5.8000,0.9994,1.0000,0.9786,0.9957,0.0000,Steady,1
failing_calm_back,6706,5.8167,0.9701,1.0000,0.9785,0.9957,0.0000,Steady,1
failing_calm_back,6707,5.8333,0.9658,1.0000,0.9783,0.9958,0.0000,Steady,1
failing_calm_back,6708,5.8500,0.9973,1.0000,0.9786,0.9958,0.0000,Steady,1
failing_calm_back,6709,5.8667,0.9852,1.0000,0.9787,0.9958,0.0000,Steady,1
failing_calm_back,6710,5.8833,0.9600,1.0000,0.9784,0.9959,0.0000,Steady,1
failing_calm_back,6711,5.9000,0.9852,1.0000,0.9785,0.9959,0.0000,Steady,1
failing_calm_back,6712,5.9167,0.9973,1.0000,0.9788,0.9959,0.0000,Steady,1
failing_calm_back,6713,5.9333,0.9658,1.0000,0.9786,0.9960,0.0000,Steady,1
failing_calm_back,6714,5.9500,0.9701,1.0000,0.9784,0.9960,0.0000,Steady,1
failing_calm_back,6715,5.9667,0.9993,1.0000,0.9788,0.9960,0.0000,Steady,1
failing_calm_back,6716,5.9833,0.9799,1.0000,0.9788,0.9961,0.0000,Steady,1
failing_calm_back,6717,6.0000,0.9607,1.0000,0.9785,0.9961,0.0000,Steady,1
failing_calm_back,6718,6.0167,0.9901,1.0000,0.9787,0.9961,0.0000,Steady,1
failing_calm_back,6719,6.0333,0.9940,1.0000,0.9789,0.9962,0.0000,Steady,1
failing_calm_back,6720,6.0500,0.9626,1.0000,0.9787,0.9962,0.0000,Steady,1
failing_calm_back,6721,6.0667,0.9750,1.0000,0.9786,0.9962,0.0000,Steady,1
failing_calm_back,6722,6.0833,1.0000,1.0000,0.9790,0.9963,0.0000,Steady,1
failing_calm_back,6723,6.1000,0.9745,1.0000,0.9789,0.9963,0.0000,Steady,1
failing_calm_back,6724,6.1167,0.9628,1.0000,0.9786,0.9963,0.0000,Steady,1
failing_calm_back,6725,6.1333,0.9944,1.0000,0.9789,0.9964,0.0000,Steady,1
failing_calm_back,6726,6.1500,0.9897,1.0000,0.9791,0.9964,0.0000,Steady,1
failing_calm_back,6727,6.1667,0.9606,1.0000,0.9788,0.9964,0.0000,Steady,1
failing_calm_back,6728,6.1833,0.9804,1.0000,0.9788,0.9965,0.0000,Steady,1
failing_calm_back,6729,6.2000,0.9992,1.0000,0.9791,0.9965,0.0000,Steady,1
failing_calm_back,6730,6.2167,0.9696,1.0000,0.9790,0.9965,0.0000,Steady,1
failing_calm_back,6731,6.2333,0.9662,1.0000,0.9788,0.9965,0.0000,Steady,1
failing_calm_back,6732,6.2500,0.9976,1.0000,0.9791,0.9966,0.0000,Steady,1
failing_calm_back,6733,6.2667,0.9847,1.0000,0.9792,0.9966,0.0000,Steady,1
failing_calm_back,6734,6.2833,0.9600,1.0000,0.9788,0.9966,0.0000,Steady,1
failing_calm_back,6735,6.3000,0.9857,1.0000,0.9790,0.9967,0.0000,Steady,1
failing_calm_back,6736,6.3167,0.9970,1.0000,0.9793,0.9967,0.0000,Steady,1
failing_calm_back,6737,6.3333,0.9655,1.0000,0.9790,0.9967,0.0000,Steady,1
failing_calm_back,6738,6.3500,0.9705,1.0000,0.9789,0.9967,0.0000,Steady,1
failing_calm_back,6739,6.3667,0.9995,1.0000,0.9792,0.9968,0.0000,Steady,1
failing_calm_back,6740,6.3833,0.9794,1.0000,0.9792,0.9968,0.0000,Steady,1
failing_calm_back,6741,6.4000,0.9609,1.0000,0.9789,0.9968,0.0000,Steady,1
failing_calm_back,6742,6.4167,0.9906,1.0000,0.9791,0.9968,0.0000,Steady,1
failing_calm_back,6743,6.4333,0.9936,1.0000,0.9794,0.9969,0.0000,Steady,1
failing_calm_back,6744,6.4500,0.9623,1.0000,0.9791,0.9969,0.0000,Steady,1
failing_calm_back,6745,6.4667,0.9755,1.0000,0.9790,0.9969,0.0000,Steady,1
failing_calm_back,6746,6.4833,1.0000,1.0000,0.9794,0.9969,0.0000,Steady,1
failing_calm_back,6747,6.5000,0.9740,1.0000,0.9793,0.9970,0.0000,Steady,1
failing_calm_back,6748,6.5167,0.9631,1.0000,0.9790,0.9970,0.0000,Steady,1
failing_calm_back,6749,6.5333,0.9947,1.0000,0.9793,0.9970,0.0000,Steady,1
failing_calm_back,6750,6.5500,0.9892,1.0000,0.9794,0.9970,0.0000,Steady,1
failing_calm_back,6751,6.5667,0.9605,1.0000,0.9791,0.9971,0.0000,Steady,1
failing_calm_back,6752,6.5833,0.9809,1.0000,0.9792,0.9971,0.0000,Steady,1
failing_calm_back,6753,6.6000,0.9991,1.0000,0.9795,0.9971,0.0000,Steady,1
failing_calm_back,6754,6.6167,0.9692,1.0000,0.9793,0.9971,0.0000,Steady,1
failing_calm_back,6755,6.6333,0.9666,1.0000,0.9791,0.9972,0.0000,Steady,1
failing_calm_back,6756,6.6500,0.9978,1.0000,0.9794,0.9972,0.0000,Steady,1
failing_calm_back,6757,6.6667,0.9842,1.0000,0.9795,0.9972,0.0000,Steady,1
failing_calm_back,6758,6.6833,0.9600,1.0000,0.9792,0.9972,0.0000,Steady,1
failing_calm_back,6759,6.7000,0.9862,1.0000,0.9793,0.9973,0.0000,Steady,1
failing_calm_back,6760,6.7167,0.9967,1.0000,0.9796,0.9973,0.0000,Steady,1
failing_calm_back,6761,6.7333,0.9651,1.0000,0.9793,0.9973,0.0000,Steady,1
failing_calm_back,6762,6.7500,0.9710,1.0000,0.9792,0.9973,0.0000,Steady,1
failing_calm_back,6763,6.7667,0.9996,1.0000,0.9795,0.9973,0.0000,Steady,1
failing_calm_back,6764,6.7833,0.9788,1.0000,0.9795,0.9974,0.0000,Steady,1
failing_calm_back,6765,6.8000,0.9610,1.0000,0.9792,0.9974,0.0000,Steady,1
failing_calm_back,6766,6.8167,0.9911,1.0000,0.9794,0.9974,0.0000,Steady,1
failing_calm_back,6767,6.8333,0.9932,1.0000,0.9796,0.9974,0.0000,Steady,1
failing_calm_back,6768,6.8500,0.9621,1.0000,0.9793,0.9975,0.0000,Steady,1
failing_calm_back,6769,6.8667,0.9761,1.0000,0.9793,0.9975,0.0000,Steady,1
failing_calm_back,6770,6.8833,1.0000,1.0000,0.9796,0.9975,0.0000,Steady,1
failing_calm_back,6771,6.9000,0.9735,1.0000,0.9795,0.9975,0.0000,Steady,1
failing_calm_back,6772,6.9167,0.9634,1.0000,0.9793,0.9975,0.0000,Steady,1
failing_calm_back,6773,6.9333,0.9951,1.0000,0.9795,0.9976,0.0000,Steady,1
failing_calm_back,6774,6.9500,0.9888,1.0000,0.9797,0.9976,0.0000,Steady,1
failing_calm_back,6775,6.9667,0.9604,1.0000,0.9794,0.9976,0.0000,Steady,1
failing_calm_back,6776,6.9833,0.9815,1.0000,0.9794,0.9976,0.0000,Steady,1
failing_calm_back,6777,7.0000,0.9989,1.0000,0.9797,0.9976,0.0000,Steady,1
failing_calm_back,6778,7.0167,0.9687,1.0000,0.9795,0.9977,0.0000,Steady,1
failing_calm_back,6779,7.0333,0.9670,1.0000,0.9793,0.9977,0.0000,Steady,1
failing_calm_back,6780,7.0500,0.9980,1.0000,0.9796,0.9977,0.0000,Steady,1
failing_calm_back,6781,7.0667,0.9836,1.0000,0.9797,0.9977,0.0000,Steady,1
failing_calm_back,6782,7.0833,0.9601,1.0000,0.9794,0.9977,0.0000,Steady,1
failing_calm_back,6783,7.1000,0.9867,1.0000,0.9795,0.9978,0.0000,Steady,1
failing_calm_back,6784,7.1167,0.9964,1.0000,0.9798,0.9978,0.0000,Steady,1
failing_calm_back,6785,7.1333,0.9647,1.0000,0.9795,0.9978,0.0000,Steady,1
failing_calm_back,6786,7.1500,0.9715,1.0000,0.9794,0.9978,0.0000,Steady,1
failing_calm_back,6787,7.1667,0.9997,1.0000,0.9797,0.9978,0.0000,Steady,1
failing_calm_back,6788,7.1833,0.9783,1.0000,0.9797,0.9978,0.0000,Steady,1
failing_calm_back,6789,7.2000,0.9612,1.0000,0.9794,0.9979,0.0000,Steady,1
failing_calm_back,6790,7.2167,0.9915,1.0000,0.9796,0.9979,0.0000,Steady,1
failing_calm_back,6791,7.2333,0.9928,1.0000,0.9798,0.9979,0.0000,Steady,1
failing_calm_back,6792,7.2500,0.9618,1.0000,0.9795,0.9979,0.0000,Steady,1
failing_calm_back,6793,7.2667,0.9766,1.0000,0.9795,0.9979,0.0000,Steady,1
failing_calm_back,6794,7.2833,0.9999,1.0000,0.9798,0.9980,0.0000,Steady,1
failing_calm_back,6795,7.3000,0.9730,1.0000,0.9797,0.9980,0.0000,Steady,1
failing_calm_back,6796,7.3167,0.9637,1.0000,0.9794,0.9980,0.0000,Steady,1
failing_calm_back,6797,7.3333,0.9954,1.0000,0.9797,0.9980,0.0000,Steady,1
failing_calm_back,6798,7.3500,0.9883,1.0000,0.9798,0.9980,0.0000,Steady,1
failing_calm_back,6799,7.3667,0.9603,1.0000,0.9795,0.9980,0.0000,Steady,1
failing_calm_back,6800,7.3833,0.9820,1.0000,0.9796,0.9981,0.0000,Steady,1
failing_calm_back,6801,7.4000,0.9987,1.0000,0.9799,0.9981,0.0000,Steady,1
failing_calm_back,6802,7.4167,0.9683,1.0000,0.9797,0.9981,0.0000,Steady,1
failing_calm_back,6803,7.4333,0.9674,1.0000,0.9795,0.9981,0.0000,Steady,1
failing_calm_back,6804,7.4500,0.9983,1.0000,0.9798,0.9981,0.0000,Steady,1
failing_calm_back,6805,7.4667,0.9831,1.0000,0.9799,0.9981,0.0000,Steady,1
failing_calm_back,6806,7.4833,0.9601,1.0000,0.9795,0.9981,0.0000,Steady,1
failing_calm_back,6807,7.5000,0.9873,1.0000,0.9797,0.9982,0.0000,Steady,1
failing_calm_back,6808,7.5167,0.9961,1.0000,0.9799,0.9982,0.0000,Steady,1
failing_calm_back,6809,7.5333,0.9644,1.0000,0.9797,0.9982,0.0000,Steady,1
failing_calm_back,6810,7.5500,0.9720,1.0000,0.9795,0.9982,0.0000,Steady,1
failing_calm_back,6811,7.5667,0.9998,1.0000,0.9799,0.9982,0.0000,Steady,1
failing_calm_back,6812,7.5833,0.9777,1.0000,0.9798,0.9982,0.0000,Steady,1
failing_calm_back,6813,7.6000,0.9614,1.0000,0.9795,0.9983,0.0000,Steady,1
failing_calm_back,6814,7.6167,0.9919,1.0000,0.9797,0.9983,0.0000,Steady,1
failing_calm_back,6815,7.6333,0.9924,1.0000,0.9799,0.9983,0.0000,Steady,1
failing_calm_back,6816,7.6500,0.9616,1.0000,0.9796,0.9983,0.0000,Steady,1
failing_calm_back,6817,7.6667,0.9771,1.0000,0.9796,0.9983,0.0000,Steady,1
failing_calm_back,6818,7.6833,0.9999,1.0000,0.9799,0.9983,0.0000,Steady,1
failing_calm_back,6819,7.7000,0.9725,1.0000,0.9798,0.9983,0.0000,Steady,1
failing_calm_back,6820,7.7167,0.9640,1.0000,0.9796,0.9984,0.0000,Steady,1
failing_calm_back,6821,7.7333,0.9958,1.0000,0.9798,0.9984,0.0000,Steady,1
failing_calm_back,6822,7.7500,0.9878,1.0000,0.9800,0.9984,0.0000,Steady,1
failing_calm_back,6823,7.7667,0.9602,1.0000,0.9796,0.9984,0.0000,Steady,1
failing_calm_back,6824,7.7833,0.9825,1.0000,0.9797,0.9984,0.0000,Steady,1
failing_calm_back,6825,7.8000,0.9985,1.0000,0.9800,0.9984,0.0000,Steady,1
failing_calm_back,6826,7.8167,0.9678,1.0000,0.9798,0.9984,0.0000,Steady,1
failing_calm_back,6827,7.8333,0.9678,1.0000,0.9796,0.9984,0.0000,Steady,1
failing_calm_back,6828,7.8500,0.9985,1.0000,0.9799,0.9985,0.0000,Steady,1
failing_calm_back,6829,7.8667,0.9826,1.0000,0.9799,0.9985,0.0000,Steady,1
failing_calm_back,6830,7.8833,0.9602,1.0000,0.9796,0.9985,0.0000,Steady,1
failing_calm_back,6831,7.9000,0.9877,1.0000,0.9798,0.9985,0.0000,Steady,1
failing_calm_back,6832,7.9167,0.9958,1.0000,0.9800,0.9985,0.0000,Steady,1
failing_calm_back,6833,7.9333,0.9641,1.0000,0.9798,0.9985,0.0000,Steady,1
failing_calm_back,6834,7.9500,0.9725,1.0000,0.9796,0.9985,0.0000,Steady,1
failing_calm_back,6835,7.9667,0.9999,1.0000,0.9800,0.9985,0.0000,Steady,1
failing_calm_back,6836,7.9833,0.9772,1.0000,0.9799,0.9986,0.0000,Steady,1
failing_calm_back,6837,8.0000,0.9616,1.0000,0.9796,0.9986,0.0000,Steady,1
stutter,6838,0.0167,0.9400,1.0000,0.9778,0.9986,0.0000,Steady,0
stutter,6839,0.0333,0.9829,1.0000,0.9780,0.9986,0.0000,Steady,0
stutter,6840,0.0500,0.9893,1.0000,0.9785,0.9986,0.0000,Steady,0
stutter,6841,0.0667,0.9411,1.0000,0.9768,0.9986,0.0000,Steady,0
stutter,6842,0.0833,0.9748,1.0000,0.9767,0.9986,0.0000,Steady,0
stutter,6843,0.1000,0.9949,1.0000,0.9776,0.9986,0.0000,Steady,0
stutter,6844,0.1167,0.9444,1.0000,0.9760,0.9986,0.0000,Steady,0
stutter,6845,0.1333,0.9664,1.0000,0.9756,0.9987,0.0000,Steady,0
stutter,6846,0.1500,0.9986,1.0000,0.9766,0.9987,0.0000,Steady,0
stutter,6847,0.1667,0.9498,1.0000,0.9754,0.9987,0.0000,Steady,0
stutter,6848,0.1833,0.9583,1.0000,0.9746,0.9987,0.0000,Steady,0
stutter,6849,0.2000,1.0000,1.0000,0.9758,0.9987,0.0000,Steady,0
stutter,6850,0.2167,0.9568,1.0000,0.9749,0.9987,0.0000,Steady,0
stutter,6851,0.2333,0.9511,1.0000,0.9738,0.9987,0.0000,Steady,0
stutter,6852,0.2500,0.9990,1.0000,0.9750,0.9987,0.0000,Steady,0
stutter,6853,0.2667,0.9648,1.0000,0.9745,0.9987,0.0000,Steady,0
stutter,6854,0.2833,0.9453,1.0000,0.9731,0.9988,0.0000,Steady,0
stutter,6855,0.3000,0.9958,1.0000,0.9742,0.9988,0.0000,Stutter,0
stutter,6856,0.3167,0.9732,1.0000,0.9741,0.9988,0.0000,Stutter,0
stutter,6857,0.3333,0.9415,1.0000,0.9726,0.9988,0.0000,Stutter,0
stutter,6858,0.3500,0.9905,1.0000,0.9735,0.9988,0.0000,Stutter,0
stutter,6859,0.3667,0.9813,1.0000,0.9738,0.9988,0.0000,Stutter,0
stutter,6860,0.3833,0.9400,1.0000,0.9722,0.9988,0.0000,Stutter,0
stutter,6861,0.4000,0.9836,1.0000,0.9728,0.9988,0.0000,Stutter,0
stutter,6862,0.4167,0.9886,1.0000,0.9735,0.9988,0.0000,Stutter,0
stutter,6863,0.4333,0.9409,1.0000,0.9720,0.9988,0.0000,Stutter,0
stutter,6864,0.4500,0.9756,1.0000,0.9722,0.9989,0.0000,Stutter,0
stutter,6865,0.4667,0.9945,1.0000,0.9732,0.9989,0.0000,Stutter,0
stutter,6866,0.4833,0.9440,1.0000,0.9718,0.9989,0.0000,Stutter,0
stutter,6867,0.5000,0.9672,1.0000,0.9716,0.9989,0.0000,Stutter,0
stutter,6868,0.5167,0.9983,1.0000,0.9729,0.9989,0.0000,Stutter,0
stutter,6869,0.5333,0.9492,1.0000,0.9718,0.9989,0.0000,Stutter,0
stutter,6870,0.5500,0.9590,1.0000,0.9712,0.9989,0.0000,Stutter,0
stutter,6871,0.5667,1.0000,1.0000,0.9725,0.9989,0.0000,Stutter,0
stutter,6872,0.5833,0.9560,1.0000,0.9717,0.9989,0.0000,Stutter,0
stutter,6873,0.6000,0.9517,1.0000,0.9708,0.9989,0.0000,Stutter,0
stutter,6874,0.6167,0.9992,1.0000,0.9721,0.9989,0.0000,Stutter,0
stutter,6875,0.6333,0.9640,1.0000,0.9718,0.9990,0.0000,Stutter,0
stutter,6876,0.6500,0.9458,1.0000,0.9705,0.9990,0.0000,Stutter,0
stutter,6877,0.6667,0.9962,1.0000,0.9717,0.9990,0.0000,Stutter,0
stutter,6878,0.6833,0.9724,1.0000,0.9718,0.9990,0.0000,Stutter,0
stutter,6879,0.7000,0.9418,1.0000,0.9704,0.9990,0.0000,Stutter,0
stutter,6880,0.7167,0.9911,1.0000,0.9713,0.9990,0.0000,Stutter,0
stutter,6881,0.7333,0.9807,1.0000,0.9718,0.9990,0.0000,Stutter,0
stutter,6882,0.7500,0.9401,1.0000,0.9703,0.9990,0.0000,Stutter,0
stutter,6883,0.7667,0.9844,1.0000,0.9710,0.9990,0.0000,Stutter,0
stutter,6884,0.7833,0.9880,1.0000,0.9717,0.9990,0.0000,Stutter,0
stutter,6885,0.8000,0.9407,1.0000,0.9703,0.9990,0.0000,Stutter,0
stutter,6886,0.8167,0.9764,1.0000,0.9706,0.9990,0.0000,Stutter,0
stutter,6887,0.8333,0.9939,1.0000,0.9717,0.9991,0.0000,Stutter,0
stutter,6888,0.8500,0.9436,1.0000,0.9704,0.9991,0.0000,Stutter,0
stutter,6889,0.8667,0.9680,1.0000,0.9703,0.9991,0.0000,Stutter,0
stutter,6890,0.8833,0.9980,1.0000,0.9715,0.9991,0.0000,Stutter,0
stutter,6891,0.9000,0.9486,1.0000,0.9705,0.9991,0.0000,Stutter,0
stutter,6892,0.9167,0.9597,1.0000,0.9700,0.9991,0.0000,Stutter,0
stutter,6893,0.9333,0.9999,1.0000,0.9714,0.9991,0.0000,Stutter,0
stutter,6894,0.9500,0.9553,1.0000,0.9706,0.9991,0.0000,Stutter,0
stutter,6895,0.9667,0.9523,1.0000,0.9698,0.9991,0.0000,Stutter,0
stutter,6896,0.9833,0.9994,1.0000,0.9712,0.9991,0.0000,Stutter,0
stutter,6897,1.0000,0.9632,1.0000,0.9708,0.9991,0.0000,Stutter,0
stutter,6898,1.0167,0.9463,1.0000,0.9696,0.9991,0.0000,Stutter,0
stutter,6899,1.0333,0.9966,1.0000,0.9709,0.9991,0.0000,Stutter,0
stutter,6900,1.0500,0.9716,1.0000,0.9709,0.9992,0.0000,Stutter,0
stutter,6901,1.0667,0.9421,1.0000,0.9696,0.9992,0.0000,Stutter,0
stutter,6902,1.0833,0.9916,1.0000,0.9706,0.9992,0.0000,Stutter,0
stutter,6903,1.1000,0.9798,1.0000,0.9710,0.9992,0.0000,Stutter,0
stutter,6904,1.1167,0.9401,1.0000,0.9696,0.9992,0.0000,Stutter,0
stutter,6905,1.1333,0.9850,1.0000,0.9703,0.9992,0.0000,Stutter,0
stutter,6906,1.1500,0.9874,1.0000,0.9711,0.9992,0.0000,Stutter,0
stutter,6907,1.1667,0.9405,1.0000,0.9697,0.9992,0.0000,Stutter,0
stutter,6908,1.1833,0.9772,1.0000,0.9700,0.9992,0.0000,Stutter,0
stutter,6909,1.2000,0.9935,1.0000,0.9711,0.9992,0.0000,Stutter,0
stutter,6910,1.2167,0.9432,1.0000,0.9698,0.9992,0.0000,Stutter,0
stutter,6911,1.2333,0.9689,1.0000,0.9698,0.9992,0.0000,Stutter,0
stutter,6912,1.2500,0.9977,1.0000,0.9711,0.9992,0.0000,Stutter,0
stutter,6913,1.2667,0.9481,1.0000,0.9700,0.9992,0.0000,Stutter,0
stutter,6914,1.2833,0.9605,1.0000,0.9696,0.9992,0.0000,Stutter,0
stutter,6915,1.3000,0.9998,1.0000,0.9710,0.9993,0.0000,Stutter,0
stutter,6916,1.3167,0.9546,1.0000,0.9702,0.9993,0.0000,Stutter,0
stutter,6917,1.3333,0.9529,1.0000,0.9694,0.9993,0.0000,Stutter,0
stutter,6918,1.3500,0.9996,1.0000,0.9708,0.9993,0.0000,Stutter,0
stutter,6919,1.3667,0.9624,1.0000,0.9704,0.9993,0.0000,Stutter,0
stutter,6920,1.3833,0.9468,1.0000,0.9693,0.9993,0.0000,Stutter,0
stutter,6921,1.4000,0.9969,1.0000,0.9706,0.9993,0.0000,Stutter,0
stutter,6922,1.4167,0.9708,1.0000,0.9706,0.9993,0.0000,Stutter,0
stutter,6923,1.4333,0.9424,1.0000,0.9693,0.9993,0.0000,Stutter,0
stutter,6924,1.4500,0.9922,1.0000,0.9704,0.9993,0.0000,Stutter,0
stutter,6925,1.4667,0.9791,1.0000,0.9708,0.9993,0.0000,Stutter,0
stutter,6926,1.4833,0.9402,1.0000,0.9694,0.9993,0.0000,Stutter,0
stutter,6927,1.5000,0.9857,1.0000,0.9701,0.9993,0.0000,Stutter,0
stutter,6928,1.5167,0.9867,1.0000,0.9709,0.9993,0.0000,Stutter,0
stutter,6929,1.5333,0.9404,1.0000,0.9695,0.9993,0.0000,Stutter,0
stutter,6930,1.5500,0.9780,1.0000,0.9699,0.9993,0.0000,Stutter,0
stutter,6931,1.5667,0.9929,1.0000,0.9709,0.9993,0.0000,Stutter,0
stutter,6932,1.5833,0.9429,1.0000,0.9696,0.9994,0.0000,Stutter,0
stutter,6933,1.6000,0.9696,1.0000,0.9696,0.9994,0.0000,Stutter,0
stutter,6934,1.6167,0.9974,1.0000,0.9709,0.9994,0.0000,Stutter,0
stutter,6935,1.6333,0.9475,1.0000,0.9698,0.9994,0.0000,Stutter,0
stutter,6936,1.6500,0.9613,1.0000,0.9694,0.9994,0.0000,Stutter,0
stutter,6937,1.6667,0.9997,1.0000,0.9709,0.9994,0.0000,Stutter,0
stutter,6938,1.6833,0.9539,1.0000,0.9701,0.9994,0.0000,Stutter,0
stutter,6939,1.7000,0.9537,1.0000,0.9693,0.9994,0.0000,Stutter,0
stutter,6940,1.7167,0.9997,1.0000,0.9707,0.9994,0.0000,Stutter,0
stutter,6941,1.7333,0.9617,1.0000,0.9703,0.9994,0.0000,Stutter,0
stutter,6942,1.7500,0.9473,1.0000,0.9692,0.9994,0.0000,Stutter,0
stutter,6943,1.7667,0.9973,1.0000,0.9705,0.9994,0.0000,Stutter,0
stutter,6944,1.7833,0.9699,1.0000,0.9705,0.9994,0.0000,Stutter,0
stutter,6945,1.8000,0.9427,1.0000,0.9692,0.9994,0.0000,Stutter,0
stutter,6946,1.8167,0.9927,1.0000,0.9703,0.9994,0.0000,Stutter,0
stutter,6947,1.8333,0.9783,1.0000,0.9707,0.9994,0.0000,Stutter,0
stutter,6948,1.8500,0.9403,1.0000,0.9693,0.9994,0.0000,Stutter,0
stutter,6949,1.8667,0.9864,1.0000,0.9701,0.9994,0.0000,Stutter,0
stutter,6950,1.8833,0.9860,1.0000,0.9708,0.9994,0.0000,Stutter,0
stutter,6951,1.9000,0.9403,1.0000,0.9694,0.9994,0.0000,Stutter,0
stutter,6952,1.9167,0.9788,1.0000,0.9698,0.9995,0.0000,Stutter,0
stutter,6953,1.9333,0.9924,1.0000,0.9709,0.9995,0.0000,Stutter,0
stutter,6954,1.9500,0.9425,1.0000,0.9696,0.9995,0.0000,Stutter,0
stutter,6955,1.9667,0.9704,1.0000,0.9696,0.9995,0.0000,Stutter,0
stutter,6956,1.9833,0.9971,1.0000,0.9709,0.9995,0.0000,Stutter,0
stutter,6957,2.0000,0.9470,1.0000,0.9698,0.9995,0.0000,Stutter,0
stutter,6958,2.0167,0.9621,1.0000,0.9694,0.9995,0.0000,Stutter,0
stutter,6959,2.0333,0.9996,1.0000,0.9708,0.9995,0.0000,Stutter,0
stutter,6960,2.0500,0.9533,1.0000,0.9700,0.9995,0.0000,Stutter,0
stutter,6961,2.0667,0.9543,1.0000,0.9693,0.9995,0.0000,Stutter,0
stutter,6962,2.0833,0.9998,1.0000,0.9707,0.9995,0.0000,Stutter,0
stutter,6963,2.1000,0.9608,1.0000,0.9702,0.9995,0.0000,Stutter,0
stutter,6964,2.1167,0.9478,1.0000,0.9692,0.9995,0.0000,Stutter,0
stutter,6965,2.1333,0.9976,1.0000,0.9705,0.9995,0.0000,Stutter,0
stutter,6966,2.1500,0.9692,1.0000,0.9704,0.9995,0.0000,Stutter,0
stutter,6967,2.1667,0.9431,1.0000,0.9692,0.9995,0.0000,Stutter,0
stutter,6968,2.1833,0.9933,1.0000,0.9703,0.9995,0.0000,Stutter,0
stutter,6969,2.2000,0.9775,1.0000,0.9706,0.9995,0.0000,Stutter,0
stutter,6970,2.2167,0.9405,1.0000,0.9692,0.9995,0.0000,Stutter,0
stutter,6971,2.2333,0.9871,1.0000,0.9701,0.9995,0.0000,Stutter,0
stutter,6972,2.2500,0.9853,1.0000,0.9708,0.9995,0.0000,Stutter,0
stutter,6973,2.2667,0.9402,1.0000,0.9693,0.9995,0.0000,Stutter,0
stutter,6974,2.2833,0.9795,1.0000,0.9698,0.9995,0.0000,Stutter,0
stutter,6975,2.3000,0.9919,1.0000,0.9708,0.9995,0.0000,Stutter,0
stutter,6976,2.3167,0.9422,1.0000,0.9695,0.9996,0.0000,Stutter,0
stutter,6977,2.3333,0.9712,1.0000,0.9696,0.9996,0.0000,Stutter,0
stutter,6978,2.3500,0.9967,1.0000,0.9709,0.9996,0.0000,Stutter,0
stutter,6979,2.3667,0.9465,1.0000,0.9697,0.9996,0.0000,Stutter,0
stutter,6980,2.3833,0.9629,1.0000,0.9694,0.9996,0.0000,Stutter,0
stutter,6981,2.4000,0.9995,1.0000,0.9708,0.9996,0.0000,Stutter,0
stutter,6982,2.4167,0.9526,1.0000,0.9700,0.9996,0.0000,Stutter,0
stutter,6983,2.4333,0.9551,1.0000,0.9693,0.9996,0.0000,Stutter,0
stutter,6984,2.4500,0.9999,1.0000,0.9707,0.9996,0.0000,Stutter,0
stutter,6985,2.4667,0.9601,1.0000,0.9702,0.9996,0.0000,Stutter,0
stutter,6986,2.4833,0.9484,1.0000,0.9692,0.9996,0.0000,Stutter,0
stutter,6987,2.5000,0.9979,1.0000,0.9705,0.9996,0.0000,Stutter,0
stutter,6988,2.5167,0.9683,1.0000,0.9704,0.9996,0.0000,Stutter,0
stutter,6989,2.5333,0.9434,1.0000,0.9692,0.9996,0.0000,Stutter,0
stutter,6990,2.5500,0.9938,1.0000,0.9703,0.9996,0.0000,Stutter,0
stutter,6991,2.5667,0.9767,1.0000,0.9706,0.9996,0.0000,Stutter,0
stutter,6992,2.5833,0.9406,1.0000,0.9692,0.9996,0.0000,Stutter,0
stutter,6993,2.6000,0.9877,1.0000,0.9701,0.9996,0.0000,Stutter,0
stutter,6994,2.6167,0.9846,1.0000,0.9707,0.9996,0.0000,Stutter,0
stutter,6995,2.6333,0.9401,1.0000,0.9693,0.9996,0.0000,Stutter,0
stutter,6996,2.6500,0.9803,1.0000,0.9698,0.9996,0.0000,Stutter,0
stutter,6997,2.6667,0.9913,1.0000,0.9708,0.9996,0.0000,Stutter,0
stutter,6998,2.6833,0.9419,1.0000,0.9695,0.9996,0.0000,Stutter,0
stutter,6999,2.7000,0.9721,1.0000,0.9696,0.9996,0.0000,Stutter,0
stutter,7000,2.7167,0.9963,1.0000,0.9709,0.9996,0.0000,Stutter,0
stutter,7001,2.7333,0.9460,1.0000,0.9697,0.9996,0.0000,Stutter,0
stutter,7002,2.7500,0.9636,1.0000,0.9694,0.9996,0.0000,Stutter,0
stutter,7003,2.7667,0.9993,1.0000,0.9708,0.9996,0.0000,Stutter,0
stutter,7004,2.7833,0.9519,1.0000,0.9699,0.9996,0.0000,Stutter,0
stutter,7005,2.8000,0.9557,1.0000,0.9693,0.9996,0.0000,Stutter,0
stutter,7006,2.8167,0.9999,1.0000,0.9707,0.9997,0.0000,Stutter,0
stutter,7007,2.8333,0.9593,1.0000,0.9702,0.9997,0.0000,Stutter,0
stutter,7008,2.8500,0.9490,1.0000,0.9692,0.9997,0.0000,Stutter,0
stutter,7009,2.8667,0.9982,1.0000,0.9705,0.9997,0.0000,Stutter,0
stutter,7010,2.8833,0.9675,1.0000,0.9704,0.9997,0.0000,Stutter,0
stutter,7011,2.9000,0.9439,1.0000,0.9692,0.9997,0.0000,Stutter,0
stutter,7012,2.9167,0.9942,1.0000,0.9703,0.9997,0.0000,Stutter,0
stutter,7013,2.9333,0.9760,1.0000,0.9706,0.9997,0.0000,Stutter,0
stutter,7014,2.9500,0.9408,1.0000,0.9692,0.9997,0.0000,Stutter,0
stutter,7015,2.9667,0.9884,1.0000,0.9701,0.9997,0.0000,Stutter,0
stutter,7016,2.9833,0.9839,1.0000,0.9707,0.9997,0.0000,Stutter,0
stutter,7017,3.0000,0.9400,1.0000,0.9693,0.9997,0.0000,Stutter,0
stutter,7018,3.0167,0.9811,1.0000,0.9699,0.9997,0.0000,Stutter,0
stutter,7019,3.0333,0.9907,1.0000,0.9708,0.9997,0.0000,Stutter,0
stutter,7020,3.0500,0.9417,1.0000,0.9695,0.9997,0.0000,Stutter,0
stutter,7021,3.0667,0.9729,1.0000,0.9696,0.9997,0.0000,Stutter,0
stutter,7022,3.0833,0.9959,1.0000,0.9709,0.9997,0.0000,Stutter,0
stutter,7023,3.1000,0.9455,1.0000,0.9697,0.9997,0.0000,Stutter,0
stutter,7024,3.1167,0.9645,1.0000,0.9694,0.9997,0.0000,Stutter,0
stutter,7025,3.1333,0.9991,1.0000,0.9708,0.9997,0.0000,Stutter,0
stutter,7026,3.1500,0.9513,1.0000,0.9699,0.9997,0.0000,Stutter,0
stutter,7027,3.1667,0.9565,1.0000,0.9693,0.9997,0.0000,Stutter,0
stutter,7028,3.1833,1.0000,1.0000,0.9707,0.9997,0.0000,Stutter,0
stutter,7029,3.2000,0.9586,1.0000,0.9701,0.9997,0.0000,Stutter,0
stutter,7030,3.2167,0.9495,1.0000,0.9692,0.9997,0.0000,Stutter,0
stutter,7031,3.2333,0.9985,1.0000,0.9705,0.9997,0.0000,Stutter,0
stutter,7032,3.2500,0.9667,1.0000,0.9704,0.9997,0.0000,Stutter,0
stutter,7033,3.2667,0.9443,1.0000,0.9692,0.9997,0.0000,Stutter,0
stutter,7034,3.2833,0.9947,1.0000,0.9703,0.9997,0.0000,Stutter,0
stutter,7035,3.3000,0.9751,1.0000,0.9706,0.9997,0.0000,Stutter,0
stutter,7036,3.3167,0.9410,1.0000,0.9692,0.9997,0.0000,Stutter,0
stutter,7037,3.3333,0.9890,1.0000,0.9701,0.9997,0.0000,Stutter,0
stutter,7038,3.3500,0.9832,1.0000,0.9707,0.9997,0.0000,Stutter,0
stutter,7039,3.3667,0.9400,1.0000,0.9693,0.9997,0.0000,Stutter,0
stutter,7040,3.3833,0.9818,1.0000,0.9699,0.9997,0.0000,Stutter,0
stutter,7041,3.4000,0.9902,1.0000,0.9708,0.9997,0.0000,Stutter,0
stutter,7042,3.4167,0.9414,1.0000,0.9694,0.9997,0.0000,Stutter,0
stutter,7043,3.4333,0.9737,1.0000,0.9696,0.9997,0.0000,Stutter,0
stutter,7044,3.4500,0.9955,1.0000,0.9709,0.9997,0.0000,Stutter,0
stutter,7045,3.4667,0.9451,1.0000,0.9697,0.9997,0.0000,Stutter,0
stutter,7046,3.4833,0.9653,1.0000,0.9694,0.9997,0.0000,Stutter,0
stutter,7047,3.5000,0.9989,1.0000,0.9708,0.9998,0.0000,Stutter,0
stutter,7048,3.5167,0.9507,1.0000,0.9699,0.9998,0.0000,Stutter,0
stutter,7049,3.5333,0.9572,1.0000,0.9693,0.9998,0.0000,Stutter,0
stutter,7050,3.5500,1.0000,1.0000,0.9707,0.9998,0.0000,Stutter,0
stutter,7051,3.5667,0.9577,1.0000,0.9701,0.9998,0.0000,Stutter,0
stutter,7052,3.5833,0.9502,1.0000,0.9692,0.9998,0.0000,Stutter,0
stutter,7053,3.6000,0.9987,1.0000,0.9706,0.9998,0.0000,Stutter,0
stutter,7054,3.6167,0.9659,1.0000,0.9703,0.9998,0.0000,Stutter,0
stutter,7055,3.6333,0.9447,1.0000,0.9691,0.9998,0.0000,Stutter,0
stutter,7056,3.6500,0.9952,1.0000,0.9704,0.9998,0.0000,Stutter,0
stutter,7057,3.6667,0.9744,1.0000,0.9705,0.9998,0.0000,Stutter,0
stutter,7058,3.6833,0.9412,1.0000,0.9692,0.9998,0.0000,Stutter,0
stutter,7059,3.7000,0.9897,1.0000,0.9701,0.9998,0.0000,Stutter,0
stutter,7060,3.7167,0.9824,1.0000,0.9707,0.9998,0.0000,Stutter,0
stutter,7061,3.7333,0.9400,1.0000,0.9693,0.9998,0.0000,Stutter,0
stutter,7062,3.7500,0.9825,1.0000,0.9699,0.9998,0.0000,Stutter,0
stutter,7063,3.7667,0.9895,1.0000,0.9708,0.9998,0.0000,Stutter,0
stutter,7064,3.7833,0.9412,1.0000,0.9694,0.9998,0.0000,Stutter,0
stutter,7065,3.8000,0.9745,1.0000,0.9697,0.9998,0.0000,Stutter,0
stutter,7066,3.8167,0.9951,1.0000,0.9708,0.9998,0.0000,Stutter,0
stutter,7067,3.8333,0.9446,1.0000,0.9696,0.9998,0.0000,Stutter,0
stutter,7068,3.8500,0.9661,1.0000,0.9695,0.9998,0.0000,Stutter,0
stutter,7069,3.8667,0.9987,1.0000,0.9708,0.9998,0.0000,Stutter,0
stutter,7070,3.8833,0.9501,1.0000,0.9699,0.9998,0.0000,Stutter,0
stutter,7071,3.9000,0.9580,1.0000,0.9693,0.9998,0.0000,Stutter,0
stutter,7072,3.9167,1.0000,1.0000,0.9707,0.9998,0.0000,Stutter,0
stutter,7073,3.9333,0.9571,1.0000,0.9701,0.9998,0.0000,Stutter,0
stutter,7074,3.9500,0.9508,1.0000,0.9692,0.9998,0.0000,Stutter,0
stutter,7075,3.9667,0.9990,1.0000,0.9706,0.9998,0.0000,Stutter,0
stutter,7076,3.9833,0.9651,1.0000,0.9703,0.9998,0.0000,Stutter,0
stutter,7077,4.0000,0.9451,1.0000,0.9692,0.9998,0.0000,Stutter,0
stutter,7078,4.0167,0.9956,1.0000,0.9704,0.9998,0.0000,Stutter,0
stutter,7079,4.0333,0.9735,1.0000,0.9705,0.9998,0.0000,Stutter,0
stutter,7080,4.0500,0.9414,1.0000,0.9692,0.9998,0.0000,Stutter,0
stutter,7081,4.0667,0.9902,1.0000,0.9702,0.9998,0.0000,Stutter,0
stutter,7082,4.0833,0.9817,1.0000,0.9707,0.9998,0.0000,Stutter,0
stutter,7083,4.1000,0.9400,1.0000,0.9693,0.9998,0.0000,Stutter,0
stutter,7084,4.1167,0.9833,1.0000,0.9699,0.9998,0.0000,Stutter,0
stutter,7085,4.1333,0.9889,1.0000,0.9708,0.9998,0.0000,Stutter,0
stutter,7086,4.1500,0.9409,1.0000,0.9694,0.9998,0.0000,Stutter,0
stutter,7087,4.1667,0.9753,1.0000,0.9697,0.9998,0.0000,Stutter,0
stutter,7088,4.1833,0.9946,1.0000,0.9708,0.9998,0.0000,Stutter,0
stutter,7089,4.2000,0.9442,1.0000,0.9696,0.9998,0.0000,Stutter,0
stutter,7090,4.2167,0.9669,1.0000,0.9695,0.9998,0.0000,Stutter,0
stutter,7091,4.2333,0.9984,1.0000,0.9708,0.9998,0.0000,Stutter,0
stutter,7092,4.2500,0.9494,1.0000,0.9698,0.9998,0.0000,Stutter,0
stutter,7093,4.2667,0.9587,1.0000,0.9693,0.9998,0.0000,Stutter,0
stutter,7094,4.2833,1.0000,1.0000,0.9707,0.9998,0.0000,Stutter,0
stutter,7095,4.3000,0.9563,1.0000,0.9701,0.9998,0.0000,Stutter,0
stutter,7096,4.3167,0.9514,1.0000,0.9692,0.9998,0.0000,Stutter,0
stutter,7097,4.3333,0.9991,1.0000,0.9706,0.9998,0.0000,Stutter,0
stutter,7098,4.3500,0.9643,1.0000,0.9703,0.9998,0.0000,Stutter,0
stutter,7099,4.3667,0.9456,1.0000,0.9692,0.9998,0.0000,Stutter,0
stutter,7100,4.3833,0.9960,1.0000,0.9704,0.9998,0.0000,Stutter,0
stutter,7101,4.4000,0.9727,1.0000,0.9705,0.9998,0.0000,Stutter,0
stutter,7102,4.4167,0.9417,1.0000,0.9692,0.9998,0.0000,Stutter,0
stutter,7103,4.4333,0.9909,1.0000,0.9702,0.9998,0.0000,Stutter,0
stutter,7104,4.4500,0.9809,1.0000,0.9707,0.9998,0.0000,Stutter,0
stutter,7105,4.4667,0.9400,1.0000,0.9693,0.9998,0.0000,Stutter,0
stutter,7106,4.4833,0.9840,1.0000,0.9699,0.9998,0.0000,Stutter,0
stutter,7107,4.5000,0.9882,1.0000,0.9708,0.9998,0.0000,Stutter,0
stutter,7108,4.5167,0.9407,1.0000,0.9694,0.9999,0.0000,Stutter,0
stutter,7109,4.5333,0.9761,1.0000,0.9697,0.9999,0.0000,Stutter,0
stutter,7110,4.5500,0.9942,1.0000,0.9708,0.9999,0.0000,Stutter,0
stutter,7111,4.5667,0.9437,1.0000,0.9696,0.9999,0.0000,Stutter,0
stutter,7112,4.5833,0.9677,1.0000,0.9695,0.9999,0.0000,Stutter,0
stutter,7113,4.6000,0.9982,1.0000,0.9708,0.9999,0.0000,Stutter,0
stutter,7114,4.6167,0.9489,1.0000,0.9698,0.9999,0.0000,Stutter,0
stutter,7115,4.6333,0.9595,1.0000,0.9693,0.9999,0.0000,Stutter,0
stutter,7116,4.6500,0.9999,1.0000,0.9707,0.9999,0.0000,Stutter,0
stutter,7117,4.6667,0.9556,1.0000,0.9700,0.9999,0.0000,Stutter,0
stutter,7118,4.6833,0.9521,1.0000,0.9692,0.9999,0.0000,Stutter,0
stutter,7119,4.7000,0.9993,1.0000,0.9706,0.9999,0.0000,Stutter,0
stutter,7120,4.7167,0.9635,1.0000,0.9703,0.9999,0.0000,Stutter,0
stutter,7121,4.7333,0.9461,1.0000,0.9692,0.9999,0.0000,Stutter,0
stutter,7122,4.7500,0.9964,1.0000,0.9704,0.9999,0.0000,Stutter,0
stutter,7123,4.7667,0.9719,1.0000,0.9705,0.9999,0.0000,Stutter,0
stutter,7124,4.7833,0.9420,1.0000,0.9692,0.9999,0.0000,Stutter,0
stutter,7125,4.8000,0.9914,1.0000,0.9702,0.9999,0.0000,Stutter,0
stutter,7126,4.8167,0.9802,1.0000,0.9707,0.9999,0.0000,Stutter,0
stutter,7127,4.8333,0.9401,1.0000,0.9692,0.9999,0.0000,Stutter,0
stutter,7128,4.8500,0.9847,1.0000,0.9700,0.9999,0.0000,Stutter,0
stutter,7129,4.8667,0.9876,1.0000,0.9708,0.9999,0.0000,Stutter,0
stutter,7130,4.8833,0.9406,1.0000,0.9694,0.9999,0.0000,Stutter,0
stutter,7131,4.9000,0.9769,1.0000,0.9697,0.9999,0.0000,Stutter,0
stutter,7132,4.9167,0.9937,1.0000,0.9708,0.9999,0.0000,Stutter,0
stutter,7133,4.9333,0.9434,1.0000,0.9696,0.9999,0.0000,Stutter,0
stutter,7134,4.9500,0.9685,1.0000,0.9695,0.9999,0.0000,Stutter,0
stutter,7135,4.9667,0.9979,1.0000,0.9708,0.9999,0.0000,Stutter,0
stutter,7136,4.9833,0.9483,1.0000,0.9698,0.9999,0.0000,Stutter,0
stutter,7137,5.0000,0.9602,1.0000,0.9693,0.9999,0.0000,Stutter,0
stutter,7138,5.0167,0.9999,1.0000,0.9708,0.9999,0.0000,Stutter,0
stutter,7139,5.0333,0.9549,1.0000,0.9700,0.9999,0.0000,Stutter,0
stutter,7140,5.0500,0.9527,1.0000,0.9692,0.9999,0.0000,Stutter,0
stutter,7141,5.0667,0.9995,1.0000,0.9706,0.9999,0.0000,Stutter,0
stutter,7142,5.0833,0.9627,1.0000,0.9703,0.9999,0.0000,Stutter,0
stutter,7143,5.1000,0.9466,1.0000,0.9692,0.9999,0.0000,Stutter,0
stutter,7144,5.1167,0.9968,1.0000,0.9704,0.9999,0.0000,Stutter,0
stutter,7145,5.1333,0.9711,1.0000,0.9705,0.9999,0.0000,Stutter,0
stutter,7146,5.1500,0.9423,1.0000,0.9692,0.9999,0.0000,Stutter,0
stutter,7147,5.1667,0.9920,1.0000,0.9702,0.9999,0.0000,Stutter,0
stutter,7148,5.1833,0.9794,1.0000,0.9707,0.9999,0.0000,Stutter,0
stutter,7149,5.2000,0.9402,1.0000,0.9692,0.9999,0.0000,Stutter,0
stutter,7150,5.2167,0.9855,1.0000,0.9700,0.9999,0.0000,Stutter,0
stutter,7151,5.2333,0.9869,1.0000,0.9708,0.9999,0.0000,Stutter,0
stutter,7152,5.2500,0.9404,1.0000,0.9694,0.9999,0.0000,Stutter,0
stutter,7153,5.2667,0.9777,1.0000,0.9698,0.9999,0.0000,Stutter,0
stutter,7154,5.2833,0.9932,1.0000,0.9708,0.9999,0.0000,Stutter,0
stutter,7155,5.3000,0.9430,1.0000,0.9695,0.9999,0.0000,Stutter,0
stutter,7156,5.3167,0.9693,1.0000,0.9695,0.9999,0.0000,Stutter,0
stutter,7157,5.3333,0.9976,1.0000,0.9708,0.9999,0.0000,Stutter,0
stutter,7158,5.3500,0.9478,1.0000,0.9698,0.9999,0.0000,Stutter,0
stutter,7159,5.3667,0.9610,1.0000,0.9694,0.9999,0.0000,Stutter,0
stutter,7160,5.3833,0.9998,1.0000,0.9708,0.9999,0.0000,Stutter,0
stutter,7161,5.4000,0.9542,1.0000,0.9700,0.9999,0.0000,Stutter,0
stutter,7162,5.4167,0.9534,1.0000,0.9692,0.9999,0.0000,Stutter,0
stutter,7163,5.4333,0.9996,1.0000,0.9706,0.9999,0.0000,Stutter,0
stutter,7164,5.4500,0.9619,1.0000,0.9702,0.9999,0.0000,Stutter,0
stutter,7165,5.4667,0.9471,1.0000,0.9692,0.9999,0.0000,Stutter,0
stutter,7166,5.4833,0.9971,1.0000,0.9705,0.9999,0.0000,Stutter,0
stutter,7167,5.5000,0.9703,1.0000,0.9705,0.9999,0.0000,Stutter,0
stutter,7168,5.5167,0.9426,1.0000,0.9692,0.9999,0.0000,Stutter,0
stutter,7169,5.5333,0.9925,1.0000,0.9702,0.9999,0.0000,Stutter,0
stutter,7170,5.5500,0.9786,1.0000,0.9706,0.9999,0.0000,Stutter,0
stutter,7171,5.5667,0.9403,1.0000,0.9692,0.9999,0.0000,Stutter,0
stutter,7172,5.5833,0.9862,1.0000,0.9700,0.9999,0.0000,Stutter,0
stutter,7173,5.6000,0.9863,1.0000,0.9708,0.9999,0.0000,Stutter,0
stutter,7174,5.6167,0.9403,1.0000,0.9694,0.9999,0.0000,Stutter,0
stutter,7175,5.6333,0.9785,1.0000,0.9698,0.9999,0.0000,Stutter,0
stutter,7176,5.6500,0.9927,1.0000,0.9708,0.9999,0.0000,Stutter,0
stutter,7177,5.6667,0.9427,1.0000,0.9695,0.9999,0.0000,Stutter,0
stutter,7178,5.6833,0.9701,1.0000,0.9696,0.9999,0.0000,Stutter,0
stutter,7179,5.7000,0.9972,1.0000,0.9708,0.9999,0.0000,Stutter,0
stutter,7180,5.7167,0.9472,1.0000,0.9697,0.9999,0.0000,Stutter,0
stutter,7181,5.7333,0.9617,1.0000,0.9694,0.9999,0.0000,Stutter,0
stutter,7182,5.7500,0.9997,1.0000,0.9708,0.9999,0.0000,Stutter,0
stutter,7183,5.7667,0.9535,1.0000,0.9700,0.9999,0.0000,Stutter,0
stutter,7184,5.7833,0.9541,1.0000,0.9692,0.9999,0.0000,Stutter,0
stutter,7185,5.8000,0.9997,1.0000,0.9707,0.9999,0.0000,Stutter,0
stutter,7186,5.8167,0.9611,1.0000,0.9702,0.9999,0.0000,Stutter,0
stutter,7187,5.8333,0.9476,1.0000,0.9692,0.9999,0.0000,Stutter,0
stutter,7188,5.8500,0.9975,1.0000,0.9705,0.9999,0.0000,Stutter,0
stutter,7189,5.8667,0.9695,1.0000,0.9704,0.9999,0.0000,Stutter,0
stutter,7190,5.8833,0.9429,1.0000,0.9692,0.9999,0.0000,Stutter,0
stutter,7191,5.9000,0.9931,1.0000,0.9703,0.9999,0.0000,Stutter,0
stutter,7192,5.9167,0.9778,1.0000,0.9706,0.9999,0.0000,Stutter,0
stutter,7193,5.9333,0.9404,1.0000,0.9692,0.9999,0.0000,Stutter,0
stutter,7194,5.9500,0.9868,1.0000,0.9700,0.9999,0.0000,Stutter,0
stutter,7195,5.9667,0.9856,1.0000,0.9708,0.9999,0.0000,Stutter,0
stutter,7196,5.9833,0.9402,1.0000,0.9693,0.9999,0.0000,Stutter,0
stutter,7197,6.0000,0.9792,1.0000,0.9698,0.9999,0.0000,Stutter,0
stutter,7198,6.0167,0.9921,1.0000,0.9708,0.9999,0.0000,Stutter,0
stutter,7199,6.0333,0.9423,1.0000,0.9695,0.9999,0.0000,Stutter,0
stutter,7200,6.0500,0.9710,1.0000,0.9696,0.9999,0.0000,Stutter,0
stutter,7201,6.0667,0.9969,1.0000,0.9708,0.9999,0.0000,Stutter,0
stutter,7202,6.0833,0.9467,1.0000,0.9697,0.9999,0.0000,Stutter,0
stutter,7203,6.1000,0.9626,1.0000,0.9694,0.9999,0.0000,Stutter,0
stutter,7204,6.1167,0.9995,1.0000,0.9708,0.9999,0.0000,Stutter,0
stutter,7205,6.1333,0.9529,1.0000,0.9700,0.9999,0.0000,Stutter,0
stutter,7206,6.1500,0.9548,1.0000,0.9693,0.9999,0.0000,Stutter,0
stutter,7207,6.1667,0.9998,1.0000,0.9707,0.9999,0.0000,Stutter,0
stutter,7208,6.1833,0.9604,1.0000,0.9702,0.9999,0.0000,Stutter,0
stutter,7209,6.2000,0.9482,1.0000,0.9692,0.9999,0.0000,Stutter,0
stutter,7210,6.2167,0.9978,1.0000,0.9705,0.9999,0.0000,Stutter,0
stutter,7211,6.2333,0.9687,1.0000,0.9704,0.9999,0.0000,Stutter,0
stutter,7212,6.2500,0.9433,1.0000,0.9692,0.9999,0.0000,Stutter,0
stutter,7213,6.2667,0.9936,1.0000,0.9703,0.9999,0.0000,Stutter,0
stutter,7214,6.2833,0.9770,1.0000,0.9706,0.9999,0.0000,Stutter,0
stutter,7215,6.3000,0.9406,1.0000,0.9692,0.9999,0.0000,Stutter,0
stutter,7216,6.3167,0.9875,1.0000,0.9701,0.9999,0.0000,Stutter,0
stutter,7217,6.3333,0.9849,1.0000,0.9707,0.9999,0.0000,Stutter,0
stutter,7218,6.3500,0.9401,1.0000,0.9693,0.9999,0.0000,Stutter,0
stutter,7219,6.3667,0.9800,1.0000,0.9698,0.9999,0.0000,Stutter,0
stutter,7220,6.3833,0.9915,1.0000,0.9708,0.9999,0.0000,Stutter,0
stutter,7221,6.4000,0.9421,1.0000,0.9695,0.9999,0.0000,Stutter,0
stutter,7222,6.4167,0.9717,1.0000,0.9696,0.9999,0.0000,Stutter,0
stutter,7223,6.4333,0.9965,1.0000,0.9708,0.9999,0.0000,Stutter,0
stutter,7224,6.4500,0.9462,1.0000,0.9697,0.9999,0.0000,Stutter,0
stutter,7225,6.4667,0.9633,1.0000,0.9694,0.9999,0.0000,Stutter,0
stutter,7226,6.4833,0.9994,1.0000,0.9708,0.9999,0.0000,Stutter,0
stutter,7227,6.5000,0.9522,1.0000,0.9699,0.9999,0.0000,Stutter,0
stutter,7228,6.5167,0.9555,1.0000,0.9693,0.9999,0.0000,Stutter,0
stutter,7229,6.5333,0.9999,1.0000,0.9707,0.9999,0.0000,Stutter,0
stutter,7230,6.5500,0.9596,1.0000,0.9702,0.9999,0.0000,Stutter,0
stutter,7231,6.5667,0.9488,1.0000,0.9692,0.9999,0.0000,Stutter,0
stutter,7232,6.5833,0.9981,1.0000,0.9705,0.9999,0.0000,Stutter,0
stutter,7233,6.6000,0.9679,1.0000,0.9704,0.9999,0.0000,Stutter,0
stutter,7234,6.6167,0.9437,1.0000,0.9692,0.9999,0.0000,Stutter,0
stutter,7235,6.6333,0.9941,1.0000,0.9703,0.9999,0.0000,Stutter,0
stutter,7236,6.6500,0.9762,1.0000,0.9706,0.9999,0.0000,Stutter,0
stutter,7237,6.6667,0.9407,1.0000,0.9692,0.9999,0.0000,Stutter,0
stutter,7238,6.6833,0.9881,1.0000,0.9701,0.9999,0.0000,Stutter,0
stutter,7239,6.7000,0.9841,1.0000,0.9707,0.9999,0.0000,Stutter,0
stutter,7240,6.7167,0.9401,1.0000,0.9693,1.0000,0.0000,Stutter,0
stutter,7241,6.7333,0.9807,1.0000,0.9698,1.0000,0.0000,Stutter,0
stutter,7242,6.7500,0.9910,1.0000,0.9708,1.0000,0.0000,Stutter,0
stutter,7243,6.7667,0.9417,1.0000,0.9695,1.0000,0.0000,Stutter,0
stutter,7244,6.7833,0.9725,1.0000,0.9696,1.0000,0.0000,Stutter,0
stutter,7245,6.8000,0.9961,1.0000,0.9708,1.0000,0.0000,Stutter,0
stutter,7246,6.8167,0.9457,1.0000,0.9697,1.0000,0.0000,Stutter,0
stutter,7247,6.8333,0.9641,1.0000,0.9694,1.0000,0.0000,Stutter,0
stutter,7248,6.8500,0.9992,1.0000,0.9708,1.0000,0.0000,Stutter,0
stutter,7249,6.8667,0.9516,1.0000,0.9699,1.0000,0.0000,Stutter,0
stutter,7250,6.8833,0.9562,1.0000,0.9693,1.0000,0.0000,Stutter,0
stutter,7251,6.9000,1.0000,1.0000,0.9707,1.0000,0.0000,Stutter,0
stutter,7252,6.9167,0.9589,1.0000,0.9701,1.0000,0.0000,Stutter,0
stutter,7253,6.9333,0.9493,1.0000,0.9692,1.0000,0.0000,Stutter,0
stutter,7254,6.9500,0.9984,1.0000,0.9705,1.0000,0.0000,Stutter,0
stutter,7255,6.9667,0.9670,1.0000,0.9704,1.0000,0.0000,Stutter,0
stutter,7256,6.9833,0.9441,1.0000,0.9692,1.0000,0.0000,Stutter,0
stutter,7257,7.0000,0.9945,1.0000,0.9703,1.0000,0.0000,Stutter,0
stutter,7258,7.0167,0.9755,1.0000,0.9706,1.0000,0.0000,Stutter,0
stutter,7259,7.0333,0.9409,1.0000,0.9692,1.0000,0.0000,Stutter,0
stutter,7260,7.0500,0.9888,1.0000,0.9701,1.0000,0.0000,Stutter,0
stutter,7261,7.0667,0.9835,1.0000,0.9707,1.0000,0.0000,Stutter,0
stutter,7262,7.0833,0.9400,1.0000,0.9693,1.0000,0.0000,Stutter,0
stutter,7263,7.1000,0.9816,1.0000,0.9699,1.0000,0.0000,Stutter,0
stutter,7264,7.1167,0.9904,1.0000,0.9708,1.0000,0.0000,Stutter,0
stutter,7265,7.1333,0.9415,1.0000,0.9695,1.0000,0.0000,Stutter,0
stutter,7266,7.1500,0.9734,1.0000,0.9696,1.0000,0.0000,Stutter,0
stutter,7267,7.1667,0.9957,1.0000,0.9709,1.0000,0.0000,Stutter,0
stutter,7268,7.1833,0.9452,1.0000,0.9697,1.0000,0.0000,Stutter,0
stutter,7269,7.2000,0.9649,1.0000,0.9694,1.0000,0.0000,Stutter,0
stutter,7270,7.2167,0.9990,1.0000,0.9708,1.0000,0.0000,Stutter,0
stutter,7271,7.2333,0.9509,1.0000,0.9699,1.0000,0.0000,Stutter,0
stutter,7272,7.2500,0.9569,1.0000,0.9693,1.0000,0.0000,Stutter,0
stutter,7273,7.2667,1.0000,1.0000,0.9707,1.0000,0.0000,Stutter,0
stutter,7274,7.2833,0.9581,1.0000,0.9701,1.0000,0.0000,Stutter,0
stutter,7275,7.3000,0.9499,1.0000,0.9692,1.0000,0.0000,Stutter,0
stutter,7276,7.3167,0.9986,1.0000,0.9706,1.0000,0.0000,Stutter,0
stutter,7277,7.3333,0.9663,1.0000,0.9704,1.0000,0.0000,Stutter,0
stutter,7278,7.3500,0.9445,1.0000,0.9692,1.0000,0.0000,Stutter,0
stutter,7279,7.3667,0.9950,1.0000,0.9704,1.0000,0.0000,Stutter,0
stutter,7280,7.3833,0.9747,1.0000,0.9706,1.0000,0.0000,Stutter,0
stutter,7281,7.4000,0.9411,1.0000,0.9692,1.0000,0.0000,Stutter,0
stutter,7282,7.4167,0.9894,1.0000,0.9701,1.0000,0.0000,Stutter,0
stutter,7283,7.4333,0.9827,1.0000,0.9707,1.0000,0.0000,Stutter,0
stutter,7284,7.4500,0.9400,1.0000,0.9693,1.0000,0.0000,Stutter,0
stutter,7285,7.4667,0.9823,1.0000,0.9699,1.0000,0.0000,Stutter,0
stutter,7286,7.4833,0.9898,1.0000,0.9708,1.0000,0.0000,Stutter,0
stutter,7287,7.5000,0.9412,1.0000,0.9694,1.0000,0.0000,Stutter,0
stutter,7288,7.5167,0.9742,1.0000,0.9697,1.0000,0.0000,Stutter,0
stutter,7289,7.5333,0.9953,1.0000,0.9708,1.0000,0.0000,Stutter,0
stutter,7290,7.5500,0.9448,1.0000,0.9696,1.0000,0.0000,Stutter,0
stutter,7291,7.5667,0.9658,1.0000,0.9695,1.0000,0.0000,Stutter,0
stutter,7292,7.5833,0.9988,1.0000,0.9708,1.0000,0.0000,Stutter,0
stutter,7293,7.6000,0.9503,1.0000,0.9699,1.0000,0.0000,Stutter,0
stutter,7294,7.6167,0.9576,1.0000,0.9693,1.0000,0.0000,Stutter,0
stutter,7295,7.6333,1.0000,1.0000,0.9707,1.0000,0.0000,Stutter,0
stutter,7296,7.6500,0.9573,1.0000,0.9701,1.0000,0.0000,Stutter,0
stutter,7297,7.6667,0.9505,1.0000,0.9692,1.0000,0.0000,Stutter,0
stutter,7298,7.6833,0.9989,1.0000,0.9706,1.0000,0.0000,Stutter,0
stutter,7299,7.7000,0.9654,1.0000,0.9703,1.0000,0.0000,Stutter,0
stutter,7300,7.7167,0.9450,1.0000,0.9691,1.0000,0.0000,Stutter,0
stutter,7301,7.7333,0.9954,1.0000,0.9704,1.0000,0.0000,Stutter,0
stutter,7302,7.7500,0.9739,1.0000,0.9705,1.0000,0.0000,Stutter,0
stutter,7303,7.7667,0.9414,1.0000,0.9692,1.0000,0.0000,Stutter,0
stutter,7304,7.7833,0.9900,1.0000,0.9701,1.0000,0.0000,Stutter,0
stutter,7305,7.8000,0.9820,1.0000,0.9707,1.0000,0.0000,Stutter,0
stutter,7306,7.8167,0.9400,1.0000,0.9693,1.0000,0.0000,Stutter,0
stutter,7307,7.8333,0.9831,1.0000,0.9699,1.0000,0.0000,Stutter,0
stutter,7308,7.8500,0.9892,1.0000,0.9708,1.0000,0.0000,Stutter,0
stutter,7309,7.8667,0.9410,1.0000,0.9694,1.0000,0.0000,Stutter,0
stutter,7310,7.8833,0.9750,1.0000,0.9697,1.0000,0.0000,Stutter,0
stutter,7311,7.9000,0.9948,1.0000,0.9708,1.0000,0.0000,Stutter,0
stutter,7312,7.9167,0.9443,1.0000,0.9696,1.0000,0.0000,Stutter,0
stutter,7313,7.9333,0.9665,1.0000,0.9695,1.0000,0.0000,Stutter,0
stutter,7314,7.9500,0.9985,1.0000,0.9708,1.0000,0.0000,Stutter,0
stutter,7315,7.9667,0.9497,1.0000,0.9698,1.0000,0.0000,Stutter,0
stutter,7316,7.9833,0.9584,1.0000,0.9693,1.0000,0.0000,Stutter,0
stutter,7317,8.0000,1.0000,1.0000,0.9707,1.0000,0.0000,Stutter,0
stutter,7318,8.0167,0.9566,1.0000,0.9701,1.0000,0.0000,Stutter,0
stutter,7319,8.0333,0.9512,1.0000,0.9692,1.0000,0.0000,Stutter,0
stutter,7320,8.0500,0.9991,1.0000,0.9706,1.0000,0.0000,Stutter,0
stutter,7321,8.0667,0.9646,1.0000,0.9703,1.0000,0.0000,Stutter,0
stutter,7322,8.0833,0.9454,1.0000,0.9692,1.0000,0.0000,Stutter,0
stutter,7323,8.1000,0.9959,1.0000,0.9704,1.0000,0.0000,Stutter,0
stutter,7324,8.1167,0.9730,1.0000,0.9705,1.0000,0.0000,Stutter,0
stutter,7325,8.1333,0.9416,1.0000,0.9692,1.0000,0.0000,Stutter,0
stutter,7326,8.1500,0.9906,1.0000,0.9702,1.0000,0.0000,Stutter,0
stutter,7327,8.1667,0.9812,1.0000,0.9707,1.0000,0.0000,Stutter,0
stutter,7328,8.1833,0.9400,1.0000,0.9693,1.0000,0.0000,Stutter,0
stutter,7329,8.2000,0.9837,1.0000,0.9699,1.0000,0.0000,Stutter,0
stutter,7330,8.2167,0.9885,1.0000,0.9708,1.0000,0.0000,Stutter,0
stutter,7331,8.2333,0.9408,1.0000,0.9694,1.0000,0.0000,Stutter,0
stutter,7332,8.2500,0.9757,1.0000,0.9697,1.0000,0.0000,Stutter,0
stutter,7333,8.2667,0.9944,1.0000,0.9708,1.0000,0.0000,Stutter,0
stutter,7334,8.2833,0.9439,1.0000,0.9696,1.0000,0.0000,Stutter,0
stutter,7335,8.3000,0.9674,1.0000,0.9695,1.0000,0.0000,Stutter,0
stutter,7336,8.3167,0.9983,1.0000,0.9708,1.0000,0.0000,Stutter,0
stutter,7337,8.3333,0.9491,1.0000,0.9698,1.0000,0.0000,Stutter,0
stutter,7338,8.3500,0.9592,1.0000,0.9693,1.0000,0.0000,Stutter,0
stutter,7339,8.3667,0.9999,1.0000,0.9707,1.0000,0.0000,Stutter,0
stutter,7340,8.3833,0.9559,1.0000,0.9701,1.0000,0.0000,Stutter,0
stutter,7341,8.4000,0.9518,1.0000,0.9692,1.0000,0.0000,Stutter,0
stutter,7342,8.4167,0.9993,1.0000,0.9706,1.0000,0.0000,Stutter,0
stutter,7343,8.4333,0.9638,1.0000,0.9703,1.0000,0.0000,Stutter,0
stutter,7344,8.4500,0.9459,1.0000,0.9692,1.0000,0.0000,Stutter,0
stutter,7345,8.4667,0.9963,1.0000,0.9704,1.0000,0.0000,Stutter,0
stutter,7346,8.4833,0.9722,1.0000,0.9705,1.0000,0.0000,Stutter,0
stutter,7347,8.5000,0.9419,1.0000,0.9692,1.0000,0.0000,Stutter,0
stutter,7348,8.5167,0.9912,1.0000,0.9702,1.0000,0.0000,Stutter,0
stutter,7349,8.5333,0.9805,1.0000,0.9707,1.0000,0.0000,Stutter,0
stutter,7350,8.5500,0.9401,1.0000,0.9692,1.0000,0.0000,Stutter,0
stutter,7351,8.5667,0.9845,1.0000,0.9700,1.0000,0.0000,Stutter,0
stutter,7352,8.5833,0.9879,1.0000,0.9708,1.0000,0.0000,Stutter,0
stutter,7353,8.6000,0.9407,1.0000,0.9694,1.0000,0.0000,Stutter,0
stutter,7354,8.6167,0.9766,1.0000,0.9697,1.0000,0.0000,Stutter,0
stutter,7355,8.6333,0.9939,1.0000,0.9708,1.0000,0.0000,Stutter,0
stutter,7356,8.6500,0.9435,1.0000,0.9696,1.0000,0.0000,Stutter,0
stutter,7357,8.6667,0.9682,1.0000,0.9695,1.0000,0.0000,Stutter,0
stutter,7358,8.6833,0.9980,1.0000,0.9708,1.0000,0.0000,Stutter,0
stutter,7359,8.7000,0.9485,1.0000,0.9698,1.0000,0.0000,Stutter,0
stutter,7360,8.7167,0.9599,1.0000,0.9693,1.0000,0.0000,Stutter,0
stutter,7361,8.7333,0.9999,1.0000,0.9708,1.0000,0.0000,Stutter,0
stutter,7362,8.7500,0.9552,1.0000,0.9700,1.0000,0.0000,Stutter,0
stutter,7363,8.7667,0.9525,1.0000,0.9692,1.0000,0.0000,Stutter,0
stutter,7364,8.7833,0.9994,1.0000,0.9706,1.0000,0.0000,Stutter,0
stutter,7365,8.8000,0.9631,1.0000,0.9703,1.0000,0.0000,Stutter,0
stutter,7366,8.8167,0.9464,1.0000,0.9692,1.0000,0.0000,Stutter,0
stutter,7367,8.8333,0.9967,1.0000,0.9704,1.0000,0.0000,Stutter,0
stutter,7368,8.8500,0.9714,1.0000,0.9705,1.0000,0.0000,Stutter,0
stutter,7369,8.8667,0.9422,1.0000,0.9692,1.0000,0.0000,Stutter,0
stutter,7370,8.8833,0.9918,1.0000,0.9702,1.0000,0.0000,Stutter,0
stutter,7371,8.9000,0.9797,1.0000,0.9707,1.0000,0.0000,Stutter,0
stutter,7372,8.9167,0.9401,1.0000,0.9692,1.0000,0.0000,Stutter,0
stutter,7373,8.9333,0.9851,1.0000,0.9700,1.0000,0.0000,Stutter,0
stutter,7374,8.9500,0.9872,1.0000,0.9708,1.0000,0.0000,Stutter,0
stutter,7375,8.9667,0.9405,1.0000,0.9694,1.0000,0.0000,Stutter,0
stutter,7376,8.9833,0.9774,1.0000,0.9697,1.0000,0.0000,Stutter,0
stutter,7377,9.0000,0.9934,1.0000,0.9708,1.0000,0.0000,Stutter,0
stutter,7378,9.0167,0.9432,1.0000,0.9696,1.0000,0.0000,Stutter,0
stutter,7379,9.0333,0.9690,1.0000,0.9695,1.0000,0.0000,Stutter,0
stutter,7380,9.0500,0.9977,1.0000,0.9708,1.0000,0.0000,Stutter,0
stutter,7381,9.0667,0.9480,1.0000,0.9698,1.0000,0.0000,Stutter,0
stutter,7382,9.0833,0.9607,1.0000,0.9693,1.0000,0.0000,Stutter,0
stutter,7383,9.1000,0.9998,1.0000,0.9708,1.0000,0.0000,Stutter,0
stutter,7384,9.1167,0.9545,1.0000,0.9700,1.0000,0.0000,Stutter,0
stutter,7385,9.1333,0.9531,1.0000,0.9692,1.0000,0.0000,Stutter,0
stutter,7386,9.1500,0.9996,1.0000,0.9706,1.0000,0.0000,Stutter,0
stutter,7387,9.1667,0.9622,1.0000,0.9702,1.0000,0.0000,Stutter,0
stutter,7388,9.1833,0.9469,1.0000,0.9692,1.0000,0.0000,Stutter,0
stutter,7389,9.2000,0.9970,1.0000,0.9705,1.0000,0.0000,Stutter,0
stutter,7390,9.2167,0.9706,1.0000,0.9705,1.0000,0.0000,Stutter,0
stutter,7391,9.2333,0.9425,1.0000,0.9692,1.0000,0.0000,Stutter,0
stutter,7392,9.2500,0.9923,1.0000,0.9702,1.0000,0.0000,Stutter,0
stutter,7393,9.2667,0.9790,1.0000,0.9706,1.0000,0.0000,Stutter,0
stutter,7394,9.2833,0.9402,1.0000,0.9692,1.0000,0.0000,Stutter,0
stutter,7395,9.3000,0.9859,1.0000,0.9700,1.0000,0.0000,Stutter,0
stutter,7396,9.3167,0.9866,1.0000,0.9708,1.0000,0.0000,Stutter,0
stutter,7397,9.3333,0.9404,1.0000,0.9694,1.0000,0.0000,Stutter,0
stutter,7398,9.3500,0.9782,1.0000,0.9698,1.0000,0.0000,Stutter,0
stutter,7399,9.3667,0.9928,1.0000,0.9708,1.0000,0.0000,Stutter,0
stutter,7400,9.3833,0.9428,1.0000,0.9695,1.0000,0.0000,Stutter,0
stutter,7401,9.4000,0.9698,1.0000,0.9695,1.0000,0.0000,Stutter,0
stutter,7402,9.4167,0.9974,1.0000,0.9708,1.0000,0.0000,Stutter,0
stutter,7403,9.4333,0.9474,1.0000,0.9698,1.0000,0.0000,Stutter,0
stutter,7404,9.4500,0.9614,1.0000,0.9694,1.0000,0.0000,Stutter,0
stutter,7405,9.4667,0.9997,1.0000,0.9708,1.0000,0.0000,Stutter,0
stutter,7406,9.4833,0.9538,1.0000,0.9700,1.0000,0.0000,Stutter,0
stutter,7407,9.5000,0.9538,1.0000,0.9692,1.0000,0.0000,Stutter,0
stutter,7408,9.5167,0.9997,1.0000,0.9707,1.0000,0.0000,Stutter,0
stutter,7409,9.5333,0.9615,1.0000,0.9702,1.0000,0.0000,Stutter,0
stutter,7410,9.5500,0.9474,1.0000,0.9692,1.0000,0.0000,Stutter,0
stutter,7411,9.5667,0.9974,1.0000,0.9705,1.0000,0.0000,Stutter,0
stutter,7412,9.5833,0.9698,1.0000,0.9704,1.0000,0.0000,Stutter,0
stutter,7413,9.6000,0.9428,1.0000,0.9692,1.0000,0.0000,Stutter,0
stutter,7414,9.6167,0.9928,1.0000,0.9703,1.0000,0.0000,Stutter,0
stutter,7415,9.6333,0.9781,1.0000,0.9706,1.0000,0.0000,Stutter,0
stutter,7416,9.6500,0.9404,1.0000,0.9692,1.0000,0.0000,Stutter,0
stutter,7417,9.6667,0.9865,1.0000,0.9700,1.0000,0.0000,Stutter,0
stutter,7418,9.6833,0.9859,1.0000,0.9708,1.0000,0.0000,Stutter,0
stutter,7419,9.7000,0.9402,1.0000,0.9693,1.0000,0.0000,Stutter,0
stutter,7420,9.7167,0.9789,1.0000,0.9698,1.0000,0.0000,Stutter,0
stutter,7421,9.7333,0.9923,1.0000,0.9708,1.0000,0.0000,Stutter,0
stutter,7422,9.7500,0.9425,1.0000,0.9695,1.0000,0.0000,Stutter,0
stutter,7423,9.7667,0.9706,1.0000,0.9696,1.0000,0.0000,Stutter,0
stutter,7424,9.7833,0.9970,1.0000,0.9708,1.0000,0.0000,Stutter,0
stutter,7425,9.8000,0.9469,1.0000,0.9697,1.0000,0.0000,Stutter,0
stutter,7426,9.8167,0.9622,1.0000,0.9694,1.0000,0.0000,Stutter,0
stutter,7427,9.8333,0.9996,1.0000,0.9708,1.0000,0.0000,Stutter,0
stutter,7428,9.8500,0.9531,1.0000,0.9700,1.0000,0.0000,Stutter,0
stutter,7429,9.8667,0.9544,1.0000,0.9692,1.0000,0.0000,Stutter,0
stutter,7430,9.8833,0.9998,1.0000,0.9707,1.0000,0.0000,Stutter,0
stutter,7431,9.9000,0.9606,1.0000,0.9702,1.0000,0.0000,Stutter,0
stutter,7432,9.9167,0.9479,1.0000,0.9692,1.0000,0.0000,Stutter,0
stutter,7433,9.9333,0.9977,1.0000,0.9705,1.0000,0.0000,Stutter,0
stutter,7434,9.9500,0.9690,1.0000,0.9704,1.0000,0.0000,Stutter,0
stutter,7435,9.9667,0.9432,1.0000,0.9692,1.0000,0.0000,Stutter,0
stutter,7436,9.9833,0.9934,1.0000,0.9703,1.0000,0.0000,Stutter,0
stutter,7437,10.0000,0.9774,1.0000,0.9706,1.0000,0.0000,Stutter,0
stutter,7438,10.0167,0.9405,1.0000,0.9692,1.0000,0.0000,Stutter,0
stutter,7439,10.0333,0.9872,1.0000,0.9700,1.0000,0.0000,Stutter,0
stutter,7440,10.0500,0.9852,1.0000,0.9707,1.0000,0.0000,Stutter,0
stutter,7441,10.0667,0.9402,1.0000,0.9693,1.0000,0.0000,Stutter,0
stutter,7442,10.0833,0.9797,1.0000,0.9698,1.0000,0.0000,Stutter,0
stutter,7443,10.1000,0.9918,1.0000,0.9708,1.0000,0.0000,Stutter,0
stutter,7444,10.1167,0.9422,1.0000,0.9695,1.0000,0.0000,Stutter,0
stutter,7445,10.1333,0.9714,1.0000,0.9696,1.0000,0.0000,Stutter,0
stutter,7446,10.1500,0.9967,1.0000,0.9708,1.0000,0.0000,Stutter,0
stutter,7447,10.1667,0.9464,1.0000,0.9697,1.0000,0.0000,Stutter,0
stutter,7448,10.1833,0.9630,1.0000,0.9694,1.0000,0.0000,Stutter,0
stutter,7449,10.2000,0.9994,1.0000,0.9708,1.0000,0.0000,Stutter,0
stutter,7450,10.2167,0.9525,1.0000,0.9699,1.0000,0.0000,Stutter,0
stutter,7451,10.2333,0.9552,1.0000,0.9693,1.0000,0.0000,Stutter,0
stutter,7452,10.2500,0.9999,1.0000,0.9707,1.0000,0.0000,Stutter,0
stutter,7453,10.2667,0.9600,1.0000,0.9702,1.0000,0.0000,Stutter,0
stutter,7454,10.2833,0.9485,1.0000,0.9692,1.0000,0.0000,Stutter,0
stutter,7455,10.3000,0.9980,1.0000,0.9705,1.0000,0.0000,Stutter,0
stutter,7456,10.3167,0.9682,1.0000,0.9704,1.0000,0.0000,Stutter,0
stutter,7457,10.3333,0.9435,1.0000,0.9692,1.0000,0.0000,Stutter,0
stutter,7458,10.3500,0.9939,1.0000,0.9703,1.0000,0.0000,Stutter,0
stutter,7459,10.3667,0.9765,1.0000,0.9706,1.0000,0.0000,Stutter,0
stutter,7460,10.3833,0.9406,1.0000,0.9692,1.0000,0.0000,Stutter,0
stutter,7461,10.4000,0.9878,1.0000,0.9701,1.0000,0.0000,Stutter,0
stutter,7462,10.4167,0.9845,1.0000,0.9707,1.0000,0.0000,Stutter,0
stutter,7463,10.4333,0.9401,1.0000,0.9693,1.0000,0.0000,Stutter,0
stutter,7464,10.4500,0.9804,1.0000,0.9698,1.0000,0.0000,Stutter,0
stutter,7465,10.4667,0.9912,1.0000,0.9708,1.0000,0.0000,Stutter,0
stutter,7466,10.4833,0.9419,1.0000,0.9695,1.0000,0.0000,Stutter,0
stutter,7467,10.5000,0.9722,1.0000,0.9696,1.0000,0.0000,Stutter,0
stutter,7468,10.5167,0.9963,1.0000,0.9708,1.0000,0.0000,Stutter,0
stutter,7469,10.5333,0.9459,1.0000,0.9697,1.0000,0.0000,Stutter,0
stutter,7470,10.5500,0.9638,1.0000,0.9694,1.0000,0.0000,Stutter,0
stutter,7471,10.5667,0.9993,1.0000,0.9708,1.0000,0.0000,Stutter,0
stutter,7472,10.5833,0.9518,1.0000,0.9699,1.0000,0.0000,Stutter,0
stutter,7473,10.6000,0.9559,1.0000,0.9693,1.0000,0.0000,Stutter,0
stutter,7474,10.6167,0.9999,1.0000,0.9707,1.0000,0.0000,Stutter,0
stutter,7475,10.6333,0.9591,1.0000,0.9702,1.0000,0.0000,Stutter,0
stutter,7476,10.6500,0.9491,1.0000,0.9692,1.0000,0.0000,Stutter,0
stutter,7477,10.6667,0.9983,1.0000,0.9705,1.0000,0.0000,Stutter,0
stutter,7478,10.6833,0.9674,1.0000,0.9704,1.0000,0.0000,Stutter,0
stutter,7479,10.7000,0.9439,1.0000,0.9692,1.0000,0.0000,Stutter,0
stutter,7480,10.7167,0.9944,1.0000,0.9703,1.0000,0.0000,Stutter,0
stutter,7481,10.7333,0.9758,1.0000,0.9706,1.0000,0.0000,Stutter,0
stutter,7482,10.7500,0.9408,1.0000,0.9692,1.0000,0.0000,Stutter,0
stutter,7483,10.7667,0.9885,1.0000,0.9701,1.0000,0.0000,Stutter,0
stutter,7484,10.7833,0.9837,1.0000,0.9707,1.0000,0.0000,Stutter,0
stutter,7485,10.8000,0.9400,1.0000,0.9693,1.0000,0.0000,Stutter,0
stutter,7486,10.8167,0.9812,1.0000,0.9699,1.0000,0.0000,Stutter,0
stutter,7487,10.8333,0.9906,1.0000,0.9708,1.0000,0.0000,Stutter,0
stutter,7488,10.8500,0.9416,1.0000,0.9695,1.0000,0.0000,Stutter,0
stutter,7489,10.8667,0.9730,1.0000,0.9696,1.0000,0.0000,Stutter,0
stutter,7490,10.8833,0.9959,1.0000,0.9708,1.0000,0.0000,Stutter,0
stutter,7491,10.9000,0.9454,1.0000,0.9697,1.0000,0.0000,Stutter,0
stutter,7492,10.9167,0.9646,1.0000,0.9694,1.0000,0.0000,Stutter,0
stutter,7493,10.9333,0.9991,1.0000,0.9708,1.0000,0.0000,Stutter,0
stutter,7494,10.9500,0.9512,1.0000,0.9699,1.0000,0.0000,Stutter,0
stutter,7495,10.9667,0.9567,1.0000,0.9693,1.0000,0.0000,Stutter,0
stutter,7496,10.9833,1.0000,1.0000,0.9707,1.0000,0.0000,Stutter,0
stutter,7497,11.0000,0.9584,1.0000,0.9701,1.0000,0.0000,Stutter,0
stutter,7498,11.0167,0.9497,1.0000,0.9692,1.0000,0.0000,Stutter,0
stutter,7499,11.0333,0.9985,1.0000,0.9705,1.0000,0.0000,Stutter,0
stutter,7500,11.0500,0.9666,1.0000,0.9704,1.0000,0.0000,Stutter,0
stutter,7501,11.0667,0.9443,1.0000,0.9692,1.0000,0.0000,Stutter,0
stutter,7502,11.0833,0.9948,1.0000,0.9703,1.0000,0.0000,Stutter,0
stutter,7503,11.1000,0.9750,1.0000,0.9706,1.0000,0.0000,Stutter,0
stutter,7504,11.1167,0.9410,1.0000,0.9692,1.0000,0.0000,Stutter,0
stutter,7505,11.1333,0.9891,1.0000,0.9701,1.0000,0.0000,Stutter,0
stutter,7506,11.1500,0.9830,1.0000,0.9707,1.0000,0.0000,Stutter,0
stutter,7507,11.1667,0.9400,1.0000,0.9693,1.0000,0.0000,Stutter,0
stutter,7508,11.1833,0.9820,1.0000,0.9699,1.0000,0.0000,Stutter,0
stutter,7509,11.2000,0.9900,1.0000,0.9708,1.0000,0.0000,Stutter,0
stutter,7510,11.2167,0.9414,1.0000,0.9694,1.0000,0.0000,Stutter,0
stutter,7511,11.2333,0.9739,1.0000,0.9697,1.0000,0.0000,Stutter,0
stutter,7512,11.2500,0.9954,1.0000,0.9709,1.0000,0.0000,Stutter,0
stutter,7513,11.2667,0.9450,1.0000,0.9696,1.0000,0.0000,Stutter,0
stutter,7514,11.2833,0.9654,1.0000,0.9694,1.0000,0.0000,Stutter,0
stutter,7515,11.3000,0.9989,1.0000,0.9708,1.0000,0.0000,Stutter,0
stutter,7516,11.3167,0.9505,1.0000,0.9699,1.0000,0.0000,Stutter,0
stutter,7517,11.3333,0.9573,1.0000,0.9693,1.0000,0.0000,Stutter,0
stutter,7518,11.3500,1.0000,1.0000,0.9707,1.0000,0.0000,Stutter,0
stutter,7519,11.3667,0.9576,1.0000,0.9701,1.0000,0.0000,Stutter,0
stutter,7520,11.3833,0.9503,1.0000,0.9692,1.0000,0.0000,Stutter,0
stutter,7521,11.4000,0.9988,1.0000,0.9706,1.0000,0.0000,Stutter,0
stutter,7522,11.4167,0.9658,1.0000,0.9703,1.0000,0.0000,Stutter,0
stutter,7523,11.4333,0.9448,1.0000,0.9691,1.0000,0.0000,Stutter,0
stutter,7524,11.4500,0.9953,1.0000,0.9704,1.0000,0.0000,Stutter,0
stutter,7525,11.4667,0.9742,1.0000,0.9705,1.0000,0.0000,Stutter,0
stutter,7526,11.4833,0.9413,1.0000,0.9692,1.0000,0.0000,Stutter,0
stutter,7527,11.5000,0.9898,1.0000,0.9701,1.0000,0.0000,Stutter,0
stutter,7528,11.5167,0.9823,1.0000,0.9707,1.0000,0.0000,Stutter,0
stutter,7529,11.5333,0.9400,1.0000,0.9693,1.0000,0.0000,Stutter,0
stutter,7530,11.5500,0.9827,1.0000,0.9699,1.0000,0.0000,Stutter,0
stutter,7531,11.5667,0.9894,1.0000,0.9708,1.0000,0.0000,Stutter,0
stutter,7532,11.5833,0.9411,1.0000,0.9694,1.0000,0.0000,Stutter,0
stutter,7533,11.6000,0.9746,1.0000,0.9697,1.0000,0.0000,Stutter,0
stutter,7534,11.6167,0.9950,1.0000,0.9708,1.0000,0.0000,Stutter,0
stutter,7535,11.6333,0.9445,1.0000,0.9696,1.0000,0.0000,Stutter,0
stutter,7536,11.6500,0.9662,1.0000,0.9695,1.0000,0.0000,Stutter,0
stutter,7537,11.6667,0.9986,1.0000,0.9708,1.0000,0.0000,Stutter,0
stutter,7538,11.6833,0.9499,1.0000,0.9698,1.0000,0.0000,Stutter,0
stutter,7539,11.7000,0.9581,1.0000,0.9693,1.0000,0.0000,Stutter,0
stutter,7540,11.7167,1.0000,1.0000,0.9707,1.0000,0.0000,Stutter,0
stutter,7541,11.7333,0.9569,1.0000,0.9701,1.0000,0.0000,Stutter,0
stutter,7542,11.7500,0.9509,1.0000,0.9692,1.0000,0.0000,Stutter,0
stutter,7543,11.7667,0.9990,1.0000,0.9706,1.0000,0.0000,Stutter,0
stutter,7544,11.7833,0.9649,1.0000,0.9703,1.0000,0.0000,Stutter,0
stutter,7545,11.8000,0.9452,1.0000,0.9692,1.0000,0.0000,Stutter,0
stutter,7546,11.8167,0.9957,1.0000,0.9704,1.0000,0.0000,Stutter,0
stutter,7547,11.8333,0.9733,1.0000,0.9705,1.0000,0.0000,Stutter,0
stutter,7548,11.8500,0.9415,1.0000,0.9692,1.0000,0.0000,Stutter,0
stutter,7549,11.8667,0.9904,1.0000,0.9702,1.0000,0.0000,Stutter,0
stutter,7550,11.8833,0.9815,1.0000,0.9707,1.0000,0.0000,Stutter,0
stutter,7551,11.9000,0.9400,1.0000,0.9693,1.0000,0.0000,Stutter,0
stutter,7552,11.9167,0.9835,1.0000,0.9699,1.0000,0.0000,Stutter,0
stutter,7553,11.9333,0.9888,1.0000,0.9708,1.0000,0.0000,Stutter,0
stutter,7554,11.9500,0.9409,1.0000,0.9694,1.0000,0.0000,Stutter,0
stutter,7555,11.9667,0.9755,1.0000,0.9697,1.0000,0.0000,Stutter,0
stutter,7556,11.9833,0.9945,1.0000,0.9708,1.0000,0.0000,Stutter,0
stutter,7557,12.0000,0.9441,1.0000,0.9696,1.0000,0.0000,Stutter,0
stutter_back,7558,0.0167,0.9999,1.0000,0.9710,1.0000,0.0000,Stutter,0
stutter_back,7559,0.0333,0.9766,1.0000,0.9713,1.0000,0.0000,Stutter,0
stutter_back,7560,0.0500,0.9619,1.0000,0.9708,1.0000,0.0000,Stutter,0
stutter_back,7561,0.0667,0.9928,1.0000,0.9719,1.0000,0.0000,Stutter,0
stutter_back,7562,0.0833,0.9915,1.0000,0.9728,1.0000,0.0000,Stutter,0
stutter_back,7563,0.1000,0.9612,1.0000,0.9722,1.0000,0.0000,Stutter,0
stutter_back,7564,0.1167,0.9783,1.0000,0.9725,1.0000,0.0000,Stutter,0
stutter_back,7565,0.1333,0.9997,1.0000,0.9738,1.0000,0.0000,Stutter,0
stutter_back,7566,0.1500,0.9714,1.0000,0.9737,1.0000,0.0000,Stutter,0
stutter_back,7567,0.1667,0.9648,1.0000,0.9733,1.0000,0.0000,Stutter,0
stutter_back,7568,0.1833,0.9965,1.0000,0.9743,1.0000,0.0000,Stutter,0
stutter_back,7569,0.2000,0.9867,1.0000,0.9749,1.0000,0.0000,Stutter,0
stutter_back,7570,0.2167,0.9601,1.0000,0.9742,1.0000,0.0000,Stutter,0
stutter_back,7571,0.2333,0.9837,1.0000,0.9747,1.0000,0.0000,Stutter,0
stutter_back,7572,0.2500,0.9980,1.0000,0.9757,1.0000,0.0000,Stutter,0
stutter_back,7573,0.2667,0.9670,1.0000,0.9753,1.0000,0.0000,Stutter,0
stutter_back,7574,0.2833,0.9688,1.0000,0.9750,1.0000,0.0000,Stutter,0
stutter_back,7575,0.3000,0.9989,1.0000,0.9761,1.0000,0.0000,Stutter,0
stutter_back,7576,0.3167,0.9814,1.0000,0.9764,1.0000,0.0000,Stutter,0
stutter_back,7577,0.3333,0.9604,1.0000,0.9756,1.0000,0.0000,Stutter,0
stutter_back,7578,0.3500,0.9888,1.0000,0.9763,1.0000,0.0000,Stutter,0
stutter_back,7579,0.3667,0.9951,1.0000,0.9771,1.0000,0.0000,Stutter,0
stutter_back,7580,0.3833,0.9634,1.0000,0.9765,1.0000,0.0000,Stutter,0
stutter_back,7581,0.4000,0.9736,1.0000,0.9764,1.0000,0.0000,Stutter,0
stutter_back,7582,0.4167,1.0000,1.0000,0.9775,1.0000,0.0000,Stutter,0
stutter_back,7583,0.4333,0.9760,1.0000,0.9774,1.0000,0.0000,Stutter,0
stutter_back,7584,0.4500,0.9621,1.0000,0.9767,1.0000,0.0000,Stutter,0
stutter_back,7585,0.4667,0.9933,1.0000,0.9774,1.0000,0.0000,Stutter,0
stutter_back,7586,0.4833,0.9910,1.0000,0.9781,1.0000,0.0000,Stutter,0
stutter_back,7587,0.5000,0.9610,1.0000,0.9773,1.0000,0.0000,Steady,0
stutter_back,7588,0.5167,0.9789,1.0000,0.9774,1.0000,0.0000,Steady,0
stutter_back,7589,0.5333,0.9996,1.0000,0.9784,1.0000,0.0000,Steady,0
stutter_back,7590,0.5500,0.9710,1.0000,0.9780,1.0000,0.0000,Steady,0
stutter_back,7591,0.5667,0.9651,1.0000,0.9774,1.0000,0.0000,Steady,0
stutter_back,7592,0.5833,0.9968,1.0000,0.9783,1.0000,0.0000,Steady,0
stutter_back,7593,0.6000,0.9862,1.0000,0.9787,1.0000,0.0000,Steady,0
stutter_back,7594,0.6167,0.9600,1.0000,0.9778,1.0000,0.0000,Steady,0
stutter_back,7595,0.6333,0.9842,1.0000,0.9781,1.0000,0.0000,Steady,0
stutter_back,7596,0.6500,0.9978,1.0000,0.9790,1.0000,0.0000,Steady,0
stutter_back,7597,0.6667,0.9665,1.0000,0.9785,1.0000,0.0000,Steady,0
stutter_back,7598,0.6833,0.9692,1.0000,0.9780,1.0000,0.0000,Steady,0
stutter_back,7599,0.7000,0.9991,1.0000,0.9790,1.0000,0.0000,Steady,0
stutter_back,7600,0.7167,0.9809,1.0000,0.9791,1.0000,0.0000,Steady,0
stutter_back,7601,0.7333,0.9605,1.0000,0.9782,1.0000,0.0000,Steady,0
stutter_back,7602,0.7500,0.9893,1.0000,0.9787,1.0000,0.0000,Steady,0
stutter_back,7603,0.7667,0.9947,1.0000,0.9795,1.0000,0.0000,Steady,0
stutter_back,7604,0.7833,0.9631,1.0000,0.9787,1.0000,0.0000,Steady,0
stutter_back,7605,0.8000,0.9741,1.0000,0.9785,1.0000,0.0000,Steady,0
stutter_back,7606,0.8167,1.0000,1.0000,0.9795,1.0000,0.0000,Steady,0
stutter_back,7607,0.8333,0.9755,1.0000,0.9793,1.0000,0.0000,Steady,0
stutter_back,7608,0.8500,0.9623,1.0000,0.9785,1.0000,0.0000,Steady,0
stutter_back,7609,0.8667,0.9936,1.0000,0.9792,1.0000,0.0000,Steady,0
stutter_back,7610,0.8833,0.9905,1.0000,0.9798,1.0000,0.0000,Steady,0
stutter_back,7611,0.9000,0.9608,1.0000,0.9789,1.0000,0.0000,Steady,0
stutter_back,7612,0.9167,0.9794,1.0000,0.9789,1.0000,0.0000,Steady,0
stutter_back,7613,0.9333,0.9995,1.0000,0.9799,1.0000,0.0000,Steady,0
stutter_back,7614,0.9500,0.9705,1.0000,0.9794,1.0000,0.0000,Steady,0
stutter_back,7615,0.9667,0.9655,1.0000,0.9788,1.0000,0.0000,Steady,0
stutter_back,7616,0.9833,0.9971,1.0000,0.9796,1.0000,0.0000,Steady,0
stutter_back,7617,1.0000,0.9857,1.0000,0.9799,1.0000,0.0000,Steady,0
stutter_back,7618,1.0167,0.9600,1.0000,0.9790,1.0000,0.0000,Steady,0
stutter_back,7619,1.0333,0.9848,1.0000,0.9793,1.0000,0.0000,Steady,0
stutter_back,7620,1.0500,0.9975,1.0000,0.9801,1.0000,0.0000,Steady,0
stutter_back,7621,1.0667,0.9661,1.0000,0.9795,1.0000,0.0000,Steady,0
stutter_back,7622,1.0833,0.9697,1.0000,0.9790,1.0000,0.0000,Steady,0
stutter_back,7623,1.1000,0.9992,1.0000,0.9799,1.0000,0.0000,Steady,0
stutter_back,7624,1.1167,0.9803,1.0000,0.9800,1.0000,0.0000,Steady,0
stutter_back,7625,1.1333,0.9606,1.0000,0.9791,1.0000,0.0000,Steady,0
stutter_back,7626,1.1500,0.9898,1.0000,0.9796,1.0000,0.0000,Steady,0
stutter_back,7627,1.1667,0.9943,1.0000,0.9802,1.0000,0.0000,Steady,0
stutter_back,7628,1.1833,0.9628,1.0000,0.9794,1.0000,0.0000,Steady,0
stutter_back,7629,1.2000,0.9746,1.0000,0.9792,1.0000,0.0000,Steady,0
stutter_back,7630,1.2167,1.0000,1.0000,0.9802,1.0000,0.0000,Steady,0
stutter_back,7631,1.2333,0.9750,1.0000,0.9799,1.0000,0.0000,Steady,0
stutter_back,7632,1.2500,0.9626,1.0000,0.9791,1.0000,0.0000,Steady,0
stutter_back,7633,1.2667,0.9940,1.0000,0.9798,1.0000,0.0000,Steady,0
stutter_back,7634,1.2833,0.9901,1.0000,0.9803,1.0000,0.0000,Steady,0
stutter_back,7635,1.3000,0.9607,1.0000,0.9794,1.0000,0.0000,Steady,0
stutter_back,7636,1.3167,0.9799,1.0000,0.9794,1.0000,0.0000,Steady,0
stutter_back,7637,1.3333,0.9993,1.0000,0.9803,1.0000,0.0000,Steady,0
stutter_back,7638,1.3500,0.9700,1.0000,0.9799,1.0000,0.0000,Steady,0
stutter_back,7639,1.3667,0.9659,1.0000,0.9792,1.0000,0.0000,Steady,0
stutter_back,7640,1.3833,0.9973,1.0000,0.9800,1.0000,0.0000,Steady,0
stutter_back,7641,1.4000,0.9851,1.0000,0.9803,1.0000,0.0000,Steady,0
stutter_back,7642,1.4167,0.9600,1.0000,0.9793,1.0000,0.0000,Steady,0
stutter_back,7643,1.4333,0.9853,1.0000,0.9796,1.0000,0.0000,Steady,0
stutter_back,7644,1.4500,0.9973,1.0000,0.9804,1.0000,0.0000,Steady,0
stutter_back,7645,1.4667,0.9658,1.0000,0.9798,1.0000,0.0000,Steady,0
stutter_back,7646,1.4833,0.9702,1.0000,0.9793,1.0000,0.0000,Steady,0
stutter_back,7647,1.5000,0.9994,1.0000,0.9802,1.0000,0.0000,Steady,0
stutter_back,7648,1.5167,0.9798,1.0000,0.9802,1.0000,0.0000,Steady,0
stutter_back,7649,1.5333,0.9607,1.0000,0.9793,1.0000,0.0000,Steady,0
stutter_back,7650,1.5500,0.9902,1.0000,0.9798,1.0000,0.0000,Steady,0
stutter_back,7651,1.5667,0.9939,1.0000,0.9805,1.0000,0.0000,Steady,0
stutter_back,7652,1.5833,0.9625,1.0000,0.9796,1.0000,0.0000,Steady,0
stutter_back,7653,1.6000,0.9751,1.0000,0.9794,1.0000,0.0000,Steady,0
stutter_back,7654,1.6167,1.0000,1.0000,0.9804,1.0000,0.0000,Steady,0
stutter_back,7655,1.6333,0.9745,1.0000,0.9801,1.0000,0.0000,Steady,0
stutter_back,7656,1.6500,0.9629,1.0000,0.9793,1.0000,0.0000,Steady,0
stutter_back,7657,1.6667,0.9944,1.0000,0.9800,1.0000,0.0000,Steady,0
stutter_back,7658,1.6833,0.9896,1.0000,0.9805,1.0000,0.0000,Steady,0
stutter_back,7659,1.7000,0.9606,1.0000,0.9795,1.0000,0.0000,Steady,0
stutter_back,7660,1.7167,0.9805,1.0000,0.9796,1.0000,0.0000,Steady,0
stutter_back,7661,1.7333,0.9992,1.0000,0.9805,1.0000,0.0000,Steady,0
stutter_back,7662,1.7500,0.9695,1.0000,0.9800,1.0000,0.0000,Steady,0
stutter_back,7663,1.7667,0.9663,1.0000,0.9793,1.0000,0.0000,Steady,0
stutter_back,7664,1.7833,0.9976,1.0000,0.9802,1.0000,0.0000,Steady,0
stutter_back,7665,1.8000,0.9846,1.0000,0.9804,1.0000,0.0000,Steady,0
stutter_back,7666,1.8167,0.9600,1.0000,0.9795,1.0000,0.0000,Steady,0
stutter_back,7667,1.8333,0.9858,1.0000,0.9797,1.0000,0.0000,Steady,0
stutter_back,7668,1.8500,0.9970,1.0000,0.9805,1.0000,0.0000,Steady,0
stutter_back,7669,1.8667,0.9654,1.0000,0.9798,1.0000,0.0000,Steady,0
stutter_back,7670,1.8833,0.9706,1.0000,0.9794,1.0000,0.0000,Steady,0
stutter_back,7671,1.9000,0.9995,1.0000,0.9804,1.0000,0.0000,Steady,0
stutter_back,7672,1.9167,0.9793,1.0000,0.9803,1.0000,0.0000,Steady,0
stutter_back,7673,1.9333,0.9609,1.0000,0.9794,1.0000,0.0000,Steady,0
stutter_back,7674,1.9500,0.9907,1.0000,0.9799,1.0000,0.0000,Steady,0
stutter_back,7675,1.9667,0.9935,1.0000,0.9806,1.0000,0.0000,Steady,0
stutter_back,7676,1.9833,0.9623,1.0000,0.9797,1.0000,0.0000,Steady,0
stutter_back,7677,2.0000,0.9756,1.0000,0.9795,1.0000,0.0000,Steady,0
stutter_back,7678,2.0167,1.0000,1.0000,0.9805,1.0000,0.0000,Steady,0
stutter_back,7679,2.0333,0.9739,1.0000,0.9802,1.0000,0.0000,Steady,0
stutter_back,7680,2.0500,0.9632,1.0000,0.9794,1.0000,0.0000,Steady,0
stutter_back,7681,2.0667,0.9948,1.0000,0.9801,1.0000,0.0000,Steady,0
stutter_back,7682,2.0833,0.9891,1.0000,0.9805,1.0000,0.0000,Steady,0
stutter_back,7683,2.1000,0.9604,1.0000,0.9796,1.0000,0.0000,Steady,0
stutter_back,7684,2.1167,0.9810,1.0000,0.9796,1.0000,0.0000,Steady,0
stutter_back,7685,2.1333,0.9990,1.0000,0.9805,1.0000,0.0000,Steady,0
stutter_back,7686,2.1500,0.9691,1.0000,0.9800,1.0000,0.0000,Steady,0
stutter_back,7687,2.1667,0.9667,1.0000,0.9794,1.0000,0.0000,Steady,0
stutter_back,7688,2.1833,0.9978,1.0000,0.9803,1.0000,0.0000,Steady,0
stutter_back,7689,2.2000,0.9841,1.0000,0.9804,1.0000,0.0000,Steady,0
stutter_back,7690,2.2167,0.9600,1.0000,0.9795,1.0000,0.0000,Steady,0
stutter_back,7691,2.2333,0.9863,1.0000,0.9798,1.0000,0.0000,Steady,0
stutter_back,7692,2.2500,0.9967,1.0000,0.9806,1.0000,0.0000,Steady,0
stutter_back,7693,2.2667,0.9650,1.0000,0.9799,1.0000,0.0000,Steady,0
stutter_back,7694,2.2833,0.9711,1.0000,0.9795,1.0000,0.0000,Steady,0
stutter_back,7695,2.3000,0.9996,1.0000,0.9804,1.0000,0.0000,Steady,0
stutter_back,7696,2.3167,0.9787,1.0000,0.9803,1.0000,0.0000,Steady,0
stutter_back,7697,2.3333,0.9611,1.0000,0.9794,1.0000,0.0000,Steady,0
stutter_back,7698,2.3500,0.9911,1.0000,0.9800,1.0000,0.0000,Steady,0
stutter_back,7699,2.3667,0.9931,1.0000,0.9806,1.0000,0.0000,Steady,0
stutter_back,7700,2.3833,0.9620,1.0000,0.9797,1.0000,0.0000,Steady,0
stutter_back,7701,2.4000,0.9762,1.0000,0.9795,1.0000,0.0000,Steady,0
stutter_back,7702,2.4167,0.9999,1.0000,0.9805,1.0000,0.0000,Steady,0
stutter_back,7703,2.4333,0.9734,1.0000,0.9802,1.0000,0.0000,Steady,0
stutter_back,7704,2.4500,0.9635,1.0000,0.9794,1.0000,0.0000,Steady,0
stutter_back,7705,2.4667,0.9952,1.0000,0.9801,1.0000,0.0000,Steady,0
stutter_back,7706,2.4833,0.9886,1.0000,0.9805,1.0000,0.0000,Steady,0
stutter_back,7707,2.5000,0.9603,1.0000,0.9796,1.0000,0.0000,Steady,0
stutter_back,7708,2.5167,0.9816,1.0000,0.9797,1.0000,0.0000,Steady,0
stutter_back,7709,2.5333,0.9989,1.0000,0.9806,1.0000,0.0000,Steady,0
stutter_back,7710,2.5500,0.9686,1.0000,0.9800,1.0000,0.0000,Steady,0
stutter_back,7711,2.5667,0.9671,1.0000,0.9794,1.0000,0.0000,Steady,0
stutter_back,7712,2.5833,0.9981,1.0000,0.9803,1.0000,0.0000,Steady,0
stutter_back,7713,2.6000,0.9835,1.0000,0.9804,1.0000,0.0000,Steady,0
stutter_back,7714,2.6167,0.9601,1.0000,0.9795,1.0000,0.0000,Steady,0
stutter_back,7715,2.6333,0.9868,1.0000,0.9798,1.0000,0.0000,Steady,0
stutter_back,7716,2.6500,0.9964,1.0000,0.9806,1.0000,0.0000,Steady,0
stutter_back,7717,2.6667,0.9647,1.0000,0.9799,1.0000,0.0000,Steady,0
stutter_back,7718,2.6833,0.9716,1.0000,0.9795,1.0000,0.0000,Steady,0
stutter_back,7719,2.7000,0.9997,1.0000,0.9804,1.0000,0.0000,Steady,0
stutter_back,7720,2.7167,0.9782,1.0000,0.9803,1.0000,0.0000,Steady,0
stutter_back,7721,2.7333,0.9612,1.0000,0.9794,1.0000,0.0000,Steady,0
stutter_back,7722,2.7500,0.9916,1.0000,0.9800,1.0000,0.0000,Steady,0
stutter_back,7723,2.7667,0.9927,1.0000,0.9806,1.0000,0.0000,Steady,0
stutter_back,7724,2.7833,0.9618,1.0000,0.9797,1.0000,0.0000,Steady,0
stutter_back,7725,2.8000,0.9767,1.0000,0.9796,1.0000,0.0000,Steady,0
stutter_back,7726,2.8167,0.9999,1.0000,0.9805,1.0000,0.0000,Steady,0
stutter_back,7727,2.8333,0.9729,1.0000,0.9802,1.0000,0.0000,Steady,0
stutter_back,7728,2.8500,0.9638,1.0000,0.9794,1.0000,0.0000,Steady,0
stutter_back,7729,2.8667,0.9955,1.0000,0.9801,1.0000,0.0000,Steady,0
stutter_back,7730,2.8833,0.9881,1.0000,0.9805,1.0000,0.0000,Steady,0
stutter_back,7731,2.9000,0.9602,1.0000,0.9796,1.0000,0.0000,Steady,0
stutter_back,7732,2.9167,0.9821,1.0000,0.9797,1.0000,0.0000,Steady,0
stutter_back,7733,2.9333,0.9987,1.0000,0.9806,1.0000,0.0000,Steady,0
stutter_back,7734,2.9500,0.9682,1.0000,0.9800,1.0000,0.0000,Steady,0
stutter_back,7735,2.9667,0.9675,1.0000,0.9794,1.0000,0.0000,Steady,0
stutter_back,7736,2.9833,0.9983,1.0000,0.9803,1.0000,0.0000,Steady,0
stutter_back,7737,3.0000,0.9830,1.0000,0.9804,1.0000,0.0000,Steady,0
stutter_back,7738,3.0167,0.9601,1.0000,0.9795,1.0000,0.0000,Steady,0
stutter_back,7739,3.0333,0.9873,1.0000,0.9798,1.0000,0.0000,Steady,0
stutter_back,7740,3.0500,0.9961,1.0000,0.9806,1.0000,0.0000,Steady,0
stutter_back,7741,3.0667,0.9643,1.0000,0.9798,1.0000,0.0000,Steady,0
stutter_back,7742,3.0833,0.9721,1.0000,0.9795,1.0000,0.0000,Steady,0
stutter_back,7743,3.1000,0.9998,1.0000,0.9804,1.0000,0.0000,Steady,0
stutter_back,7744,3.1167,0.9776,1.0000,0.9803,1.0000,0.0000,Steady,0
stutter_back,7745,3.1333,0.9614,1.0000,0.9794,1.0000,0.0000,Steady,0
stutter_back,7746,3.1500,0.9920,1.0000,0.9800,1.0000,0.0000,Steady,0
stutter_back,7747,3.1667,0.9923,1.0000,0.9806,1.0000,0.0000,Steady,0
stutter_back,7748,3.1833,0.9616,1.0000,0.9797,1.0000,0.0000,Steady,0
stutter_back,7749,3.2000,0.9773,1.0000,0.9796,1.0000,0.0000,Steady,0
stutter_back,7750,3.2167,0.9998,1.0000,0.9805,1.0000,0.0000,Steady,0
stutter_back,7751,3.2333,0.9725,1.0000,0.9801,1.0000,0.0000,Steady,0
stutter_back,7752,3.2500,0.9641,1.0000,0.9794,1.0000,0.0000,Steady,0
stutter_back,7753,3.2667,0.9958,1.0000,0.9802,1.0000,0.0000,Steady,0
stutter_back,7754,3.2833,0.9878,1.0000,0.9805,1.0000,0.0000,Steady,0
stutter_back,7755,3.3000,0.9602,1.0000,0.9796,1.0000,0.0000,Steady,0
stutter_back,7756,3.3167,0.9825,1.0000,0.9797,1.0000,0.0000,Steady,0
stutter_back,7757,3.3333,0.9985,1.0000,0.9806,1.0000,0.0000,Steady,0
stutter_back,7758,3.3500,0.9679,1.0000,0.9800,1.0000,0.0000,Steady,0
stutter_back,7759,3.3667,0.9678,1.0000,0.9794,1.0000,0.0000,Steady,0
stutter_back,7760,3.3833,0.9985,1.0000,0.9803,1.0000,0.0000,Steady,0
stutter_back,7761,3.4000,0.9827,1.0000,0.9804,1.0000,0.0000,Steady,0
stutter_back,7762,3.4167,0.9602,1.0000,0.9795,1.0000,0.0000,Steady,0
stutter_back,7763,3.4333,0.9876,1.0000,0.9799,1.0000,0.0000,Steady,0
stutter_back,7764,3.4500,0.9959,1.0000,0.9806,1.0000,0.0000,Steady,0
stutter_back,7765,3.4667,0.9642,1.0000,0.9798,1.0000,0.0000,Steady,0
stutter_back,7766,3.4833,0.9723,1.0000,0.9795,1.0000,0.0000,Steady,0
stutter_back,7767,3.5000,0.9998,1.0000,0.9804,1.0000,0.0000,Steady,0
stutter_back,7768,3.5167,0.9774,1.0000,0.9803,1.0000,0.0000,Steady,0
stutter_back,7769,3.5333,0.9615,1.0000,0.9794,1.0000,0.0000,Steady,0
stutter_back,7770,3.5500,0.9922,1.0000,0.9800,1.0000,0.0000,Steady,0
stutter_back,7771,3.5667,0.9922,1.0000,0.9806,1.0000,0.0000,Steady,0
stutter_back,7772,3.5833,0.9615,1.0000,0.9797,1.0000,0.0000,Steady,0
stutter_back,7773,3.6000,0.9774,1.0000,0.9796,1.0000,0.0000,Steady,0
stutter_back,7774,3.6167,0.9998,1.0000,0.9805,1.0000,0.0000,Steady,0
stutter_back,7775,3.6333,0.9723,1.0000,0.9801,1.0000,0.0000,Steady,0
stutter_back,7776,3.6500,0.9642,1.0000,0.9794,1.0000,0.0000,Steady,0
stutter_back,7777,3.6667,0.9959,1.0000,0.9802,1.0000,0.0000,Steady,0
stutter_back,7778,3.6833,0.9876,1.0000,0.9805,1.0000,0.0000,Steady,0
stutter_back,7779,3.7000,0.9602,1.0000,0.9796,1.0000,0.0000,Steady,0
stutter_back,7780,3.7167,0.9826,1.0000,0.9797,1.0000,0.0000,Steady,0
stutter_back,7781,3.7333,0.9985,1.0000,0.9806,1.0000,0.0000,Steady,0
stutter_back,7782,3.7500,0.9678,1.0000,0.9800,1.0000,0.0000,Steady,0
stutter_back,7783,3.7667,0.9679,1.0000,0.9794,1.0000,0.0000,Steady,0
stutter_back,7784,3.7833,0.9985,1.0000,0.9803,1.0000,0.0000,Steady,0
stutter_back,7785,3.8000,0.9825,1.0000,0.9804,1.0000,0.0000,Steady,0
stutter_back,7786,3.8167,0.9602,1.0000,0.9795,1.0000,0.0000,Steady,0
stutter_back,7787,3.8333,0.9877,1.0000,0.9799,1.0000,0.0000,Steady,0
stutter_back,7788,3.8500,0.9958,1.0000,0.9806,1.0000,0.0000,Steady,0
stutter_back,7789,3.8667,0.9641,1.0000,0.9798,1.0000,0.0000,Steady,0
stutter_back,7790,3.8833,0.9724,1.0000,0.9795,1.0000,0.0000,Steady,0
stutter_back,7791,3.9000,0.9998,1.0000,0.9804,1.0000,0.0000,Steady,0
stutter_back,7792,3.9167,0.9773,1.0000,0.9803,1.0000,0.0000,Steady,0
stutter_back,7793,3.9333,0.9616,1.0000,0.9794,1.0000,0.0000,Steady,0
stutter_back,7794,3.9500,0.9923,1.0000,0.9800,1.0000,0.0000,Steady,0
stutter_back,7795,3.9667,0.9921,1.0000,0.9806,1.0000,0.0000,Steady,0
stutter_back,7796,3.9833,0.9615,1.0000,0.9797,1.0000,0.0000,Steady,0
stutter_back,7797,4.0000,0.9775,1.0000,0.9796,1.0000,0.0000,Steady,0
stutter_back,7798,4.0167,0.9998,1.0000,0.9805,1.0000,0.0000,Steady,0
stutter_back,7799,4.0333,0.9722,1.0000,0.9801,1.0000,0.0000,Steady,0
stutter_back,7800,4.0500,0.9642,1.0000,0.9794,1.0000,0.0000,Steady,0
stutter_back,7801,4.0667,0.9960,1.0000,0.9802,1.0000,0.0000,Steady,0
stutter_back,7802,4.0833,0.9875,1.0000,0.9805,1.0000,0.0000,Steady,0
stutter_back,7803,4.1000,0.9602,1.0000,0.9796,1.0000,0.0000,Steady,0
stutter_back,7804,4.1167,0.9828,1.0000,0.9797,1.0000,0.0000,Steady,0
stutter_back,7805,4.1333,0.9984,1.0000,0.9806,1.0000,0.0000,Steady,0
stutter_back,7806,4.1500,0.9677,1.0000,0.9800,1.0000,0.0000,Steady,0
stutter_back,7807,4.1667,0.9680,1.0000,0.9794,1.0000,0.0000,Steady,0
stutter_back,7808,4.1833,0.9986,1.0000,0.9803,1.0000,0.0000,Steady,0
stutter_back,7809,4.2000,0.9824,1.0000,0.9804,1.0000,0.0000,Steady,0
stutter_back,7810,4.2167,0.9602,1.0000,0.9795,1.0000,0.0000,Steady,0
stutter_back,7811,4.2333,0.9879,1.0000,0.9799,1.0000,0.0000,Steady,0
stutter_back,7812,4.2500,0.9957,1.0000,0.9806,1.0000,0.0000,Steady,0
stutter_back,7813,4.2667,0.9640,1.0000,0.9798,1.0000,0.0000,Steady,0
stutter_back,7814,4.2833,0.9726,1.0000,0.9795,1.0000,0.0000,Steady,0
stutter_back,7815,4.3000,0.9999,1.0000,0.9804,1.0000,0.0000,Steady,0
stutter_back,7816,4.3167,0.9771,1.0000,0.9803,1.0000,0.0000,Steady,0
stutter_back,7817,4.3333,0.9616,1.0000,0.9794,1.0000,0.0000,Steady,0
stutter_back,7818,4.3500,0.9924,1.0000,0.9800,1.0000,0.0000,Steady,0
stutter_back,7819,4.3667,0.9920,1.0000,0.9806,1.0000,0.0000,Steady,0
stutter_back,7820,4.3833,0.9614,1.0000,0.9797,1.0000,0.0000,Steady,0
stutter_back,7821,4.4000,0.9777,1.0000,0.9796,1.0000,0.0000,Steady,0
stutter_back,7822,4.4167,0.9998,1.0000,0.9805,1.0000,0.0000,Steady,0
stutter_back,7823,4.4333,0.9721,1.0000,0.9801,1.0000,0.0000,Steady,0
stutter_back,7824,4.4500,0.9643,1.0000,0.9794,1.0000,0.0000,Steady,0
stutter_back,7825,4.4667,0.9960,1.0000,0.9802,1.0000,0.0000,Steady,0
stutter_back,7826,4.4833,0.9874,1.0000,0.9805,1.0000,0.0000,Steady,0
stutter_back,7827,4.5000,0.9601,1.0000,0.9796,1.0000,0.0000,Steady,0
stutter_back,7828,4.5167,0.9829,1.0000,0.9797,1.0000,0.0000,Steady,0
stutter_back,7829,4.5333,0.9983,1.0000,0.9806,1.0000,0.0000,Steady,0
stutter_back,7830,4.5500,0.9676,1.0000,0.9800,1.0000,0.0000,Steady,0
stutter_back,7831,4.5667,0.9681,1.0000,0.9794,1.0000,0.0000,Steady,0
stutter_back,7832,4.5833,0.9986,1.0000,0.9803,1.0000,0.0000,Steady,0
stutter_back,7833,4.6000,0.9822,1.0000,0.9804,1.0000,0.0000,Steady,0
stutter_back,7834,4.6167,0.9602,1.0000,0.9795,1.0000,0.0000,Steady,0
stutter_back,7835,4.6333,0.9880,1.0000,0.9799,1.0000,0.0000,Steady,0
stutter_back,7836,4.6500,0.9956,1.0000,0.9806,1.0000,0.0000,Steady,0
stutter_back,7837,4.6667,0.9639,1.0000,0.9798,1.0000,0.0000,Steady,0
stutter_back,7838,4.6833,0.9727,1.0000,0.9795,1.0000,0.0000,Steady,0
stutter_back,7839,4.7000,0.9999,1.0000,0.9804,1.0000,0.0000,Steady,0
stutter_back,7840,4.7167,0.9770,1.0000,0.9803,1.0000,0.0000,Steady,0
stutter_back,7841,4.7333,0.9617,1.0000,0.9794,1.0000,0.0000,Steady,0
stutter_back,7842,4.7500,0.9925,1.0000,0.9800,1.0000,0.0000,Steady,0
stutter_back,7843,4.7667,0.9918,1.0000,0.9806,1.0000,0.0000,Steady,0
stutter_back,7844,4.7833,0.9614,1.0000,0.9797,1.0000,0.0000,Steady,0
stutter_back,7845,4.8000,0.9778,1.0000,0.9796,1.0000,0.0000,Steady,0
stutter_back,7846,4.8167,0.9998,1.0000,0.9805,1.0000,0.0000,Steady,0
stutter_back,7847,4.8333,0.9719,1.0000,0.9801,1.0000,0.0000,Steady,0
stutter_back,7848,4.8500,0.9644,1.0000,0.9794,1.0000,0.0000,Steady,0
stutter_back,7849,4.8667,0.9961,1.0000,0.9802,1.0000,0.0000,Steady,0
stutter_back,7850,4.8833,0.9872,1.0000,0.9805,1.0000,0.0000,Steady,0
stutter_back,7851,4.9000,0.9601,1.0000,0.9796,1.0000,0.0000,Steady,0
stutter_back,7852,4.9167,0.9831,1.0000,0.9797,1.0000,0.0000,Steady,0
stutter_back,7853,4.9333,0.9983,1.0000,0.9806,1.0000,0.0000,Steady,0
stutter_back,7854,4.9500,0.9674,1.0000,0.9800,1.0000,0.0000,Steady,0
stutter_back,7855,4.9667,0.9682,1.0000,0.9794,1.0000,0.0000,Steady,0
stutter_back,7856,4.9833,0.9987,1.0000,0.9803,1.0000,0.0000,Steady,0
stutter_back,7857,5.0000,0.9821,1.0000,0.9804,1.0000,0.0000,Steady,0
stutter_back,7858,5.0167,0.9602,1.0000,0.9795,1.0000,0.0000,Steady,0
stutter_back,7859,5.0333,0.9881,1.0000,0.9799,1.0000,0.0000,Steady,0
stutter_back,7860,5.0500,0.9956,1.0000,0.9806,1.0000,0.0000,Steady,0
stutter_back,7861,5.0667,0.9638,1.0000,0.9798,1.0000,0.0000,Steady,0
stutter_back,7862,5.0833,0.9728,1.0000,0.9795,1.0000,0.0000,Steady,0
stutter_back,7863,5.1000,0.9999,1.0000,0.9804,1.0000,0.0000,Steady,0
stutter_back,7864,5.1167,0.9769,1.0000,0.9803,1.0000,0.0000,Steady,0
stutter_back,7865,5.1333,0.9617,1.0000,0.9794,1.0000,0.0000,Steady,0
stutter_back,7866,5.1500,0.9926,1.0000,0.9800,1.0000,0.0000,Steady,0
stutter_back,7867,5.1667,0.9918,1.0000,0.9806,1.0000,0.0000,Steady,0
stutter_back,7868,5.1833,0.9613,1.0000,0.9797,1.0000,0.0000,Steady,0
stutter_back,7869,5.2000,0.9779,1.0000,0.9796,1.0000,0.0000,Steady,0
stutter_back,7870,5.2167,0.9997,1.0000,0.9805,1.0000,0.0000,Steady,0
stutter_back,7871,5.2333,0.9718,1.0000,0.9801,1.0000,0.0000,Steady,0
stutter_back,7872,5.2500,0.9645,1.0000,0.9794,1.0000,0.0000,Steady,0
stutter_back,7873,5.2667,0.9962,1.0000,0.9802,1.0000,0.0000,Steady,0
stutter_back,7874,5.2833,0.9871,1.0000,0.9805,1.0000,0.0000,Steady,0
stutter_back,7875,5.3000,0.9601,1.0000,0.9796,1.0000,0.0000,Steady,0
stutter_back,7876,5.3167,0.9832,1.0000,0.9797,1.0000,0.0000,Steady,0
stutter_back,7877,5.3333,0.9982,1.0000,0.9806,1.0000,0.0000,Steady,0
stutter_back,7878,5.3500,0.9674,1.0000,0.9800,1.0000,0.0000,Steady,0
stutter_back,7879,5.3667,0.9683,1.0000,0.9794,1.0000,0.0000,Steady,0
stutter_back,7880,5.3833,0.9987,1.0000,0.9803,1.0000,0.0000,Steady,0
stutter_back,7881,5.4000,0.9820,1.0000,0.9804,1.0000,0.0000,Steady,0
stutter_back,7882,5.4167,0.9603,1.0000,0.9795,1.0000,0.0000,Steady,0
stutter_back,7883,5.4333,0.9882,1.0000,0.9799,1.0000,0.0000,Steady,0
stutter_back,7884,5.4500,0.9955,1.0000,0.9806,1.0000,0.0000,Steady,0
stutter_back,7885,5.4667,0.9638,1.0000,0.9798,1.0000,0.0000,Steady,0
stutter_back,7886,5.4833,0.9730,1.0000,0.9795,1.0000,0.0000,Steady,0
stutter_back,7887,5.5000,0.9999,1.0000,0.9804,1.0000,0.0000,Steady,0
stutter_back,7888,5.5167,0.9767,1.0000,0.9803,1.0000,0.0000,Steady,0
stutter_back,7889,5.5333,0.9618,1.0000,0.9794,1.0000,0.0000,Steady,0
stutter_back,7890,5.5500,0.9927,1.0000,0.9800,1.0000,0.0000,Steady,0
stutter_back,7891,5.5667,0.9916,1.0000,0.9806,1.0000,0.0000,Steady,0
stutter_back,7892,5.5833,0.9613,1.0000,0.9797,1.0000,0.0000,Steady,0
stutter_back,7893,5.6000,0.9781,1.0000,0.9796,1.0000,0.0000,Steady,0
stutter_back,7894,5.6167,0.9997,1.0000,0.9805,1.0000,0.0000,Steady,0
stutter_back,7895,5.6333,0.9717,1.0000,0.9801,1.0000,0.0000,Steady,0
stutter_back,7896,5.6500,0.9646,1.0000,0.9794,1.0000,0.0000,Steady,0
stutter_back,7897,5.6667,0.9963,1.0000,0.9802,1.0000,0.0000,Steady,0
stutter_back,7898,5.6833,0.9870,1.0000,0.9805,1.0000,0.0000,Steady,0
stutter_back,7899,5.7000,0.9601,1.0000,0.9796,1.0000,0.0000,Steady,0
stutter_back,7900,5.7167,0.9833,1.0000,0.9797,1.0000,0.0000,Steady,0
stutter_back,7901,5.7333,0.9982,1.0000,0.9806,1.0000,0.0000,Steady,0
stutter_back,7902,5.7500,0.9672,1.0000,0.9800,1.0000,0.0000,Steady,0
stutter_back,7903,5.7667,0.9684,1.0000,0.9794,1.0000,0.0000,Steady,0
stutter_back,7904,5.7833,0.9988,1.0000,0.9803,1.0000,0.0000,Steady,0
stutter_back,7905,5.8000,0.9818,1.0000,0.9804,1.0000,0.0000,Steady,0
stutter_back,7906,5.8167,0.9603,1.0000,0.9795,1.0000,0.0000,Steady,0
stutter_back,7907,5.8333,0.9884,1.0000,0.9799,1.0000,0.0000,Steady,0
stutter_back,7908,5.8500,0.9954,1.0000,0.9806,1.0000,0.0000,Steady,0
stutter_back,7909,5.8667,0.9637,1.0000,0.9798,1.0000,0.0000,Steady,0
stutter_back,7910,5.8833,0.9731,1.0000,0.9795,1.0000,0.0000,Steady,0
stutter_back,7911,5.9000,0.9999,1.0000,0.9804,1.0000,0.0000,Steady,0
stutter_back,7912,5.9167,0.9766,1.0000,0.9803,1.0000,0.0000,Steady,0
stutter_back,7913,5.9333,0.9619,1.0000,0.9794,1.0000,0.0000,Steady,0
stutter_back,7914,5.9500,0.9928,1.0000,0.9800,1.0000,0.0000,Steady,0
stutter_back,7915,5.9667,0.9915,1.0000,0.9806,1.0000,0.0000,Steady,0
stutter_back,7916,5.9833,0.9612,1.0000,0.9797,1.0000,0.0000,Steady,0
stutter_back,7917,6.0000,0.9782,1.0000,0.9796,1.0000,0.0000,Steady,0
stutter_back,7918,6.0167,0.9997,1.0000,0.9805,1.0000,0.0000,Steady,0
stutter_back,7919,6.0333,0.9716,1.0000,0.9801,1.0000,0.0000,Steady,0
stutter_back,7920,6.0500,0.9647,1.0000,0.9794,1.0000,0.0000,Steady,0
stutter_back,7921,6.0667,0.9964,1.0000,0.9802,1.0000,0.0000,Steady,0
stutter_back,7922,6.0833,0.9869,1.0000,0.9805,1.0000,0.0000,Steady,0
stutter_back,7923,6.1000,0.9601,1.0000,0.9796,1.0000,0.0000,Steady,0
stutter_back,7924,6.1167,0.9835,1.0000,0.9797,1.0000,0.0000,Steady,0
stutter_back,7925,6.1333,0.9981,1.0000,0.9806,1.0000,0.0000,Steady,0
stutter_back,7926,6.1500,0.9671,1.0000,0.9800,1.0000,0.0000,Steady,0
stutter_back,7927,6.1667,0.9686,1.0000,0.9794,1.0000,0.0000,Steady,0
stutter_back,7928,6.1833,0.9988,1.0000,0.9803,1.0000,0.0000,Steady,0
stutter_back,7929,6.2000,0.9817,1.0000,0.9804,1.0000,0.0000,Steady,0
stutter_back,7930,6.2167,0.9603,1.0000,0.9795,1.0000,0.0000,Steady,0
stutter_back,7931,6.2333,0.9885,1.0000,0.9799,1.0000,0.0000,Steady,0
stutter_back,7932,6.2500,0.9953,1.0000,0.9806,1.0000,0.0000,Steady,0
stutter_back,7933,6.2667,0.9636,1.0000,0.9798,1.0000,0.0000,Steady,0
stutter_back,7934,6.2833,0.9732,1.0000,0.9795,1.0000,0.0000,Steady,0
stutter_back,7935,6.3000,0.9999,1.0000,0.9805,1.0000,0.0000,Steady,0
stutter_back,7936,6.3167,0.9764,1.0000,0.9803,1.0000,0.0000,Steady,0
stutter_back,7937,6.3333,0.9619,1.0000,0.9794,1.0000,0.0000,Steady,0
stutter_back,7938,6.3500,0.9929,1.0000,0.9800,1.0000,0.0000,Steady,0
stutter_back,7939,6.3667,0.9914,1.0000,0.9806,1.0000,0.0000,Steady,0
stutter_back,7940,6.3833,0.9612,1.0000,0.9797,1.0000,0.0000,Steady,0
stutter_back,7941,6.4000,0.9784,1.0000,0.9796,1.0000,0.0000,Steady,0
stutter_back,7942,6.4167,0.9997,1.0000,0.9805,1.0000,0.0000,Steady,0
stutter_back,7943,6.4333,0.9714,1.0000,0.9801,1.0000,0.0000,Steady,0
stutter_back,7944,6.4500,0.9648,1.0000,0.9794,1.0000,0.0000,Steady,0
stutter_back,7945,6.4667,0.9965,1.0000,0.9802,1.0000,0.0000,Steady,0
stutter_back,7946,6.4833,0.9867,1.0000,0.9805,1.0000,0.0000,Steady,0
stutter_back,7947,6.5000,0.9601,1.0000,0.9795,1.0000,0.0000,Steady,0
stutter_back,7948,6.5167,0.9836,1.0000,0.9797,1.0000,0.0000,Steady,0
stutter_back,7949,6.5333,0.9981,1.0000,0.9806,1.0000,0.0000,Steady,0
stutter_back,7950,6.5500,0.9670,1.0000,0.9800,1.0000,0.0000,Steady,0
stutter_back,7951,6.5667,0.9687,1.0000,0.9794,1.0000,0.0000,Steady,0
stutter_back,7952,6.5833,0.9989,1.0000,0.9803,1.0000,0.0000,Steady,0
stutter_back,7953,6.6000,0.9816,1.0000,0.9804,1.0000,0.0000,Steady,0
stutter_back,7954,6.6167,0.9603,1.0000,0.9795,1.0000,0.0000,Steady,0
stutter_back,7955,6.6333,0.9886,1.0000,0.9799,1.0000,0.0000,Steady,0
stutter_back,7956,6.6500,0.9952,1.0000,0.9806,1.0000,0.0000,Steady,0
stutter_back,7957,6.6667,0.9635,1.0000,0.9798,1.0000,0.0000,Steady,0
stutter_back,7958,6.6833,0.9733,1.0000,0.9795,1.0000,0.0000,Steady,0
stutter_back,7959,6.7000,0.9999,1.0000,0.9805,1.0000,0.0000,Steady,0
stutter_back,7960,6.7167,0.9763,1.0000,0.9803,1.0000,0.0000,Steady,0
stutter_back,7961,6.7333,0.9620,1.0000,0.9794,1.0000,0.0000,Steady,0
stutter_back,7962,6.7500,0.9930,1.0000,0.9800,1.0000,0.0000,Steady,0
stutter_back,7963,6.7667,0.9913,1.0000,0.9806,1.0000,0.0000,Steady,0
stutter_back,7964,6.7833,0.9611,1.0000,0.9797,1.0000,0.0000,Steady,0
stutter_back,7965,6.8000,0.9785,1.0000,0.9796,1.0000,0.0000,Steady,0
stutter_back,7966,6.8167,0.9996,1.0000,0.9805,1.0000,0.0000,Steady,0
stutter_back,7967,6.8333,0.9713,1.0000,0.9801,1.0000,0.0000,Steady,0
stutter_back,7968,6.8500,0.9649,1.0000,0.9794,1.0000,0.0000,Steady,0
stutter_back,7969,6.8667,0.9965,1.0000,0.9802,1.0000,0.0000,Steady,0
stutter_back,7970,6.8833,0.9866,1.0000,0.9805,1.0000,0.0000,Steady,0
stutter_back,7971,6.9000,0.9601,1.0000,0.9795,1.0000,0.0000,Steady,0
stutter_back,7972,6.9167,0.9837,1.0000,0.9797,1.0000,0.0000,Steady,0
stutter_back,7973,6.9333,0.9980,1.0000,0.9806,1.0000,0.0000,Steady,0
stutter_back,7974,6.9500,0.9669,1.0000,0.9800,1.0000,0.0000,Steady,0
stutter_back,7975,6.9667,0.9688,1.0000,0.9794,1.0000,0.0000,Steady,0
stutter_back,7976,6.9833,0.9989,1.0000,0.9803,1.0000,0.0000,Steady,0
stutter_back,7977,7.0000,0.9814,1.0000,0.9804,1.0000,0.0000,Steady,0
stutter_back,7978,7.0167,0.9604,1.0000,0.9795,1.0000,0.0000,Steady,0
stutter_back,7979,7.0333,0.9887,1.0000,0.9799,1.0000,0.0000,Steady,0
stutter_back,7980,7.0500,0.9951,1.0000,0.9806,1.0000,0.0000,Steady,0
stutter_back,7981,7.0667,0.9634,1.0000,0.9798,1.0000,0.0000,Steady,0
stutter_back,7982,7.0833,0.9735,1.0000,0.9795,1.0000,0.0000,Steady,0
stutter_back,7983,7.1000,1.0000,1.0000,0.9805,1.0000,0.0000,Steady,0
stutter_back,7984,7.1167,0.9762,1.0000,0.9803,1.0000,0.0000,Steady,0
stutter_back,7985,7.1333,0.9620,1.0000,0.9794,1.0000,0.0000,Steady,0
stutter_back,7986,7.1500,0.9931,1.0000,0.9800,1.0000,0.0000,Steady,0
stutter_back,7987,7.1667,0.9912,1.0000,0.9806,1.0000,0.0000,Steady,0
stutter_back,7988,7.1833,0.9611,1.0000,0.9797,1.0000,0.0000,Steady,0
stutter_back,7989,7.2000,0.9786,1.0000,0.9796,1.0000,0.0000,Steady,0
stutter_back,7990,7.2167,0.9996,1.0000,0.9805,1.0000,0.0000,Steady,0
stutter_back,7991,7.2333,0.9712,1.0000,0.9801,1.0000,0.0000,Steady,0
stutter_back,7992,7.2500,0.9649,1.0000,0.9794,1.0000,0.0000,Steady,0
stutter_back,7993,7.2667,0.9966,1.0000,0.9802,1.0000,0.0000,Steady,0
stutter_back,7994,7.2833,0.9865,1.0000,0.9805,1.0000,0.0000,Steady,0
stutter_back,7995,7.3000,0.9600,1.0000,0.9795,1.0000,0.0000,Steady,0
stutter_back,7996,7.3167,0.9839,1.0000,0.9797,1.0000,0.0000,Steady,0
stutter_back,7997,7.3333,0.9979,1.0000,0.9806,1.0000,0.0000,Steady,0
stutter_back,7998,7.3500,0.9668,1.0000,0.9799,1.0000,0.0000,Steady,0
stutter_back,7999,7.3667,0.9689,1.0000,0.9794,1.0000,0.0000,Steady,0
stutter_back,8000,7.3833,0.9989,1.0000,0.9803,1.0000,0.0000,Steady,0
stutter_back,8001,7.4000,0.9813,1.0000,0.9804,1.0000,0.0000,Steady,0
stutter_back,8002,7.4167,0.9604,1.0000,0.9795,1.0000,0.0000,Steady,0
stutter_back,8003,7.4333,0.9889,1.0000,0.9799,1.0000,0.0000,Steady,0
stutter_back,8004,7.4500,0.9950,1.0000,0.9806,1.0000,0.0000,Steady,0
stutter_back,8005,7.4667,0.9633,1.0000,0.9798,1.0000,0.0000,Steady,0
stutter_back,8006,7.4833,0.9736,1.0000,0.9795,1.0000,0.0000,Steady,0
stutter_back,8007,7.5000,1.0000,1.0000,0.9805,1.0000,0.0000,Steady,0
stutter_back,8008,7.5167,0.9760,1.0000,0.9803,1.0000,0.0000,Steady,0
stutter_back,8009,7.5333,0.9621,1.0000,0.9794,1.0000,0.0000,Steady,0
stutter_back,8010,7.5500,0.9932,1.0000,0.9801,1.0000,0.0000,Steady,0
stutter_back,8011,7.5667,0.9911,1.0000,0.9806,1.0000,0.0000,Steady,0
stutter_back,8012,7.5833,0.9610,1.0000,0.9797,1.0000,0.0000,Steady,0
stutter_back,8013,7.6000,0.9788,1.0000,0.9796,1.0000,0.0000,Steady,0
stutter_back,8014,7.6167,0.9996,1.0000,0.9805,1.0000,0.0000,Steady,0
stutter_back,8015,7.6333,0.9711,1.0000,0.9801,1.0000,0.0000,Steady,0
stutter_back,8016,7.6500,0.9650,1.0000,0.9794,1.0000,0.0000,Steady,0
stutter_back,8017,7.6667,0.9967,1.0000,0.9802,1.0000,0.0000,Steady,0
stutter_back,8018,7.6833,0.9863,1.0000,0.9805,1.0000,0.0000,Steady,0
stutter_back,8019,7.7000,0.9600,1.0000,0.9795,1.0000,0.0000,Steady,0
stutter_back,8020,7.7167,0.9840,1.0000,0.9797,1.0000,0.0000,Steady,0
stutter_back,8021,7.7333,0.9979,1.0000,0.9806,1.0000,0.0000,Steady,0
stutter_back,8022,7.7500,0.9667,1.0000,0.9799,1.0000,0.0000,Steady,0
stutter_back,8023,7.7667,0.9690,1.0000,0.9794,1.0000,0.0000,Steady,0
stutter_back,8024,7.7833,0.9990,1.0000,0.9803,1.0000,0.0000,Steady,0
stutter_back,8025,7.8000,0.9811,1.0000,0.9804,1.0000,0.0000,Steady,0
stutter_back,8026,7.8167,0.9604,1.0000,0.9795,1.0000,0.0000,Steady,0
stutter_back,8027,7.8333,0.9890,1.0000,0.9799,1.0000,0.0000,Steady,0
stutter_back,8028,7.8500,0.9949,1.0000,0.9806,1.0000,0.0000,Steady,0
stutter_back,8029,7.8667,0.9633,1.0000,0.9798,1.0000,0.0000,Steady,0
stutter_back,8030,7.8833,0.9738,1.0000,0.9795,1.0000,0.0000,Steady,0
stutter_back,8031,7.9000,1.0000,1.0000,0.9805,1.0000,0.0000,Steady,0
stutter_back,8032,7.9167,0.9759,1.0000,0.9802,1.0000,0.0000,Steady,0
stutter_back,8033,7.9333,0.9622,1.0000,0.9794,1.0000,0.0000,Steady,0
stutter_back,8034,7.9500,0.9934,1.0000,0.9801,1.0000,0.0000,Steady,0
stutter_back,8035,7.9667,0.9909,1.0000,0.9806,1.0000,0.0000,Steady,0
stutter_back,8036,7.9833,0.9610,1.0000,0.9797,1.0000,0.0000,Steady,0
stutter_back,8037,8.0000,0.9789,1.0000,0.9796,1.0000,0.0000,Steady,0
warn_normal,8038,0.0167,0.8122,1.0000,0.9718,1.0000,0.0000,Steady,0
warn_normal,8039,0.0333,0.6068,1.0000,0.9549,1.0000,0.0000,Steady,0
warn_normal,8040,0.0500,0.4222,1.0000,0.9301,1.0000,0.0000,Steady,0
warn_normal,8041,0.0667,0.2492,0.8278,0.8984,0.9979,0.0000,Steady,0
warn_normal,8042,0.0833,0.0986,0.6951,0.8612,0.9958,0.0000,Steady,0
warn_normal,8043,0.1000,0.0960,0.6890,0.8256,0.9938,0.0000,Steady,0
warn_normal,8044,0.1167,0.0984,0.6754,0.7918,0.9917,0.0000,Steady,0
warn_normal,8045,0.1333,0.1147,0.7035,0.7603,0.9897,0.0000,Steady,0
warn_normal,8046,0.1500,0.1837,0.7823,0.7335,0.9877,0.0000,Steady,0
warn_normal,8047,0.1667,0.2568,0.8385,0.7114,0.9856,0.0000,Steady,0
warn_normal,8048,0.1833,0.3397,0.9203,0.6941,0.9836,0.0000,Steady,0
warn_normal,8049,0.2000,0.4071,1.0000,0.6807,0.9837,0.0000,Steady,0
warn_normal,8050,0.2167,0.4706,1.0000,0.6710,0.9839,0.0000,Steady,0
warn_normal,8051,0.2333,0.5589,1.0000,0.6657,0.9840,0.0000,Steady,0
warn_normal,8052,0.2500,0.6367,1.0000,0.6644,0.9841,0.0000,Steady,0
warn_normal,8053,0.2667,0.6887,1.0000,0.6655,0.9843,0.0000,Steady,0
warn_normal,8054,0.2833,0.7694,1.0000,0.6704,0.9844,0.0000,Steady,0
warn_normal,8055,0.3000,0.8650,1.0000,0.6794,0.9845,0.0000,Steady,0
warn_normal,8056,0.3167,0.9172,1.0000,0.6905,0.9847,0.0000,Steady,0
warn_normal,8057,0.3333,0.9622,1.0000,0.7031,0.9848,0.0000,Steady,0
warn_normal,8058,0.3500,0.8072,1.0000,0.7079,0.9849,0.0000,Steady,0
warn_normal,8059,0.3667,0.6193,1.0000,0.7038,0.9850,0.0000,Steady,0
warn_normal,8060,0.3833,0.4204,1.0000,0.6906,0.9852,0.0000,Steady,0
warn_normal,8061,0.4000,0.2448,0.8226,0.6699,0.9831,0.0000,Steady,0
warn_normal,8062,0.4167,0.1000,0.6858,0.6434,0.9811,0.0000,Steady,0
warn_normal,8063,0.4333,0.0971,0.6963,0.6180,0.9791,0.0000,Steady,0
warn_normal,8064,0.4500,0.0965,0.6808,0.5937,0.9771,0.0000,Steady,0
warn_normal,8065,0.4667,0.1146,0.6933,0.5715,0.9752,0.0000,Steady,0
warn_normal,8066,0.4833,0.1873,0.7839,0.5536,0.9732,0.0000,Steady,0
warn_normal,8067,0.5000,0.2544,0.8473,0.5397,0.9712,0.0019,Steady,0
warn_normal,8068,0.5167,0.3347,0.9116,0.5302,0.9692,0.0069,Steady,0
warn_normal,8069,0.5333,0.4141,1.0000,0.5248,0.9695,0.0111,Steady,0
warn_normal,8070,0.5500,0.4736,1.0000,0.5224,0.9698,0.0132,Steady,0
warn_normal,8071,0.5667,0.5476,1.0000,0.5235,0.9700,0.0132,Steady,0
warn_normal,8072,0.5833,0.6394,1.0000,0.5289,0.9703,0.0132,Steady,0
warn_normal,8073,0.6000,0.7013,1.0000,0.5370,0.9705,0.0132,Steady,0
warn_normal,8074,0.6167,0.7588,1.0000,0.5473,0.9707,0.0132,Steady,0
warn_normal,8075,0.6333,0.8557,1.0000,0.5616,0.9710,0.0132,Steady,0
warn_normal,8076,0.6500,0.9350,1.0000,0.5790,0.9712,0.0132,Steady,0
warn_normal,8077,0.6667,0.9631,1.0000,0.5968,0.9715,0.0132,Steady,0
warn_normal,8078,0.6833,0.7914,1.0000,0.6059,0.9717,0.0132,Steady,0
warn_normal,8079,0.7000,0.6250,1.0000,0.6068,0.9719,0.0132,Steady,0
warn_normal,8080,0.7167,0.4268,1.0000,0.5984,0.9722,0.0132,Steady,0
warn_normal,8081,0.7333,0.2406,0.8277,0.5818,0.9702,0.0132,Steady,0
warn_normal,8082,0.7500,0.0994,0.6767,0.5593,0.9683,0.0132,Steady,0
warn_normal,8083,0.7667,0.0991,0.6934,0.5379,0.9663,0.0132,Steady,0
warn_normal,8084,0.7833,0.0961,0.6914,0.5174,0.9644,0.0182,Steady,0
warn_normal,8085,0.8000,0.1126,0.6904,0.4986,0.9624,0.0437,Steady,0
warn_normal,8086,0.8167,0.1899,0.7759,0.4842,0.9605,0.0694,Steady,0
warn_normal,8087,0.8333,0.2572,0.8565,0.4737,0.9586,0.0914,Steady,0
warn_normal,8088,0.8500,0.3282,0.9124,0.4669,0.9567,0.1067,Steady,0
warn_normal,8089,0.8667,0.4137,0.9924,0.4644,0.9570,0.1127,Steady,0
warn_normal,8090,0.8833,0.4831,1.0000,0.4653,0.9573,0.1127,Steady,0
warn_normal,8091,0.9000,0.5424,1.0000,0.4689,0.9577,0.1127,Steady,0
warn_normal,8092,0.9167,0.6300,1.0000,0.4764,0.9580,0.1127,Steady,0
warn_normal,8093,0.9333,0.7134,1.0000,0.4874,0.9584,0.1127,Steady,0
warn_normal,8094,0.9500,0.7635,1.0000,0.5002,0.9587,0.1127,Steady,0
warn_normal,8095,0.9667,0.8385,1.0000,0.5160,0.9591,0.1127,Steady,0
warn_normal,8096,0.9833,0.9392,1.0000,0.5356,0.9594,0.1127,Steady,0
warn_normal,8097,1.0000,0.9807,1.0000,0.5563,0.9597,0.1127,Steady,0
warn_normal,8098,1.0167,0.7804,1.0000,0.5668,0.9601,0.1127,Steady,0
warn_normal,8099,1.0333,0.6184,1.0000,0.5692,0.9604,0.1127,Steady,0
warn_normal,8100,1.0500,0.4352,1.0000,0.5629,0.9607,0.1127,Steady,0
warn_normal,8101,1.0667,0.2408,0.8380,0.5479,0.9588,0.1127,Steady,0
warn_normal,8102,1.0833,0.0974,0.6768,0.5270,0.9569,0.1127,Steady,0
warn_normal,8103,1.1000,0.1000,0.6832,0.5071,0.9550,0.1127,Steady,0
warn_normal,8104,1.1167,0.0976,0.6966,0.4881,0.9531,0.1127,Steady,0
warn_normal,8105,1.1333,0.1107,0.6977,0.4705,0.9512,0.1127,Steady,0
warn_normal,8106,1.1500,0.1888,0.7662,0.4574,0.9493,0.1290,Steady,0
warn_normal,8107,1.1667,0.2625,0.8569,0.4484,0.9475,0.1524,Steady,0
warn_normal,8108,1.1833,0.3267,0.9220,0.4427,0.9456,0.1676,Steady,0
warn_normal,8109,1.2000,0.4064,0.9842,0.4410,0.9459,0.1724,Steady,0
warn_normal,8110,1.2167,0.4897,1.0000,0.4433,0.9464,0.1724,Steady,0
warn_normal,8111,1.2333,0.5484,1.0000,0.4482,0.9468,0.1724,Steady,0
warn_normal,8112,1.2500,0.6179,1.0000,0.4561,0.9473,0.1724,Steady,0
warn_normal,8113,1.2667,0.7128,1.0000,0.4680,0.9477,0.1724,Steady,0
warn_normal,8114,1.2833,0.7788,1.0000,0.4825,0.9481,0.1724,Steady,0
warn_normal,8115,1.3000,0.8304,1.0000,0.4986,0.9486,0.1724,Steady,0
warn_normal,8116,1.3167,0.9255,1.0000,0.5185,0.9490,0.1724,Steady,0
warn_normal,8117,1.3333,0.9976,1.0000,0.5408,0.9494,0.1724,Steady,0
warn_normal,8118,1.3500,0.7851,1.0000,0.5521,0.9498,0.1724,Steady,0
warn_normal,8119,1.3667,0.6059,1.0000,0.5546,0.9502,0.1724,Steady,0
warn_normal,8120,1.3833,0.4371,1.0000,0.5492,0.9507,0.1724,Steady,0
warn_normal,8121,1.4000,0.2451,0.8434,0.5350,0.9488,0.1724,Steady,0
warn_normal,8122,1.4167,0.0961,0.6860,0.5146,0.9469,0.1724,Steady,0
warn_normal,8123,1.4333,0.0989,0.6757,0.4953,0.9450,0.1724,Steady,0
warn_normal,8124,1.4500,0.0995,0.6913,0.4769,0.9432,0.1724,Steady,0
warn_normal,8125,1.4667,0.1107,0.7080,0.4599,0.9413,0.1724,Steady,0
warn_normal,8126,1.4833,0.1851,0.7645,0.4471,0.9395,0.1724,Steady,0
warn_normal,8127,1.5000,0.2650,0.8483,0.4386,0.9377,0.1776,Steady,0
warn_normal,8128,1.5167,0.3316,0.9307,0.4336,0.9358,0.1915,Steady,0
warn_normal,8129,1.5333,0.3994,0.9864,0.4320,0.9362,0.1962,Steady,0
warn_normal,8130,1.5500,0.4869,1.0000,0.4346,0.9368,0.1962,Steady,0
warn_normal,8131,1.5667,0.5596,1.0000,0.4404,0.9373,0.1962,Steady,0
warn_normal,8132,1.5833,0.6149,1.0000,0.4485,0.9378,0.1962,Steady,0
warn_normal,8133,1.6000,0.7003,1.0000,0.4602,0.9383,0.1962,Steady,0
warn_normal,8134,1.6167,0.7896,1.0000,0.4756,0.9388,0.1962,Steady,0
warn_normal,8135,1.6333,0.8394,1.0000,0.4925,0.9394,0.1962,Steady,0
warn_normal,8136,1.6500,0.9076,1.0000,0.5118,0.9399,0.1962,Steady,0
warn_normal,8137,1.6667,0.9971,1.0000,0.5343,0.9404,0.1962,Steady,0
warn_normal,8138,1.6833,0.8008,1.0000,0.5467,0.9409,0.1962,Steady,0
warn_normal,8139,1.7000,0.6000,1.0000,0.5492,0.9413,0.1962,Steady,0
warn_normal,8140,1.7167,0.4308,1.0000,0.5437,0.9418,0.1962,Steady,0
warn_normal,8141,1.7333,0.2494,0.8385,0.5300,0.9400,0.1962,Steady,0
warn_normal,8142,1.7500,0.0966,0.6952,0.5099,0.9382,0.1962,Steady,0
warn_normal,8143,1.7667,0.0970,0.6784,0.4907,0.9363,0.1962,Steady,0
warn_normal,8144,1.7833,0.0999,0.6807,0.4725,0.9345,0.1962,Steady,0
warn_normal,8145,1.8000,0.1128,0.7110,0.4558,0.9327,0.1962,Steady,0
warn_normal,8146,1.8167,0.1825,0.7724,0.4431,0.9309,0.1962,Steady,0
warn_normal,8147,1.8333,0.2622,0.8390,0.4346,0.9291,0.1962,Steady,0
warn_normal,8148,1.8500,0.3381,0.9301,0.4302,0.9291,0.2002,Steady,0
warn_normal,8149,1.8667,0.3996,0.9968,0.4287,0.9296,0.2045,Steady,0
warn_normal,8150,1.8833,0.4775,1.0000,0.4310,0.9302,0.2045,Steady,0
warn_normal,8151,1.9000,0.5650,1.0000,0.4372,0.9308,0.2045,Steady,0
warn_normal,8152,1.9167,0.6241,1.0000,0.4459,0.9314,0.2045,Steady,0
warn_normal,8153,1.9333,0.6882,1.0000,0.4572,0.9319,0.2045,Steady,0
warn_normal,8154,1.9500,0.7851,1.0000,0.4724,0.9325,0.2045,Steady,0
warn_normal,8155,1.9667,0.8567,1.0000,0.4903,0.9331,0.2045,Steady,0
warn_normal,8156,1.9833,0.9031,1.0000,0.5095,0.9336,0.2045,Steady,0
warn_normal,8157,2.0000,0.9796,1.0000,0.5314,0.9342,0.2045,Steady,0
warn_normal,8158,2.0167,0.9994,1.0000,0.5531,0.9347,0.2045,Steady,0
warn_normal,8159,2.0333,0.9703,1.0000,0.5725,0.9353,0.2045,Steady,0
warn_normal,8160,2.0500,0.9656,1.0000,0.5908,0.9358,0.2045,Steady,0
warn_normal,8161,2.0667,0.9971,1.0000,0.6097,0.9363,0.2045,Steady,0
warn_normal,8162,2.0833,0.9855,1.0000,0.6272,0.9369,0.2045,Steady,0
warn_normal,8163,2.1000,0.9600,1.0000,0.6427,0.9374,0.2045,Steady,0
warn_normal,8164,2.1167,0.9848,1.0000,0.6586,0.9379,0.2045,Steady,0
warn_normal,8165,2.1333,0.9975,1.0000,0.6743,0.9384,0.2045,Steady,0
warn_normal,8166,2.1500,0.9661,1.0000,0.6879,0.9389,0.2045,Steady,0
warn_normal,8167,2.1667,0.9697,1.0000,0.7010,0.9394,0.2045,Steady,0
warn_normal,8168,2.1833,0.9992,1.0000,0.7149,0.9399,0.2045,Steady,0
warn_normal,8169,2.2000,0.9803,1.0000,0.7272,0.9404,0.2045,Steady,0
warn_normal,8170,2.2167,0.9606,1.0000,0.7381,0.9409,0.2045,Steady,0
warn_normal,8171,2.2333,0.9897,1.0000,0.7498,0.9414,0.2045,Steady,0
warn_normal,8172,2.2500,0.9944,1.0000,0.7611,0.9419,0.2045,Steady,0
warn_normal,8173,2.2667,0.9628,1.0000,0.7705,0.9424,0.2045,Steady,0
warn_normal,8174,2.2833,0.9746,1.0000,0.7800,0.9429,0.2045,Steady,0
warn_normal,8175,2.3000,1.0000,1.0000,0.7902,0.9433,0.2045,Steady,0
warn_normal,8176,2.3167,0.9751,1.0000,0.7988,0.9438,0.2045,Steady,0
warn_normal,8177,2.3333,0.9625,1.0000,0.8065,0.9443,0.2045,Steady,0
warn_normal,8178,2.3500,0.9939,1.0000,0.8152,0.9447,0.2045,Steady,0
warn_normal,8179,2.3667,0.9902,1.0000,0.8233,0.9452,0.2045,Steady,0
warn_normal,8180,2.3833,0.9608,1.0000,0.8297,0.9457,0.2045,Steady,0
warn_normal,8181,2.4000,0.9798,1.0000,0.8367,0.9461,0.2045,Steady,0
warn_normal,8182,2.4167,0.9994,1.0000,0.8442,0.9466,0.2045,Steady,0
warn_normal,8183,2.4333,0.9702,1.0000,0.8501,0.9470,0.2045,Steady,0
warn_normal,8184,2.4500,0.9657,1.0000,0.8555,0.9474,0.2045,Steady,0
warn_normal,8185,2.4667,0.9972,1.0000,0.8621,0.9479,0.1712,Steady,0
warn_normal,8186,2.4833,0.9854,1.0000,0.8678,0.9483,0.1378,Steady,0
warn_normal,8187,2.5000,0.9600,1.0000,0.8721,0.9487,0.1045,Steady,0
warn_normal,8188,2.5167,0.9850,1.0000,0.8773,0.9492,0.0712,Steady,0
warn_normal,8189,2.5333,0.9974,1.0000,0.8829,0.9496,0.0378,Steady,0
warn_normal,8190,2.5500,0.9660,1.0000,0.8868,0.9500,0.0045,Steady,0
warn_normal,8191,2.5667,0.9698,1.0000,0.8907,0.9504,0.0000,Steady,0
warn_normal,8192,2.5833,0.9993,1.0000,0.8957,0.9508,0.0000,Steady,0
warn_normal,8193,2.6000,0.9802,1.0000,0.8996,0.9512,0.0000,Steady,0
warn_normal,8194,2.6167,0.9606,1.0000,0.9025,0.9516,0.0000,Steady,0
warn_normal,8195,2.6333,0.9899,1.0000,0.9065,0.9520,0.0000,Steady,0
warn_normal,8196,2.6500,0.9943,1.0000,0.9106,0.9524,0.0000,Steady,0
warn_normal,8197,2.6667,0.9628,1.0000,0.9130,0.9528,0.0000,Steady,0
warn_normal,8198,2.6833,0.9747,1.0000,0.9159,0.9532,0.0000,Steady,0
warn_normal,8199,2.7000,1.0000,1.0000,0.9198,0.9536,0.0000,Steady,0
warn_normal,8200,2.7167,0.9750,1.0000,0.9224,0.9540,0.0000,Steady,0
warn_normal,8201,2.7333,0.9626,1.0000,0.9242,0.9544,0.0000,Steady,0
warn_normal,8202,2.7500,0.9941,1.0000,0.9275,0.9548,0.0000,Steady,0
warn_normal,8203,2.7667,0.9901,1.0000,0.9304,0.9551,0.0000,Steady,0
warn_normal,8204,2.7833,0.9607,1.0000,0.9318,0.9555,0.0000,Steady,0
warn_normal,8205,2.8000,0.9799,1.0000,0.9341,0.9559,0.0000,Steady,0
warn_normal,8206,2.8167,0.9993,1.0000,0.9371,0.9562,0.0000,Steady,0
warn_normal,8207,2.8333,0.9701,1.0000,0.9386,0.9566,0.0000,Steady,0
warn_normal,8208,2.8500,0.9658,1.0000,0.9399,0.9570,0.0000,Steady,0
warn_normal,8209,2.8667,0.9973,1.0000,0.9426,0.9573,0.0000,Steady,0
warn_normal,8210,2.8833,0.9853,1.0000,0.9445,0.9577,0.0000,Steady,0
warn_normal,8211,2.9000,0.9600,1.0000,0.9453,0.9580,0.0000,Steady,0
warn_normal,8212,2.9167,0.9851,1.0000,0.9471,0.9584,0.0000,Steady,0
warn_normal,8213,2.9333,0.9973,1.0000,0.9494,0.9587,0.0000,Steady,0
warn_normal,8214,2.9500,0.9659,1.0000,0.9502,0.9591,0.0000,Steady,0
warn_normal,8215,2.9667,0.9700,1.0000,0.9511,0.9594,0.0000,Steady,0
warn_normal,8216,2.9833,0.9993,1.0000,0.9534,0.9597,0.0000,Steady,0
warn_normal,8217,3.0000,0.9800,1.0000,0.9546,0.9601,0.0000,Steady,0
warn_normal,8218,3.0167,0.9607,1.0000,0.9549,0.9604,0.0000,Steady,0
warn_normal,8219,3.0333,0.9900,1.0000,0.9565,0.9607,0.0000,Steady,0
warn_normal,8220,3.0500,0.9942,1.0000,0.9583,0.9611,0.0000,Steady,0
warn_normal,8221,3.0667,0.9627,1.0000,0.9585,0.9614,0.0000,Steady,0
warn_normal,8222,3.0833,0.9748,1.0000,0.9592,0.9617,0.0000,Steady,0
warn_normal,8223,3.1000,1.0000,1.0000,0.9611,0.9620,0.0000,Steady,0
warn_normal,8224,3.1167,0.9748,1.0000,0.9618,0.9623,0.0000,Steady,0
warn_normal,8225,3.1333,0.9627,1.0000,0.9618,0.9627,0.0000,Steady,0
warn_normal,8226,3.1500,0.9942,1.0000,0.9633,0.9630,0.0000,Steady,0
warn_normal,8227,3.1667,0.9900,1.0000,0.9646,0.9633,0.0000,Steady,0
warn_normal,8228,3.1833,0.9607,1.0000,0.9644,0.9636,0.0000,Steady,0
warn_normal,8229,3.2000,0.9800,1.0000,0.9651,0.9639,0.0000,Steady,0
warn_normal,8230,3.2167,0.9993,1.0000,0.9667,0.9642,0.0000,Steady,0
warn_normal,8231,3.2333,0.9700,1.0000,0.9668,0.9645,0.0000,Steady,0
warn_normal,8232,3.2500,0.9659,1.0000,0.9668,0.9648,0.0000,Steady,0
warn_normal,8233,3.2667,0.9974,1.0000,0.9682,0.9651,0.0000,Steady,0
warn_normal,8234,3.2833,0.9851,1.0000,0.9690,0.9654,0.0000,Steady,0
warn_normal,8235,3.3000,0.9600,1.0000,0.9686,0.9656,0.0000,Steady,0
warn_normal,8236,3.3167,0.9852,1.0000,0.9694,0.9659,0.0000,Steady,0
warn_normal,8237,3.3333,0.9973,1.0000,0.9707,0.9662,0.0000,Steady,0
warn_normal,8238,3.3500,0.9658,1.0000,0.9704,0.9665,0.0000,Steady,0
warn_normal,8239,3.3667,0.9701,1.0000,0.9704,0.9668,0.0000,Steady,0
warn_normal,8240,3.3833,0.9993,1.0000,0.9718,0.9670,0.0000,Steady,0
warn_normal,8241,3.4000,0.9799,1.0000,0.9721,0.9673,0.0000,Steady,0
warn_normal,8242,3.4167,0.9607,1.0000,0.9716,0.9676,0.0000,Steady,0
warn_normal,8243,3.4333,0.9901,1.0000,0.9725,0.9679,0.0000,Steady,0
warn_normal,8244,3.4500,0.9941,1.0000,0.9735,0.9681,0.0000,Steady,0
warn_normal,8245,3.4667,0.9626,1.0000,0.9730,0.9684,0.0000,Steady,0
warn_normal,8246,3.4833,0.9749,1.0000,0.9731,0.9686,0.0000,Steady,0
warn_normal,8247,3.5000,1.0000,1.0000,0.9743,0.9689,0.0000,Steady,0
warn_normal,8248,3.5167,0.9747,1.0000,0.9743,0.9692,0.0000,Steady,0
warn_normal,8249,3.5333,0.9628,1.0000,0.9738,0.9694,0.0000,Steady,0
warn_normal,8250,3.5500,0.9942,1.0000,0.9747,0.9697,0.0000,Steady,0
warn_normal,8251,3.5667,0.9899,1.0000,0.9754,0.9699,0.0000,Steady,0
warn_normal,8252,3.5833,0.9606,1.0000,0.9748,0.9702,0.0000,Steady,0
warn_normal,8253,3.6000,0.9802,1.0000,0.9750,0.9704,0.0000,Steady,0
warn_normal,8254,3.6167,0.9993,1.0000,0.9761,0.9707,0.0000,Steady,0
warn_normal,8255,3.6333,0.9699,1.0000,0.9758,0.9709,0.0000,Steady,0
warn_normal,8256,3.6500,0.9660,1.0000,0.9754,0.9712,0.0000,Steady,0
warn_normal,8257,3.6667,0.9974,1.0000,0.9764,0.9714,0.0000,Steady,0
warn_normal,8258,3.6833,0.9850,1.0000,0.9768,0.9716,0.0000,Steady,0
warn_normal,8259,3.7000,0.9600,1.0000,0.9760,0.9719,0.0000,Steady,0
warn_normal,8260,3.7167,0.9854,1.0000,0.9765,0.9721,0.0000,Steady,0
warn_normal,8261,3.7333,0.9972,1.0000,0.9774,0.9723,0.0000,Steady,0
warn_normal,8262,3.7500,0.9657,1.0000,0.9769,0.9726,0.0000,Steady,0
warn_normal,8263,3.7667,0.9702,1.0000,0.9766,0.9728,0.0000,Steady,0
warn_normal,8264,3.7833,0.9994,1.0000,0.9776,0.9730,0.0000,Steady,0
warn_normal,8265,3.8000,0.9797,1.0000,0.9777,0.9732,0.0000,Steady,0
warn_normal,8266,3.8167,0.9607,1.0000,0.9769,0.9735,0.0000,Steady,0
warn_normal,8267,3.8333,0.9902,1.0000,0.9776,0.9737,0.0000,Steady,0
warn_normal,8268,3.8500,0.9940,1.0000,0.9783,0.9739,0.0000,Steady,0
warn_normal,8269,3.8667,0.9626,1.0000,0.9776,0.9741,0.0000,Steady,0
warn_normal,8270,3.8833,0.9751,1.0000,0.9775,0.9743,0.0000,Steady,0
warn_normal,8271,3.9000,1.0000,1.0000,0.9785,0.9745,0.0000,Steady,0
warn_normal,8272,3.9167,0.9745,1.0000,0.9783,0.9748,0.0000,Steady,0
warn_normal,8273,3.9333,0.9628,1.0000,0.9776,0.9750,0.0000,Steady,0
warn_normal,8274,3.9500,0.9943,1.0000,0.9784,0.9752,0.0000,Steady,0
warn_normal,8275,3.9667,0.9897,1.0000,0.9789,0.9754,0.0000,Steady,0
warn_normal,8276,3.9833,0.9606,1.0000,0.9781,0.9756,0.0000,Steady,0
warn_normal,8277,4.0000,0.9803,1.0000,0.9782,0.9758,0.0000,Steady,0
warn_normal,8278,4.0167,0.9992,1.0000,0.9792,0.9760,0.0000,Steady,0
warn_normal,8279,4.0333,0.9697,1.0000,0.9787,0.9762,0.0000,Steady,0
warn_normal,8280,4.0500,0.9661,1.0000,0.9781,0.9764,0.0000,Steady,0
warn_normal,8281,4.0667,0.9975,1.0000,0.9790,0.9766,0.0000,Steady,0
warn_normal,8282,4.0833,0.9849,1.0000,0.9793,0.9768,0.0000,Steady,0
warn_normal,8283,4.1000,0.9600,1.0000,0.9784,0.9770,0.0000,Steady,0
warn_normal,8284,4.1167,0.9855,1.0000,0.9787,0.9772,0.0000,Steady,0
warn_normal,8285,4.1333,0.9971,1.0000,0.9796,0.9773,0.0000,Steady,0
warn_normal,8286,4.1500,0.9656,1.0000,0.9789,0.9775,0.0000,Steady,0
warn_normal,8287,4.1667,0.9703,1.0000,0.9785,0.9777,0.0000,Steady,0
warn_normal,8288,4.1833,0.9994,1.0000,0.9795,0.9779,0.0000,Steady,0
warn_normal,8289,4.2000,0.9796,1.0000,0.9795,0.9781,0.0000,Steady,0
warn_normal,8290,4.2167,0.9608,1.0000,0.9786,0.9783,0.0000,Steady,0
warn_normal,8291,4.2333,0.9903,1.0000,0.9792,0.9785,0.0000,Steady,0
warn_normal,8292,4.2500,0.9939,1.0000,0.9799,0.9786,0.0000,Steady,0
warn_normal,8293,4.2667,0.9625,1.0000,0.9791,0.9788,0.0000,Steady,0
warn_normal,8294,4.2833,0.9752,1.0000,0.9789,0.9790,0.0000,Steady,0
warn_normal,8295,4.3000,1.0000,1.0000,0.9799,0.9792,0.0000,Steady,0
warn_normal,8296,4.3167,0.9744,1.0000,0.9796,0.9793,0.0000,Steady,0
warn_normal,8297,4.3333,0.9629,1.0000,0.9788,0.9795,0.0000,Steady,0
warn_normal,8298,4.3500,0.9944,1.0000,0.9796,0.9797,0.0000,Steady,0
warn_normal,8299,4.3667,0.9896,1.0000,0.9800,0.9798,0.0000,Steady,0
warn_normal,8300,4.3833,0.9606,1.0000,0.9791,0.9800,0.0000,Steady,0
warn_normal,8301,4.4000,0.9804,1.0000,0.9792,0.9802,0.0000,Steady,0
warn_normal,8302,4.4167,0.9992,1.0000,0.9801,0.9803,0.0000,Steady,0
warn_normal,8303,4.4333,0.9696,1.0000,0.9796,0.9805,0.0000,Steady,0
warn_normal,8304,4.4500,0.9662,1.0000,0.9790,0.9807,0.0000,Steady,0
warn_normal,8305,4.4667,0.9975,1.0000,0.9799,0.9808,0.0000,Steady,0
warn_normal,8306,4.4833,0.9847,1.0000,0.9801,0.9810,0.0000,Steady,0
warn_normal,8307,4.5000,0.9600,1.0000,0.9792,0.9811,0.0000,Steady,0
warn_normal,8308,4.5167,0.9856,1.0000,0.9795,0.9813,0.0000,Steady,0
warn_normal,8309,4.5333,0.9971,1.0000,0.9803,0.9815,0.0000,Steady,0
warn_normal,8310,4.5500,0.9655,1.0000,0.9796,0.9816,0.0000,Steady,0
warn_normal,8311,4.5667,0.9705,1.0000,0.9792,0.9818,0.0000,Steady,0
warn_normal,8312,4.5833,0.9994,1.0000,0.9801,0.9819,0.0000,Steady,0
warn_normal,8313,4.6000,0.9795,1.0000,0.9801,0.9821,0.0000,Steady,0
warn_normal,8314,4.6167,0.9608,1.0000,0.9792,0.9822,0.0000,Steady,0
warn_normal,8315,4.6333,0.9904,1.0000,0.9797,0.9824,0.0000,Steady,0
warn_normal,8316,4.6500,0.9938,1.0000,0.9804,0.9825,0.0000,Steady,0
warn_normal,8317,4.6667,0.9624,1.0000,0.9795,0.9826,0.0000,Steady,0
warn_normal,8318,4.6833,0.9754,1.0000,0.9793,0.9828,0.0000,Steady,0
warn_normal,8319,4.7000,1.0000,1.0000,0.9803,0.9829,0.0000,Steady,0
warn_normal,8320,4.7167,0.9743,1.0000,0.9800,0.9831,0.0000,Steady,0
warn_normal,8321,4.7333,0.9630,1.0000,0.9792,0.9832,0.0000,Steady,0
warn_normal,8322,4.7500,0.9946,1.0000,0.9799,0.9834,0.0000,Steady,0
warn_normal,8323,4.7667,0.9895,1.0000,0.9804,0.9835,0.0000,Steady,0
warn_normal,8324,4.7833,0.9605,1.0000,0.9795,0.9836,0.0000,Steady,0
warn_normal,8325,4.8000,0.9806,1.0000,0.9795,0.9838,0.0000,Steady,0
warn_normal,8326,4.8167,0.9992,1.0000,0.9804,0.9839,0.0000,Steady,0
warn_normal,8327,4.8333,0.9695,1.0000,0.9799,0.9840,0.0000,Steady,0
warn_normal,8328,4.8500,0.9663,1.0000,0.9793,0.9842,0.0000,Steady,0
warn_normal,8329,4.8667,0.9976,1.0000,0.9801,0.9843,0.0000,Steady,0
warn_normal,8330,4.8833,0.9846,1.0000,0.9803,0.9844,0.0000,Steady,0
warn_normal,8331,4.9000,0.9600,1.0000,0.9794,0.9846,0.0000,Steady,0
warn_normal,8332,4.9167,0.9858,1.0000,0.9797,0.9847,0.0000,Steady,0
warn_normal,8333,4.9333,0.9970,1.0000,0.9805,0.9848,0.0000,Steady,0
warn_normal,8334,4.9500,0.9654,1.0000,0.9798,0.9849,0.0000,Steady,0
warn_normal,8335,4.9667,0.9706,1.0000,0.9794,0.9851,0.0000,Steady,0
warn_normal,8336,4.9833,0.9995,1.0000,0.9803,0.9852,0.0000,Steady,0
warn_normal,8337,5.0000,0.9793,1.0000,0.9803,0.9853,0.0000,Steady,0
warn_normal,8338,5.0167,0.9609,1.0000,0.9794,0.9854,0.0000,Steady,0
warn_normal,8339,5.0333,0.9906,1.0000,0.9799,0.9856,0.0000,Steady,0
warn_normal,8340,5.0500,0.9937,1.0000,0.9805,0.9857,0.0000,Steady,0
warn_normal,8341,5.0667,0.9623,1.0000,0.9797,0.9858,0.0000,Steady,0
warn_normal,8342,5.0833,0.9755,1.0000,0.9795,0.9859,0.0000,Steady,0
warn_normal,8343,5.1000,1.0000,1.0000,0.9804,0.9860,0.0000,Steady,0
warn_normal,8344,5.1167,0.9742,1.0000,0.9801,0.9861,0.0000,Steady,0
warn_normal,8345,5.1333,0.9631,1.0000,0.9793,0.9863,0.0000,Steady,0
warn_normal,8346,5.1500,0.9946,1.0000,0.9801,0.9864,0.0000,Steady,0
warn_normal,8347,5.1667,0.9894,1.0000,0.9805,0.9865,0.0000,Steady,0
warn_normal,8348,5.1833,0.9605,1.0000,0.9796,0.9866,0.0000,Steady,0
warn_normal,8349,5.2000,0.9807,1.0000,0.9796,0.9867,0.0000,Steady,0
warn_normal,8350,5.2167,0.9991,1.0000,0.9805,0.9868,0.0000,Steady,0
warn_normal,8351,5.2333,0.9694,1.0000,0.9800,0.9869,0.0000,Steady,0
warn_normal,8352,5.2500,0.9664,1.0000,0.9794,0.9870,0.0000,Steady,0
warn_normal,8353,5.2667,0.9977,1.0000,0.9802,0.9871,0.0000,Steady,0
warn_normal,8354,5.2833,0.9844,1.0000,0.9804,0.9873,0.0000,Steady,0
warn_normal,8355,5.3000,0.9600,1.0000,0.9795,0.9874,0.0000,Steady,0
warn_normal,8356,5.3167,0.9859,1.0000,0.9798,0.9875,0.0000,Steady,0
warn_normal,8357,5.3333,0.9969,1.0000,0.9806,0.9876,0.0000,Steady,0
warn_normal,8358,5.3500,0.9653,1.0000,0.9799,0.9877,0.0000,Steady,0
warn_normal,8359,5.3667,0.9707,1.0000,0.9794,0.9878,0.0000,Steady,0
warn_normal,8360,5.3833,0.9995,1.0000,0.9804,0.9879,0.0000,Steady,0
warn_normal,8361,5.4000,0.9792,1.0000,0.9803,0.9880,0.0000,Steady,0
warn_normal,8362,5.4167,0.9609,1.0000,0.9794,0.9881,0.0000,Steady,0
warn_normal,8363,5.4333,0.9907,1.0000,0.9799,0.9882,0.0000,Steady,0
warn_normal,8364,5.4500,0.9936,1.0000,0.9806,0.9883,0.0000,Steady,0
warn_normal,8365,5.4667,0.9623,1.0000,0.9797,0.9884,0.0000,Steady,0
warn_normal,8366,5.4833,0.9756,1.0000,0.9795,0.9885,0.0000,Steady,0
warn_normal,8367,5.5000,1.0000,1.0000,0.9805,0.9886,0.0000,Steady,0
warn_normal,8368,5.5167,0.9740,1.0000,0.9802,0.9887,0.0000,Steady,0
warn_normal,8369,5.5333,0.9631,1.0000,0.9794,0.9888,0.0000,Steady,0
warn_normal,8370,5.5500,0.9947,1.0000,0.9801,0.9888,0.0000,Steady,0
warn_normal,8371,5.5667,0.9893,1.0000,0.9805,0.9889,0.0000,Steady,0
warn_normal,8372,5.5833,0.9605,1.0000,0.9796,0.9890,0.0000,Steady,0
warn_normal,8373,5.6000,0.9809,1.0000,0.9796,0.9891,0.0000,Steady,0
warn_normal,8374,5.6167,0.9991,1.0000,0.9806,0.9892,0.0000,Steady,0
warn_normal,8375,5.6333,0.9692,1.0000,0.9800,0.9893,0.0000,Steady,0
warn_normal,8376,5.6500,0.9665,1.0000,0.9794,0.9894,0.0000,Steady,0
warn_normal,8377,5.6667,0.9978,1.0000,0.9803,0.9895,0.0000,Steady,0
warn_normal,8378,5.6833,0.9843,1.0000,0.9804,0.9896,0.0000,Steady,0
warn_normal,8379,5.7000,0.9600,1.0000,0.9795,0.9897,0.0000,Steady,0
warn_normal,8380,5.7167,0.9861,1.0000,0.9798,0.9897,0.0000,Steady,0
warn_normal,8381,5.7333,0.9969,1.0000,0.9806,0.9898,0.0000,Steady,0
warn_normal,8382,5.7500,0.9652,1.0000,0.9799,0.9899,0.0000,Steady,0
warn_normal,8383,5.7667,0.9708,1.0000,0.9795,0.9900,0.0000,Steady,0
warn_normal,8384,5.7833,0.9995,1.0000,0.9804,0.9901,0.0000,Steady,0
warn_normal,8385,5.8000,0.9791,1.0000,0.9803,0.9902,0.0000,Steady,0
warn_normal,8386,5.8167,0.9610,1.0000,0.9794,0.9902,0.0000,Steady,0
warn_normal,8387,5.8333,0.9908,1.0000,0.9800,0.9903,0.0000,Steady,0
warn_normal,8388,5.8500,0.9935,1.0000,0.9806,0.9904,0.0000,Steady,0
warn_normal,8389,5.8667,0.9622,1.0000,0.9797,0.9905,0.0000,Steady,0
warn_normal,8390,5.8833,0.9758,1.0000,0.9795,0.9906,0.0000,Steady,0
warn_normal,8391,5.9000,1.0000,1.0000,0.9805,0.9906,0.0000,Steady,0
warn_normal,8392,5.9167,0.9739,1.0000,0.9802,0.9907,0.0000,Steady,0
warn_normal,8393,5.9333,0.9632,1.0000,0.9794,0.9908,0.0000,Steady,0
warn_normal,8394,5.9500,0.9948,1.0000,0.9801,0.9909,0.0000,Steady,0
warn_normal,8395,5.9667,0.9891,1.0000,0.9805,0.9909,0.0000,Steady,0
warn_normal,8396,5.9833,0.9604,1.0000,0.9796,0.9910,0.0000,Steady,0
warn_normal,8397,6.0000,0.9810,1.0000,0.9797,0.9911,0.0000,Steady,0
warn_normal,8398,6.0167,0.9990,1.0000,0.9806,0.9912,0.0000,Steady,0
warn_normal,8399,6.0333,0.9691,1.0000,0.9800,0.9912,0.0000,Steady,0
warn_normal,8400,6.0500,0.9666,1.0000,0.9794,0.9913,0.0000,Steady,0
warn_normal,8401,6.0667,0.9978,1.0000,0.9803,0.9914,0.0000,Steady,0
warn_normal,8402,6.0833,0.9842,1.0000,0.9804,0.9915,0.0000,Steady,0
warn_normal,8403,6.1000,0.9600,1.0000,0.9795,0.9915,0.0000,Steady,0
warn_normal,8404,6.1167,0.9862,1.0000,0.9798,0.9916,0.0000,Steady,0
warn_normal,8405,6.1333,0.9968,1.0000,0.9806,0.9917,0.0000,Steady,0
warn_normal,8406,6.1500,0.9651,1.0000,0.9799,0.9917,0.0000,Steady,0
warn_normal,8407,6.1667,0.9709,1.0000,0.9795,0.9918,0.0000,Steady,0
warn_normal,8408,6.1833,0.9996,1.0000,0.9804,0.9919,0.0000,Steady,0
warn_normal,8409,6.2000,0.9789,1.0000,0.9803,0.9919,0.0000,Steady,0
warn_normal,8410,6.2167,0.9610,1.0000,0.9794,0.9920,0.0000,Steady,0
warn_normal,8411,6.2333,0.9909,1.0000,0.9800,0.9921,0.0000,Steady,0
warn_normal,8412,6.2500,0.9933,1.0000,0.9806,0.9921,0.0000,Steady,0
warn_normal,8413,6.2667,0.9622,1.0000,0.9797,0.9922,0.0000,Steady,0
warn_normal,8414,6.2833,0.9759,1.0000,0.9796,0.9923,0.0000,Steady,0
warn_normal,8415,6.3000,1.0000,1.0000,0.9805,0.9923,0.0000,Steady,0
warn_normal,8416,6.3167,0.9737,1.0000,0.9802,0.9924,0.0000,Steady,0
warn_normal,8417,6.3333,0.9633,1.0000,0.9794,0.9925,0.0000,Steady,0
warn_normal,8418,6.3500,0.9949,1.0000,0.9801,0.9925,0.0000,Steady,0
warn_normal,8419,6.3667,0.9890,1.0000,0.9805,0.9926,0.0000,Steady,0
warn_normal,8420,6.3833,0.9604,1.0000,0.9796,0.9926,0.0000,Steady,0
warn_normal,8421,6.4000,0.9812,1.0000,0.9797,0.9927,0.0000,Steady,0
warn_normal,8422,6.4167,0.9990,1.0000,0.9806,0.9928,0.0000,Steady,0
warn_normal,8423,6.4333,0.9690,1.0000,0.9800,0.9928,0.0000,Steady,0
warn_normal,8424,6.4500,0.9667,1.0000,0.9794,0.9929,0.0000,Steady,0
warn_normal,8425,6.4667,0.9979,1.0000,0.9803,0.9929,0.0000,Steady,0
warn_normal,8426,6.4833,0.9840,1.0000,0.9804,0.9930,0.0000,Steady,0
warn_normal,8427,6.5000,0.9600,1.0000,0.9795,0.9931,0.0000,Steady,0
warn_normal,8428,6.5167,0.9863,1.0000,0.9798,0.9931,0.0000,Steady,0
warn_normal,8429,6.5333,0.9967,1.0000,0.9806,0.9932,0.0000,Steady,0
warn_normal,8430,6.5500,0.9650,1.0000,0.9799,0.9932,0.0000,Steady,0
warn_normal,8431,6.5667,0.9711,1.0000,0.9795,0.9933,0.0000,Steady,0
warn_normal,8432,6.5833,0.9996,1.0000,0.9804,0.9933,0.0000,Steady,0
warn_normal,8433,6.6000,0.9788,1.0000,0.9803,0.9934,0.0000,Steady,0
warn_normal,8434,6.6167,0.9610,1.0000,0.9794,0.9935,0.0000,Steady,0
warn_normal,8435,6.6333,0.9910,1.0000,0.9800,0.9935,0.0000,Steady,0
warn_normal,8436,6.6500,0.9933,1.0000,0.9806,0.9936,0.0000,Steady,0
warn_normal,8437,6.6667,0.9621,1.0000,0.9797,0.9936,0.0000,Steady,0
warn_normal,8438,6.6833,0.9760,1.0000,0.9796,0.9937,0.0000,Steady,0
warn_normal,8439,6.7000,1.0000,1.0000,0.9805,0.9937,0.0000,Steady,0
warn_normal,8440,6.7167,0.9736,1.0000,0.9802,0.9938,0.0000,Steady,0
warn_normal,8441,6.7333,0.9634,1.0000,0.9794,0.9938,0.0000,Steady,0
warn_normal,8442,6.7500,0.9950,1.0000,0.9801,0.9939,0.0000,Steady,0
warn_normal,8443,6.7667,0.9889,1.0000,0.9805,0.9939,0.0000,Steady,0
warn_normal,8444,6.7833,0.9604,1.0000,0.9796,0.9940,0.0000,Steady,0
warn_normal,8445,6.8000,0.9813,1.0000,0.9797,0.9940,0.0000,Steady,0
warn_normal,8446,6.8167,0.9989,1.0000,0.9806,0.9941,0.0000,Steady,0
warn_normal,8447,6.8333,0.9689,1.0000,0.9800,0.9941,0.0000,Steady,0
warn_normal,8448,6.8500,0.9668,1.0000,0.9794,0.9942,0.0000,Steady,0
warn_normal,8449,6.8667,0.9979,1.0000,0.9803,0.9942,0.0000,Steady,0
warn_normal,8450,6.8833,0.9839,1.0000,0.9804,0.9943,0.0000,Steady,0
warn_normal,8451,6.9000,0.9600,1.0000,0.9795,0.9943,0.0000,Steady,0
warn_normal,8452,6.9167,0.9864,1.0000,0.9798,0.9944,0.0000,Steady,0
warn_normal,8453,6.9333,0.9966,1.0000,0.9806,0.9944,0.0000,Steady,0
warn_normal,8454,6.9500,0.9650,1.0000,0.9799,0.9945,0.0000,Steady,0
warn_normal,8455,6.9667,0.9712,1.0000,0.9795,0.9945,0.0000,Steady,0
warn_normal,8456,6.9833,0.9996,1.0000,0.9804,0.9946,0.0000,Steady,0
warn_normal,8457,7.0000,0.9786,1.0000,0.9803,0.9946,0.0000,Steady,0
warn_normal,8458,7.0167,0.9611,1.0000,0.9800,0.9946,0.0000,Steady,1
warn_normal,8459,7.0333,0.9911,1.0000,0.9802,0.9947,0.0000,Steady,1
warn_normal,8460,7.0500,0.9931,1.0000,0.9804,0.9947,0.0000,Steady,1
warn_normal,8461,7.0667,0.9620,1.0000,0.9801,0.9948,0.0000,Steady,1
warn_normal,8462,7.0833,0.9762,1.0000,0.9800,0.9948,0.0000,Steady,1
warn_normal,8463,7.1000,1.0000,1.0000,0.9804,0.9949,0.0000,Steady,1
warn_normal,8464,7.1167,0.9735,1.0000,0.9802,0.9949,0.0000,Steady,1
warn_normal,8465,7.1333,0.9634,1.0000,0.9800,0.9949,0.0000,Steady,1
warn_normal,8466,7.1500,0.9951,1.0000,0.9802,0.9950,0.0000,Steady,1
warn_normal,8467,7.1667,0.9888,1.0000,0.9804,0.9950,0.0000,Steady,1
warn_normal,8468,7.1833,0.9604,1.0000,0.9800,0.9951,0.0000,Steady,1
warn_normal,8469,7.2000,0.9814,1.0000,0.9801,0.9951,0.0000,Steady,1
warn_normal,8470,7.2167,0.9989,1.0000,0.9804,0.9952,0.0000,Steady,1
warn_normal,8471,7.2333,0.9688,1.0000,0.9802,0.9952,0.0000,Steady,1
warn_normal,8472,7.2500,0.9669,1.0000,0.9800,0.9952,0.0000,Steady,1
warn_normal,8473,7.2667,0.9980,1.0000,0.9803,0.9953,0.0000,Steady,1
warn_normal,8474,7.2833,0.9838,1.0000,0.9803,0.9953,0.0000,Steady,1
warn_normal,8475,7.3000,0.9601,1.0000,0.9800,0.9953,0.0000,Steady,1
warn_normal,8476,7.3167,0.9866,1.0000,0.9801,0.9954,0.0000,Steady,1
warn_normal,8477,7.3333,0.9965,1.0000,0.9804,0.9954,0.0000,Steady,1
warn_normal,8478,7.3500,0.9648,1.0000,0.9801,0.9955,0.0000,Steady,1
warn_normal,8479,7.3667,0.9713,1.0000,0.9800,0.9955,0.0000,Steady,1
warn_normal,8480,7.3833,0.9997,1.0000,0.9803,0.9955,0.0000,Steady,1
warn_normal,8481,7.4000,0.9785,1.0000,0.9803,0.9956,0.0000,Steady,1
warn_normal,8482,7.4167,0.9611,1.0000,0.9799,0.9956,0.0000,Steady,1
warn_normal,8483,7.4333,0.9913,1.0000,0.9801,0.9956,0.0000,Steady,1
warn_normal,8484,7.4500,0.9930,1.0000,0.9803,0.9957,0.0000,Steady,1
warn_normal,8485,7.4667,0.9620,1.0000,0.9800,0.9957,0.0000,Steady,1
warn_normal,8486,7.4833,0.9763,1.0000,0.9800,0.9958,0.0000,Steady,1
warn_normal,8487,7.5000,0.9999,1.0000,0.9803,0.9958,0.0000,Steady,1
warn_normal,8488,7.5167,0.9734,1.0000,0.9802,0.9958,0.0000,Steady,1
warn_normal,8489,7.5333,0.9635,1.0000,0.9799,0.9959,0.0000,Steady,1
warn_normal,8490,7.5500,0.9952,1.0000,0.9802,0.9959,0.0000,Steady,1
warn_normal,8491,7.5667,0.9886,1.0000,0.9803,0.9959,0.0000,Steady,1
warn_normal,8492,7.5833,0.9603,1.0000,0.9800,0.9960,0.0000,Steady,1
warn_normal,8493,7.6000,0.9815,1.0000,0.9800,0.9960,0.0000,Steady,1
warn_normal,8494,7.6167,0.9989,1.0000,0.9803,0.9960,0.0000,Steady,1
warn_normal,8495,7.6333,0.9687,1.0000,0.9801,0.9961,0.0000,Steady,1
warn_normal,8496,7.6500,0.9670,1.0000,0.9799,0.9961,0.0000,Steady,1
warn_normal,8497,7.6667,0.9981,1.0000,0.9802,0.9961,0.0000,Steady,1
warn_normal,8498,7.6833,0.9836,1.0000,0.9803,0.9962,0.0000,Steady,1
warn_normal,8499,7.7000,0.9601,1.0000,0.9799,0.9962,0.0000,Steady,1
warn_normal,8500,7.7167,0.9867,1.0000,0.9800,0.9962,0.0000,Steady,1
warn_normal,8501,7.7333,0.9965,1.0000,0.9803,0.9963,0.0000,Steady,1
warn_normal,8502,7.7500,0.9648,1.0000,0.9801,0.9963,0.0000,Steady,1
warn_normal,8503,7.7667,0.9714,1.0000,0.9799,0.9963,0.0000,Steady,1
warn_normal,8504,7.7833,0.9997,1.0000,0.9802,0.9963,0.0000,Steady,1
warn_normal,8505,7.8000,0.9784,1.0000,0.9802,0.9964,0.0000,Steady,1
warn_normal,8506,7.8167,0.9612,1.0000,0.9799,0.9964,0.0000,Steady,1
warn_normal,8507,7.8333,0.9914,1.0000,0.9801,0.9964,0.0000,Steady,1
warn_normal,8508,7.8500,0.9929,1.0000,0.9803,0.9965,0.0000,Steady,1
warn_normal,8509,7.8667,0.9619,1.0000,0.9800,0.9965,0.0000,Steady,1
warn_normal,8510,7.8833,0.9765,1.0000,0.9799,0.9965,0.0000,Steady,1
warn_normal,8511,7.9000,0.9999,1.0000,0.9803,0.9966,0.0000,Steady,1
warn_normal,8512,7.9167,0.9732,1.0000,0.9801,0.9966,0.0000,Steady,1
warn_normal,8513,7.9333,0.9636,1.0000,0.9799,0.9966,0.0000,Steady,1
warn_normal,8514,7.9500,0.9953,1.0000,0.9801,0.9966,0.0000,Steady,1
warn_normal,8515,7.9667,0.9885,1.0000,0.9803,0.9967,0.0000,Steady,1
warn_normal,8516,7.9833,0.9603,1.0000,0.9799,0.9967,0.0000,Steady,1
warn_normal,8517,8.0000,0.9817,1.0000,0.9800,0.9967,0.0000,Steady,1
warn_normal,8518,8.0167,0.9988,1.0000,0.9803,0.9968,0.0000,Steady,1
warn_normal,8519,8.0333,0.9685,1.0000,0.9801,0.9968,0.0000,Steady,1
warn_normal,8520,8.0500,0.9671,1.0000,0.9799,0.9968,0.0000,Steady,1
warn_normal,8521,8.0667,0.9981,1.0000,0.9802,0.9968,0.0000,Steady,1
warn_normal,8522,8.0833,0.9835,1.0000,0.9802,0.9969,0.0000,Steady,1
warn_normal,8523,8.1000,0.9601,1.0000,0.9799,0.9969,0.0000,Steady,1
warn_normal,8524,8.1167,0.9868,1.0000,0.9800,0.9969,0.0000,Steady,1
warn_normal,8525,8.1333,0.9964,1.0000,0.9803,0.9969,0.0000,Steady,1
warn_normal,8526,8.1500,0.9647,1.0000,0.9800,0.9970,0.0000,Steady,1
warn_normal,8527,8.1667,0.9716,1.0000,0.9799,0.9970,0.0000,Steady,1
warn_normal,8528,8.1833,0.9997,1.0000,0.9802,0.9970,0.0000,Steady,1
warn_normal,8529,8.2000,0.9782,1.0000,0.9802,0.9970,0.0000,Steady,1
warn_normal,8530,8.2167,0.9612,1.0000,0.9799,0.9971,0.0000,Steady,1
warn_normal,8531,8.2333,0.9915,1.0000,0.9801,0.9971,0.0000,Steady,1
warn_normal,8532,8.2500,0.9928,1.0000,0.9803,0.9971,0.0000,Steady,1
warn_normal,8533,8.2667,0.9619,1.0000,0.9800,0.9971,0.0000,Steady,1
warn_normal,8534,8.2833,0.9766,1.0000,0.9799,0.9972,0.0000,Steady,1
warn_normal,8535,8.3000,0.9999,1.0000,0.9802,0.9972,0.0000,Steady,1
warn_normal,8536,8.3167,0.9731,1.0000,0.9801,0.9972,0.0000,Steady,1
warn_normal,8537,8.3333,0.9637,1.0000,0.9798,0.9972,0.0000,Steady,1
warn_normal,8538,8.3500,0.9954,1.0000,0.9801,0.9972,0.0000,Steady,1
warn_normal,8539,8.3667,0.9884,1.0000,0.9802,0.9973,0.0000,Steady,1
warn_normal,8540,8.3833,0.9603,1.0000,0.9799,0.9973,0.0000,Steady,1
warn_normal,8541,8.4000,0.9818,1.0000,0.9799,0.9973,0.0000,Steady,1
warn_normal,8542,8.4167,0.9988,1.0000,0.9803,0.9973,0.0000,Steady,1
warn_normal,8543,8.4333,0.9684,1.0000,0.9801,0.9974,0.0000,Steady,1
warn_normal,8544,8.4500,0.9672,1.0000,0.9798,0.9974,0.0000,Steady,1
warn_normal,8545,8.4667,0.9982,1.0000,0.9801,0.9974,0.0000,Steady,1
warn_normal,8546,8.4833,0.9833,1.0000,0.9802,0.9974,0.0000,Steady,1
warn_normal,8547,8.5000,0.9601,1.0000,0.9799,0.9974,0.0000,Steady,1
warn_normal,8548,8.5167,0.9870,1.0000,0.9800,0.9975,0.0000,Steady,1
warn_normal,8549,8.5333,0.9963,1.0000,0.9803,0.9975,0.0000,Steady,1
warn_normal,8550,8.5500,0.9646,1.0000,0.9800,0.9975,0.0000,Steady,1
warn_normal,8551,8.5667,0.9717,1.0000,0.9799,0.9975,0.0000,Steady,1
warn_normal,8552,8.5833,0.9997,1.0000,0.9802,0.9976,0.0000,Steady,1
warn_normal,8553,8.6000,0.9781,1.0000,0.9802,0.9976,0.0000,Steady,1
warn_normal,8554,8.6167,0.9613,1.0000,0.9798,0.9976,0.0000,Steady,1
warn_normal,8555,8.6333,0.9916,1.0000,0.9800,0.9976,0.0000,Steady,1
warn_normal,8556,8.6500,0.9927,1.0000,0.9802,0.9976,0.0000,Steady,1
warn_normal,8557,8.6667,0.9618,1.0000,0.9799,0.9977,0.0000,Steady,1
warn_normal,8558,8.6833,0.9767,1.0000,0.9799,0.9977,0.0000,Steady,1
warn_normal,8559,8.7000,0.9999,1.0000,0.9802,0.9977,0.0000,Steady,1
warn_normal,8560,8.7167,0.9730,1.0000,0.9801,0.9977,0.0000,Steady,1
warn_normal,8561,8.7333,0.9637,1.0000,0.9798,0.9977,0.0000,Steady,1
warn_normal,8562,8.7500,0.9954,1.0000,0.9801,0.9977,0.0000,Steady,1
warn_normal,8563,8.7667,0.9882,1.0000,0.9802,0.9978,0.0000,Steady,1
warn_normal,8564,8.7833,0.9603,1.0000,0.9799,0.9978,0.0000,Steady,1
warn_normal,8565,8.8000,0.9820,1.0000,0.9799,0.9978,0.0000,Steady,1
warn_normal,8566,8.8167,0.9987,1.0000,0.9802,0.9978,0.0000,Steady,1
warn_normal,8567,8.8333,0.9683,1.0000,0.9800,0.9978,0.0000,Steady,1
warn_normal,8568,8.8500,0.9673,1.0000,0.9798,0.9979,0.0000,Steady,1
warn_normal,8569,8.8667,0.9982,1.0000,0.9801,0.9979,0.0000,Steady,1
warn_normal,8570,8.8833,0.9832,1.0000,0.9802,0.9979,0.0000,Steady,1
warn_normal,8571,8.9000,0.9601,1.0000,0.9799,0.9979,0.0000,Steady,1
warn_normal,8572,8.9167,0.9871,1.0000,0.9800,0.9979,0.0000,Steady,1
warn_normal,8573,8.9333,0.9962,1.0000,0.9802,0.9979,0.0000,Steady,1
warn_normal,8574,8.9500,0.9645,1.0000,0.9800,0.9980,0.0000,Steady,1
warn_normal,8575,8.9667,0.9718,1.0000,0.9798,0.9980,0.0000,Steady,1
warn_normal,8576,8.9833,0.9997,1.0000,0.9802,0.9980,0.0000,Steady,1
warn_normal,8577,9.0000,0.9780,1.0000,0.9801,0.9980,0.0000,Steady,1
warn_calm,8578,0.0167,0.9325,1.0000,0.9793,0.9980,0.0000,Steady,1
warn_calm,8579,0.0333,0.9322,1.0000,0.9786,0.9980,0.0000,Steady,1
warn_calm,8580,0.0500,0.9033,1.0000,0.9773,0.9981,0.0000,Steady,1
warn_calm,8581,0.0667,0.8463,1.0000,0.9752,0.9981,0.0000,Steady,1
warn_calm,8582,0.0833,0.8303,1.0000,0.9728,0.9981,0.0000,Steady,1
warn_calm,8583,0.1000,0.8199,1.0000,0.9702,0.9981,0.0000,Steady,1
warn_calm,8584,0.1167,0.7685,1.0000,0.9669,0.9981,0.0000,Steady,1
warn_calm,8585,0.1333,0.7325,1.0000,0.9630,0.9981,0.0000,Steady,1
warn_calm,8586,0.1500,0.7267,1.0000,0.9591,0.9982,0.0000,Steady,1
warn_calm,8587,0.1667,0.6917,1.0000,0.9547,0.9982,0.0000,Steady,1
warn_calm,8588,0.1833,0.6434,1.0000,0.9496,0.9982,0.0000,Steady,1
warn_calm,8589,0.2000,0.6285,1.0000,0.9443,0.9982,0.0000,Steady,1
warn_calm,8590,0.2167,0.6092,1.0000,0.9387,0.9982,0.0000,Steady,1
warn_calm,8591,0.2333,0.5616,1.0000,0.9325,0.9982,0.0000,Steady,1
warn_calm,8592,0.2500,0.5321,1.0000,0.9259,0.9982,0.0000,Steady,1
warn_calm,8593,0.2667,0.5191,1.0000,0.9191,0.9983,0.0000,Steady,1
warn_calm,8594,0.2833,0.4817,1.0000,0.9119,0.9983,0.0000,Steady,1
warn_calm,8595,0.3000,0.4417,1.0000,0.9041,0.9983,0.0000,Steady,1
warn_calm,8596,0.3167,0.4245,1.0000,0.8962,0.9983,0.0000,Steady,1
warn_calm,8597,0.3333,0.3985,0.9890,0.8880,0.9962,0.0000,Steady,1
warn_calm,8598,0.3500,0.3568,0.9548,0.8792,0.9942,0.0000,Steady,1
warn_calm,8599,0.3667,0.3305,0.9108,0.8701,0.9921,0.0000,Steady,1
warn_calm,8600,0.3833,0.3099,0.8920,0.8609,0.9901,0.0000,Steady,1
warn_calm,8601,0.4000,0.2738,0.8726,0.8512,0.9880,0.0000,Steady,1
warn_calm,8602,0.4167,0.2403,0.8287,0.8411,0.9860,0.0000,Steady,1
warn_calm,8603,0.4333,0.2182,0.7952,0.8308,0.9840,0.0000,Steady,1
warn_calm,8604,0.4500,0.1886,0.7819,0.8202,0.9820,0.0000,Steady,1
warn_calm,8605,0.4667,0.1539,0.7501,0.8092,0.9800,0.0000,Steady,1
warn_calm,8606,0.4833,0.1270,0.7054,0.7979,0.9780,0.0000,Steady,1
warn_calm,8607,0.5000,0.1000,0.6847,0.7863,0.9760,0.0000,Steady,1
warn_calm,8608,0.5167,0.0973,0.6965,0.7750,0.9740,0.0000,Steady,1
warn_calm,8609,0.5333,0.0964,0.6818,0.7637,0.9720,0.0000,Steady,1
warn_calm,8610,0.5500,0.0996,0.6776,0.7528,0.9701,0.0000,Steady,1
warn_calm,8611,0.5667,0.1284,0.7242,0.7424,0.9681,0.0000,Steady,1
warn_calm,8612,0.5833,0.1536,0.7476,0.7327,0.9662,0.0000,Steady,1
warn_calm,8613,0.6000,0.1866,0.7638,0.7237,0.9642,0.0000,Steady,1
warn_calm,8614,0.6167,0.2197,0.8074,0.7154,0.9623,0.0000,Steady,1
warn_calm,8615,0.6333,0.2420,0.8410,0.7075,0.9604,0.0000,Steady,1
warn_calm,8616,0.6500,0.2709,0.8536,0.7003,0.9584,0.0000,Steady,1
warn_calm,8617,0.6667,0.3095,0.8893,0.6939,0.9565,0.0000,Steady,1
warn_calm,8618,0.6833,0.3342,0.9318,0.6879,0.9546,0.0000,Steady,1
warn_calm,8619,0.7000,0.3264,0.9177,0.6819,0.9527,0.0000,Steady,1
warn_calm,8620,0.7167,0.3061,0.8828,0.6757,0.9508,0.0000,Steady,1
warn_calm,8621,0.7333,0.2789,0.8695,0.6692,0.9490,0.0000,Steady,1
warn_calm,8622,0.7500,0.2411,0.8390,0.6621,0.9471,0.0000,Steady,1
warn_calm,8623,0.7667,0.2139,0.7941,0.6547,0.9452,0.0000,Steady,1
warn_calm,8624,0.7833,0.1900,0.7721,0.6470,0.9434,0.0000,Steady,1
warn_calm,8625,0.8000,0.1564,0.7552,0.6389,0.9415,0.0000,Steady,1
warn_calm,8626,0.8167,0.1250,0.7133,0.6304,0.9397,0.0000,Steady,1
warn_calm,8627,0.8333,0.0992,0.6762,0.6216,0.9378,0.0000,Steady,1
warn_calm,8628,0.8500,0.0992,0.6926,0.6130,0.9360,0.0000,Steady,1
warn_calm,8629,0.8667,0.0962,0.6923,0.6044,0.9342,0.0000,Steady,1
warn_calm,8630,0.8833,0.0977,0.6761,0.5961,0.9324,0.0000,Steady,1
warn_calm,8631,0.9000,0.1300,0.7148,0.5884,0.9306,0.0000,Steady,1
warn_calm,8632,0.9167,0.1556,0.7549,0.5812,0.9288,0.0000,Steady,1
warn_calm,8633,0.9333,0.1832,0.7685,0.5746,0.9270,0.0000,Steady,1
warn_calm,8634,0.9500,0.2191,0.7972,0.5688,0.9252,0.0000,Steady,1
warn_calm,8635,0.9667,0.2470,0.8427,0.5634,0.9234,0.0000,Steady,1
warn_calm,8636,0.9833,0.2689,0.8627,0.5586,0.9216,0.0000,Steady,1
warn_calm,8637,1.0000,0.3045,0.8817,0.5544,0.9199,0.0000,Steady,1
warn_calm,8638,1.0167,0.3395,0.9272,0.5508,0.9199,0.0000,Steady,1
warn_calm,8639,1.0333,0.3291,0.9281,0.5471,0.9200,0.0001,Steady,1
warn_calm,8640,1.0500,0.3000,0.8826,0.5431,0.9182,0.0008,Steady,1
warn_calm,8641,1.0667,0.2796,0.8594,0.5387,0.9165,0.0021,Steady,1
warn_calm,8642,1.0833,0.2457,0.8433,0.5339,0.9147,0.0043,Steady,1
warn_calm,8643,1.1000,0.2112,0.8024,0.5285,0.9130,0.0076,Steady,1
warn_calm,8644,1.1167,0.1876,0.7644,0.5229,0.9113,0.0120,Steady,1
warn_calm,8645,1.1333,0.1594,0.7500,0.5169,0.9095,0.0177,Steady,1
warn_calm,8646,1.1500,0.1254,0.7232,0.5104,0.9078,0.0249,Steady,1
warn_calm,8647,1.1667,0.0972,0.6774,0.5036,0.9061,0.0332,Steady,1
warn_calm,8648,1.1833,0.1000,0.6822,0.4969,0.9044,0.0416,Steady,1
warn_calm,8649,1.2000,0.0978,0.6966,0.4903,0.9027,0.0499,Steady,1
warn_calm,8650,1.2167,0.0961,0.6844,0.4838,0.9010,0.0582,Steady,1
warn_calm,8651,1.2333,0.1290,0.7060,0.4779,0.8993,0.0666,Steady,1
warn_calm,8652,1.2500,0.1588,0.7522,0.4727,0.8976,0.0749,Steady,1
warn_calm,8653,1.2667,0.1827,0.7788,0.4679,0.8960,0.0832,Steady,1
warn_calm,8654,1.2833,0.2150,0.7934,0.4637,0.8943,0.0916,Steady,1
warn_calm,8655,1.3000,0.2500,0.8349,0.4602,0.8926,0.0999,Steady,1
warn_calm,8656,1.3167,0.2723,0.8715,0.4571,0.8910,0.1082,Steady,1
warn_calm,8657,1.3333,0.2989,0.8841,0.4544,0.8893,0.1166,Steady,1
warn_calm,8658,1.3500,0.3386,0.9167,0.4525,0.8895,0.1249,Steady,1
warn_calm,8659,1.3667,0.3358,0.9317,0.4506,0.8899,0.1332,Steady,1
warn_calm,8660,1.3833,0.2977,0.8915,0.4481,0.8899,0.1416,Steady,1
warn_calm,8661,1.4000,0.2751,0.8523,0.4452,0.8883,0.1499,Steady,1
warn_calm,8662,1.4167,0.2496,0.8374,0.4420,0.8866,0.1582,Steady,1
warn_calm,8663,1.4333,0.2129,0.8119,0.4382,0.8850,0.1666,Steady,1
warn_calm,8664,1.4500,0.1839,0.7664,0.4340,0.8834,0.1749,Steady,1
warn_calm,8665,1.4667,0.1598,0.7397,0.4295,0.8817,0.1832,Steady,1
warn_calm,8666,1.4833,0.1277,0.7254,0.4245,0.8801,0.1916,Steady,1
warn_calm,8667,1.5000,0.0960,0.6871,0.4190,0.8785,0.1999,Steady,1
warn_calm,8668,1.5167,0.0988,0.6755,0.4137,0.8769,0.2082,Steady,1
warn_calm,8669,1.5333,0.0996,0.6904,0.4086,0.8753,0.2166,Steady,1
warn_calm,8670,1.5500,0.0964,0.6942,0.4034,0.8737,0.2249,Steady,1
warn_calm,8671,1.5667,0.1264,0.7065,0.3988,0.8721,0.2332,Steady,1
warn_calm,8672,1.5833,0.1600,0.7422,0.3949,0.8705,0.2416,Steady,1
warn_calm,8673,1.6000,0.1857,0.7845,0.3914,0.8690,0.2499,Steady,1
warn_calm,8674,1.6167,0.2115,0.7997,0.3884,0.8674,0.2582,Steady,1
warn_calm,8675,1.6333,0.2480,0.8251,0.3861,0.8658,0.2666,Steady,1
warn_calm,8676,1.6500,0.2778,0.8713,0.3843,0.8659,0.2749,Steady,1
warn_calm,8677,1.6667,0.2981,0.8941,0.3829,0.8661,0.2832,Steady,1
warn_calm,8678,1.6833,0.3323,0.9106,0.3821,0.8665,0.2916,Steady,1
warn_calm,8679,1.7000,0.3399,0.9249,0.3814,0.8670,0.2999,Steady,1
warn_calm,8680,1.7167,0.3014,0.9007,0.3800,0.8672,0.3082,Steady,1
warn_calm,8681,1.7333,0.2700,0.8552,0.3782,0.8657,0.3166,Steady,1
warn_calm,8682,1.7500,0.2490,0.8272,0.3761,0.8641,0.3249,Steady,1
warn_calm,8683,1.7667,0.2173,0.8132,0.3735,0.8626,0.3332,Steady,1
warn_calm,8684,1.7833,0.1824,0.7762,0.3703,0.8610,0.3416,Steady,1
warn_calm,8685,1.8000,0.1572,0.7344,0.3668,0.8595,0.3499,Steady,1
warn_calm,8686,1.8167,0.1298,0.7177,0.3629,0.8579,0.3582,Steady,1
warn_calm,8687,1.8333,0.0968,0.6957,0.3585,0.8564,0.3666,Steady,1
warn_calm,8688,1.8500,0.0968,0.6792,0.3541,0.8549,0.3749,Steady,1
warn_calm,8689,1.8667,0.0999,0.6798,0.3499,0.8534,0.3832,Steady,1
warn_calm,8690,1.8833,0.0983,0.6960,0.3458,0.8518,0.3916,Steady,1
warn_calm,8691,1.9000,0.1248,0.7158,0.3421,0.8503,0.3999,Steady,1
warn_calm,8692,1.9167,0.1580,0.7348,0.3391,0.8488,0.4082,Steady,1
warn_calm,8693,1.9333,0.1892,0.7800,0.3366,0.8473,0.4166,Steady,1
warn_calm,8694,1.9500,0.2121,0.8099,0.3346,0.8458,0.4249,Steady,1
warn_calm,8695,1.9667,0.2431,0.8232,0.3330,0.8444,0.4332,Steady,1
warn_calm,8696,1.9833,0.2800,0.8623,0.3322,0.8445,0.4416,Steady,1
warn_calm,8697,2.0000,0.3029,0.9018,0.3317,0.8450,0.4499,Steady,1
warn_calm,8698,2.0167,0.3269,0.9150,0.3316,0.8456,0.4582,Steady,1
warn_calm,8699,2.0333,0.3374,0.9145,0.3317,0.8461,0.4666,Steady,1
warn_calm,8700,2.0500,0.3075,0.9011,0.3313,0.8466,0.4749,Steady,1
warn_calm,8701,2.0667,0.2692,0.8652,0.3303,0.8467,0.4832,Steady,1
warn_calm,8702,2.0833,0.2444,0.8227,0.3289,0.8453,0.4894,Steady,1
warn_calm,8703,2.1000,0.2200,0.8050,0.3271,0.8438,0.4942,Steady,1
warn_calm,8704,2.1167,0.1847,0.7840,0.3247,0.8423,0.5006,Steady,1
warn_calm,8705,2.1333,0.1543,0.7394,0.3219,0.8408,0.5085,Steady,1
warn_calm,8706,2.1500,0.1295,0.7077,0.3187,0.8393,0.5168,Steady,1
warn_calm,8707,2.1667,0.0987,0.6947,0.3151,0.8379,0.5251,Steady,1
warn_calm,8708,2.1833,0.0960,0.6897,0.3114,0.8364,0.5335,Steady,1
warn_calm,8709,2.2000,0.0983,0.6754,0.3079,0.8350,0.5418,Steady,1
warn_calm,8710,2.2167,0.0998,0.6878,0.3045,0.8335,0.5501,Steady,1
warn_calm,8711,2.2333,0.1258,0.7247,0.3015,0.8321,0.5585,Steady,1
warn_calm,8712,2.2500,0.1549,0.7373,0.2991,0.8306,0.5668,Steady,1
warn_calm,8713,2.2667,0.1897,0.7698,0.2973,0.8292,0.5747,Steady,1
warn_calm,8714,2.2833,0.2161,0.8139,0.2960,0.8278,0.5776,Steady,1
warn_calm,8715,2.3000,0.2401,0.8310,0.2950,0.8278,0.5802,Steady,1
warn_calm,8716,2.3167,0.2766,0.8533,0.2947,0.8280,0.5812,Steady,1
warn_calm,8717,2.3333,0.3087,0.8996,0.2950,0.8286,0.5812,Steady,1
warn_calm,8718,2.3500,0.3278,0.9255,0.2955,0.8294,0.5812,Steady,1
warn_calm,8719,2.3667,0.3599,0.9399,0.2966,0.8303,0.5812,Steady,1
warn_calm,8720,2.3833,0.3999,0.9823,0.2983,0.8316,0.5812,Steady,1
warn_calm,8721,2.4000,0.4202,1.0000,0.3003,0.8330,0.5812,Steady,1
warn_calm,8722,2.4167,0.4423,1.0000,0.3026,0.8344,0.5812,Steady,1
warn_calm,8723,2.4333,0.4863,1.0000,0.3057,0.8357,0.5812,Steady,1
warn_calm,8724,2.4500,0.5158,1.0000,0.3091,0.8371,0.5812,Steady,1
warn_calm,8725,2.4667,0.5288,1.0000,0.3128,0.8384,0.5812,Steady,1
warn_calm,8726,2.4833,0.5671,1.0000,0.3170,0.8398,0.5812,Steady,1
warn_calm,8727,2.5000,0.6099,1.0000,0.3218,0.8411,0.5812,Steady,1
warn_calm,8728,2.5167,0.6221,1.0000,0.3268,0.8424,0.5812,Steady,1
warn_calm,8729,2.5333,0.6461,1.0000,0.3321,0.8437,0.5812,Steady,1
warn_calm,8730,2.5500,0.6972,1.0000,0.3381,0.8450,0.5812,Steady,1
warn_calm,8731,2.5667,0.7208,1.0000,0.3444,0.8463,0.5812,Steady,1
warn_calm,8732,2.5833,0.7297,1.0000,0.3508,0.8476,0.5812,Steady,1
warn_calm,8733,2.6000,0.7765,1.0000,0.3578,0.8489,0.5812,Steady,1
warn_calm,8734,2.6167,0.8186,1.0000,0.3654,0.8501,0.5812,Steady,1
warn_calm,8735,2.6333,0.8224,1.0000,0.3730,0.8514,0.5812,Steady,1
warn_calm,8736,2.6500,0.8519,1.0000,0.3809,0.8526,0.5812,Steady,1
warn_calm,8737,2.6667,0.9087,1.0000,0.3896,0.8538,0.5812,Steady,1
warn_calm,8738,2.6833,0.9233,1.0000,0.3985,0.8550,0.5812,Steady,1
warn_calm,8739,2.7000,0.9314,1.0000,0.4073,0.8562,0.5812,Steady,1
warn_calm,8740,2.7167,0.9880,1.0000,0.4169,0.8574,0.5812,Steady,1
warn_calm,8741,2.7333,0.9956,1.0000,0.4264,0.8586,0.5812,Steady,1
warn_calm,8742,2.7500,0.9639,1.0000,0.4353,0.8598,0.5812,Steady,1
warn_calm,8743,2.7667,0.9727,1.0000,0.4442,0.8610,0.5812,Steady,1
warn_calm,8744,2.7833,0.9999,1.0000,0.4534,0.8621,0.5812,Steady,1
warn_calm,8745,2.8000,0.9770,1.0000,0.4620,0.8633,0.5812,Steady,1
warn_calm,8746,2.8167,0.9617,1.0000,0.4703,0.8644,0.5812,Steady,1
warn_calm,8747,2.8333,0.9925,1.0000,0.4789,0.8655,0.5812,Steady,1
warn_calm,8748,2.8500,0.9918,1.0000,0.4874,0.8666,0.5812,Steady,1
warn_calm,8749,2.8667,0.9614,1.0000,0.4952,0.8677,0.5812,Steady,1
warn_calm,8750,2.8833,0.9778,1.0000,0.5032,0.8688,0.5812,Steady,1
warn_calm,8751,2.9000,0.9998,1.0000,0.5114,0.8699,0.5812,Steady,1
warn_calm,8752,2.9167,0.9719,1.0000,0.5190,0.8710,0.5812,Steady,1
warn_calm,8753,2.9333,0.9644,1.0000,0.5264,0.8721,0.5812,Steady,1
warn_calm,8754,2.9500,0.9961,1.0000,0.5342,0.8731,0.5812,Steady,1
warn_calm,8755,2.9667,0.9872,1.0000,0.5416,0.8742,0.5812,Steady,1
warn_calm,8756,2.9833,0.9601,1.0000,0.5486,0.8752,0.5812,Steady,1
warn_calm,8757,3.0000,0.9831,1.0000,0.5557,0.8763,0.5812,Steady,1
warn_calm,8758,3.0167,0.9983,1.0000,0.5631,0.8773,0.5812,Steady,1
warn_calm,8759,3.0333,0.9674,1.0000,0.5697,0.8783,0.5812,Steady,1
warn_calm,8760,3.0500,0.9682,1.0000,0.5763,0.8793,0.5812,Steady,1
warn_calm,8761,3.0667,0.9987,1.0000,0.5833,0.8803,0.5812,Steady,1
warn_calm,8762,3.0833,0.9821,1.0000,0.5899,0.8813,0.5812,Steady,1
warn_calm,8763,3.1000,0.9602,1.0000,0.5960,0.8823,0.5812,Steady,1
warn_calm,8764,3.1167,0.9881,1.0000,0.6025,0.8833,0.5812,Steady,1
warn_calm,8765,3.1333,0.9956,1.0000,0.6090,0.8842,0.5812,Steady,1
warn_calm,8766,3.1500,0.9638,1.0000,0.6149,0.8852,0.5812,Steady,1
warn_calm,8767,3.1667,0.9728,1.0000,0.6208,0.8862,0.5812,Steady,1
warn_calm,8768,3.1833,0.9999,1.0000,0.6270,0.8871,0.5812,Steady,1
warn_calm,8769,3.2000,0.9769,1.0000,0.6328,0.8880,0.5812,Steady,1
warn_calm,8770,3.2167,0.9617,1.0000,0.6383,0.8890,0.5812,Steady,1
warn_calm,8771,3.2333,0.9926,1.0000,0.6441,0.8899,0.5812,Steady,1
warn_calm,8772,3.2500,0.9917,1.0000,0.6499,0.8908,0.5812,Steady,1
warn_calm,8773,3.2667,0.9613,1.0000,0.6550,0.8917,0.5812,Steady,1
warn_calm,8774,3.2833,0.9779,1.0000,0.6604,0.8926,0.5812,Steady,1
warn_calm,8775,3.3000,0.9997,1.0000,0.6660,0.8935,0.5812,Steady,1
warn_calm,8776,3.3167,0.9718,1.0000,0.6710,0.8944,0.5812,Steady,1
warn_calm,8777,3.3333,0.9645,1.0000,0.6759,0.8953,0.5812,Steady,1
warn_calm,8778,3.3500,0.9962,1.0000,0.6812,0.8961,0.5812,Steady,1
warn_calm,8779,3.3667,0.9871,1.0000,0.6862,0.8970,0.5812,Steady,1
warn_calm,8780,3.3833,0.9601,1.0000,0.6907,0.8978,0.5812,Steady,1
warn_calm,8781,3.4000,0.9832,1.0000,0.6956,0.8987,0.5812,Steady,1
warn_calm,8782,3.4167,0.9982,1.0000,0.7006,0.8995,0.5812,Steady,1
warn_calm,8783,3.4333,0.9673,1.0000,0.7050,0.9004,0.5812,Steady,1
warn_calm,8784,3.4500,0.9683,1.0000,0.7093,0.9012,0.5812,Steady,1
warn_calm,8785,3.4667,0.9987,1.0000,0.7141,0.9020,0.5812,Steady,1
warn_calm,8786,3.4833,0.9820,1.0000,0.7186,0.9028,0.5812,Steady,1
warn_calm,8787,3.5000,0.9603,1.0000,0.7226,0.9036,0.5812,Steady,1
warn_calm,8788,3.5167,0.9882,1.0000,0.7269,0.9044,0.5812,Steady,1
warn_calm,8789,3.5333,0.9955,1.0000,0.7314,0.9052,0.5812,Steady,1
warn_calm,8790,3.5500,0.9637,1.0000,0.7352,0.9060,0.5812,Steady,1
warn_calm,8791,3.5667,0.9730,1.0000,0.7392,0.9068,0.5812,Steady,1
warn_calm,8792,3.5833,0.9999,1.0000,0.7435,0.9076,0.5812,Steady,1
warn_calm,8793,3.6000,0.9767,1.0000,0.7473,0.9083,0.5812,Steady,1
warn_calm,8794,3.6167,0.9618,1.0000,0.7509,0.9091,0.5812,Steady,1
warn_calm,8795,3.6333,0.9927,1.0000,0.7549,0.9098,0.5812,Steady,1
warn_calm,8796,3.6500,0.9916,1.0000,0.7588,0.9106,0.5812,Steady,1
warn_calm,8797,3.6667,0.9613,1.0000,0.7621,0.9113,0.5812,Steady,1
warn_calm,8798,3.6833,0.9781,1.0000,0.7657,0.9121,0.5812,Steady,1
warn_calm,8799,3.7000,0.9997,1.0000,0.7696,0.9128,0.5812,Steady,1
warn_calm,8800,3.7167,0.9717,1.0000,0.7729,0.9135,0.5812,Steady,1
warn_calm,8801,3.7333,0.9646,1.0000,0.7761,0.9142,0.5812,Steady,1
warn_calm,8802,3.7500,0.9963,1.0000,0.7797,0.9150,0.5812,Steady,1
warn_calm,8803,3.7667,0.9870,1.0000,0.7831,0.9157,0.5812,Steady,1
warn_calm,8804,3.7833,0.9601,1.0000,0.7861,0.9164,0.5812,Steady,1
warn_calm,8805,3.8000,0.9834,1.0000,0.7893,0.9171,0.5812,Steady,1
warn_calm,8806,3.8167,0.9982,1.0000,0.7928,0.9177,0.5812,Steady,1
warn_calm,8807,3.8333,0.9672,1.0000,0.7957,0.9184,0.5729,Steady,1
warn_calm,8808,3.8500,0.9684,1.0000,0.7985,0.9191,0.5646,Steady,1
warn_calm,8809,3.8667,0.9988,1.0000,0.8018,0.9198,0.5562,Steady,1
warn_calm,8810,3.8833,0.9818,1.0000,0.8048,0.9204,0.5479,Steady,1
warn_calm,8811,3.9000,0.9603,1.0000,0.8074,0.9211,0.5396,Steady,1
warn_calm,8812,3.9167,0.9884,1.0000,0.8104,0.9218,0.5312,Steady,1
warn_calm,8813,3.9333,0.9954,1.0000,0.8134,0.9224,0.5229,Steady,1
warn_calm,8814,3.9500,0.9637,1.0000,0.8159,0.9231,0.5146,Steady,1
warn_calm,8815,3.9667,0.9731,1.0000,0.8185,0.9237,0.5062,Steady,1
warn_calm,8816,3.9833,0.9999,1.0000,0.8215,0.9243,0.4979,Steady,1
warn_calm,8817,4.0000,0.9766,1.0000,0.8241,0.9250,0.4896,Steady,1
warn_calm,8818,4.0167,0.9618,1.0000,0.8263,0.9256,0.4812,Steady,1
warn_calm,8819,4.0333,0.9928,1.0000,0.8291,0.9262,0.4729,Steady,1
warn_calm,8820,4.0500,0.9915,1.0000,0.8318,0.9268,0.4646,Steady,1
warn_calm,8821,4.0667,0.9612,1.0000,0.8339,0.9274,0.4562,Steady,1
warn_calm,8822,4.0833,0.9782,1.0000,0.8363,0.9280,0.4479,Steady,1
warn_calm,8823,4.1000,0.9997,1.0000,0.8390,0.9286,0.4396,Steady,1
warn_calm,8824,4.1167,0.9716,1.0000,0.8412,0.9292,0.4312,Steady,1
warn_calm,8825,4.1333,0.9647,1.0000,0.8432,0.9298,0.4229,Steady,1
warn_calm,8826,4.1500,0.9964,1.0000,0.8458,0.9304,0.4146,Steady,1
warn_calm,8827,4.1667,0.9868,1.0000,0.8481,0.9310,0.4062,Steady,1
warn_calm,8828,4.1833,0.9601,1.0000,0.8499,0.9315,0.3979,Steady,1
warn_calm,8829,4.2000,0.9835,1.0000,0.8522,0.9321,0.3896,Steady,1
warn_calm,8830,4.2167,0.9981,1.0000,0.8546,0.9327,0.3812,Steady,1
warn_calm,8831,4.2333,0.9671,1.0000,0.8564,0.9332,0.3729,Steady,1
warn_calm,8832,4.2500,0.9686,1.0000,0.8583,0.9338,0.3646,Steady,1
warn_calm,8833,4.2667,0.9988,1.0000,0.8606,0.9343,0.3562,Steady,1
warn_calm,8834,4.2833,0.9817,1.0000,0.8626,0.9349,0.3479,Steady,1
warn_calm,8835,4.3000,0.9603,1.0000,0.8642,0.9354,0.3396,Steady,1
warn_calm,8836,4.3167,0.9885,1.0000,0.8663,0.9359,0.3312,Steady,1
warn_calm,8837,4.3333,0.9953,1.0000,0.8684,0.9365,0.3229,Steady,1
warn_calm,8838,4.3500,0.9636,1.0000,0.8700,0.9370,0.3146,Steady,1
warn_calm,8839,4.3667,0.9732,1.0000,0.8717,0.9375,0.3062,Steady,1
warn_calm,8840,4.3833,0.9999,1.0000,0.8738,0.9380,0.2979,Steady,1
warn_calm,8841,4.4000,0.9764,1.0000,0.8755,0.9386,0.2896,Steady,1
warn_calm,8842,4.4167,0.9619,1.0000,0.8769,0.9391,0.2812,Steady,1
warn_calm,8843,4.4333,0.9929,1.0000,0.8788,0.9396,0.2729,Steady,1
warn_calm,8844,4.4500,0.9914,1.0000,0.8807,0.9401,0.2646,Steady,1
warn_calm,8845,4.4667,0.9612,1.0000,0.8820,0.9406,0.2562,Steady,1
warn_calm,8846,4.4833,0.9784,1.0000,0.8836,0.9411,0.2479,Steady,1
warn_calm,8847,4.5000,0.9997,1.0000,0.8855,0.9416,0.2396,Steady,1
warn_calm,8848,4.5167,0.9714,1.0000,0.8870,0.9420,0.2312,Steady,1
warn_calm,8849,4.5333,0.9648,1.0000,0.8883,0.9425,0.2229,Steady,1
warn_calm,8850,4.5500,0.9965,1.0000,0.8900,0.9430,0.2146,Steady,1
warn_calm,8851,4.5667,0.9867,1.0000,0.8916,0.9435,0.2062,Steady,1
warn_calm,8852,4.5833,0.9601,1.0000,0.8928,0.9439,0.1979,Steady,1
warn_calm,8853,4.6000,0.9836,1.0000,0.8943,0.9444,0.1896,Steady,1
warn_calm,8854,4.6167,0.9981,1.0000,0.8960,0.9449,0.1812,Steady,1
warn_calm,8855,4.6333,0.9670,1.0000,0.8972,0.9453,0.1729,Steady,1
warn_calm,8856,4.6500,0.9687,1.0000,0.8983,0.9458,0.1646,Steady,1
warn_calm,8857,4.6667,0.9989,1.0000,0.9000,0.9462,0.1562,Steady,1
warn_calm,8858,4.6833,0.9816,1.0000,0.9014,0.9467,0.1479,Steady,1
warn_calm,8859,4.7000,0.9603,1.0000,0.9023,0.9471,0.1396,Steady,1
warn_calm,8860,4.7167,0.9886,1.0000,0.9038,0.9476,0.1312,Steady,1
warn_calm,8861,4.7333,0.9952,1.0000,0.9053,0.9480,0.1229,Steady,1
warn_calm,8862,4.7500,0.9635,1.0000,0.9062,0.9484,0.1146,Steady,1
warn_calm,8863,4.7667,0.9734,1.0000,0.9073,0.9488,0.1062,Steady,1
warn_calm,8864,4.7833,0.9999,1.0000,0.9089,0.9493,0.0979,Steady,1
warn_calm,8865,4.8000,0.9763,1.0000,0.9100,0.9497,0.0896,Steady,1
warn_calm,8866,4.8167,0.9620,1.0000,0.9108,0.9501,0.0812,Steady,1
warn_calm,8867,4.8333,0.9930,1.0000,0.9122,0.9505,0.0729,Steady,1
warn_calm,8868,4.8500,0.9913,1.0000,0.9135,0.9509,0.0646,Steady,1
warn_calm,8869,4.8667,0.9611,1.0000,0.9143,0.9513,0.0562,Steady,1
warn_calm,8870,4.8833,0.9785,1.0000,0.9154,0.9517,0.0479,Steady,1
warn_calm,8871,4.9000,0.9996,1.0000,0.9167,0.9521,0.0396,Steady,1
warn_calm,8872,4.9167,0.9713,1.0000,0.9176,0.9525,0.0312,Steady,1
warn_calm,8873,4.9333,0.9649,1.0000,0.9184,0.9529,0.0229,Steady,1
warn_calm,8874,4.9500,0.9965,1.0000,0.9197,0.9533,0.0146,Steady,1
warn_calm,8875,4.9667,0.9866,1.0000,0.9208,0.9537,0.0062,Steady,1
warn_calm,8876,4.9833,0.9601,1.0000,0.9215,0.9541,0.0000,Steady,1
warn_calm,8877,5.0000,0.9838,1.0000,0.9225,0.9545,0.0000,Steady,1
warn_calm,8878,5.0167,0.9980,1.0000,0.9238,0.9549,0.0000,Steady,1
warn_calm,8879,5.0333,0.9669,1.0000,0.9245,0.9552,0.0000,Steady,1
warn_calm,8880,5.0500,0.9688,1.0000,0.9252,0.9556,0.0000,Steady,1
warn_calm,8881,5.0667,0.9989,1.0000,0.9264,0.9560,0.0000,Steady,1
warn_calm,8882,5.0833,0.9814,1.0000,0.9273,0.9563,0.0000,Steady,1
warn_calm,8883,5.1000,0.9604,1.0000,0.9279,0.9567,0.0000,Steady,1
warn_calm,8884,5.1167,0.9887,1.0000,0.9289,0.9571,0.0000,Steady,1
warn_calm,8885,5.1333,0.9951,1.0000,0.9300,0.9574,0.0000,Steady,1
warn_calm,8886,5.1500,0.9634,1.0000,0.9305,0.9578,0.0000,Steady,1
warn_calm,8887,5.1667,0.9735,1.0000,0.9312,0.9581,0.0000,Steady,1
warn_calm,8888,5.1833,1.0000,1.0000,0.9324,0.9585,0.0000,Steady,1
warn_calm,8889,5.2000,0.9761,1.0000,0.9331,0.9588,0.0000,Steady,1
warn_calm,8890,5.2167,0.9620,1.0000,0.9336,0.9592,0.0000,Steady,1
warn_calm,8891,5.2333,0.9931,1.0000,0.9346,0.9595,0.0000,Steady,1
warn_calm,8892,5.2500,0.9912,1.0000,0.9355,0.9598,0.0000,Steady,1
warn_calm,8893,5.2667,0.9611,1.0000,0.9359,0.9602,0.0000,Steady,1
warn_calm,8894,5.2833,0.9787,1.0000,0.9366,0.9605,0.0000,Steady,1
warn_calm,8895,5.3000,0.9996,1.0000,0.9377,0.9608,0.0000,Steady,1
warn_calm,8896,5.3167,0.9712,1.0000,0.9382,0.9611,0.0000,Steady,1
warn_calm,8897,5.3333,0.9649,1.0000,0.9387,0.9615,0.0000,Steady,1
warn_calm,8898,5.3500,0.9966,1.0000,0.9396,0.9618,0.0000,Steady,1
warn_calm,8899,5.3667,0.9864,1.0000,0.9404,0.9621,0.0000,Steady,1
warn_calm,8900,5.3833,0.9600,1.0000,0.9407,0.9624,0.0000,Steady,1
warn_calm,8901,5.4000,0.9839,1.0000,0.9414,0.9627,0.0000,Steady,1
warn_calm,8902,5.4167,0.9979,1.0000,0.9424,0.9630,0.0000,Steady,1
warn_calm,8903,5.4333,0.9668,1.0000,0.9428,0.9633,0.0000,Steady,1
warn_calm,8904,5.4500,0.9689,1.0000,0.9432,0.9637,0.0000,Steady,1
warn_calm,8905,5.4667,0.9990,1.0000,0.9441,0.9640,0.0000,Steady,1
warn_calm,8906,5.4833,0.9813,1.0000,0.9447,0.9643,0.0000,Steady,1
warn_calm,8907,5.5000,0.9604,1.0000,0.9450,0.9645,0.0000,Steady,1
warn_calm,8908,5.5167,0.9889,1.0000,0.9457,0.9648,0.0000,Steady,1
warn_calm,8909,5.5333,0.9950,1.0000,0.9465,0.9651,0.0000,Steady,1
warn_calm,8910,5.5500,0.9633,1.0000,0.9468,0.9654,0.0000,Steady,1
warn_calm,8911,5.5667,0.9736,1.0000,0.9473,0.9657,0.0000,Steady,1
warn_calm,8912,5.5833,1.0000,1.0000,0.9481,0.9660,0.0000,Steady,1
warn_calm,8913,5.6000,0.9760,1.0000,0.9486,0.9663,0.0000,Steady,1
warn_calm,8914,5.6167,0.9621,1.0000,0.9488,0.9666,0.0000,Steady,1
warn_calm,8915,5.6333,0.9933,1.0000,0.9495,0.9668,0.0000,Steady,1
warn_calm,8916,5.6500,0.9911,1.0000,0.9502,0.9671,0.0000,Steady,1
warn_calm,8917,5.6667,0.9610,1.0000,0.9504,0.9674,0.0000,Steady,1
warn_calm,8918,5.6833,0.9788,1.0000,0.9509,0.9677,0.0000,Steady,1
warn_calm,8919,5.7000,0.9996,1.0000,0.9517,0.9679,0.0000,Steady,1
warn_calm,8920,5.7167,0.9711,1.0000,0.9520,0.9682,0.0000,Steady,1
warn_calm,8921,5.7333,0.9651,1.0000,0.9522,0.9685,0.0000,Steady,1
warn_calm,8922,5.7500,0.9967,1.0000,0.9530,0.9687,0.0000,Steady,1
warn_calm,8923,5.7667,0.9863,1.0000,0.9535,0.9690,0.0000,Steady,1
warn_calm,8924,5.7833,0.9600,1.0000,0.9536,0.9692,0.0000,Steady,1
warn_calm,8925,5.8000,0.9840,1.0000,0.9541,0.9695,0.0000,Steady,1
warn_calm,8926,5.8167,0.9979,1.0000,0.9548,0.9697,0.0000,Steady,1
warn_calm,8927,5.8333,0.9667,1.0000,0.9550,0.9700,0.0000,Steady,1
warn_calm,8928,5.8500,0.9690,1.0000,0.9553,0.9702,0.0000,Steady,1
warn_calm,8929,5.8667,0.9990,1.0000,0.9560,0.9705,0.0000,Steady,1
warn_calm,8930,5.8833,0.9811,1.0000,0.9564,0.9707,0.0000,Steady,1
warn_calm,8931,5.9000,0.9604,1.0000,0.9565,0.9710,0.0000,Steady,1
warn_calm,8932,5.9167,0.9890,1.0000,0.9570,0.9712,0.0000,Steady,1
warn_calm,8933,5.9333,0.9949,1.0000,0.9576,0.9715,0.0000,Steady,1
warn_calm,8934,5.9500,0.9633,1.0000,0.9577,0.9717,0.0000,Steady,1
warn_calm,8935,5.9667,0.9738,1.0000,0.9580,0.9719,0.0000,Steady,1
warn_calm,8936,5.9833,1.0000,1.0000,0.9587,0.9722,0.0000,Steady,1
warn_calm,8937,6.0000,0.9759,1.0000,0.9590,0.9724,0.0000,Steady,1
warn_calm,8938,6.0167,0.9622,1.0000,0.9590,0.9726,0.0000,Steady,1
warn_calm,8939,6.0333,0.9933,1.0000,0.9596,0.9728,0.0000,Steady,1
warn_calm,8940,6.0500,0.9909,1.0000,0.9601,0.9731,0.0000,Steady,1
warn_calm,8941,6.0667,0.9610,1.0000,0.9601,0.9733,0.0000,Steady,1
warn_calm,8942,6.0833,0.9789,1.0000,0.9604,0.9735,0.0000,Steady,1
warn_calm,8943,6.1000,0.9996,1.0000,0.9611,0.9737,0.0000,Steady,1
warn_calm,8944,6.1167,0.9709,1.0000,0.9612,0.9740,0.0000,Steady,1
warn_calm,8945,6.1333,0.9651,1.0000,0.9613,0.9742,0.0000,Steady,1
warn_calm,8946,6.1500,0.9968,1.0000,0.9619,0.9744,0.0000,Steady,1
warn_calm,8947,6.1667,0.9862,1.0000,0.9623,0.9746,0.0000,Steady,1
warn_calm,8948,6.1833,0.9600,1.0000,0.9623,0.9748,0.0000,Steady,1
warn_calm,8949,6.2000,0.9842,1.0000,0.9626,0.9750,0.0000,Steady,1
warn_calm,8950,6.2167,0.9978,1.0000,0.9632,0.9752,0.0000,Steady,1
warn_calm,8951,6.2333,0.9666,1.0000,0.9633,0.9754,0.0000,Steady,1
warn_calm,8952,6.2500,0.9691,1.0000,0.9634,0.9756,0.0000,Steady,1
warn_calm,8953,6.2667,0.9990,1.0000,0.9639,0.9758,0.0000,Steady,1
warn_calm,8954,6.2833,0.9810,1.0000,0.9642,0.9760,0.0000,Steady,1
warn_calm,8955,6.3000,0.9604,1.0000,0.9642,0.9762,0.0000,Steady,1
warn_calm,8956,6.3167,0.9891,1.0000,0.9646,0.9764,0.0000,Steady,1
warn_calm,8957,6.3333,0.9948,1.0000,0.9651,0.9766,0.0000,Steady,1
warn_calm,8958,6.3500,0.9632,1.0000,0.9650,0.9768,0.0000,Steady,1
warn_calm,8959,6.3667,0.9739,1.0000,0.9652,0.9770,0.0000,Steady,1
warn_calm,8960,6.3833,1.0000,1.0000,0.9658,0.9772,0.0000,Steady,1
warn_calm,8961,6.4000,0.9758,1.0000,0.9659,0.9774,0.0000,Steady,1
warn_calm,8962,6.4167,0.9622,1.0000,0.9659,0.9776,0.0000,Steady,1
warn_calm,8963,6.4333,0.9935,1.0000,0.9663,0.9778,0.0000,Steady,1
warn_calm,8964,6.4500,0.9908,1.0000,0.9667,0.9780,0.0000,Steady,1
warn_calm,8965,6.4667,0.9609,1.0000,0.9666,0.9781,0.0000,Steady,1
warn_calm,8966,6.4833,0.9791,1.0000,0.9668,0.9783,0.0000,Steady,1
warn_calm,8967,6.5000,0.9995,1.0000,0.9674,0.9785,0.0000,Steady,1
warn_calm,8968,6.5167,0.9708,1.0000,0.9674,0.9787,0.0000,Steady,1
warn_calm,8969,6.5333,0.9652,1.0000,0.9674,0.9789,0.0000,Steady,1
warn_calm,8970,6.5500,0.9968,1.0000,0.9679,0.9790,0.0000,Steady,1
warn_calm,8971,6.5667,0.9861,1.0000,0.9682,0.9792,0.0000,Steady,1
warn_calm,8972,6.5833,0.9600,1.0000,0.9681,0.9794,0.0000,Steady,1
warn_calm,8973,6.6000,0.9843,1.0000,0.9683,0.9795,0.0000,Steady,1
warn_calm,8974,6.6167,0.9977,1.0000,0.9688,0.9797,0.0000,Steady,1
warn_calm,8975,6.6333,0.9665,1.0000,0.9688,0.9799,0.0000,Steady,1
warn_calm,8976,6.6500,0.9693,1.0000,0.9688,0.9801,0.0000,Steady,1
warn_calm,8977,6.6667,0.9991,1.0000,0.9693,0.9802,0.0000,Steady,1
warn_calm,8978,6.6833,0.9809,1.0000,0.9695,0.9804,0.0000,Steady,1
warn_calm,8979,6.7000,0.9605,1.0000,0.9693,0.9805,0.0000,Steady,1
warn_calm,8980,6.7167,0.9892,1.0000,0.9697,0.9807,0.0000,Steady,1
warn_calm,8981,6.7333,0.9947,1.0000,0.9701,0.9809,0.0000,Steady,1
warn_calm,8982,6.7500,0.9631,1.0000,0.9700,0.9810,0.0000,Steady,1
warn_calm,8983,6.7667,0.9740,1.0000,0.9700,0.9812,0.0000,Steady,1
warn_calm,8984,6.7833,1.0000,1.0000,0.9705,0.9813,0.0000,Steady,1
warn_calm,8985,6.8000,0.9756,1.0000,0.9706,0.9815,0.0000,Steady,1
warn_calm,8986,6.8167,0.9623,1.0000,0.9705,0.9816,0.0000,Steady,1
warn_calm,8987,6.8333,0.9935,1.0000,0.9708,0.9818,0.0000,Steady,1
warn_calm,8988,6.8500,0.9907,1.0000,0.9712,0.9820,0.0000,Steady,1
warn_calm,8989,6.8667,0.9609,1.0000,0.9710,0.9821,0.0000,Steady,1
warn_calm,8990,6.8833,0.9792,1.0000,0.9711,0.9822,0.0000,Steady,1
warn_calm,8991,6.9000,0.9995,1.0000,0.9716,0.9824,0.0000,Steady,1
warn_calm,8992,6.9167,0.9707,1.0000,0.9716,0.9825,0.0000,Steady,1
warn_calm,8993,6.9333,0.9653,1.0000,0.9715,0.9827,0.0000,Steady,1
warn_calm,8994,6.9500,0.9969,1.0000,0.9719,0.9828,0.0000,Steady,1
warn_calm,8995,6.9667,0.9859,1.0000,0.9721,0.9830,0.0000,Steady,1
warn_calm,8996,6.9833,0.9600,1.0000,0.9719,0.9831,0.0000,Steady,1
warn_calm,8997,7.0000,0.9845,1.0000,0.9721,0.9833,0.0000,Steady,1
pre_a9,8998,0.0167,0.9977,1.0000,0.9733,0.9834,0.0000,Steady,0
pre_a9,8999,0.0333,0.9664,1.0000,0.9730,0.9835,0.0000,Steady,0
pre_a9,9000,0.0500,0.9694,1.0000,0.9728,0.9837,0.0000,Steady,0
pre_a9,9001,0.0667,0.9991,1.0000,0.9741,0.9838,0.0000,Steady,0
pre_a9,9002,0.0833,0.9807,1.0000,0.9744,0.9839,0.0000,Steady,0
pre_a9,9003,0.1000,0.9605,1.0000,0.9737,0.9841,0.0000,Steady,0
pre_a9,9004,0.1167,0.9894,1.0000,0.9745,0.9842,0.0000,Steady,0
pre_a9,9005,0.1333,0.9946,1.0000,0.9754,0.9843,0.0000,Steady,0
pre_a9,9006,0.1500,0.9630,1.0000,0.9748,0.9845,0.0000,Steady,0
pre_a9,9007,0.1667,0.9741,1.0000,0.9748,0.9846,0.0000,Steady,0
pre_a9,9008,0.1833,1.0000,1.0000,0.9760,0.9847,0.0000,Steady,0
pre_a9,9009,0.2000,0.9755,1.0000,0.9759,0.9848,0.0000,Steady,0
pre_a9,9010,0.2167,0.9623,1.0000,0.9753,0.9850,0.0000,Steady,0
pre_a9,9011,0.2333,0.9937,1.0000,0.9762,0.9851,0.0000,Steady,0
pre_a9,9012,0.2500,0.9906,1.0000,0.9768,0.9852,0.0000,Steady,0
pre_a9,9013,0.2667,0.9609,1.0000,0.9761,0.9853,0.0000,Steady,0
pre_a9,9014,0.2833,0.9793,1.0000,0.9762,0.9855,0.0000,Steady,0
pre_a9,9015,0.3000,0.9995,1.0000,0.9773,0.9856,0.0000,Steady,0
pre_a9,9016,0.3167,0.9706,1.0000,0.9770,0.9857,0.0000,Steady,0
pre_a9,9017,0.3333,0.9654,1.0000,0.9765,0.9858,0.0000,Steady,0
pre_a9,9018,0.3500,0.9970,1.0000,0.9774,0.9859,0.0000,Steady,0
pre_a9,9019,0.3667,0.9858,1.0000,0.9778,0.9861,0.0000,Steady,0
pre_a9,9020,0.3833,0.9600,1.0000,0.9770,0.9862,0.0000,Steady,0
pre_a9,9021,0.4000,0.9846,1.0000,0.9773,0.9863,0.0000,Steady,0
pre_a9,9022,0.4167,0.9976,1.0000,0.9783,0.9864,0.0000,Steady,0
pre_a9,9023,0.4333,0.9663,1.0000,0.9777,0.9865,0.0000,Steady,0
pre_a9,9024,0.4500,0.9695,1.0000,0.9773,0.9866,0.0000,Steady,0
pre_a9,9025,0.4667,0.9992,1.0000,0.9784,0.9867,0.0000,Steady,0
pre_a9,9026,0.4833,0.9806,1.0000,0.9785,0.9868,0.0000,Steady,0
pre_a9,9027,0.5000,0.9605,1.0000,0.9776,0.9870,0.0000,Steady,0
pre_a9,9028,0.5167,0.9895,1.0000,0.9782,0.9871,0.0000,Steady,0
pre_a9,9029,0.5333,0.9945,1.0000,0.9789,0.9872,0.0000,Steady,0
pre_a9,9030,0.5500,0.9630,1.0000,0.9782,0.9873,0.0000,Steady,0
pre_a9,9031,0.5667,0.9743,1.0000,0.9780,0.9874,0.0000,Steady,0
pre_a9,9032,0.5833,1.0000,1.0000,0.9790,0.9875,0.0000,Steady,0
pre_a9,9033,0.6000,0.9753,1.0000,0.9789,0.9876,0.0000,Steady,0
pre_a9,9034,0.6167,0.9624,1.0000,0.9781,0.9877,0.0000,Steady,0
pre_a9,9035,0.6333,0.9937,1.0000,0.9788,0.9878,0.0000,Steady,0
pre_a9,9036,0.6500,0.9904,1.0000,0.9794,0.9879,0.0000,Steady,0
pre_a9,9037,0.6667,0.9608,1.0000,0.9785,0.9880,0.0000,Steady,0
pre_a9,9038,0.6833,0.9795,1.0000,0.9785,0.9881,0.0000,Steady,0
pre_a9,9039,0.7000,0.9994,1.0000,0.9795,0.9882,0.0000,Steady,0
pre_a9,9040,0.7167,0.9704,1.0000,0.9791,0.9883,0.0000,Steady,0
pre_a9,9041,0.7333,0.9655,1.0000,0.9785,0.9884,0.0000,Steady,0
pre_a9,9042,0.7500,0.9971,1.0000,0.9793,0.9885,0.0000,Steady,0
pre_a9,9043,0.7667,0.9856,1.0000,0.9796,0.9886,0.0000,Steady,0
pre_a9,9044,0.7833,0.9600,1.0000,0.9787,0.9887,0.0000,Steady,0
pre_a9,9045,0.8000,0.9847,1.0000,0.9790,0.9888,0.0000,Steady,0
pre_a9,9046,0.8167,0.9976,1.0000,0.9799,0.9889,0.0000,Steady,0
pre_a9,9047,0.8333,0.9662,1.0000,0.9792,0.9890,0.0000,Steady,0
pre_a9,9048,0.8500,0.9696,1.0000,0.9788,0.9891,0.0000,Steady,0
pre_a9,9049,0.8667,0.9992,1.0000,0.9797,0.9891,0.0000,Steady,0
pre_a9,9050,0.8833,0.9804,1.0000,0.9798,0.9892,0.0000,Steady,0
pre_a9,9051,0.9000,0.9606,1.0000,0.9789,0.9893,0.0000,Steady,0
pre_a9,9052,0.9167,0.9896,1.0000,0.9794,0.9894,0.0000,Steady,0
pre_a9,9053,0.9333,0.9944,1.0000,0.9801,0.9895,0.0000,Steady,0
pre_a9,9054,0.9500,0.9629,1.0000,0.9793,0.9896,0.0000,Steady,0
pre_a9,9055,0.9667,0.9744,1.0000,0.9790,0.9897,0.0000,Steady,0
pre_a9,9056,0.9833,1.0000,1.0000,0.9800,0.9898,0.0000,Steady,0
pre_a9,9057,1.0000,0.9752,1.0000,0.9798,0.9898,0.0000,Steady,0
pre_a9,9058,1.0167,0.9625,1.0000,0.9790,0.9899,0.0000,Steady,0
pre_a9,9059,1.0333,0.9939,1.0000,0.9797,0.9900,0.0000,Steady,0
pre_a9,9060,1.0500,0.9903,1.0000,0.9802,0.9901,0.0000,Steady,0
pre_a9,9061,1.0667,0.9608,1.0000,0.9793,0.9902,0.0000,Steady,0
pre_a9,9062,1.0833,0.9796,1.0000,0.9793,0.9903,0.0000,Steady,0
pre_a9,9063,1.1000,0.9994,1.0000,0.9802,0.9903,0.0000,Steady,0
pre_a9,9064,1.1167,0.9703,1.0000,0.9798,0.9904,0.0000,Steady,0
pre_a9,9065,1.1333,0.9656,1.0000,0.9791,0.9905,0.0000,Steady,0
pre_a9,9066,1.1500,0.9971,1.0000,0.9799,0.9906,0.0000,Steady,0
pre_a9,9067,1.1667,0.9855,1.0000,0.9802,0.9907,0.0000,Steady,0
pre_a9,9068,1.1833,0.9600,1.0000,0.9793,0.9907,0.0000,Steady,0
pre_a9,9069,1.2000,0.9848,1.0000,0.9795,0.9908,0.0000,Steady,0
pre_a9,9070,1.2167,0.9975,1.0000,0.9804,0.9909,0.0000,Steady,0
pre_a9,9071,1.2333,0.9661,1.0000,0.9797,0.9910,0.0000,Steady,0
pre_a9,9072,1.2500,0.9697,1.0000,0.9792,0.9910,0.0000,Steady,0
pre_a9,9073,1.2667,0.9992,1.0000,0.9802,0.9911,0.0000,Steady,0
pre_a9,9074,1.2833,0.9803,1.0000,0.9802,0.9912,0.0000,Steady,0
pre_a9,9075,1.3000,0.9606,1.0000,0.9793,0.9913,0.0000,Steady,0
pre_a9,9076,1.3167,0.9897,1.0000,0.9797,0.9913,0.0000,Steady,0
pre_a9,9077,1.3333,0.9943,1.0000,0.9804,0.9914,0.0000,Steady,0
pre_a9,9078,1.3500,0.9628,1.0000,0.9796,0.9915,0.0000,Steady,0
pre_a9,9079,1.3667,0.9746,1.0000,0.9794,0.9915,0.0000,Steady,0
pre_a9,9080,1.3833,1.0000,1.0000,0.9803,0.9916,0.0000,Steady,0
pre_a9,9081,1.4000,0.9751,1.0000,0.9801,0.9917,0.0000,Steady,0
pre_a9,9082,1.4167,0.9626,1.0000,0.9793,0.9918,0.0000,Steady,0
pre_a9,9083,1.4333,0.9940,1.0000,0.9800,0.9918,0.0000,Steady,0
pre_a9,9084,1.4500,0.9902,1.0000,0.9804,0.9919,0.0000,Steady,0
pre_a9,9085,1.4667,0.9607,1.0000,0.9795,0.9920,0.0000,Steady,0
pre_a9,9086,1.4833,0.9798,1.0000,0.9795,0.9920,0.0000,Steady,0
pre_a9,9087,1.5000,0.9994,1.0000,0.9805,0.9921,0.0000,Steady,0
pre_a9,9088,1.5167,0.9702,1.0000,0.9800,0.9922,0.0000,Steady,0
pre_a9,9089,1.5333,0.9657,1.0000,0.9793,0.9922,0.0000,Steady,0
pre_a9,9090,1.5500,0.9972,1.0000,0.9801,0.9923,0.0000,Steady,0
pre_a9,9091,1.5667,0.9854,1.0000,0.9804,0.9923,0.0000,Steady,0
pre_a9,9092,1.5833,0.9600,1.0000,0.9794,0.9924,0.0000,Steady,0
pre_a9,9093,1.6000,0.9850,1.0000,0.9797,0.9925,0.0000,Steady,0
pre_a9,9094,1.6167,0.9974,1.0000,0.9805,0.9925,0.0000,Steady,0
pre_a9,9095,1.6333,0.9660,1.0000,0.9798,0.9926,0.0000,Steady,0
pre_a9,9096,1.6500,0.9698,1.0000,0.9794,0.9927,0.0000,Steady,0
pre_a9,9097,1.6667,0.9993,1.0000,0.9803,0.9927,0.0000,Steady,0
pre_a9,9098,1.6833,0.9802,1.0000,0.9803,0.9928,0.0000,Steady,0
pre_a9,9099,1.7000,0.9606,1.0000,0.9794,0.9928,0.0000,Steady,0
pre_a9,9100,1.7167,0.9899,1.0000,0.9799,0.9929,0.0000,Steady,0
pre_a9,9101,1.7333,0.9943,1.0000,0.9805,0.9930,0.0000,Steady,0
pre_a9,9102,1.7500,0.9627,1.0000,0.9797,0.9930,0.0000,Steady,0
pre_a9,9103,1.7667,0.9747,1.0000,0.9795,0.9931,0.0000,Steady,0
pre_a9,9104,1.7833,1.0000,1.0000,0.9804,0.9931,0.0000,Steady,0
pre_a9,9105,1.8000,0.9749,1.0000,0.9802,0.9932,0.0000,Steady,0
pre_a9,9106,1.8167,0.9626,1.0000,0.9794,0.9932,0.0000,Steady,0
pre_a9,9107,1.8333,0.9941,1.0000,0.9800,0.9933,0.0000,Steady,0
pre_a9,9108,1.8500,0.9901,1.0000,0.9805,0.9934,0.0000,Steady,0
pre_a9,9109,1.8667,0.9607,1.0000,0.9796,0.9934,0.0000,Steady,0
pre_a9,9110,1.8833,0.9799,1.0000,0.9796,0.9935,0.0000,Steady,0
pre_a9,9111,1.9000,0.9993,1.0000,0.9805,0.9935,0.0000,Steady,0
pre_a9,9112,1.9167,0.9701,1.0000,0.9800,0.9936,0.0000,Steady,0
pre_a9,9113,1.9333,0.9658,1.0000,0.9794,0.9936,0.0000,Steady,0
pre_a9,9114,1.9500,0.9973,1.0000,0.9802,0.9937,0.0000,Steady,0
pre_a9,9115,1.9667,0.9853,1.0000,0.9804,0.9937,0.0000,Steady,0
pre_a9,9116,1.9833,0.9600,1.0000,0.9795,0.9938,0.0000,Steady,0
pre_a9,9117,2.0000,0.9851,1.0000,0.9798,0.9938,0.0000,Steady,0
pre_a9,9118,2.0167,0.9973,1.0000,0.9806,0.9939,0.0000,Steady,0
pre_a9,9119,2.0333,0.9659,1.0000,0.9799,0.9939,0.0000,Steady,0
pre_a9,9120,2.0500,0.9700,1.0000,0.9794,0.9940,0.0000,Steady,0
pre_a9,9121,2.0667,0.9993,1.0000,0.9804,0.9940,0.0000,Steady,0
pre_a9,9122,2.0833,0.9800,1.0000,0.9803,0.9941,0.0000,Steady,0
pre_a9,9123,2.1000,0.9607,1.0000,0.9794,0.9941,0.0000,Steady,0
pre_a9,9124,2.1167,0.9900,1.0000,0.9799,0.9942,0.0000,Steady,0
pre_a9,9125,2.1333,0.9941,1.0000,0.9806,0.9942,0.0000,Steady,0
pre_a9,9126,2.1500,0.9627,1.0000,0.9797,0.9943,0.0000,Steady,0
pre_a9,9127,2.1667,0.9748,1.0000,0.9795,0.9943,0.0000,Steady,0
pre_a9,9128,2.1833,1.0000,1.0000,0.9805,0.9944,0.0000,Steady,0
pre_a9,9129,2.2000,0.9748,1.0000,0.9802,0.9944,0.0000,Steady,0
pre_a9,9130,2.2167,0.9627,1.0000,0.9794,0.9945,0.0000,Steady,0
pre_a9,9131,2.2333,0.9941,1.0000,0.9801,0.9945,0.0000,Steady,0
pre_a9,9132,2.2500,0.9900,1.0000,0.9805,0.9946,0.0000,Steady,0
pre_a9,9133,2.2667,0.9607,1.0000,0.9796,0.9946,0.0000,Steady,0
pre_a9,9134,2.2833,0.9801,1.0000,0.9796,0.9947,0.0000,Steady,0
pre_a9,9135,2.3000,0.9993,1.0000,0.9805,0.9947,0.0000,Steady,0
pre_a9,9136,2.3167,0.9699,1.0000,0.9801,0.9947,0.0000,Steady,0
pre_a9,9137,2.3333,0.9659,1.0000,0.9794,0.9948,0.0000,Steady,0
pre_a9,9138,2.3500,0.9973,1.0000,0.9802,0.9948,0.0000,Steady,0
pre_a9,9139,2.3667,0.9851,1.0000,0.9805,0.9949,0.0000,Steady,0
pre_a9,9140,2.3833,0.9600,1.0000,0.9795,0.9949,0.0000,Steady,0
pre_a9,9141,2.4000,0.9853,1.0000,0.9798,0.9950,0.0000,Steady,0
pre_a9,9142,2.4167,0.9973,1.0000,0.9806,0.9950,0.0000,Steady,0
pre_a9,9143,2.4333,0.9658,1.0000,0.9799,0.9950,0.0000,Steady,0
pre_a9,9144,2.4500,0.9701,1.0000,0.9794,0.9951,0.0000,Steady,0
pre_a9,9145,2.4667,0.9994,1.0000,0.9804,0.9951,0.0000,Steady,0
pre_a9,9146,2.4833,0.9799,1.0000,0.9803,0.9952,0.0000,Steady,0
pre_a9,9147,2.5000,0.9607,1.0000,0.9794,0.9952,0.0000,Steady,0
pre_a9,9148,2.5167,0.9901,1.0000,0.9799,0.9952,0.0000,Steady,0
pre_a9,9149,2.5333,0.9941,1.0000,0.9806,0.9953,0.0000,Steady,0
pre_a9,9150,2.5500,0.9626,1.0000,0.9798,0.9953,0.0000,Steady,0
pre_a9,9151,2.5667,0.9750,1.0000,0.9795,0.9954,0.0000,Steady,0
pre_a9,9152,2.5833,1.0000,1.0000,0.9805,0.9954,0.0000,Steady,0
pre_a9,9153,2.6000,0.9747,1.0000,0.9802,0.9954,0.0000,Steady,0
pre_a9,9154,2.6167,0.9628,1.0000,0.9794,0.9955,0.0000,Steady,0
pre_a9,9155,2.6333,0.9943,1.0000,0.9801,0.9955,0.0000,Steady,0
pre_a9,9156,2.6500,0.9899,1.0000,0.9805,0.9955,0.0000,Steady,0
pre_a9,9157,2.6667,0.9606,1.0000,0.9796,0.9956,0.0000,Steady,0
pre_a9,9158,2.6833,0.9802,1.0000,0.9796,0.9956,0.0000,Steady,0
pre_a9,9159,2.7000,0.9993,1.0000,0.9806,0.9957,0.0000,Steady,0
pre_a9,9160,2.7167,0.9698,1.0000,0.9801,0.9957,0.0000,Steady,0
pre_a9,9161,2.7333,0.9660,1.0000,0.9794,0.9957,0.0000,Steady,0
pre_a9,9162,2.7500,0.9974,1.0000,0.9802,0.9958,0.0000,Steady,0
pre_a9,9163,2.7667,0.9850,1.0000,0.9805,0.9958,0.0000,Steady,0
pre_a9,9164,2.7833,0.9600,1.0000,0.9795,0.9958,0.0000,Steady,0
pre_a9,9165,2.8000,0.9854,1.0000,0.9798,0.9959,0.0000,Steady,0
pre_a9,9166,2.8167,0.9972,1.0000,0.9806,0.9959,0.0000,Steady,0
pre_a9,9167,2.8333,0.9657,1.0000,0.9799,0.9959,0.0000,Steady,0
pre_a9,9168,2.8500,0.9702,1.0000,0.9795,0.9960,0.0000,Steady,0
pre_a9,9169,2.8667,0.9994,1.0000,0.9804,0.9960,0.0000,Steady,0
pre_a9,9170,2.8833,0.9798,1.0000,0.9804,0.9960,0.0000,Steady,0
pre_a9,9171,2.9000,0.9608,1.0000,0.9794,0.9961,0.0000,Steady,0
pre_a9,9172,2.9167,0.9902,1.0000,0.9799,0.9961,0.0000,Steady,0
pre_a9,9173,2.9333,0.9939,1.0000,0.9806,0.9961,0.0000,Steady,0
pre_a9,9174,2.9500,0.9625,1.0000,0.9798,0.9962,0.0000,Steady,0
pre_a9,9175,2.9667,0.9751,1.0000,0.9795,0.9962,0.0000,Steady,0
pre_a9,9176,2.9833,1.0000,1.0000,0.9805,0.9962,0.0000,Steady,0
pre_a9,9177,3.0000,0.9745,1.0000,0.9802,0.9963,0.0000,Steady,0
pre_a9,9178,3.0167,0.9628,1.0000,0.9794,0.9963,0.0000,Steady,0
pre_a9,9179,3.0333,0.9943,1.0000,0.9801,0.9963,0.0000,Steady,0
pre_a9,9180,3.0500,0.9897,1.0000,0.9805,0.9964,0.0000,Steady,0
pre_a9,9181,3.0667,0.9606,1.0000,0.9796,0.9964,0.0000,Steady,0
pre_a9,9182,3.0833,0.9803,1.0000,0.9797,0.9964,0.0000,Steady,0
pre_a9,9183,3.1000,0.9992,1.0000,0.9806,0.9964,0.0000,Steady,0
pre_a9,9184,3.1167,0.9697,1.0000,0.9801,0.9965,0.0000,Steady,0
pre_a9,9185,3.1333,0.9661,1.0000,0.9794,0.9965,0.0000,Steady,0
pre_a9,9186,3.1500,0.9975,1.0000,0.9802,0.9965,0.0000,Steady,0
pre_a9,9187,3.1667,0.9848,1.0000,0.9805,0.9966,0.0000,Steady,0
pre_a9,9188,3.1833,0.9600,1.0000,0.9795,0.9966,0.0000,Steady,0
pre_a9,9189,3.2000,0.9855,1.0000,0.9798,0.9966,0.0000,Steady,0
pre_a9,9190,3.2167,0.9971,1.0000,0.9806,0.9966,0.0000,Steady,0
pre_a9,9191,3.2333,0.9656,1.0000,0.9799,0.9967,0.0000,Steady,0
pre_a9,9192,3.2500,0.9703,1.0000,0.9795,0.9967,0.0000,Steady,0
pre_a9,9193,3.2667,0.9994,1.0000,0.9804,0.9967,0.0000,Steady,0
pre_a9,9194,3.2833,0.9796,1.0000,0.9803,0.9968,0.0000,Steady,0
pre_a9,9195,3.3000,0.9608,1.0000,0.9794,0.9968,0.0000,Steady,0
pre_a9,9196,3.3167,0.9904,1.0000,0.9799,0.9968,0.0000,Steady,0
pre_a9,9197,3.3333,0.9939,1.0000,0.9806,0.9968,0.0000,Steady,0
pre_a9,9198,3.3500,0.9625,1.0000,0.9797,0.9969,0.0000,Steady,0
pre_a9,9199,3.3667,0.9752,1.0000,0.9795,0.9969,0.0000,Steady,0
pre_a9,9200,3.3833,1.0000,1.0000,0.9805,0.9969,0.0000,Steady,0
pre_a9,9201,3.4000,0.9744,1.0000,0.9802,0.9969,0.0000,Steady,0
pre_a9,9202,3.4167,0.9629,1.0000,0.9794,0.9970,0.0000,Steady,0
pre_a9,9203,3.4333,0.9945,1.0000,0.9801,0.9970,0.0000,Steady,0
pre_a9,9204,3.4500,0.9896,1.0000,0.9805,0.9970,0.0000,Steady,0
pre_a9,9205,3.4667,0.9606,1.0000,0.9796,0.9970,0.0000,Steady,0
pre_a9,9206,3.4833,0.9805,1.0000,0.9797,0.9971,0.0000,Steady,0
pre_a9,9207,3.5000,0.9992,1.0000,0.9806,0.9971,0.0000,Steady,0
pre_a9,9208,3.5167,0.9696,1.0000,0.9801,0.9971,0.0000,Steady,0
pre_a9,9209,3.5333,0.9662,1.0000,0.9794,0.9971,0.0000,Steady,0
pre_a9,9210,3.5500,0.9976,1.0000,0.9803,0.9972,0.0000,Steady,0
pre_a9,9211,3.5667,0.9847,1.0000,0.9805,0.9972,0.0000,Steady,0
pre_a9,9212,3.5833,0.9600,1.0000,0.9795,0.9972,0.0000,Steady,0
pre_a9,9213,3.6000,0.9856,1.0000,0.9798,0.9972,0.0000,Steady,0
pre_a9,9214,3.6167,0.9971,1.0000,0.9806,0.9973,0.0000,Steady,0
pre_a9,9215,3.6333,0.9655,1.0000,0.9799,0.9973,0.0000,Steady,0
pre_a9,9216,3.6500,0.9705,1.0000,0.9795,0.9973,0.0000,Steady,0
pre_a9,9217,3.6667,0.9994,1.0000,0.9804,0.9973,0.0000,Steady,0
pre_a9,9218,3.6833,0.9795,1.0000,0.9803,0.9973,0.0000,Steady,0
pre_a9,9219,3.7000,0.9608,1.0000,0.9794,0.9974,0.0000,Steady,0
pre_a9,9220,3.7167,0.9905,1.0000,0.9799,0.9974,0.0000,Steady,0
pre_a9,9221,3.7333,0.9937,1.0000,0.9806,0.9974,0.0000,Steady,0
pre_a9,9222,3.7500,0.9624,1.0000,0.9797,0.9974,0.0000,Steady,0
pre_a9,9223,3.7667,0.9754,1.0000,0.9795,0.9975,0.0000,Steady,0
pre_a9,9224,3.7833,1.0000,1.0000,0.9805,0.9975,0.0000,Steady,0
pre_a9,9225,3.8000,0.9743,1.0000,0.9802,0.9975,0.0000,Steady,0
pre_a9,9226,3.8167,0.9630,1.0000,0.9794,0.9975,0.0000,Steady,0
pre_a9,9227,3.8333,0.9945,1.0000,0.9801,0.9975,0.0000,Steady,0
pre_a9,9228,3.8500,0.9895,1.0000,0.9805,0.9976,0.0000,Steady,0
pre_a9,9229,3.8667,0.9605,1.0000,0.9796,0.9976,0.0000,Steady,0
pre_a9,9230,3.8833,0.9806,1.0000,0.9797,0.9976,0.0000,Steady,0
pre_a9,9231,3.9000,0.9992,1.0000,0.9806,0.9976,0.0000,Steady,0
pre_a9,9232,3.9167,0.9695,1.0000,0.9800,0.9976,0.0000,Steady,0
pre_a9,9233,3.9333,0.9663,1.0000,0.9794,0.9977,0.0000,Steady,0
pre_a9,9234,3.9500,0.9976,1.0000,0.9803,0.9977,0.0000,Steady,0
pre_a9,9235,3.9667,0.9846,1.0000,0.9805,0.9977,0.0000,Steady,0
pre_a9,9236,3.9833,0.9600,1.0000,0.9795,0.9977,0.0000,Steady,0
pre_a9,9237,4.0000,0.9858,1.0000,0.9798,0.9977,0.0000,Steady,0
pre_a9,9238,4.0167,0.9970,1.0000,0.9806,0.9978,0.0000,Steady,0
pre_a9,9239,4.0333,0.9654,1.0000,0.9799,0.9978,0.0000,Steady,0
pre_a9,9240,4.0500,0.9706,1.0000,0.9795,0.9978,0.0000,Steady,0
pre_a9,9241,4.0667,0.9995,1.0000,0.9804,0.9978,0.0000,Steady,0
pre_a9,9242,4.0833,0.9793,1.0000,0.9803,0.9978,0.0000,Steady,0
pre_a9,9243,4.1000,0.9609,1.0000,0.9794,0.9978,0.0000,Steady,0
pre_a9,9244,4.1167,0.9906,1.0000,0.9800,0.9979,0.0000,Steady,0
pre_a9,9245,4.1333,0.9937,1.0000,0.9806,0.9979,0.0000,Steady,0
pre_a9,9246,4.1500,0.9623,1.0000,0.9797,0.9979,0.0000,Steady,0
pre_a9,9247,4.1667,0.9755,1.0000,0.9795,0.9979,0.0000,Steady,0
pre_a9,9248,4.1833,1.0000,1.0000,0.9805,0.9979,0.0000,Steady,0
pre_a9,9249,4.2000,0.9741,1.0000,0.9802,0.9979,0.0000,Steady,0
pre_a9,9250,4.2167,0.9631,1.0000,0.9794,0.9980,0.0000,Steady,0
pre_a9,9251,4.2333,0.9946,1.0000,0.9801,0.9980,0.0000,Steady,0
pre_a9,9252,4.2500,0.9894,1.0000,0.9805,0.9980,0.0000,Steady,0
pre_a9,9253,4.2667,0.9605,1.0000,0.9796,0.9980,0.0000,Steady,0
pre_a9,9254,4.2833,0.9807,1.0000,0.9797,0.9980,0.0000,Steady,0
pre_a9,9255,4.3000,0.9991,1.0000,0.9806,0.9980,0.0000,Steady,0
pre_a9,9256,4.3167,0.9694,1.0000,0.9800,0.9981,0.0000,Steady,0
pre_a9,9257,4.3333,0.9664,1.0000,0.9794,0.9981,0.0000,Steady,0
pre_a9,9258,4.3500,0.9977,1.0000,0.9803,0.9981,0.0000,Steady,0
pre_a9,9259,4.3667,0.9844,1.0000,0.9805,0.9981,0.0000,Steady,0
pre_a9,9260,4.3833,0.9600,1.0000,0.9795,0.9981,0.0000,Steady,0
pre_a9,9261,4.4000,0.9859,1.0000,0.9798,0.9981,0.0000,Steady,0
pre_a9,9262,4.4167,0.9969,1.0000,0.9806,0.9982,0.0000,Steady,0
pre_a9,9263,4.4333,0.9653,1.0000,0.9799,0.9982,0.0000,Steady,0
pre_a9,9264,4.4500,0.9707,1.0000,0.9795,0.9982,0.0000,Steady,0
pre_a9,9265,4.4667,0.9995,1.0000,0.9804,0.9982,0.0000,Steady,0
pre_a9,9266,4.4833,0.9792,1.0000,0.9803,0.9982,0.0000,Steady,0
pre_a9,9267,4.5000,0.9609,1.0000,0.9794,0.9982,0.0000,Steady,0
pre_a9,9268,4.5167,0.9907,1.0000,0.9800,0.9982,0.0000,Steady,0
pre_a9,9269,4.5333,0.9935,1.0000,0.9806,0.9983,0.0000,Steady,0
pre_a9,9270,4.5500,0.9623,1.0000,0.9797,0.9983,0.0000,Steady,0
pre_a9,9271,4.5667,0.9756,1.0000,0.9795,0.9983,0.0000,Steady,0
pre_a9,9272,4.5833,1.0000,1.0000,0.9805,0.9983,0.0000,Steady,0
pre_a9,9273,4.6000,0.9740,1.0000,0.9802,0.9983,0.0000,Steady,0
pre_a9,9274,4.6167,0.9631,1.0000,0.9794,0.9983,0.0000,Steady,0
pre_a9,9275,4.6333,0.9947,1.0000,0.9801,0.9983,0.0000,Steady,0
pre_a9,9276,4.6500,0.9892,1.0000,0.9805,0.9984,0.0000,Steady,0
pre_a9,9277,4.6667,0.9605,1.0000,0.9796,0.9984,0.0000,Steady,0
pre_a9,9278,4.6833,0.9809,1.0000,0.9797,0.9984,0.0000,Steady,0
pre_a9,9279,4.7000,0.9991,1.0000,0.9806,0.9984,0.0000,Steady,0
pre_a9,9280,4.7167,0.9692,1.0000,0.9800,0.9984,0.0000,Steady,0
pre_a9,9281,4.7333,0.9665,1.0000,0.9794,0.9984,0.0000,Steady,0
pre_a9,9282,4.7500,0.9978,1.0000,0.9803,0.9984,0.0000,Steady,0
pre_a9,9283,4.7667,0.9843,1.0000,0.9805,0.9985,0.0000,Steady,0
pre_a9,9284,4.7833,0.9600,1.0000,0.9795,0.9985,0.0000,Steady,0
pre_a9,9285,4.8000,0.9861,1.0000,0.9798,0.9985,0.0000,Steady,0
pre_a9,9286,4.8167,0.9968,1.0000,0.9806,0.9985,0.0000,Steady,0
pre_a9,9287,4.8333,0.9652,1.0000,0.9799,0.9985,0.0000,Steady,0
pre_a9,9288,4.8500,0.9708,1.0000,0.9795,0.9985,0.0000,Steady,0
pre_a9,9289,4.8667,0.9995,1.0000,0.9804,0.9985,0.0000,Steady,0
pre_a9,9290,4.8833,0.9791,1.0000,0.9803,0.9985,0.0000,Steady,0
pre_a9,9291,4.9000,0.9609,1.0000,0.9794,0.9986,0.0000,Steady,0
pre_a9,9292,4.9167,0.9908,1.0000,0.9800,0.9986,0.0000,Steady,0
pre_a9,9293,4.9333,0.9935,1.0000,0.9806,0.9986,0.0000,Steady,0
pre_a9,9294,4.9500,0.9622,1.0000,0.9797,0.9986,0.0000,Steady,0
pre_a9,9295,4.9667,0.9758,1.0000,0.9795,0.9986,0.0000,Steady,0
pre_a9,9296,4.9833,1.0000,1.0000,0.9805,0.9986,0.0000,Steady,0
pre_a9,9297,5.0000,0.9739,1.0000,0.9802,0.9986,0.0000,Steady,0
pre_a9,9298,5.0167,0.9632,1.0000,0.9794,0.9986,0.0000,Steady,0
pre_a9,9299,5.0333,0.9948,1.0000,0.9801,0.9986,0.0000,Steady,0
pre_a9,9300,5.0500,0.9891,1.0000,0.9805,0.9987,0.0000,Steady,0
pre_a9,9301,5.0667,0.9604,1.0000,0.9796,0.9987,0.0000,Steady,0
pre_a9,9302,5.0833,0.9810,1.0000,0.9797,0.9987,0.0000,Steady,0
pre_a9,9303,5.1000,0.9990,1.0000,0.9806,0.9987,0.0000,Steady,0
pre_a9,9304,5.1167,0.9691,1.0000,0.9800,0.9987,0.0000,Steady,0
pre_a9,9305,5.1333,0.9666,1.0000,0.9794,0.9987,0.0000,Steady,0
pre_a9,9306,5.1500,0.9978,1.0000,0.9803,0.9987,0.0000,Steady,0
pre_a9,9307,5.1667,0.9842,1.0000,0.9805,0.9987,0.0000,Steady,0
pre_a9,9308,5.1833,0.9600,1.0000,0.9795,0.9987,0.0000,Steady,0
pre_a9,9309,5.2000,0.9862,1.0000,0.9798,0.9988,0.0000,Steady,0
pre_a9,9310,5.2167,0.9968,1.0000,0.9806,0.9988,0.0000,Steady,0
pre_a9,9311,5.2333,0.9651,1.0000,0.9799,0.9988,0.0000,Steady,0
pre_a9,9312,5.2500,0.9710,1.0000,0.9795,0.9988,0.0000,Steady,0
pre_a9,9313,5.2667,0.9996,1.0000,0.9804,0.9988,0.0000,Steady,0
pre_a9,9314,5.2833,0.9789,1.0000,0.9803,0.9988,0.0000,Steady,0
pre_a9,9315,5.3000,0.9610,1.0000,0.9794,0.9988,0.0000,Steady,0
pre_a9,9316,5.3167,0.9909,1.0000,0.9800,0.9988,0.0000,Steady,0
pre_a9,9317,5.3333,0.9933,1.0000,0.9806,0.9988,0.0000,Steady,0
pre_a9,9318,5.3500,0.9622,1.0000,0.9797,0.9988,0.0000,Steady,0
pre_a9,9319,5.3667,0.9759,1.0000,0.9796,0.9989,0.0000,Steady,0
pre_a9,9320,5.3833,1.0000,1.0000,0.9805,0.9989,0.0000,Steady,0
pre_a9,9321,5.4000,0.9737,1.0000,0.9802,0.9989,0.0000,Steady,0
pre_a9,9322,5.4167,0.9633,1.0000,0.9794,0.9989,0.0000,Steady,0
pre_a9,9323,5.4333,0.9949,1.0000,0.9801,0.9989,0.0000,Steady,0
pre_a9,9324,5.4500,0.9890,1.0000,0.9805,0.9989,0.0000,Steady,0
pre_a9,9325,5.4667,0.9604,1.0000,0.9796,0.9989,0.0000,Steady,0
pre_a9,9326,5.4833,0.9812,1.0000,0.9797,0.9989,0.0000,Steady,0
pre_a9,9327,5.5000,0.9990,1.0000,0.9806,0.9989,0.0000,Steady,0
pre_a9,9328,5.5167,0.9690,1.0000,0.9800,0.9989,0.0000,Steady,0
pre_a9,9329,5.5333,0.9667,1.0000,0.9794,0.9989,0.0000,Steady,0
pre_a9,9330,5.5500,0.9979,1.0000,0.9803,0.9990,0.0000,Steady,0
pre_a9,9331,5.5667,0.9840,1.0000,0.9804,0.9990,0.0000,Steady,0
pre_a9,9332,5.5833,0.9600,1.0000,0.9795,0.9990,0.0000,Steady,0
pre_a9,9333,5.6000,0.9863,1.0000,0.9798,0.9990,0.0000,Steady,0
pre_a9,9334,5.6167,0.9967,1.0000,0.9806,0.9990,0.0000,Steady,0
pre_a9,9335,5.6333,0.9650,1.0000,0.9799,0.9990,0.0000,Steady,0
pre_a9,9336,5.6500,0.9711,1.0000,0.9795,0.9990,0.0000,Steady,0
pre_a9,9337,5.6667,0.9996,1.0000,0.9804,0.9990,0.0000,Steady,0
pre_a9,9338,5.6833,0.9788,1.0000,0.9803,0.9990,0.0000,Steady,0
pre_a9,9339,5.7000,0.9610,1.0000,0.9794,0.9990,0.0000,Steady,0
pre_a9,9340,5.7167,0.9911,1.0000,0.9800,0.9990,0.0000,Steady,0
pre_a9,9341,5.7333,0.9932,1.0000,0.9806,0.9990,0.0000,Steady,0
pre_a9,9342,5.7500,0.9621,1.0000,0.9797,0.9991,0.0000,Steady,0
pre_a9,9343,5.7667,0.9760,1.0000,0.9796,0.9991,0.0000,Steady,0
pre_a9,9344,5.7833,1.0000,1.0000,0.9805,0.9991,0.0000,Steady,0
pre_a9,9345,5.8000,0.9736,1.0000,0.9802,0.9991,0.0000,Steady,0
pre_a9,9346,5.8167,0.9634,1.0000,0.9794,0.9991,0.0000,Steady,0
pre_a9,9347,5.8333,0.9950,1.0000,0.9801,0.9991,0.0000,Steady,0
pre_a9,9348,5.8500,0.9889,1.0000,0.9805,0.9991,0.0000,Steady,0
pre_a9,9349,5.8667,0.9604,1.0000,0.9796,0.9991,0.0000,Steady,0
pre_a9,9350,5.8833,0.9813,1.0000,0.9797,0.9991,0.0000,Steady,0
pre_a9,9351,5.9000,0.9989,1.0000,0.9806,0.9991,0.0000,Steady,0
pre_a9,9352,5.9167,0.9689,1.0000,0.9800,0.9991,0.0000,Steady,0
pre_a9,9353,5.9333,0.9668,1.0000,0.9794,0.9991,0.0000,Steady,0
pre_a9,9354,5.9500,0.9979,1.0000,0.9803,0.9991,0.0000,Steady,0
pre_a9,9355,5.9667,0.9839,1.0000,0.9804,0.9992,0.0000,Steady,0
pre_a9,9356,5.9833,0.9600,1.0000,0.9795,0.9992,0.0000,Steady,0
pre_a9,9357,6.0000,0.9864,1.0000,0.9798,0.9992,0.0000,Steady,0
pre_a9,9358,6.0167,0.9966,1.0000,0.9806,0.9992,0.0000,Steady,0
pre_a9,9359,6.0333,0.9649,1.0000,0.9799,0.9992,0.0000,Steady,0
pre_a9,9360,6.0500,0.9712,1.0000,0.9795,0.9992,0.0000,Steady,0
pre_a9,9361,6.0667,0.9996,1.0000,0.9804,0.9992,0.0000,Steady,0
pre_a9,9362,6.0833,0.9787,1.0000,0.9803,0.9992,0.0000,Steady,0
pre_a9,9363,6.1000,0.9611,1.0000,0.9794,0.9992,0.0000,Steady,0
pre_a9,9364,6.1167,0.9912,1.0000,0.9800,0.9992,0.0000,Steady,0
pre_a9,9365,6.1333,0.9931,1.0000,0.9806,0.9992,0.0000,Steady,0
pre_a9,9366,6.1500,0.9620,1.0000,0.9797,0.9992,0.0000,Steady,0
pre_a9,9367,6.1667,0.9762,1.0000,0.9796,0.9992,0.0000,Steady,0
pre_a9,9368,6.1833,1.0000,1.0000,0.9805,0.9992,0.0000,Steady,0
pre_a9,9369,6.2000,0.9735,1.0000,0.9802,0.9992,0.0000,Steady,0
pre_a9,9370,6.2167,0.9634,1.0000,0.9794,0.9993,0.0000,Steady,0
pre_a9,9371,6.2333,0.9951,1.0000,0.9801,0.9993,0.0000,Steady,0
pre_a9,9372,6.2500,0.9887,1.0000,0.9805,0.9993,0.0000,Steady,0
pre_a9,9373,6.2667,0.9604,1.0000,0.9796,0.9993,0.0000,Steady,0
pre_a9,9374,6.2833,0.9814,1.0000,0.9797,0.9993,0.0000,Steady,0
pre_a9,9375,6.3000,0.9989,1.0000,0.9806,0.9993,0.0000,Steady,0
pre_a9,9376,6.3167,0.9688,1.0000,0.9800,0.9993,0.0000,Steady,0
pre_a9,9377,6.3333,0.9669,1.0000,0.9794,0.9993,0.0000,Steady,0
pre_a9,9378,6.3500,0.9980,1.0000,0.9803,0.9993,0.0000,Steady,0
pre_a9,9379,6.3667,0.9837,1.0000,0.9804,0.9993,0.0000,Steady,0
pre_a9,9380,6.3833,0.9601,1.0000,0.9795,0.9993,0.0000,Steady,0
pre_a9,9381,6.4000,0.9866,1.0000,0.9798,0.9993,0.0000,Steady,0
pre_a9,9382,6.4167,0.9965,1.0000,0.9806,0.9993,0.0000,Steady,0
pre_a9,9383,6.4333,0.9648,1.0000,0.9799,0.9993,0.0000,Steady,0
pre_a9,9384,6.4500,0.9713,1.0000,0.9795,0.9993,0.0000,Steady,0
pre_a9,9385,6.4667,0.9997,1.0000,0.9804,0.9993,0.0000,Steady,0
pre_a9,9386,6.4833,0.9785,1.0000,0.9803,0.9993,0.0000,Steady,0
pre_a9,9387,6.5000,0.9611,1.0000,0.9794,0.9994,0.0000,Steady,0
pre_a9,9388,6.5167,0.9913,1.0000,0.9800,0.9994,0.0000,Steady,0
pre_a9,9389,6.5333,0.9930,1.0000,0.9806,0.9994,0.0000,Steady,0
pre_a9,9390,6.5500,0.9620,1.0000,0.9797,0.9994,0.0000,Steady,0
pre_a9,9391,6.5667,0.9763,1.0000,0.9796,0.9994,0.0000,Steady,0
pre_a9,9392,6.5833,0.9999,1.0000,0.9805,0.9994,0.0000,Steady,0
pre_a9,9393,6.6000,0.9734,1.0000,0.9802,0.9994,0.0000,Steady,0
pre_a9,9394,6.6167,0.9635,1.0000,0.9794,0.9994,0.0000,Steady,0
pre_a9,9395,6.6333,0.9952,1.0000,0.9801,0.9994,0.0000,Steady,0
pre_a9,9396,6.6500,0.9886,1.0000,0.9805,0.9994,0.0000,Steady,0
pre_a9,9397,6.6667,0.9603,1.0000,0.9796,0.9994,0.0000,Steady,0
pre_a9,9398,6.6833,0.9816,1.0000,0.9797,0.9994,0.0000,Steady,0
pre_a9,9399,6.7000,0.9988,1.0000,0.9806,0.9994,0.0000,Steady,0
pre_a9,9400,6.7167,0.9687,1.0000,0.9800,0.9994,0.0000,Steady,0
pre_a9,9401,6.7333,0.9670,1.0000,0.9794,0.9994,0.0000,Steady,0
pre_a9,9402,6.7500,0.9981,1.0000,0.9803,0.9994,0.0000,Steady,0
pre_a9,9403,6.7667,0.9836,1.0000,0.9804,0.9994,0.0000,Steady,0
pre_a9,9404,6.7833,0.9601,1.0000,0.9795,0.9994,0.0000,Steady,0
pre_a9,9405,6.8000,0.9867,1.0000,0.9798,0.9994,0.0000,Steady,0
pre_a9,9406,6.8167,0.9964,1.0000,0.9806,0.9994,0.0000,Steady,0
pre_a9,9407,6.8333,0.9648,1.0000,0.9799,0.9995,0.0000,Steady,0
pre_a9,9408,6.8500,0.9715,1.0000,0.9795,0.9995,0.0000,Steady,0
pre_a9,9409,6.8667,0.9997,1.0000,0.9804,0.9995,0.0000,Steady,0
pre_a9,9410,6.8833,0.9783,1.0000,0.9803,0.9995,0.0000,Steady,0
pre_a9,9411,6.9000,0.9612,1.0000,0.9794,0.9995,0.0000,Steady,0
pre_a9,9412,6.9167,0.9914,1.0000,0.9800,0.9995,0.0000,Steady,0
pre_a9,9413,6.9333,0.9929,1.0000,0.9806,0.9995,0.0000,Steady,0
pre_a9,9414,6.9500,0.9619,1.0000,0.9797,0.9995,0.0000,Steady,0
pre_a9,9415,6.9667,0.9765,1.0000,0.9796,0.9995,0.0000,Steady,0
pre_a9,9416,6.9833,0.9999,1.0000,0.9805,0.9995,0.0000,Steady,0
pre_a9,9417,7.0000,0.9732,1.0000,0.9802,0.9995,0.0000,Steady,0
pre_a9,9418,7.0167,0.9636,1.0000,0.9794,0.9995,0.0000,Steady,0
pre_a9,9419,7.0333,0.9953,1.0000,0.9801,0.9995,0.0000,Steady,0
pre_a9,9420,7.0500,0.9885,1.0000,0.9805,0.9995,0.0000,Steady,0
pre_a9,9421,7.0667,0.9603,1.0000,0.9796,0.9995,0.0000,Steady,0
powerfail,9422,0.0167,0.0000,0.0000,0.9340,0.9974,0.0000,Steady,0
powerfail,9423,0.0333,0.0000,0.0000,0.8906,0.9954,0.0000,Steady,0
powerfail,9424,0.0500,0.0000,0.0000,0.8492,0.9933,0.0000,Steady,0
powerfail,9425,0.0667,0.0000,0.0000,0.8097,0.9913,0.0000,Steady,0
powerfail,9426,0.0833,0.0000,0.0000,0.7720,0.9892,0.0000,Steady,0
powerfail,9427,0.1000,0.0000,0.0000,0.7361,0.9872,0.0000,Steady,0
powerfail,9428,0.1167,0.0000,0.0000,0.7019,0.9852,0.0000,Steady,0
powerfail,9429,0.1333,0.0000,0.0000,0.6693,0.9831,0.0000,Steady,0
powerfail,9430,0.1500,0.0000,0.0000,0.6381,0.9811,0.0000,Steady,0
powerfail,9431,0.1667,0.0000,0.0000,0.6085,0.9791,0.0000,Steady,0
powerfail,9432,0.1833,0.0000,0.0000,0.5802,0.9771,0.0000,Steady,0
powerfail,9433,0.2000,0.0000,0.0000,0.5532,0.9751,0.0000,Steady,0
powerfail,9434,0.2167,0.0000,0.0000,0.5275,0.9732,0.0089,Steady,0
powerfail,9435,0.2333,0.0000,0.0000,0.5029,0.9712,0.0372,Steady,0
powerfail,9436,0.2500,0.0000,0.0000,0.4795,0.9692,0.0705,Steady,0
powerfail,9437,0.2667,0.0000,0.0000,0.4572,0.9673,0.1038,Steady,0
powerfail,9438,0.2833,0.0000,0.0000,0.4360,0.9653,0.1372,Steady,0
powerfail,9439,0.3000,0.0000,0.0000,0.4157,0.9634,0.1705,Steady,0
powerfail,9440,0.3167,0.0000,0.0000,0.3964,0.9615,0.2038,Steady,0
powerfail,9441,0.3333,0.0000,0.0000,0.3779,0.9595,0.2372,Steady,0
powerfail,9442,0.3500,0.0000,0.0000,0.3604,0.9576,0.2705,Steady,0
powerfail,9443,0.3667,0.0000,0.0000,0.3436,0.9557,0.3038,Steady,0
powerfail,9444,0.3833,0.0000,0.0000,0.3276,0.9538,0.3372,Steady,0
powerfail,9445,0.4000,0.0000,0.0000,0.3124,0.9519,0.3705,Steady,0
powerfail,9446,0.4167,0.0000,0.0000,0.2979,0.9501,0.4038,Steady,0
powerfail,9447,0.4333,0.0000,0.0000,0.2840,0.9482,0.4372,Steady,0
powerfail,9448,0.4500,0.0000,0.0000,0.2708,0.9463,0.4705,Steady,0
powerfail,9449,0.4667,0.0000,0.0000,0.2582,0.9444,0.5038,Steady,0
powerfail,9450,0.4833,0.0000,0.0000,0.2462,0.9426,0.5372,Steady,0
powerfail,9451,0.5000,0.0000,0.0000,0.2348,0.9407,0.5705,Steady,0
powerfail,9452,0.5167,0.0000,0.0000,0.2238,0.9389,0.6038,Steady,0
powerfail,9453,0.5333,0.0000,0.0000,0.2134,0.9371,0.6372,Steady,0
powerfail,9454,0.5500,0.0000,0.0000,0.2035,0.9352,0.6705,Steady,0
powerfail,9455,0.5667,0.0000,0.0000,0.1940,0.9334,0.7038,Steady,0
powerfail,9456,0.5833,0.0000,0.0000,0.1850,0.9316,0.7372,Steady,0
powerfail,9457,0.6000,0.0000,0.0000,0.1764,0.9298,0.7705,Steady,0
powerfail,9458,0.6167,0.0000,0.0000,0.1682,0.9280,0.8038,Steady,0
powerfail,9459,0.6333,0.0000,0.0000,0.1604,0.9262,0.8372,Steady,0
powerfail,9460,0.6500,0.0000,0.0000,0.1529,0.9244,0.8705,Steady,0
powerfail,9461,0.6667,0.0000,0.0000,0.1458,0.9227,0.9038,Steady,0
powerfail,9462,0.6833,0.0000,0.0000,0.1390,0.9209,0.9244,Steady,0
powerfail,9463,0.7000,0.0000,0.0000,0.1326,0.9191,0.9244,Steady,0
powerfail,9464,0.7167,0.0000,0.0000,0.1264,0.9174,0.9244,Steady,0
powerfail,9465,0.7333,0.0000,0.0000,0.1205,0.9156,0.9244,Steady,0
powerfail,9466,0.7500,0.0000,0.0000,0.1149,0.9139,0.9244,Steady,0
powerfail,9467,0.7667,0.0000,0.0000,0.1096,0.9121,0.9244,Steady,0
powerfail,9468,0.7833,0.0000,0.0000,0.1045,0.9104,0.9244,Steady,0
powerfail,9469,0.8000,0.0000,0.0000,0.0996,0.9087,0.9244,Steady,0
powerfail,9470,0.8167,0.0000,0.0000,0.0950,0.9070,0.9244,Steady,0
powerfail,9471,0.8333,0.0000,0.0000,0.0906,0.9053,0.9244,Steady,0
powerfail,9472,0.8500,0.0000,0.0000,0.0864,0.9036,0.9244,Steady,0
powerfail,9473,0.8667,0.0000,0.0000,0.0823,0.9019,0.9244,Steady,0
powerfail,9474,0.8833,0.0000,0.0000,0.0785,0.9002,0.9244,Steady,0
powerfail,9475,0.9000,0.0000,0.0000,0.0749,0.8985,0.9244,Steady,0
powerfail,9476,0.9167,0.0000,0.0000,0.0714,0.8968,0.9244,Steady,0
powerfail,9477,0.9333,0.0000,0.0000,0.0681,0.8951,0.9244,Steady,0
powerfail,9478,0.9500,0.0000,0.0000,0.0649,0.8935,0.9244,Off,0
powerfail,9479,0.9667,0.0000,0.0000,0.0619,0.8918,0.9244,Off,0
powerfail,9480,0.9833,0.0000,0.0000,0.0590,0.8902,0.9244,Off,0
powerfail,9481,1.0000,0.0000,0.0000,0.0563,0.8885,0.9244,Off,0
powerfail,9482,1.0167,0.0000,0.0000,0.0536,0.8869,0.9244,Off,0
powerfail,9483,1.0333,0.0000,0.0000,0.0511,0.8852,0.9244,Off,0
powerfail,9484,1.0500,0.0000,0.0000,0.0488,0.8836,0.9244,Off,0
powerfail,9485,1.0667,0.0000,0.0000,0.0465,0.8820,0.9244,Off,0
powerfail,9486,1.0833,0.0000,0.0000,0.0443,0.8804,0.9244,Off,0
powerfail,9487,1.1000,0.0000,0.0000,0.0423,0.8787,0.9244,Off,0
powerfail,9488,1.1167,0.0000,0.0000,0.0403,0.8771,0.9244,Off,0
powerfail,9489,1.1333,0.0000,0.0000,0.0384,0.8755,0.9244,Off,0
powerfail,9490,1.1500,0.0000,0.0000,0.0367,0.8739,0.9244,Off,0
powerfail,9491,1.1667,0.0000,0.0000,0.0349,0.8724,0.9244,Off,0
powerfail,9492,1.1833,0.0000,0.0000,0.0333,0.8708,0.9244,Off,0
powerfail,9493,1.2000,0.0000,0.0000,0.0318,0.8692,0.9244,Off,0
powerfail,9494,1.2167,0.0000,0.0000,0.0303,0.8676,0.9244,Off,0
powerfail,9495,1.2333,0.0000,0.0000,0.0289,0.8661,0.8910,Off,0
powerfail,9496,1.2500,0.0000,0.0000,0.0275,0.8645,0.8645,Off,0
powerfail,9497,1.2667,0.0000,0.0000,0.0263,0.8629,0.8629,Off,0
powerfail,9498,1.2833,0.0000,0.0000,0.0250,0.8614,0.8614,Off,0
powerfail,9499,1.3000,0.0000,0.0000,0.0239,0.8599,0.8599,Off,0
powerfail,9500,1.3167,0.0000,0.0000,0.0228,0.8583,0.8583,Off,0
powerfail,9501,1.3333,0.0000,0.0000,0.0217,0.8568,0.8568,Off,0
powerfail,9502,1.3500,0.0000,0.0000,0.0207,0.8553,0.8553,Off,0
powerfail,9503,1.3667,0.0000,0.0000,0.0197,0.8537,0.8537,Off,0
powerfail,9504,1.3833,0.0000,0.0000,0.0188,0.8522,0.8522,Off,0
powerfail,9505,1.4000,0.0000,0.0000,0.0179,0.8507,0.8507,Off,0
powerfail,9506,1.4167,0.0000,0.0000,0.0171,0.8492,0.8492,Off,0
powerfail,9507,1.4333,0.0000,0.0000,0.0163,0.8477,0.8477,Off,0
powerfail,9508,1.4500,0.0000,0.0000,0.0156,0.8462,0.8462,Off,0
powerfail,9509,1.4667,0.0000,0.0000,0.0148,0.8447,0.8447,Off,0
powerfail,9510,1.4833,0.0000,0.0000,0.0141,0.8432,0.8432,Off,0
powerfail,9511,1.5000,0.0000,0.0000,0.0135,0.8418,0.8418,Off,0
powerfail,9512,1.5167,0.0000,0.0000,0.0129,0.8403,0.8403,Off,0
powerfail,9513,1.5333,0.0000,0.0000,0.0123,0.8388,0.8388,Off,0
powerfail,9514,1.5500,0.0000,0.0000,0.0117,0.8374,0.8374,Off,0
powerfail,9515,1.5667,0.0000,0.0000,0.0111,0.8359,0.8359,Off,0
powerfail,9516,1.5833,0.0000,0.0000,0.0106,0.8344,0.8344,Off,0
powerfail,9517,1.6000,0.0000,0.0000,0.0101,0.8330,0.8330,Off,0
powerfail,9518,1.6167,0.0000,0.0000,0.0097,0.8316,0.8316,Off,0
powerfail,9519,1.6333,0.0000,0.0000,0.0092,0.8301,0.8301,Off,0
powerfail,9520,1.6500,0.0000,0.0000,0.0088,0.8287,0.8287,Off,0
powerfail,9521,1.6667,0.0000,0.0000,0.0084,0.8273,0.8273,Off,0
powerfail,9522,1.6833,0.0000,0.0000,0.0080,0.8258,0.8258,Off,0
powerfail,9523,1.7000,0.0000,0.0000,0.0076,0.8244,0.8244,Off,0
powerfail,9524,1.7167,0.0000,0.0000,0.0073,0.8230,0.8230,Off,0
powerfail,9525,1.7333,0.0000,0.0000,0.0069,0.8216,0.8216,Off,0
powerfail,9526,1.7500,0.0000,0.0000,0.0066,0.8202,0.8202,Off,0
powerfail,9527,1.7667,0.0000,0.0000,0.0063,0.8188,0.8188,Off,0
powerfail,9528,1.7833,0.0000,0.0000,0.0060,0.8174,0.8174,Off,0
powerfail,9529,1.8000,0.0000,0.0000,0.0057,0.8160,0.8160,Off,0
powerfail,9530,1.8167,0.0000,0.0000,0.0055,0.8146,0.8146,Off,0
powerfail,9531,1.8333,0.0000,0.0000,0.0052,0.8132,0.8132,Off,0
powerfail,9532,1.8500,0.0000,0.0000,0.0050,0.8119,0.8119,Off,0
powerfail,9533,1.8667,0.0000,0.0000,0.0047,0.8105,0.8105,Off,0
powerfail,9534,1.8833,0.0000,0.0000,0.0045,0.8091,0.8091,Off,0
powerfail,9535,1.9000,0.0000,0.0000,0.0043,0.8078,0.8078,Off,0
powerfail,9536,1.9167,0.0000,0.0000,0.0041,0.8064,0.8064,Off,0
powerfail,9537,1.9333,0.0000,0.0000,0.0039,0.8051,0.8051,Off,0
powerfail,9538,1.9500,0.0000,0.0000,0.0037,0.8037,0.8037,Off,0
powerfail,9539,1.9667,0.0000,0.0000,0.0036,0.8024,0.8024,Off,0
powerfail,9540,1.9833,0.0000,0.0000,0.0034,0.8010,0.8010,Off,0
powerfail,9541,2.0000,0.0000,0.0000,0.0032,0.7997,0.7997,Off,0
powerfail,9542,2.0167,0.0000,0.0000,0.0031,0.7984,0.7984,Off,0
powerfail,9543,2.0333,0.0000,0.0000,0.0029,0.7970,0.7970,Off,0
powerfail,9544,2.0500,0.0000,0.0000,0.0028,0.7957,0.7957,Off,0
powerfail,9545,2.0667,0.0000,0.0000,0.0027,0.7944,0.7944,Off,0
powerfail,9546,2.0833,0.0000,0.0000,0.0025,0.7931,0.7931,Off,0
powerfail,9547,2.1000,0.0000,0.0000,0.0024,0.7918,0.7918,Off,0
powerfail,9548,2.1167,0.0000,0.0000,0.0023,0.7905,0.7905,Off,0
powerfail,9549,2.1333,0.0000,0.0000,0.0022,0.7892,0.7892,Off,0
powerfail,9550,2.1500,0.0000,0.0000,0.0021,0.7879,0.7879,Off,0
powerfail,9551,2.1667,0.0000,0.0000,0.0020,0.7866,0.7866,Off,0
powerfail,9552,2.1833,0.0000,0.0000,0.0019,0.7853,0.7853,Off,0
powerfail,9553,2.2000,0.0000,0.0000,0.0018,0.7840,0.7840,Off,0
powerfail,9554,2.2167,0.0000,0.0000,0.0017,0.7827,0.7827,Off,0
powerfail,9555,2.2333,0.0000,0.0000,0.0017,0.7815,0.7815,Off,0
powerfail,9556,2.2500,0.0000,0.0000,0.0016,0.7802,0.7802,Off,0
powerfail,9557,2.2667,0.0000,0.0000,0.0015,0.7789,0.7789,Off,0
powerfail,9558,2.2833,0.0000,0.0000,0.0014,0.7777,0.7777,Off,0
powerfail,9559,2.3000,0.0000,0.0000,0.0014,0.7764,0.7764,Off,0
powerfail,9560,2.3167,0.0000,0.0000,0.0013,0.7752,0.7752,Off,0
powerfail,9561,2.3333,0.0000,0.0000,0.0012,0.7739,0.7739,Off,0
powerfail,9562,2.3500,0.0000,0.0000,0.0012,0.7727,0.7727,Off,0
powerfail,9563,2.3667,0.0000,0.0000,0.0011,0.7714,0.7714,Off,0
powerfail,9564,2.3833,0.0000,0.0000,0.0011,0.7702,0.7702,Off,0
powerfail,9565,2.4000,0.0000,0.0000,0.0010,0.7689,0.7689,Off,0
powerfail,9566,2.4167,0.0000,0.0000,0.0010,0.7677,0.7677,Off,0
powerfail,9567,2.4333,0.0000,0.0000,0.0009,0.7665,0.7665,Off,0
powerfail,9568,2.4500,0.0000,0.0000,0.0009,0.7653,0.7653,Off,0
powerfail,9569,2.4667,0.0000,0.0000,0.0009,0.7640,0.7640,Off,0
powerfail,9570,2.4833,0.0000,0.0000,0.0008,0.7628,0.7628,Off,0
powerfail,9571,2.5000,0.0000,0.0000,0.0008,0.7616,0.7616,Off,0
powerfail,9572,2.5167,0.0000,0.0000,0.0007,0.7604,0.7604,Off,0
powerfail,9573,2.5333,0.0000,0.0000,0.0007,0.7592,0.7592,Off,0
powerfail,9574,2.5500,0.0000,0.0000,0.0007,0.7580,0.7580,Off,0
powerfail,9575,2.5667,0.0000,0.0000,0.0006,0.7568,0.7568,Off,0
powerfail,9576,2.5833,0.0000,0.0000,0.0006,0.7556,0.7556,Off,0
powerfail,9577,2.6000,0.0000,0.0000,0.0006,0.7544,0.7544,Off,0
powerfail,9578,2.6167,0.0000,0.0000,0.0006,0.7533,0.7533,Off,0
powerfail,9579,2.6333,0.0000,0.0000,0.0005,0.7521,0.7521,Off,0
powerfail,9580,2.6500,0.0000,0.0000,0.0005,0.7509,0.7509,Off,0
powerfail,9581,2.6667,0.0000,0.0000,0.0005,0.7497,0.7497,Off,0
powerfail,9582,2.6833,0.0000,0.0000,0.0005,0.7486,0.7486,Off,0
powerfail,9583,2.7000,0.0000,0.0000,0.0004,0.7474,0.7474,Off,0
powerfail,9584,2.7167,0.0000,0.0000,0.0004,0.7462,0.7462,Off,0
powerfail,9585,2.7333,0.0000,0.0000,0.0004,0.7451,0.7451,Off,0
powerfail,9586,2.7500,0.0000,0.0000,0.0004,0.7439,0.7439,Off,0
powerfail,9587,2.7667,0.0000,0.0000,0.0004,0.7428,0.7428,Off,0
powerfail,9588,2.7833,0.0000,0.0000,0.0003,0.7416,0.7416,Off,0
powerfail,9589,2.8000,0.0000,0.0000,0.0003,0.7405,0.7405,Off,0
powerfail,9590,2.8167,0.0000,0.0000,0.0003,0.7393,0.7393,Off,0
powerfail,9591,2.8333,0.0000,0.0000,0.0003,0.7382,0.7382,Off,0
powerfail,9592,2.8500,0.0000,0.0000,0.0003,0.7371,0.7371,Off,0
powerfail,9593,2.8667,0.0000,0.0000,0.0003,0.7359,0.7359,Off,0
powerfail,9594,2.8833,0.0000,0.0000,0.0003,0.7348,0.7348,Off,0
powerfail,9595,2.9000,0.0000,0.0000,0.0002,0.7337,0.7337,Off,0
powerfail,9596,2.9167,0.0000,0.0000,0.0002,0.7326,0.7326,Off,0
powerfail,9597,2.9333,0.0000,0.0000,0.0002,0.7314,0.7314,Off,0
powerfail,9598,2.9500,0.0000,0.0000,0.0002,0.7303,0.7303,Off,0
powerfail,9599,2.9667,0.0000,0.0000,0.0002,0.7292,0.7292,Off,0
powerfail,9600,2.9833,0.0000,0.0000,0.0002,0.7281,0.7281,Off,0
powerfail,9601,3.0000,0.0000,0.0000,0.0002,0.7270,0.7270,Off,0
powerfail,9602,3.0167,0.0000,0.0000,0.0002,0.7259,0.7259,Off,0
powerfail,9603,3.0333,0.0000,0.0000,0.0002,0.7248,0.7248,Off,0
powerfail,9604,3.0500,0.0000,0.0000,0.0002,0.7237,0.7237,Off,0
powerfail,9605,3.0667,0.0000,0.0000,0.0002,0.7226,0.7226,Off,0
powerfail,9606,3.0833,0.0000,0.0000,0.0001,0.7215,0.7215,Off,0
powerfail,9607,3.1000,0.0000,0.0000,0.0001,0.7205,0.7205,Off,0
powerfail,9608,3.1167,0.0000,0.0000,0.0001,0.7194,0.7194,Off,0
powerfail,9609,3.1333,0.0000,0.0000,0.0001,0.7183,0.7183,Off,0
powerfail,9610,3.1500,0.0000,0.0000,0.0001,0.7172,0.7172,Off,0
powerfail,9611,3.1667,0.0000,0.0000,0.0001,0.7162,0.7162,Off,0
powerfail,9612,3.1833,0.0000,0.0000,0.0001,0.7151,0.7151,Off,0
powerfail,9613,3.2000,0.0000,0.0000,0.0001,0.7140,0.7140,Off,0
powerfail,9614,3.2167,0.0000,0.0000,0.0001,0.7130,0.7130,Off,0
powerfail,9615,3.2333,0.0000,0.0000,0.0001,0.7119,0.7119,Off,0
powerfail,9616,3.2500,0.0000,0.0000,0.0001,0.7109,0.7109,Off,0
powerfail,9617,3.2667,0.0000,0.0000,0.0001,0.7098,0.7098,Off,0
powerfail,9618,3.2833,0.0000,0.0000,0.0001,0.7088,0.7088,Off,0
powerfail,9619,3.3000,0.0000,0.0000,0.0001,0.7077,0.7077,Off,0
powerfail,9620,3.3167,0.0000,0.0000,0.0001,0.7067,0.7067,Off,0
powerfail,9621,3.3333,0.0000,0.0000,0.0001,0.7056,0.7056,Off,0
powerfail,9622,3.3500,0.0000,0.0000,0.0001,0.7046,0.7046,Off,0
powerfail,9623,3.3667,0.0000,0.0000,0.0001,0.7036,0.7036,Off,0
powerfail,9624,3.3833,0.0000,0.0000,0.0001,0.7025,0.7025,Off,0
powerfail,9625,3.4000,0.0000,0.0000,0.0001,0.7015,0.7015,Off,0
powerfail,9626,3.4167,0.0000,0.0000,0.0001,0.7005,0.7005,Off,0
powerfail,9627,3.4333,0.0000,0.0000,0.0001,0.6995,0.6995,Off,0
powerfail,9628,3.4500,0.0000,0.0000,0.0001,0.6985,0.6985,Off,0
powerfail,9629,3.4667,0.0000,0.0000,0.0000,0.6974,0.6974,Off,0
powerfail,9630,3.4833,0.0000,0.0000,0.0000,0.6964,0.6964,Off,0
powerfail,9631,3.5000,0.0000,0.0000,0.0000,0.6954,0.6954,Off,0
powerfail,9632,3.5167,0.0000,0.0000,0.0000,0.6944,0.6944,Off,0
powerfail,9633,3.5333,0.0000,0.0000,0.0000,0.6934,0.6934,Off,0
powerfail,9634,3.5500,0.0000,0.0000,0.0000,0.6924,0.6924,Off,0
powerfail,9635,3.5667,0.0000,0.0000,0.0000,0.6914,0.6914,Off,0
powerfail,9636,3.5833,0.0000,0.0000,0.0000,0.6904,0.6904,Off,0
powerfail,9637,3.6000,0.0000,0.0000,0.0000,0.6894,0.6894,Off,0
powerfail,9638,3.6167,0.0000,0.0000,0.0000,0.6884,0.6884,Off,0
powerfail,9639,3.6333,0.0000,0.0000,0.0000,0.6874,0.6874,Off,0
powerfail,9640,3.6500,0.0000,0.0000,0.0000,0.6865,0.6865,Off,0
powerfail,9641,3.6667,0.0000,0.0000,0.0000,0.6855,0.6855,Off,0
powerfail,9642,3.6833,0.0000,0.0000,0.0000,0.6845,0.6845,Off,0
powerfail,9643,3.7000,0.0000,0.0000,0.0000,0.6835,0.6835,Off,0
powerfail,9644,3.7167,0.0000,0.0000,0.0000,0.6826,0.6826,Off,0
powerfail,9645,3.7333,0.0000,0.0000,0.0000,0.6816,0.6816,Off,0
powerfail,9646,3.7500,0.0000,0.0000,0.0000,0.6806,0.6806,Off,0
powerfail,9647,3.7667,0.0000,0.0000,0.0000,0.6797,0.6797,Off,0
powerfail,9648,3.7833,0.0000,0.0000,0.0000,0.6787,0.6787,Off,0
powerfail,9649,3.8000,0.0000,0.0000,0.0000,0.6777,0.6777,Off,0
powerfail,9650,3.8167,0.0000,0.0000,0.0000,0.6768,0.6768,Off,0
powerfail,9651,3.8333,0.0000,0.0000,0.0000,0.6758,0.6758,Off,0
powerfail,9652,3.8500,0.0000,0.0000,0.0000,0.6749,0.6749,Off,0
powerfail,9653,3.8667,0.0000,0.0000,0.0000,0.6739,0.6739,Off,0
powerfail,9654,3.8833,0.0000,0.0000,0.0000,0.6730,0.6730,Off,0
powerfail,9655,3.9000,0.0000,0.0000,0.0000,0.6720,0.6720,Off,0
powerfail,9656,3.9167,0.0000,0.0000,0.0000,0.6711,0.6711,Off,0
powerfail,9657,3.9333,0.0000,0.0000,0.0000,0.6702,0.6702,Off,0
powerfail,9658,3.9500,0.0000,0.0000,0.0000,0.6692,0.6692,Off,0
powerfail,9659,3.9667,0.0000,0.0000,0.0000,0.6683,0.6683,Off,0
powerfail,9660,3.9833,0.0000,0.0000,0.0000,0.6674,0.6674,Off,0
powerfail,9661,4.0000,0.0000,0.0000,0.0000,0.6664,0.6664,Off,0
powerfail,9662,4.0167,0.0000,0.0000,0.0000,0.6655,0.6655,Off,0
powerfail,9663,4.0333,0.0000,0.0000,0.0000,0.6646,0.6646,Off,0
powerfail,9664,4.0500,0.0000,0.0000,0.0000,0.6637,0.6637,Off,0
powerfail,9665,4.0667,0.0000,0.0000,0.0000,0.6628,0.6628,Off,0
powerfail,9666,4.0833,0.0000,0.0000,0.0000,0.6619,0.6619,Off,0
powerfail,9667,4.1000,0.0000,0.0000,0.0000,0.6609,0.6609,Off,0
powerfail,9668,4.1167,0.0000,0.0000,0.0000,0.6600,0.6600,Off,0
powerfail,9669,4.1333,0.0000,0.0000,0.0000,0.6591,0.6591,Off,0
powerfail,9670,4.1500,0.0000,0.0000,0.0000,0.6582,0.6582,Off,0
powerfail,9671,4.1667,0.0000,0.0000,0.0000,0.6573,0.6573,Off,0
powerfail,9672,4.1833,0.0000,0.0000,0.0000,0.6564,0.6564,Off,0
powerfail,9673,4.2000,0.0000,0.0000,0.0000,0.6555,0.6555,Off,0
powerfail,9674,4.2167,0.0000,0.0000,0.0000,0.6546,0.6546,Off,0
powerfail,9675,4.2333,0.0000,0.0000,0.0000,0.6537,0.6537,Off,0
powerfail,9676,4.2500,0.0000,0.0000,0.0000,0.6529,0.6529,Off,0
powerfail,9677,4.2667,0.0000,0.0000,0.0000,0.6520,0.6520,Off,0
powerfail,9678,4.2833,0.0000,0.0000,0.0000,0.6511,0.6511,Off,0
powerfail,9679,4.3000,0.0000,0.0000,0.0000,0.6502,0.6502,Off,0
powerfail,9680,4.3167,0.0000,0.0000,0.0000,0.6493,0.6493,Off,0
powerfail,9681,4.3333,0.0000,0.0000,0.0000,0.6484,0.6484,Off,0
powerfail,9682,4.3500,0.0000,0.0000,0.0000,0.6476,0.6476,Off,0
powerfail,9683,4.3667,0.0000,0.0000,0.0000,0.6467,0.6467,Off,0
powerfail,9684,4.3833,0.0000,0.0000,0.0000,0.6458,0.6458,Off,0
powerfail,9685,4.4000,0.0000,0.0000,0.0000,0.6450,0.6450,Off,0
powerfail,9686,4.4167,0.0000,0.0000,0.0000,0.6441,0.6441,Off,0
powerfail,9687,4.4333,0.0000,0.0000,0.0000,0.6432,0.6432,Off,0
powerfail,9688,4.4500,0.0000,0.0000,0.0000,0.6424,0.6424,Off,0
powerfail,9689,4.4667,0.0000,0.0000,0.0000,0.6415,0.6415,Off,0
powerfail,9690,4.4833,0.0000,0.0000,0.0000,0.6407,0.6407,Off,0
powerfail,9691,4.5000,0.0000,0.0000,0.0000,0.6398,0.6398,Off,0
powerfail,9692,4.5167,0.0000,0.0000,0.0000,0.6389,0.6389,Off,0
powerfail,9693,4.5333,0.0000,0.0000,0.0000,0.6381,0.6381,Off,0
powerfail,9694,4.5500,0.0000,0.0000,0.0000,0.6373,0.6373,Off,0
powerfail,9695,4.5667,0.0000,0.0000,0.0000,0.6364,0.6364,Off,0
powerfail,9696,4.5833,0.0000,0.0000,0.0000,0.6356,0.6356,Off,0
powerfail,9697,4.6000,0.0000,0.0000,0.0000,0.6347,0.6347,Off,0
powerfail,9698,4.6167,0.0000,0.0000,0.0000,0.6339,0.6339,Off,0
powerfail,9699,4.6333,0.0000,0.0000,0.0000,0.6330,0.6330,Off,0
powerfail,9700,4.6500,0.0000,0.0000,0.0000,0.6322,0.6322,Off,0
powerfail,9701,4.6667,0.0000,0.0000,0.0000,0.6314,0.6314,Off,0
powerfail,9702,4.6833,0.0000,0.0000,0.0000,0.6306,0.6306,Off,0
powerfail,9703,4.7000,0.0000,0.0000,0.0000,0.6297,0.6297,Off,0
powerfail,9704,4.7167,0.0000,0.0000,0.0000,0.6289,0.6289,Off,0
powerfail,9705,4.7333,0.0000,0.0000,0.0000,0.6281,0.6281,Off,0
powerfail,9706,4.7500,0.0000,0.0000,0.0000,0.6273,0.6273,Off,0
powerfail,9707,4.7667,0.0000,0.0000,0.0000,0.6264,0.6264,Off,0
powerfail,9708,4.7833,0.0000,0.0000,0.0000,0.6256,0.6256,Off,0
powerfail,9709,4.8000,0.0000,0.0000,0.0000,0.6248,0.6248,Off,0
powerfail,9710,4.8167,0.0000,0.0000,0.0000,0.6240,0.6240,Off,0
powerfail,9711,4.8333,0.0000,0.0000,0.0000,0.6232,0.6232,Off,0
powerfail,9712,4.8500,0.0000,0.0000,0.0000,0.6224,0.6224,Off,0
powerfail,9713,4.8667,0.0000,0.0000,0.0000,0.6216,0.6216,Off,0
powerfail,9714,4.8833,0.0000,0.0000,0.0000,0.6208,0.6208,Off,0
powerfail,9715,4.9000,0.0000,0.0000,0.0000,0.6200,0.6200,Off,0
powerfail,9716,4.9167,0.0000,0.0000,0.0000,0.6192,0.6192,Off,0
powerfail,9717,4.9333,0.0000,0.0000,0.0000,0.6184,0.6184,Off,0
powerfail,9718,4.9500,0.0000,0.0000,0.0000,0.6176,0.6176,Off,0
powerfail,9719,4.9667,0.0000,0.0000,0.0000,0.6168,0.6168,Off,0
powerfail,9720,4.9833,0.0000,0.0000,0.0000,0.6160,0.6160,Off,0
powerfail,9721,5.0000,0.0000,0.0000,0.0000,0.6152,0.6152,Off,0
powerfail,9722,5.0167,0.0000,0.0000,0.0000,0.6144,0.6144,Off,0
powerfail,9723,5.0333,0.0000,0.0000,0.0000,0.6136,0.6136,Off,0
powerfail,9724,5.0500,0.0000,0.0000,0.0000,0.6128,0.6128,Off,0
powerfail,9725,5.0667,0.0000,0.0000,0.0000,0.6121,0.6121,Off,0
powerfail,9726,5.0833,0.0000,0.0000,0.0000,0.6113,0.6113,Off,0
powerfail,9727,5.1000,0.0000,0.0000,0.0000,0.6105,0.6105,Off,0
powerfail,9728,5.1167,0.0000,0.0000,0.0000,0.6097,0.6097,Off,0
powerfail,9729,5.1333,0.0000,0.0000,0.0000,0.6090,0.6090,Off,0
powerfail,9730,5.1500,0.0000,0.0000,0.0000,0.6082,0.6082,Off,0
powerfail,9731,5.1667,0.0000,0.0000,0.0000,0.6074,0.6074,Off,0
powerfail,9732,5.1833,0.0000,0.0000,0.0000,0.6066,0.6066,Off,0
powerfail,9733,5.2000,0.0000,0.0000,0.0000,0.6059,0.6059,Off,0
powerfail,9734,5.2167,0.0000,0.0000,0.0000,0.6051,0.6051,Off,0
powerfail,9735,5.2333,0.0000,0.0000,0.0000,0.6044,0.6044,Off,0
powerfail,9736,5.2500,0.0000,0.0000,0.0000,0.6036,0.6036,Off,0
powerfail,9737,5.2667,0.0000,0.0000,0.0000,0.6028,0.6028,Off,0
powerfail,9738,5.2833,0.0000,0.0000,0.0000,0.6021,0.6021,Off,0
powerfail,9739,5.3000,0.0000,0.0000,0.0000,0.6013,0.6013,Off,0
powerfail,9740,5.3167,0.0000,0.0000,0.0000,0.6006,0.6006,Off,0
powerfail,9741,5.3333,0.0000,0.0000,0.0000,0.5998,0.5998,Off,0
powerfail,9742,5.3500,0.0000,0.0000,0.0000,0.5991,0.5991,Off,0
powerfail,9743,5.3667,0.0000,0.0000,0.0000,0.5983,0.5983,Off,0
powerfail,9744,5.3833,0.0000,0.0000,0.0000,0.5976,0.5976,Off,0
powerfail,9745,5.4000,0.0000,0.0000,0.0000,0.5968,0.5968,Off,0
powerfail,9746,5.4167,0.0000,0.0000,0.0000,0.5961,0.5961,Off,0
powerfail,9747,5.4333,0.0000,0.0000,0.0000,0.5954,0.5954,Off,0
powerfail,9748,5.4500,0.0000,0.0000,0.0000,0.5946,0.5946,Off,0
powerfail,9749,5.4667,0.0000,0.0000,0.0000,0.5939,0.5939,Off,0
powerfail,9750,5.4833,0.0000,0.0000,0.0000,0.5932,0.5932,Off,0
powerfail,9751,5.5000,0.0000,0.0000,0.0000,0.5924,0.5924,Off,0
powerfail,9752,5.5167,0.0000,0.0000,0.0000,0.5917,0.5917,Off,0
powerfail,9753,5.5333,0.0000,0.0000,0.0000,0.5910,0.5910,Off,0
powerfail,9754,5.5500,0.0000,0.0000,0.0000,0.5902,0.5902,Off,0
powerfail,9755,5.5667,0.0000,0.0000,0.0000,0.5895,0.5895,Off,0
powerfail,9756,5.5833,0.0000,0.0000,0.0000,0.5888,0.5888,Off,0
powerfail,9757,5.6000,0.0000,0.0000,0.0000,0.5881,0.5881,Off,0
powerfail,9758,5.6167,0.0000,0.0000,0.0000,0.5873,0.5873,Off,0
powerfail,9759,5.6333,0.0000,0.0000,0.0000,0.5866,0.5866,Off,0
powerfail,9760,5.6500,0.0000,0.0000,0.0000,0.5859,0.5859,Off,0
powerfail,9761,5.6667,0.0000,0.0000,0.0000,0.5852,0.5852,Off,0
powerfail,9762,5.6833,0.0000,0.0000,0.0000,0.5845,0.5845,Off,0
powerfail,9763,5.7000,0.0000,0.0000,0.0000,0.5838,0.5838,Off,0
powerfail,9764,5.7167,0.0000,0.0000,0.0000,0.5831,0.5831,Off,0
powerfail,9765,5.7333,0.0000,0.0000,0.0000,0.5824,0.5824,Off,0
powerfail,9766,5.7500,0.0000,0.0000,0.0000,0.5817,0.5817,Off,0
powerfail,9767,5.7667,0.0000,0.0000,0.0000,0.5809,0.5809,Off,0
powerfail,9768,5.7833,0.0000,0.0000,0.0000,0.5802,0.5802,Off,0
powerfail,9769,5.8000,0.0000,0.0000,0.0000,0.5795,0.5795,Off,0
powerfail,9770,5.8167,0.0000,0.0000,0.0000,0.5788,0.5788,Off,0
powerfail,9771,5.8333,0.0000,0.0000,0.0000,0.5781,0.5781,Off,0
powerfail,9772,5.8500,0.0000,0.0000,0.0000,0.5775,0.5775,Off,0
powerfail,9773,5.8667,0.0000,0.0000,0.0000,0.5768,0.5768,Off,0
powerfail,9774,5.8833,0.0000,0.0000,0.0000,0.5761,0.5761,Off,0
powerfail,9775,5.9000,0.0000,0.0000,0.0000,0.5754,0.5754,Off,0
powerfail,9776,5.9167,0.0000,0.0000,0.0000,0.5747,0.5747,Off,0
powerfail,9777,5.9333,0.0000,0.0000,0.0000,0.5740,0.5740,Off,0
powerfail,9778,5.9500,0.0000,0.0000,0.0000,0.5733,0.5733,Off,0
powerfail,9779,5.9667,0.0000,0.0000,0.0000,0.5726,0.5726,Off,0
powerfail,9780,5.9833,0.0000,0.0000,0.0000,0.5719,0.5719,Off,0
powerfail,9781,6.0000,0.0000,0.0000,0.0000,0.5713,0.5713,Off,0
powerfail,9782,6.0167,0.0000,0.0000,0.0000,0.5706,0.5706,Off,0
powerfail,9783,6.0333,0.0000,0.0000,0.0000,0.5699,0.5699,Off,0
powerfail,9784,6.0500,0.0000,0.0000,0.0000,0.5692,0.5692,Off,0
powerfail,9785,6.0667,0.0000,0.0000,0.0000,0.5686,0.5686,Off,0
powerfail,9786,6.0833,0.0000,0.0000,0.0000,0.5679,0.5679,Off,0
powerfail,9787,6.1000,0.0000,0.0000,0.0000,0.5672,0.5672,Off,0
powerfail,9788,6.1167,0.0000,0.0000,0.0000,0.5665,0.5665,Off,0
powerfail,9789,6.1333,0.0000,0.0000,0.0000,0.5659,0.5659,Off,0
powerfail,9790,6.1500,0.0000,0.0000,0.0000,0.5652,0.5652,Off,0
powerfail,9791,6.1667,0.0000,0.0000,0.0000,0.5645,0.5645,Off,0
powerfail,9792,6.1833,0.0000,0.0000,0.0000,0.5639,0.5639,Off,0
powerfail,9793,6.2000,0.0000,0.0000,0.0000,0.5632,0.5632,Off,0
powerfail,9794,6.2167,0.0000,0.0000,0.0000,0.5626,0.5626,Off,0
powerfail,9795,6.2333,0.0000,0.0000,0.0000,0.5619,0.5619,Off,0
powerfail,9796,6.2500,0.0000,0.0000,0.0000,0.5612,0.5612,Off,0
powerfail,9797,6.2667,0.0000,0.0000,0.0000,0.5606,0.5606,Off,0
powerfail,9798,6.2833,0.0000,0.0000,0.0000,0.5599,0.5599,Off,0
powerfail,9799,6.3000,0.0000,0.0000,0.0000,0.5593,0.5593,Off,0
powerfail,9800,6.3167,0.0000,0.0000,0.0000,0.5586,0.5586,Off,0
powerfail,9801,6.3333,0.0000,0.0000,0.0000,0.5580,0.5580,Off,0
powerfail,9802,6.3500,0.0000,0.0000,0.0000,0.5573,0.5573,Off,0
powerfail,9803,6.3667,0.0000,0.0000,0.0000,0.5567,0.5567,Off,0
powerfail,9804,6.3833,0.0000,0.0000,0.0000,0.5560,0.5560,Off,0
powerfail,9805,6.4000,0.0000,0.0000,0.0000,0.5554,0.5554,Off,0
powerfail,9806,6.4167,0.0000,0.0000,0.0000,0.5548,0.5548,Off,0
powerfail,9807,6.4333,0.0000,0.0000,0.0000,0.5541,0.5541,Off,0
powerfail,9808,6.4500,0.0000,0.0000,0.0000,0.5535,0.5535,Off,0
powerfail,9809,6.4667,0.0000,0.0000,0.0000,0.5528,0.5528,Off,0
powerfail,9810,6.4833,0.0000,0.0000,0.0000,0.5522,0.5522,Off,0
powerfail,9811,6.5000,0.0000,0.0000,0.0000,0.5516,0.5516,Off,0
powerfail,9812,6.5167,0.0000,0.0000,0.0000,0.5509,0.5509,Off,0
powerfail,9813,6.5333,0.0000,0.0000,0.0000,0.5503,0.5503,Off,0
powerfail,9814,6.5500,0.0000,0.0000,0.0000,0.5497,0.5497,Off,0
powerfail,9815,6.5667,0.0000,0.0000,0.0000,0.5491,0.5491,Off,0
powerfail,9816,6.5833,0.0000,0.0000,0.0000,0.5484,0.5484,Off,0
powerfail,9817,6.6000,0.0000,0.0000,0.0000,0.5478,0.5478,Off,0
powerfail,9818,6.6167,0.0000,0.0000,0.0000,0.5472,0.5472,Off,0
powerfail,9819,6.6333,0.0000,0.0000,0.0000,0.5466,0.5466,Off,0
powerfail,9820,6.6500,0.0000,0.0000,0.0000,0.5459,0.5459,Off,0
powerfail,9821,6.6667,0.0000,0.0000,0.0000,0.5453,0.5453,Off,0
powerfail,9822,6.6833,0.0000,0.0000,0.0000,0.5447,0.5447,Off,0
powerfail,9823,6.7000,0.0000,0.0000,0.0000,0.5441,0.5441,Off,0
powerfail,9824,6.7167,0.0000,0.0000,0.0000,0.5435,0.5435,Off,0
powerfail,9825,6.7333,0.0000,0.0000,0.0000,0.5428,0.5428,Off,0
powerfail,9826,6.7500,0.0000,0.0000,0.0000,0.5422,0.5422,Off,0
powerfail,9827,6.7667,0.0000,0.0000,0.0000,0.5416,0.5416,Off,0
powerfail,9828,6.7833,0.0000,0.0000,0.0000,0.5410,0.5410,Off,0
powerfail,9829,6.8000,0.0000,0.0000,0.0000,0.5404,0.5404,Off,0
powerfail,9830,6.8167,0.0000,0.0000,0.0000,0.5398,0.5398,Off,0
powerfail,9831,6.8333,0.0000,0.0000,0.0000,0.5392,0.5392,Off,0
powerfail,9832,6.8500,0.0000,0.0000,0.0000,0.5386,0.5386,Off,0
powerfail,9833,6.8667,0.0000,0.0000,0.0000,0.5380,0.5380,Off,0
powerfail,9834,6.8833,0.0000,0.0000,0.0000,0.5374,0.5374,Off,0
powerfail,9835,6.9000,0.0000,0.0000,0.0000,0.5368,0.5368,Off,0
powerfail,9836,6.9167,0.0000,0.0000,0.0000,0.5362,0.5362,Off,0
powerfail,9837,6.9333,0.0000,0.0000,0.0000,0.5356,0.5356,Off,0
powerfail,9838,6.9500,0.0000,0.0000,0.0000,0.5350,0.5350,Off,0
powerfail,9839,6.9667,0.0000,0.0000,0.0000,0.5344,0.5344,Off,0
powerfail,9840,6.9833,0.0000,0.0000,0.0000,0.5338,0.5338,Off,0
powerfail,9841,7.0000,0.0000,0.0000,0.0000,0.5332,0.5332,Off,0
powerfail,9842,7.0167,0.0000,0.0000,0.0000,0.5326,0.5326,Off,0
powerfail,9843,7.0333,0.0000,0.0000,0.0000,0.5320,0.5320,Off,0
powerfail,9844,7.0500,0.0000,0.0000,0.0000,0.5314,0.5314,Off,0
powerfail,9845,7.0667,0.0000,0.0000,0.0000,0.5308,0.5308,Off,0
powerfail,9846,7.0833,0.0000,0.0000,0.0000,0.5302,0.5302,Off,0
powerfail,9847,7.1000,0.0000,0.0000,0.0000,0.5297,0.5297,Off,0
powerfail,9848,7.1167,0.0000,0.0000,0.0000,0.5291,0.5291,Off,0
powerfail,9849,7.1333,0.0000,0.0000,0.0000,0.5285,0.5285,Off,0
powerfail,9850,7.1500,0.0000,0.0000,0.0000,0.5279,0.5279,Off,0
powerfail,9851,7.1667,0.0000,0.0000,0.0000,0.5273,0.5273,Off,0
powerfail,9852,7.1833,0.0000,0.0000,0.0000,0.5268,0.5268,Off,0
powerfail,9853,7.2000,0.0000,0.0000,0.0000,0.5262,0.5262,Off,0
powerfail,9854,7.2167,0.0000,0.0000,0.0000,0.5256,0.5256,Off,0
powerfail,9855,7.2333,0.0000,0.0000,0.0000,0.5250,0.5250,Off,0
powerfail,9856,7.2500,0.0000,0.0000,0.0000,0.5245,0.5245,Off,0
powerfail,9857,7.2667,0.0000,0.0000,0.0000,0.5239,0.5239,Off,0
powerfail,9858,7.2833,0.0000,0.0000,0.0000,0.5233,0.5233,Off,0
powerfail,9859,7.3000,0.0000,0.0000,0.0000,0.5227,0.5227,Off,0
powerfail,9860,7.3167,0.0000,0.0000,0.0000,0.5222,0.5222,Off,0
powerfail,9861,7.3333,0.0000,0.0000,0.0000,0.5216,0.5216,Off,0
powerfail,9862,7.3500,0.0000,0.0000,0.0000,0.5210,0.5210,Off,0
powerfail,9863,7.3667,0.0000,0.0000,0.0000,0.5205,0.5205,Off,0
powerfail,9864,7.3833,0.0000,0.0000,0.0000,0.5199,0.5199,Off,0
powerfail,9865,7.4000,0.0000,0.0000,0.0000,0.5193,0.5193,Off,0
powerfail,9866,7.4167,0.0000,0.0000,0.0000,0.5188,0.5188,Off,0
powerfail,9867,7.4333,0.0000,0.0000,0.0000,0.5182,0.5182,Off,0
powerfail,9868,7.4500,0.0000,0.0000,0.0000,0.5177,0.5177,Off,0
powerfail,9869,7.4667,0.0000,0.0000,0.0000,0.5171,0.5171,Off,0
powerfail,9870,7.4833,0.0000,0.0000,0.0000,0.5166,0.5166,Off,0
powerfail,9871,7.5000,0.0000,0.0000,0.0000,0.5160,0.5160,Off,0
powerfail,9872,7.5167,0.0000,0.0000,0.0000,0.5154,0.5154,Off,0
powerfail,9873,7.5333,0.0000,0.0000,0.0000,0.5149,0.5149,Off,0
powerfail,9874,7.5500,0.0000,0.0000,0.0000,0.5143,0.5143,Off,0
powerfail,9875,7.5667,0.0000,0.0000,0.0000,0.5138,0.5138,Off,0
powerfail,9876,7.5833,0.0000,0.0000,0.0000,0.5132,0.5132,Off,0
powerfail,9877,7.6000,0.0000,0.0000,0.0000,0.5127,0.5127,Off,0
powerfail,9878,7.6167,0.0000,0.0000,0.0000,0.5121,0.5121,Off,0
powerfail,9879,7.6333,0.0000,0.0000,0.0000,0.5116,0.5116,Off,0
powerfail,9880,7.6500,0.0000,0.0000,0.0000,0.5111,0.5111,Off,0
powerfail,9881,7.6667,0.0000,0.0000,0.0000,0.5105,0.5105,Off,0
powerfail,9882,7.6833,0.0000,0.0000,0.0000,0.5100,0.5100,Off,0
powerfail,9883,7.7000,0.0000,0.0000,0.0000,0.5094,0.5094,Off,0
powerfail,9884,7.7167,0.0000,0.0000,0.0000,0.5089,0.5089,Off,0
powerfail,9885,7.7333,0.0000,0.0000,0.0000,0.5083,0.5083,Off,0
powerfail,9886,7.7500,0.0000,0.0000,0.0000,0.5078,0.5078,Off,0
powerfail,9887,7.7667,0.0000,0.0000,0.0000,0.5073,0.5073,Off,0
powerfail,9888,7.7833,0.0000,0.0000,0.0000,0.5067,0.5067,Off,0
powerfail,9889,7.8000,0.0000,0.0000,0.0000,0.5062,0.5062,Off,0
powerfail,9890,7.8167,0.0000,0.0000,0.0000,0.5057,0.5057,Off,0
powerfail,9891,7.8333,0.0000,0.0000,0.0000,0.5051,0.5051,Off,0
powerfail,9892,7.8500,0.0000,0.0000,0.0000,0.5046,0.5046,Off,0
powerfail,9893,7.8667,0.0000,0.0000,0.0000,0.5041,0.5041,Off,0
powerfail,9894,7.8833,0.0000,0.0000,0.0000,0.5035,0.5035,Off,0
powerfail,9895,7.9000,0.0000,0.0000,0.0000,0.5030,0.5030,Off,0
powerfail,9896,7.9167,0.0000,0.0000,0.0000,0.5025,0.5025,Off,0
powerfail,9897,7.9333,0.0000,0.0000,0.0000,0.5020,0.5020,Off,0
powerfail,9898,7.9500,0.0000,0.0000,0.0000,0.5014,0.5014,Off,0
powerfail,9899,7.9667,0.0000,0.0000,0.0000,0.5009,0.5009,Off,0
powerfail,9900,7.9833,0.0000,0.0000,0.0000,0.5004,0.5004,Off,0
powerfail,9901,8.0000,0.0000,0.0000,0.0000,0.4999,0.4999,Off,0
powerfail,9902,8.0167,0.0000,0.0000,0.0000,0.4994,0.4994,Off,0
powerfail,9903,8.0333,0.0000,0.0000,0.0000,0.4988,0.4988,Off,0
powerfail,9904,8.0500,0.0000,0.0000,0.0000,0.4983,0.4983,Off,0
powerfail,9905,8.0667,0.0000,0.0000,0.0000,0.4978,0.4978,Off,0
powerfail,9906,8.0833,0.0000,0.0000,0.0000,0.4973,0.4973,Off,0
powerfail,9907,8.1000,0.0000,0.0000,0.0000,0.4968,0.4968,Off,0
powerfail,9908,8.1167,0.0000,0.0000,0.0000,0.4963,0.4963,Off,0
powerfail,9909,8.1333,0.0000,0.0000,0.0000,0.4957,0.4957,Off,0
powerfail,9910,8.1500,0.0000,0.0000,0.0000,0.4952,0.4952,Off,0
powerfail,9911,8.1667,0.0000,0.0000,0.0000,0.4947,0.4947,Off,0
powerfail,9912,8.1833,0.0000,0.0000,0.0000,0.4942,0.4942,Off,0
powerfail,9913,8.2000,0.0000,0.0000,0.0000,0.4937,0.4937,Off,0
powerfail,9914,8.2167,0.0000,0.0000,0.0000,0.4932,0.4932,Off,0
powerfail,9915,8.2333,0.0000,0.0000,0.0000,0.4927,0.4927,Off,0
powerfail,9916,8.2500,0.0000,0.0000,0.0000,0.4922,0.4922,Off,0
powerfail,9917,8.2667,0.0000,0.0000,0.0000,0.4917,0.4917,Off,0
powerfail,9918,8.2833,0.0000,0.0000,0.0000,0.4912,0.4912,Off,0
powerfail,9919,8.3000,0.0000,0.0000,0.0000,0.4907,0.4907,Off,0
powerfail,9920,8.3167,0.0000,0.0000,0.0000,0.4902,0.4902,Off,0
powerfail,9921,8.3333,0.0000,0.0000,0.0000,0.4897,0.4897,Off,0
powerfail,9922,8.3500,0.0000,0.0000,0.0000,0.4892,0.4892,Off,0
powerfail,9923,8.3667,0.0000,0.0000,0.0000,0.4887,0.4887,Off,0
powerfail,9924,8.3833,0.0000,0.0000,0.0000,0.4882,0.4882,Off,0
powerfail,9925,8.4000,0.0000,0.0000,0.0000,0.4877,0.4877,Off,0
powerfail,9926,8.4167,0.0000,0.0000,0.0000,0.4872,0.4872,Off,0
powerfail,9927,8.4333,0.0000,0.0000,0.0000,0.4867,0.4867,Off,0
powerfail,9928,8.4500,0.0000,0.0000,0.0000,0.4862,0.4862,Off,0
powerfail,9929,8.4667,0.0000,0.0000,0.0000,0.4857,0.4857,Off,0
powerfail,9930,8.4833,0.0000,0.0000,0.0000,0.4852,0.4852,Off,0
powerfail,9931,8.5000,0.0000,0.0000,0.0000,0.4847,0.4847,Off,0
powerfail,9932,8.5167,0.0000,0.0000,0.0000,0.4842,0.4842,Off,0
powerfail,9933,8.5333,0.0000,0.0000,0.0000,0.4838,0.4838,Off,0
powerfail,9934,8.5500,0.0000,0.0000,0.0000,0.4833,0.4833,Off,0
powerfail,9935,8.5667,0.0000,0.0000,0.0000,0.4828,0.4828,Off,0
powerfail,9936,8.5833,0.0000,0.0000,0.0000,0.4823,0.4823,Off,0
powerfail,9937,8.6000,0.0000,0.0000,0.0000,0.4818,0.4818,Off,0
powerfail,9938,8.6167,0.0000,0.0000,0.0000,0.4813,0.4813,Off,0
powerfail,9939,8.6333,0.0000,0.0000,0.0000,0.4808,0.4808,Off,0
powerfail,9940,8.6500,0.0000,0.0000,0.0000,0.4804,0.4804,Off,0
powerfail,9941,8.6667,0.0000,0.0000,0.0000,0.4799,0.4799,Off,0
powerfail,9942,8.6833,0.0000,0.0000,0.0000,0.4794,0.4794,Off,0
powerfail,9943,8.7000,0.0000,0.0000,0.0000,0.4789,0.4789,Off,0
powerfail,9944,8.7167,0.0000,0.0000,0.0000,0.4785,0.4785,Off,0
powerfail,9945,8.7333,0.0000,0.0000,0.0000,0.4780,0.4780,Off,0
powerfail,9946,8.7500,0.0000,0.0000,0.0000,0.4775,0.4775,Off,0
powerfail,9947,8.7667,0.0000,0.0000,0.0000,0.4770,0.4770,Off,0
powerfail,9948,8.7833,0.0000,0.0000,0.0000,0.4766,0.4766,Off,0
powerfail,9949,8.8000,0.0000,0.0000,0.0000,0.4761,0.4761,Off,0
powerfail,9950,8.8167,0.0000,0.0000,0.0000,0.4756,0.4756,Off,0
powerfail,9951,8.8333,0.0000,0.0000,0.0000,0.4751,0.4751,Off,0
powerfail,9952,8.8500,0.0000,0.0000,0.0000,0.4747,0.4747,Off,0
powerfail,9953,8.8667,0.0000,0.0000,0.0000,0.4742,0.4742,Off,0
powerfail,9954,8.8833,0.0000,0.0000,0.0000,0.4737,0.4737,Off,0
powerfail,9955,8.9000,0.0000,0.0000,0.0000,0.4733,0.4733,Off,0
powerfail,9956,8.9167,0.0000,0.0000,0.0000,0.4728,0.4728,Off,0
powerfail,9957,8.9333,0.0000,0.0000,0.0000,0.4723,0.4723,Off,0
powerfail,9958,8.9500,0.0000,0.0000,0.0000,0.4719,0.4719,Off,0
powerfail,9959,8.9667,0.0000,0.0000,0.0000,0.4714,0.4714,Off,0
powerfail,9960,8.9833,0.0000,0.0000,0.0000,0.4709,0.4709,Off,0
powerfail,9961,9.0000,0.0000,0.0000,0.0000,0.4705,0.4705,Off,0
powerfail,9962,9.0167,0.0000,0.0000,0.0000,0.4700,0.4700,Off,0
powerfail,9963,9.0333,0.0000,0.0000,0.0000,0.4696,0.4696,Off,0
powerfail,9964,9.0500,0.0000,0.0000,0.0000,0.4691,0.4691,Off,0
powerfail,9965,9.0667,0.0000,0.0000,0.0000,0.4686,0.4686,Off,0
powerfail,9966,9.0833,0.0000,0.0000,0.0000,0.4682,0.4682,Off,0
powerfail,9967,9.1000,0.0000,0.0000,0.0000,0.4677,0.4677,Off,0
powerfail,9968,9.1167,0.0000,0.0000,0.0000,0.4673,0.4673,Off,0
powerfail,9969,9.1333,0.0000,0.0000,0.0000,0.4668,0.4668,Off,0
powerfail,9970,9.1500,0.0000,0.0000,0.0000,0.4664,0.4664,Off,0
powerfail,9971,9.1667,0.0000,0.0000,0.0000,0.4659,0.4659,Off,0
powerfail,9972,9.1833,0.0000,0.0000,0.0000,0.4655,0.4655,Off,0
powerfail,9973,9.2000,0.0000,0.0000,0.0000,0.4650,0.4650,Off,0
powerfail,9974,9.2167,0.0000,0.0000,0.0000,0.4646,0.4646,Off,0
powerfail,9975,9.2333,0.0000,0.0000,0.0000,0.4641,0.4641,Off,0
powerfail,9976,9.2500,0.0000,0.0000,0.0000,0.4637,0.4637,Off,0
powerfail,9977,9.2667,0.0000,0.0000,0.0000,0.4632,0.4632,Off,0
powerfail,9978,9.2833,0.0000,0.0000,0.0000,0.4628,0.4628,Off,0
powerfail,9979,9.3000,0.0000,0.0000,0.0000,0.4623,0.4623,Off,0
powerfail,9980,9.3167,0.0000,0.0000,0.0000,0.4619,0.4619,Off,0
powerfail,9981,9.3333,0.0000,0.0000,0.0000,0.4614,0.4614,Off,0
powerfail,9982,9.3500,0.0000,0.0000,0.0000,0.4610,0.4610,Off,0
powerfail,9983,9.3667,0.0000,0.0000,0.0000,0.4605,0.4605,Off,0
powerfail,9984,9.3833,0.0000,0.0000,0.0000,0.4601,0.4601,Off,0
powerfail,9985,9.4000,0.0000,0.0000,0.0000,0.4597,0.4597,Off,0
powerfail,9986,9.4167,0.0000,0.0000,0.0000,0.4592,0.4592,Off,0
powerfail,9987,9.4333,0.0000,0.0000,0.0000,0.4588,0.4588,Off,0
powerfail,9988,9.4500,0.0000,0.0000,0.0000,0.4583,0.4583,Off,0
powerfail,9989,9.4667,0.0000,0.0000,0.0000,0.4579,0.4579,Off,0
powerfail,9990,9.4833,0.0000,0.0000,0.0000,0.4575,0.4575,Off,0
powerfail,9991,9.5000,0.0000,0.0000,0.0000,0.4570,0.4570,Off,0
powerfail,9992,9.5167,0.0000,0.0000,0.0000,0.4566,0.4566,Off,0
powerfail,9993,9.5333,0.0000,0.0000,0.0000,0.4562,0.4562,Off,0
powerfail,9994,9.5500,0.0000,0.0000,0.0000,0.4557,0.4557,Off,0
powerfail,9995,9.5667,0.0000,0.0000,0.0000,0.4553,0.4553,Off,0
powerfail,9996,9.5833,0.0000,0.0000,0.0000,0.4549,0.4549,Off,0
powerfail,9997,9.6000,0.0000,0.0000,0.0000,0.4544,0.4544,Off,0
powerfail,9998,9.6167,0.0000,0.0000,0.0000,0.4540,0.4540,Off,0
powerfail,9999,9.6333,0.0000,0.0000,0.0000,0.4536,0.4536,Off,0
powerfail,10000,9.6500,0.0000,0.0000,0.0000,0.4532,0.4532,Off,0
powerfail,10001,9.6667,0.0000,0.0000,0.0000,0.4527,0.4527,Off,0
powerfail,10002,9.6833,0.0000,0.0000,0.0000,0.4523,0.4523,Off,0
powerfail,10003,9.7000,0.0000,0.0000,0.0000,0.4519,0.4519,Off,0
powerfail,10004,9.7167,0.0000,0.0000,0.0000,0.4515,0.4515,Off,0
powerfail,10005,9.7333,0.0000,0.0000,0.0000,0.4510,0.4510,Off,0
powerfail,10006,9.7500,0.0000,0.0000,0.0000,0.4506,0.4506,Off,0
powerfail,10007,9.7667,0.0000,0.0000,0.0000,0.4502,0.4502,Off,0
powerfail,10008,9.7833,0.0000,0.0000,0.0000,0.4498,0.4498,Off,0
powerfail,10009,9.8000,0.0000,0.0000,0.0000,0.4493,0.4493,Off,0
powerfail,10010,9.8167,0.0000,0.0000,0.0000,0.4489,0.4489,Off,0
powerfail,10011,9.8333,0.0000,0.0000,0.0000,0.4485,0.4485,Off,0
powerfail,10012,9.8500,0.0000,0.0000,0.0000,0.4481,0.4481,Off,0
powerfail,10013,9.8667,0.0000,0.0000,0.0000,0.4477,0.4477,Off,0
powerfail,10014,9.8833,0.0000,0.0000,0.0000,0.4472,0.4472,Off,0
powerfail,10015,9.9000,0.0000,0.0000,0.0000,0.4468,0.4468,Off,0
powerfail,10016,9.9167,0.0000,0.0000,0.0000,0.4464,0.4464,Off,0
powerfail,10017,9.9333,0.0000,0.0000,0.0000,0.4460,0.4460,Off,0
powerfail,10018,9.9500,0.0000,0.0000,0.0000,0.4456,0.4456,Off,0
powerfail,10019,9.9667,0.0000,0.0000,0.0000,0.4452,0.4452,Off,0
powerfail,10020,9.9833,0.0000,0.0000,0.0000,0.4448,0.4448,Off,0
powerfail,10021,10.0000,0.0000,0.0000,0.0000,0.4443,0.4443,Off,0
powerfail,10022,10.0167,0.0000,0.0000,0.0000,0.4439,0.4439,Off,0
powerfail,10023,10.0333,0.0000,0.0000,0.0000,0.4435,0.4435,Off,0
powerfail,10024,10.0500,0.0000,0.0000,0.0000,0.4431,0.4431,Off,0
powerfail,10025,10.0667,0.0000,0.0000,0.0000,0.4427,0.4427,Off,0
powerfail,10026,10.0833,0.0000,0.0000,0.0000,0.4423,0.4423,Off,0
powerfail,10027,10.1000,0.0000,0.0000,0.0000,0.4419,0.4419,Off,0
powerfail,10028,10.1167,0.0000,0.0000,0.0000,0.4415,0.4415,Off,0
powerfail,10029,10.1334,0.0000,0.0000,0.0000,0.4411,0.4411,Off,0
powerfail,10030,10.1500,0.0000,0.0000,0.0000,0.4407,0.4407,Off,0
powerfail,10031,10.1667,0.0000,0.0000,0.0000,0.4403,0.4403,Off,0
powerfail,10032,10.1833,0.0000,0.0000,0.0000,0.4399,0.4399,Off,0
powerfail,10033,10.2000,0.0000,0.0000,0.0000,0.4395,0.4395,Off,0
powerfail,10034,10.2167,0.0000,0.0000,0.0000,0.4391,0.4391,Off,0
powerfail,10035,10.2333,0.0000,0.0000,0.0000,0.4387,0.4387,Off,0
powerfail,10036,10.2500,0.0000,0.0000,0.0000,0.4383,0.4383,Off,0
powerfail,10037,10.2667,0.0000,0.0000,0.0000,0.4379,0.4379,Off,0
powerfail,10038,10.2833,0.0000,0.0000,0.0000,0.4375,0.4375,Off,0
powerfail,10039,10.3000,0.0000,0.0000,0.0000,0.4371,0.4371,Off,0
powerfail,10040,10.3167,0.0000,0.0000,0.0000,0.4367,0.4367,Off,0
powerfail,10041,10.3333,0.0000,0.0000,0.0000,0.4363,0.4363,Off,0
powerfail,10042,10.3500,0.0000,0.0000,0.0000,0.4359,0.4359,Off,0
powerfail,10043,10.3667,0.0000,0.0000,0.0000,0.4355,0.4355,Off,0
powerfail,10044,10.3834,0.0000,0.0000,0.0000,0.4351,0.4351,Off,0
powerfail,10045,10.4000,0.0000,0.0000,0.0000,0.4347,0.4347,Off,0
powerfail,10046,10.4167,0.0000,0.0000,0.0000,0.4343,0.4343,Off,0
powerfail,10047,10.4333,0.0000,0.0000,0.0000,0.4339,0.4339,Off,0
powerfail,10048,10.4500,0.0000,0.0000,0.0000,0.4335,0.4335,Off,0
powerfail,10049,10.4667,0.0000,0.0000,0.0000,0.4331,0.4331,Off,0
powerfail,10050,10.4833,0.0000,0.0000,0.0000,0.4327,0.4327,Off,0
powerfail,10051,10.5000,0.0000,0.0000,0.0000,0.4323,0.4323,Off,0
powerfail,10052,10.5167,0.0000,0.0000,0.0000,0.4320,0.4320,Off,0
powerfail,10053,10.5333,0.0000,0.0000,0.0000,0.4316,0.4316,Off,0
powerfail,10054,10.5500,0.0000,0.0000,0.0000,0.4312,0.4312,Off,0
powerfail,10055,10.5667,0.0000,0.0000,0.0000,0.4308,0.4308,Off,0
powerfail,10056,10.5833,0.0000,0.0000,0.0000,0.4304,0.4304,Off,0
powerfail,10057,10.6000,0.0000,0.0000,0.0000,0.4300,0.4300,Off,0
powerfail,10058,10.6167,0.0000,0.0000,0.0000,0.4296,0.4296,Off,0
powerfail,10059,10.6334,0.0000,0.0000,0.0000,0.4292,0.4292,Off,0
powerfail,10060,10.6500,0.0000,0.0000,0.0000,0.4289,0.4289,Off,0
powerfail,10061,10.6667,0.0000,0.0000,0.0000,0.4285,0.4285,Off,0
powerfail,10062,10.6833,0.0000,0.0000,0.0000,0.4281,0.4281,Off,0
powerfail,10063,10.7000,0.0000,0.0000,0.0000,0.4277,0.4277,Off,0
powerfail,10064,10.7167,0.0000,0.0000,0.0000,0.4273,0.4273,Off,0
powerfail,10065,10.7333,0.0000,0.0000,0.0000,0.4270,0.4270,Off,0
powerfail,10066,10.7500,0.0000,0.0000,0.0000,0.4266,0.4266,Off,0
powerfail,10067,10.7667,0.0000,0.0000,0.0000,0.4262,0.4262,Off,0
powerfail,10068,10.7833,0.0000,0.0000,0.0000,0.4258,0.4258,Off,0
powerfail,10069,10.8000,0.0000,0.0000,0.0000,0.4254,0.4254,Off,0
powerfail,10070,10.8167,0.0000,0.0000,0.0000,0.4251,0.4251,Off,0
powerfail,10071,10.8333,0.0000,0.0000,0.0000,0.4247,0.4247,Off,0
powerfail,10072,10.8500,0.0000,0.0000,0.0000,0.4243,0.4243,Off,0
powerfail,10073,10.8667,0.0000,0.0000,0.0000,0.4239,0.4239,Off,0
powerfail,10074,10.8834,0.0000,0.0000,0.0000,0.4236,0.4236,Off,0
powerfail,10075,10.9000,0.0000,0.0000,0.0000,0.4232,0.4232,Off,0
powerfail,10076,10.9167,0.0000,0.0000,0.0000,0.4228,0.4228,Off,0
powerfail,10077,10.9333,0.0000,0.0000,0.0000,0.4224,0.4224,Off,0
powerfail,10078,10.9500,0.0000,0.0000,0.0000,0.4221,0.4221,Off,0
powerfail,10079,10.9667,0.0000,0.0000,0.0000,0.4217,0.4217,Off,0
powerfail,10080,10.9833,0.0000,0.0000,0.0000,0.4213,0.4213,Off,0
powerfail,10081,11.0000,0.0000,0.0000,0.0000,0.4210,0.4210,Off,0
powerfail,10082,11.0167,0.0000,0.0000,0.0000,0.4206,0.4206,Off,0
powerfail,10083,11.0333,0.0000,0.0000,0.0000,0.4202,0.4202,Off,0
powerfail,10084,11.0500,0.0000,0.0000,0.0000,0.4199,0.4199,Off,0
powerfail,10085,11.0667,0.0000,0.0000,0.0000,0.4195,0.4195,Off,0
powerfail,10086,11.0833,0.0000,0.0000,0.0000,0.4191,0.4191,Off,0
powerfail,10087,11.1000,0.0000,0.0000,0.0000,0.4188,0.4188,Off,0
powerfail,10088,11.1167,0.0000,0.0000,0.0000,0.4184,0.4184,Off,0
powerfail,10089,11.1334,0.0000,0.0000,0.0000,0.4180,0.4180,Off,0
powerfail,10090,11.1500,0.0000,0.0000,0.0000,0.4177,0.4177,Off,0
powerfail,10091,11.1667,0.0000,0.0000,0.0000,0.4173,0.4173,Off,0
powerfail,10092,11.1833,0.0000,0.0000,0.0000,0.4169,0.4169,Off,0
powerfail,10093,11.2000,0.0000,0.0000,0.0000,0.4166,0.4166,Off,0
powerfail,10094,11.2167,0.0000,0.0000,0.0000,0.4162,0.4162,Off,0
powerfail,10095,11.2333,0.0000,0.0000,0.0000,0.4159,0.4159,Off,0
powerfail,10096,11.2500,0.0000,0.0000,0.0000,0.4155,0.4155,Off,0
powerfail,10097,11.2667,0.0000,0.0000,0.0000,0.4151,0.4151,Off,0
powerfail,10098,11.2833,0.0000,0.0000,0.0000,0.4148,0.4148,Off,0
powerfail,10099,11.3000,0.0000,0.0000,0.0000,0.4144,0.4144,Off,0
powerfail,10100,11.3167,0.0000,0.0000,0.0000,0.4141,0.4141,Off,0
powerfail,10101,11.3333,0.0000,0.0000,0.0000,0.4137,0.4137,Off,0
powerfail,10102,11.3500,0.0000,0.0000,0.0000,0.4134,0.4134,Off,0
powerfail,10103,11.3667,0.0000,0.0000,0.0000,0.4130,0.4130,Off,0
powerfail,10104,11.3834,0.0000,0.0000,0.0000,0.4126,0.4126,Off,0
powerfail,10105,11.4000,0.0000,0.0000,0.0000,0.4123,0.4123,Off,0
powerfail,10106,11.4167,0.0000,0.0000,0.0000,0.4119,0.4119,Off,0
powerfail,10107,11.4333,0.0000,0.0000,0.0000,0.4116,0.4116,Off,0
powerfail,10108,11.4500,0.0000,0.0000,0.0000,0.4112,0.4112,Off,0
powerfail,10109,11.4667,0.0000,0.0000,0.0000,0.4109,0.4109,Off,0
powerfail,10110,11.4833,0.0000,0.0000,0.0000,0.4105,0.4105,Off,0
powerfail,10111,11.5000,0.0000,0.0000,0.0000,0.4102,0.4102,Off,0
powerfail,10112,11.5167,0.0000,0.0000,0.0000,0.4098,0.4098,Off,0
powerfail,10113,11.5333,0.0000,0.0000,0.0000,0.4095,0.4095,Off,0
powerfail,10114,11.5500,0.0000,0.0000,0.0000,0.4091,0.4091,Off,0
powerfail,10115,11.5667,0.0000,0.0000,0.0000,0.4088,0.4088,Off,0
powerfail,10116,11.5833,0.0000,0.0000,0.0000,0.4084,0.4084,Off,0
powerfail,10117,11.6000,0.0000,0.0000,0.0000,0.4081,0.4081,Off,0
powerfail,10118,11.6167,0.0000,0.0000,0.0000,0.4077,0.4077,Off,0
powerfail,10119,11.6334,0.0000,0.0000,0.0000,0.4074,0.4074,Off,0
powerfail,10120,11.6500,0.0000,0.0000,0.0000,0.4070,0.4070,Off,0
powerfail,10121,11.6667,0.0000,0.0000,0.0000,0.4067,0.4067,Off,0
powerfail,10122,11.6833,0.0000,0.0000,0.0000,0.4064,0.4064,Off,0
powerfail,10123,11.7000,0.0000,0.0000,0.0000,0.4060,0.4060,Off,0
powerfail,10124,11.7167,0.0000,0.0000,0.0000,0.4057,0.4057,Off,0
powerfail,10125,11.7333,0.0000,0.0000,0.0000,0.4053,0.4053,Off,0
powerfail,10126,11.7500,0.0000,0.0000,0.0000,0.4050,0.4050,Off,0
powerfail,10127,11.7667,0.0000,0.0000,0.0000,0.4046,0.4046,Off,0
powerfail,10128,11.7833,0.0000,0.0000,0.0000,0.4043,0.4043,Off,0
powerfail,10129,11.8000,0.0000,0.0000,0.0000,0.4040,0.4040,Off,0
powerfail,10130,11.8167,0.0000,0.0000,0.0000,0.4036,0.4036,Off,0
powerfail,10131,11.8333,0.0000,0.0000,0.0000,0.4033,0.4033,Off,0
powerfail,10132,11.8500,0.0000,0.0000,0.0000,0.4029,0.4029,Off,0
powerfail,10133,11.8667,0.0000,0.0000,0.0000,0.4026,0.4026,Off,0
powerfail,10134,11.8834,0.0000,0.0000,0.0000,0.4023,0.4023,Off,0
powerfail,10135,11.9000,0.0000,0.0000,0.0000,0.4019,0.4019,Off,0
powerfail,10136,11.9167,0.0000,0.0000,0.0000,0.4016,0.4016,Off,0
powerfail,10137,11.9333,0.0000,0.0000,0.0000,0.4013,0.4013,Off,0
powerfail,10138,11.9500,0.0000,0.0000,0.0000,0.4009,0.4009,Off,0
powerfail,10139,11.9667,0.0000,0.0000,0.0000,0.4006,0.4006,Off,0
powerfail,10140,11.9833,0.0000,0.0000,0.0000,0.4003,0.4003,Off,0
powerfail,10141,12.0000,0.0000,0.0000,0.0000,0.3999,0.3999,Off,0
powerfail,10142,12.0167,0.0000,0.0000,0.0000,0.3996,0.3996,Off,0
powerfail,10143,12.0333,0.0000,0.0000,0.0000,0.3993,0.3993,Off,0
powerfail,10144,12.0500,0.0000,0.0000,0.0000,0.3989,0.3989,Off,0
powerfail,10145,12.0667,0.0000,0.0000,0.0000,0.3986,0.3986,Off,0
powerfail,10146,12.0833,0.0000,0.0000,0.0000,0.3983,0.3983,Off,0
powerfail,10147,12.1000,0.0000,0.0000,0.0000,0.3979,0.3979,Off,0
powerfail,10148,12.1167,0.0000,0.0000,0.0000,0.3976,0.3976,Off,0
powerfail,10149,12.1334,0.0000,0.0000,0.0000,0.3973,0.3973,Off,0
powerfail,10150,12.1500,0.0000,0.0000,0.0000,0.3969,0.3969,Off,0
powerfail,10151,12.1667,0.0000,0.0000,0.0000,0.3966,0.3966,Off,0
powerfail,10152,12.1833,0.0000,0.0000,0.0000,0.3963,0.3963,Off,0
powerfail,10153,12.2000,0.0000,0.0000,0.0000,0.3960,0.3960,Off,0
powerfail,10154,12.2167,0.0000,0.0000,0.0000,0.3956,0.3956,Off,0
powerfail,10155,12.2333,0.0000,0.0000,0.0000,0.3953,0.3953,Off,0
powerfail,10156,12.2500,0.0000,0.0000,0.0000,0.3950,0.3950,Off,0
powerfail,10157,12.2667,0.0000,0.0000,0.0000,0.3947,0.3947,Off,0
powerfail,10158,12.2833,0.0000,0.0000,0.0000,0.3943,0.3943,Off,0
powerfail,10159,12.3000,0.0000,0.0000,0.0000,0.3940,0.3940,Off,0
powerfail,10160,12.3167,0.0000,0.0000,0.0000,0.3937,0.3937,Off,0
powerfail,10161,12.3333,0.0000,0.0000,0.0000,0.3934,0.3934,Off,0
powerfail,10162,12.3500,0.0000,0.0000,0.0000,0.3930,0.3930,Off,0
powerfail,10163,12.3667,0.0000,0.0000,0.0000,0.3927,0.3927,Off,0
powerfail,10164,12.3834,0.0000,0.0000,0.0000,0.3924,0.3924,Off,0
powerfail,10165,12.4000,0.0000,0.0000,0.0000,0.3921,0.3921,Off,0
powerfail,10166,12.4167,0.0000,0.0000,0.0000,0.3918,0.3918,Off,0
powerfail,10167,12.4333,0.0000,0.0000,0.0000,0.3914,0.3914,Off,0
powerfail,10168,12.4500,0.0000,0.0000,0.0000,0.3911,0.3911,Off,0
powerfail,10169,12.4667,0.0000,0.0000,0.0000,0.3908,0.3908,Off,0
powerfail,10170,12.4833,0.0000,0.0000,0.0000,0.3905,0.3905,Off,0
powerfail,10171,12.5000,0.0000,0.0000,0.0000,0.3902,0.3902,Off,0
powerfail,10172,12.5167,0.0000,0.0000,0.0000,0.3899,0.3899,Off,0
powerfail,10173,12.5333,0.0000,0.0000,0.0000,0.3895,0.3895,Off,0
powerfail,10174,12.5500,0.0000,0.0000,0.0000,0.3892,0.3892,Off,0
powerfail,10175,12.5667,0.0000,0.0000,0.0000,0.3889,0.3889,Off,0
powerfail,10176,12.5833,0.0000,0.0000,0.0000,0.3886,0.3886,Off,0
powerfail,10177,12.6000,0.0000,0.0000,0.0000,0.3883,0.3883,Off,0
powerfail,10178,12.6167,0.0000,0.0000,0.0000,0.3880,0.3880,Off,0
powerfail,10179,12.6334,0.0000,0.0000,0.0000,0.3876,0.3876,Off,0
powerfail,10180,12.6500,0.0000,0.0000,0.0000,0.3873,0.3873,Off,0
powerfail,10181,12.6667,0.0000,0.0000,0.0000,0.3870,0.3870,Off,0
powerfail,10182,12.6833,0.0000,0.0000,0.0000,0.3867,0.3867,Off,0
powerfail,10183,12.7000,0.0000,0.0000,0.0000,0.3864,0.3864,Off,0
powerfail,10184,12.7167,0.0000,0.0000,0.0000,0.3861,0.3861,Off,0
powerfail,10185,12.7333,0.0000,0.0000,0.0000,0.3858,0.3858,Off,0
powerfail,10186,12.7500,0.0000,0.0000,0.0000,0.3855,0.3855,Off,0
powerfail,10187,12.7667,0.0000,0.0000,0.0000,0.3852,0.3852,Off,0
powerfail,10188,12.7833,0.0000,0.0000,0.0000,0.3849,0.3849,Off,0
powerfail,10189,12.8000,0.0000,0.0000,0.0000,0.3845,0.3845,Off,0
powerfail,10190,12.8167,0.0000,0.0000,0.0000,0.3842,0.3842,Off,0
powerfail,10191,12.8333,0.0000,0.0000,0.0000,0.3839,0.3839,Off,0
powerfail,10192,12.8500,0.0000,0.0000,0.0000,0.3836,0.3836,Off,0
powerfail,10193,12.8667,0.0000,0.0000,0.0000,0.3833,0.3833,Off,0
powerfail,10194,12.8834,0.0000,0.0000,0.0000,0.3830,0.3830,Off,0
powerfail,10195,12.9000,0.0000,0.0000,0.0000,0.3827,0.3827,Off,0
powerfail,10196,12.9167,0.0000,0.0000,0.0000,0.3824,0.3824,Off,0
powerfail,10197,12.9333,0.0000,0.0000,0.0000,0.3821,0.3821,Off,0
powerfail,10198,12.9500,0.0000,0.0000,0.0000,0.3818,0.3818,Off,0
powerfail,10199,12.9667,0.0000,0.0000,0.0000,0.3815,0.3815,Off,0
powerfail,10200,12.9833,0.0000,0.0000,0.0000,0.3812,0.3812,Off,0
powerfail,10201,13.0000,0.0000,0.0000,0.0000,0.3809,0.3809,Off,0
powerfail,10202,13.0167,0.0000,0.0000,0.0000,0.3806,0.3806,Off,0
powerfail,10203,13.0333,0.0000,0.0000,0.0000,0.3803,0.3803,Off,0
powerfail,10204,13.0500,0.0000,0.0000,0.0000,0.3800,0.3800,Off,0
powerfail,10205,13.0667,0.0000,0.0000,0.0000,0.3797,0.3797,Off,0
powerfail,10206,13.0833,0.0000,0.0000,0.0000,0.3794,0.3794,Off,0
powerfail,10207,13.1000,0.0000,0.0000,0.0000,0.3791,0.3791,Off,0
powerfail,10208,13.1167,0.0000,0.0000,0.0000,0.3788,0.3788,Off,0
powerfail,10209,13.1334,0.0000,0.0000,0.0000,0.3785,0.3785,Off,0
powerfail,10210,13.1500,0.0000,0.0000,0.0000,0.3782,0.3782,Off,0
powerfail,10211,13.1667,0.0000,0.0000,0.0000,0.3779,0.3779,Off,0
powerfail,10212,13.1833,0.0000,0.0000,0.0000,0.3776,0.3776,Off,0
powerfail,10213,13.2000,0.0000,0.0000,0.0000,0.3773,0.3773,Off,0
powerfail,10214,13.2167,0.0000,0.0000,0.0000,0.3770,0.3770,Off,0
powerfail,10215,13.2333,0.0000,0.0000,0.0000,0.3767,0.3767,Off,0
powerfail,10216,13.2500,0.0000,0.0000,0.0000,0.3764,0.3764,Off,0
powerfail,10217,13.2667,0.0000,0.0000,0.0000,0.3761,0.3761,Off,0
powerfail,10218,13.2833,0.0000,0.0000,0.0000,0.3758,0.3758,Off,0
powerfail,10219,13.3000,0.0000,0.0000,0.0000,0.3755,0.3755,Off,0
powerfail,10220,13.3167,0.0000,0.0000,0.0000,0.3752,0.3752,Off,0
powerfail,10221,13.3333,0.0000,0.0000,0.0000,0.3749,0.3749,Off,0
powerfail,10222,13.3500,0.0000,0.0000,0.0000,0.3746,0.3746,Off,0
powerfail,10223,13.3667,0.0000,0.0000,0.0000,0.3743,0.3743,Off,0
powerfail,10224,13.3834,0.0000,0.0000,0.0000,0.3741,0.3741,Off,0
powerfail,10225,13.4000,0.0000,0.0000,0.0000,0.3738,0.3738,Off,0
powerfail,10226,13.4167,0.0000,0.0000,0.0000,0.3735,0.3735,Off,0
powerfail,10227,13.4333,0.0000,0.0000,0.0000,0.3732,0.3732,Off,0
powerfail,10228,13.4500,0.0000,0.0000,0.0000,0.3729,0.3729,Off,0
powerfail,10229,13.4667,0.0000,0.0000,0.0000,0.3726,0.3726,Off,0
powerfail,10230,13.4833,0.0000,0.0000,0.0000,0.3723,0.3723,Off,0
powerfail,10231,13.5000,0.0000,0.0000,0.0000,0.3720,0.3720,Off,0
powerfail,10232,13.5167,0.0000,0.0000,0.0000,0.3717,0.3717,Off,0
powerfail,10233,13.5333,0.0000,0.0000,0.0000,0.3714,0.3714,Off,0
powerfail,10234,13.5500,0.0000,0.0000,0.0000,0.3712,0.3712,Off,0
powerfail,10235,13.5667,0.0000,0.0000,0.0000,0.3709,0.3709,Off,0
powerfail,10236,13.5833,0.0000,0.0000,0.0000,0.3706,0.3706,Off,0
powerfail,10237,13.6000,0.0000,0.0000,0.0000,0.3703,0.3703,Off,0
powerfail,10238,13.6167,0.0000,0.0000,0.0000,0.3700,0.3700,Off,0
powerfail,10239,13.6334,0.0000,0.0000,0.0000,0.3697,0.3697,Off,0
powerfail,10240,13.6500,0.0000,0.0000,0.0000,0.3694,0.3694,Off,0
powerfail,10241,13.6667,0.0000,0.0000,0.0000,0.3692,0.3692,Off,0
powerfail,10242,13.6833,0.0000,0.0000,0.0000,0.3689,0.3689,Off,0
powerfail,10243,13.7000,0.0000,0.0000,0.0000,0.3686,0.3686,Off,0
powerfail,10244,13.7167,0.0000,0.0000,0.0000,0.3683,0.3683,Off,0
powerfail,10245,13.7333,0.0000,0.0000,0.0000,0.3680,0.3680,Off,0
powerfail,10246,13.7500,0.0000,0.0000,0.0000,0.3677,0.3677,Off,0
powerfail,10247,13.7667,0.0000,0.0000,0.0000,0.3675,0.3675,Off,0
powerfail,10248,13.7833,0.0000,0.0000,0.0000,0.3672,0.3672,Off,0
powerfail,10249,13.8000,0.0000,0.0000,0.0000,0.3669,0.3669,Off,0
powerfail,10250,13.8167,0.0000,0.0000,0.0000,0.3666,0.3666,Off,0
powerfail,10251,13.8333,0.0000,0.0000,0.0000,0.3663,0.3663,Off,0
powerfail,10252,13.8500,0.0000,0.0000,0.0000,0.3661,0.3661,Off,0
powerfail,10253,13.8667,0.0000,0.0000,0.0000,0.3658,0.3658,Off,0
powerfail,10254,13.8834,0.0000,0.0000,0.0000,0.3655,0.3655,Off,0
powerfail,10255,13.9000,0.0000,0.0000,0.0000,0.3652,0.3652,Off,0
powerfail,10256,13.9167,0.0000,0.0000,0.0000,0.3650,0.3650,Off,0
powerfail,10257,13.9333,0.0000,0.0000,0.0000,0.3647,0.3647,Off,0
powerfail,10258,13.9500,0.0000,0.0000,0.0000,0.3644,0.3644,Off,0
powerfail,10259,13.9667,0.0000,0.0000,0.0000,0.3641,0.3641,Off,0
powerfail,10260,13.9833,0.0000,0.0000,0.0000,0.3638,0.3638,Off,0
powerfail,10261,14.0000,0.0000,0.0000,0.0000,0.3636,0.3636,Off,0
powerfail,10262,14.0167,0.0000,0.0000,0.0000,0.3633,0.3633,Off,0
powerfail,10263,14.0333,0.0000,0.0000,0.0000,0.3630,0.3630,Off,0
powerfail,10264,14.0500,0.0000,0.0000,0.0000,0.3627,0.3627,Off,0
powerfail,10265,14.0667,0.0000,0.0000,0.0000,0.3625,0.3625,Off,0
powerfail,10266,14.0833,0.0000,0.0000,0.0000,0.3622,0.3622,Off,0
powerfail,10267,14.1000,0.0000,0.0000,0.0000,0.3619,0.3619,Off,0
powerfail,10268,14.1167,0.0000,0.0000,0.0000,0.3617,0.3617,Off,0
powerfail,10269,14.1334,0.0000,0.0000,0.0000,0.3614,0.3614,Off,0
powerfail,10270,14.1500,0.0000,0.0000,0.0000,0.3611,0.3611,Off,0
powerfail,10271,14.1667,0.0000,0.0000,0.0000,0.3608,0.3608,Off,0
powerfail,10272,14.1833,0.0000,0.0000,0.0000,0.3606,0.3606,Off,0
powerfail,10273,14.2000,0.0000,0.0000,0.0000,0.3603,0.3603,Off,0
powerfail,10274,14.2167,0.0000,0.0000,0.0000,0.3600,0.3600,Off,0
powerfail,10275,14.2333,0.0000,0.0000,0.0000,0.3598,0.3598,Off,0
powerfail,10276,14.2500,0.0000,0.0000,0.0000,0.3595,0.3595,Off,0
powerfail,10277,14.2667,0.0000,0.0000,0.0000,0.3592,0.3592,Off,0
powerfail,10278,14.2833,0.0000,0.0000,0.0000,0.3589,0.3589,Off,0
powerfail,10279,14.3000,0.0000,0.0000,0.0000,0.3587,0.3587,Off,0
powerfail,10280,14.3167,0.0000,0.0000,0.0000,0.3584,0.3584,Off,0
powerfail,10281,14.3333,0.0000,0.0000,0.0000,0.3581,0.3581,Off,0
powerfail,10282,14.3500,0.0000,0.0000,0.0000,0.3579,0.3579,Off,0
powerfail,10283,14.3667,0.0000,0.0000,0.0000,0.3576,0.3576,Off,0
powerfail,10284,14.3834,0.0000,0.0000,0.0000,0.3573,0.3573,Off,0
powerfail,10285,14.4000,0.0000,0.0000,0.0000,0.3571,0.3571,Off,0
powerfail,10286,14.4167,0.0000,0.0000,0.0000,0.3568,0.3568,Off,0
powerfail,10287,14.4333,0.0000,0.0000,0.0000,0.3565,0.3565,Off,0
powerfail,10288,14.4500,0.0000,0.0000,0.0000,0.3563,0.3563,Off,0
powerfail,10289,14.4667,0.0000,0.0000,0.0000,0.3560,0.3560,Off,0
powerfail,10290,14.4833,0.0000,0.0000,0.0000,0.3558,0.3558,Off,0
powerfail,10291,14.5000,0.0000,0.0000,0.0000,0.3555,0.3555,Off,0
powerfail,10292,14.5167,0.0000,0.0000,0.0000,0.3552,0.3552,Off,0
powerfail,10293,14.5333,0.0000,0.0000,0.0000,0.3550,0.3550,Off,0
powerfail,10294,14.5500,0.0000,0.0000,0.0000,0.3547,0.3547,Off,0
powerfail,10295,14.5667,0.0000,0.0000,0.0000,0.3544,0.3544,Off,0
powerfail,10296,14.5833,0.0000,0.0000,0.0000,0.3542,0.3542,Off,0
powerfail,10297,14.6000,0.0000,0.0000,0.0000,0.3539,0.3539,Off,0
powerfail,10298,14.6167,0.0000,0.0000,0.0000,0.3537,0.3537,Off,0
powerfail,10299,14.6334,0.0000,0.0000,0.0000,0.3534,0.3534,Off,0
powerfail,10300,14.6500,0.0000,0.0000,0.0000,0.3531,0.3531,Off,0
powerfail,10301,14.6667,0.0000,0.0000,0.0000,0.3529,0.3529,Off,0
powerfail,10302,14.6833,0.0000,0.0000,0.0000,0.3526,0.3526,Off,0
powerfail,10303,14.7000,0.0000,0.0000,0.0000,0.3524,0.3524,Off,0
powerfail,10304,14.7167,0.0000,0.0000,0.0000,0.3521,0.3521,Off,0
powerfail,10305,14.7333,0.0000,0.0000,0.0000,0.3518,0.3518,Off,0
powerfail,10306,14.7500,0.0000,0.0000,0.0000,0.3516,0.3516,Off,0
powerfail,10307,14.7667,0.0000,0.0000,0.0000,0.3513,0.3513,Off,0
powerfail,10308,14.7833,0.0000,0.0000,0.0000,0.3511,0.3511,Off,0
powerfail,10309,14.8000,0.0000,0.0000,0.0000,0.3508,0.3508,Off,0
powerfail,10310,14.8167,0.0000,0.0000,0.0000,0.3506,0.3506,Off,0
powerfail,10311,14.8333,0.0000,0.0000,0.0000,0.3503,0.3503,Off,0
powerfail,10312,14.8500,0.0000,0.0000,0.0000,0.3500,0.3500,Off,0
powerfail,10313,14.8667,0.0000,0.0000,0.0000,0.3498,0.3498,Off,0
powerfail,10314,14.8834,0.0000,0.0000,0.0000,0.3495,0.3495,Off,0
powerfail,10315,14.9000,0.0000,0.0000,0.0000,0.3493,0.3493,Off,0
powerfail,10316,14.9167,0.0000,0.0000,0.0000,0.3490,0.3490,Off,0
powerfail,10317,14.9333,0.0000,0.0000,0.0000,0.3488,0.3488,Off,0
powerfail,10318,14.9500,0.0000,0.0000,0.0000,0.3485,0.3485,Off,0
powerfail,10319,14.9667,0.0000,0.0000,0.0000,0.3483,0.3483,Off,0
powerfail,10320,14.9833,0.0000,0.0000,0.0000,0.3480,0.3480,Off,0
powerfail,10321,15.0000,0.0000,0.0000,0.0000,0.3478,0.3478,Off,0
