tag,frame,t,L,W,Ls,C,G,mode,calm
fix_settle,241,0.0000,0.9971,1.0000,0.9721,0.9927,0.0000,Stutter,0
fix_settle,242,0.0167,0.9898,1.0000,0.9729,0.9927,0.0000,Stutter,0
fix_settle,243,0.0333,0.9606,1.0000,0.9724,0.9928,0.0000,Stutter,0
fix_settle,244,0.0500,0.9803,1.0000,0.9727,0.9929,0.0000,Stutter,0
fix_settle,245,0.0667,0.9992,1.0000,0.9740,0.9929,0.0000,Stutter,0
fix_settle,246,0.0833,0.9697,1.0000,0.9738,0.9930,0.0000,Stutter,0
fix_settle,247,0.1000,0.9661,1.0000,0.9734,0.9930,0.0000,Stutter,0
fix_settle,248,0.1167,0.9975,1.0000,0.9745,0.9931,0.0000,Stutter,0
fix_settle,249,0.1333,0.9848,1.0000,0.9750,0.9931,0.0000,Stutter,0
fix_settle,250,0.1500,0.9600,1.0000,0.9743,0.9932,0.0000,Stutter,0
fix_settle,251,0.1667,0.9855,1.0000,0.9748,0.9933,0.0000,Stutter,0
fix_settle,252,0.1833,0.9971,1.0000,0.9759,0.9933,0.0000,Stutter,0
fix_settle,253,0.2000,0.9656,1.0000,0.9754,0.9934,0.0000,Stutter,0
fix_settle,254,0.2167,0.9704,1.0000,0.9752,0.9934,0.0000,Stutter,0
fix_settle,255,0.2333,0.9994,1.0000,0.9763,0.9935,0.0000,Stutter,0
fix_settle,256,0.2500,0.9795,1.0000,0.9764,0.9935,0.0000,Stutter,0
fix_settle,257,0.2667,0.9608,1.0000,0.9757,0.9936,0.0000,Stutter,0
fix_settle,258,0.2833,0.9904,1.0000,0.9764,0.9936,0.0000,Stutter,0
fix_settle,259,0.3000,0.9938,1.0000,0.9772,0.9937,0.0000,Stutter,0
fix_settle,260,0.3167,0.9624,1.0000,0.9765,0.9937,0.0000,Stutter,0
fix_settle,261,0.3333,0.9753,1.0000,0.9765,0.9938,0.0000,Stutter,0
fix_settle,262,0.3500,1.0000,1.0000,0.9776,0.9939,0.0000,Stutter,0
fix_settle,263,0.3667,0.9743,1.0000,0.9774,0.9939,0.0000,Stutter,0
fix_settle,264,0.3833,0.9630,1.0000,0.9767,0.9940,0.0000,Stutter,0
fix_settle,265,0.4000,0.9945,1.0000,0.9776,0.9940,0.0000,Stutter,0
fix_settle,266,0.4167,0.9895,1.0000,0.9781,0.9941,0.0000,Steady,0
fix_settle,267,0.4333,0.9605,1.0000,0.9773,0.9941,0.0000,Steady,0
fix_settle,268,0.4500,0.9806,1.0000,0.9775,0.9942,0.0000,Steady,0
fix_settle,269,0.4667,0.9991,1.0000,0.9785,0.9942,0.0000,Steady,0
fix_settle,270,0.4833,0.9694,1.0000,0.9780,0.9942,0.0000,Steady,0
fix_settle,271,0.5000,0.9663,1.0000,0.9775,0.9943,0.0000,Steady,0
fix_settle,272,0.5167,0.9977,1.0000,0.9784,0.9943,0.0000,Steady,0
fix_settle,273,0.5333,0.9845,1.0000,0.9787,0.9944,0.0000,Steady,0
fix_settle,274,0.5500,0.9600,1.0000,0.9778,0.9944,0.0000,Steady,0
fix_settle,275,0.5667,0.9859,1.0000,0.9782,0.9945,0.0000,Steady,0
fix_settle,276,0.5833,0.9969,1.0000,0.9791,0.9945,0.0000,Steady,0
fix_settle,277,0.6000,0.9653,1.0000,0.9785,0.9946,0.0000,Steady,0
fix_settle,278,0.6167,0.9707,1.0000,0.9781,0.9946,0.0000,Steady,0
fix_settle,279,0.6333,0.9995,1.0000,0.9791,0.9947,0.0000,Steady,0
fix_settle,280,0.6500,0.9792,1.0000,0.9791,0.9947,0.0000,Steady,0
fix_settle,281,0.6667,0.9609,1.0000,0.9782,0.9948,0.0000,Steady,0
fix_settle,282,0.6833,0.9907,1.0000,0.9788,0.9948,0.0000,Steady,0
fix_settle,283,0.7000,0.9935,1.0000,0.9795,0.9948,0.0000,Steady,0
fix_settle,284,0.7167,0.9623,1.0000,0.9787,0.9949,0.0000,Steady,0
fix_settle,285,0.7333,0.9757,1.0000,0.9786,0.9949,0.0000,Steady,0
fix_settle,286,0.7500,1.0000,1.0000,0.9796,0.9950,0.0000,Steady,0
fix_settle,287,0.7667,0.9740,1.0000,0.9793,0.9950,0.0000,Steady,0
fix_settle,288,0.7833,0.9632,1.0000,0.9786,0.9950,0.0000,Steady,0
fix_settle,289,0.8000,0.9948,1.0000,0.9793,0.9951,0.0000,Steady,0
fix_settle,290,0.8167,0.9892,1.0000,0.9798,0.9951,0.0000,Steady,0
fix_settle,291,0.8333,0.9605,1.0000,0.9789,0.9952,0.0000,Steady,0
fix_settle,292,0.8500,0.9810,1.0000,0.9790,0.9952,0.0000,Steady,0
fix_settle,293,0.8667,0.9990,1.0000,0.9799,0.9953,0.0000,Steady,0
fix_settle,294,0.8833,0.9691,1.0000,0.9794,0.9953,0.0000,Steady,0
fix_settle,295,0.9000,0.9666,1.0000,0.9788,0.9953,0.0000,Steady,0
fix_settle,296,0.9167,0.9978,1.0000,0.9797,0.9954,0.0000,Steady,0
fix_settle,297,0.9333,0.9842,1.0000,0.9799,0.9954,0.0000,Steady,0
fix_settle,298,0.9500,0.9600,1.0000,0.9790,0.9954,0.0000,Steady,0
fix_settle,299,0.9667,0.9862,1.0000,0.9793,0.9955,0.0000,Steady,0
fix_settle,300,0.9833,0.9967,1.0000,0.9801,0.9955,0.0000,Steady,0
fix_settle,301,1.0000,0.9651,1.0000,0.9794,0.9956,0.0000,Steady,0
fix_settle,302,1.0167,0.9710,1.0000,0.9790,0.9956,0.0000,Steady,0
fix_settle,303,1.0333,0.9996,1.0000,0.9800,0.9956,0.0000,Steady,0
fix_settle,304,1.0500,0.9788,1.0000,0.9799,0.9957,0.0000,Steady,0
fix_settle,305,1.0667,0.9610,1.0000,0.9791,0.9957,0.0000,Steady,0
fix_settle,306,1.0833,0.9910,1.0000,0.9796,0.9957,0.0000,Steady,0
fix_settle,307,1.1000,0.9933,1.0000,0.9802,0.9958,0.0000,Steady,0
fix_settle,308,1.1167,0.9621,1.0000,0.9794,0.9958,0.0000,Steady,0
fix_settle,309,1.1333,0.9760,1.0000,0.9792,0.9958,0.0000,Steady,0
fix_settle,310,1.1500,1.0000,1.0000,0.9802,0.9959,0.0000,Steady,0
fix_settle,311,1.1667,0.9736,1.0000,0.9799,0.9959,0.0000,Steady,0
fix_settle,312,1.1833,0.9634,1.0000,0.9791,0.9959,0.0000,Steady,0
fix_settle,313,1.2000,0.9950,1.0000,0.9799,0.9960,0.0000,Steady,0
fix_settle,314,1.2167,0.9888,1.0000,0.9803,0.9960,0.0000,Steady,0
fix_settle,315,1.2333,0.9604,1.0000,0.9794,0.9960,0.0000,Steady,0
fix_settle,316,1.2500,0.9813,1.0000,0.9795,0.9961,0.0000,Steady,0
fix_settle,317,1.2667,0.9989,1.0000,0.9804,0.9961,0.0000,Steady,0
fix_settle,318,1.2833,0.9688,1.0000,0.9798,0.9961,0.0000,Steady,0
fix_settle,319,1.3000,0.9669,1.0000,0.9792,0.9962,0.0000,Steady,0
fix_settle,320,1.3167,0.9980,1.0000,0.9801,0.9962,0.0000,Steady,0
fix_settle,321,1.3333,0.9838,1.0000,0.9803,0.9962,0.0000,Steady,0
fix_settle,322,1.3500,0.9601,1.0000,0.9793,0.9963,0.0000,Steady,0
fix_settle,323,1.3667,0.9866,1.0000,0.9797,0.9963,0.0000,Steady,0
fix_settle,324,1.3833,0.9965,1.0000,0.9804,0.9963,0.0000,Steady,0
fix_settle,325,1.4000,0.9649,1.0000,0.9797,0.9964,0.0000,Steady,0
fix_settle,326,1.4167,0.9713,1.0000,0.9793,0.9964,0.0000,Steady,0
fix_settle,327,1.4333,0.9997,1.0000,0.9803,0.9964,0.0000,Steady,0
fix_settle,328,1.4500,0.9785,1.0000,0.9802,0.9965,0.0000,Steady,0
fix_settle,329,1.4667,0.9611,1.0000,0.9793,0.9965,0.0000,Steady,0
fix_settle,330,1.4833,0.9913,1.0000,0.9799,0.9965,0.0000,Steady,0
fix_settle,331,1.5000,0.9930,1.0000,0.9805,0.9965,0.0000,Steady,0
fix_settle,332,1.5167,0.9619,1.0000,0.9796,0.9966,0.0000,Steady,0
fix_settle,333,1.5333,0.9764,1.0000,0.9795,0.9966,0.0000,Steady,0
fix_settle,334,1.5500,0.9999,1.0000,0.9804,0.9966,0.0000,Steady,0
fix_settle,335,1.5667,0.9733,1.0000,0.9801,0.9967,0.0000,Steady,0
fix_settle,336,1.5833,0.9636,1.0000,0.9793,0.9967,0.0000,Steady,0
fix_settle,337,1.6000,0.9953,1.0000,0.9801,0.9967,0.0000,Steady,0
fix_settle,338,1.6167,0.9885,1.0000,0.9804,0.9967,0.0000,Steady,0
fix_settle,339,1.6333,0.9603,1.0000,0.9795,0.9968,0.0000,Steady,0
fix_settle,340,1.6500,0.9817,1.0000,0.9796,0.9968,0.0000,Steady,0
fix_settle,341,1.6667,0.9988,1.0000,0.9805,0.9968,0.0000,Steady,0
fix_settle,342,1.6833,0.9685,1.0000,0.9800,0.9968,0.0000,Steady,0
fix_settle,343,1.7000,0.9671,1.0000,0.9794,0.9969,0.0000,Steady,0
fix_settle,344,1.7167,0.9981,1.0000,0.9802,0.9969,0.0000,Steady,0
fix_settle,345,1.7333,0.9834,1.0000,0.9804,0.9969,0.0000,Steady,0
fix_settle,346,1.7500,0.9601,1.0000,0.9794,0.9969,0.0000,Steady,0
fix_settle,347,1.7667,0.9869,1.0000,0.9798,0.9970,0.0000,Steady,0
fix_settle,348,1.7833,0.9963,1.0000,0.9806,0.9970,0.0000,Steady,0
fix_settle,349,1.8000,0.9646,1.0000,0.9798,0.9970,0.0000,Steady,0
fix_settle,350,1.8167,0.9716,1.0000,0.9794,0.9970,0.0000,Steady,0
fix_settle,351,1.8333,0.9997,1.0000,0.9804,0.9971,0.0000,Steady,0
fix_settle,352,1.8500,0.9781,1.0000,0.9803,0.9971,0.0000,Steady,0
fix_settle,353,1.8667,0.9613,1.0000,0.9794,0.9971,0.0000,Steady,0
fix_settle,354,1.8833,0.9916,1.0000,0.9800,0.9971,0.0000,Steady,0
fix_settle,355,1.9000,0.9927,1.0000,0.9805,0.9972,0.0000,Steady,0
fix_settle,356,1.9167,0.9618,1.0000,0.9797,0.9972,0.0000,Steady,0
fix_settle,357,1.9333,0.9767,1.0000,0.9795,0.9972,0.0000,Steady,0
fix_settle,358,1.9500,0.9999,1.0000,0.9805,0.9972,0.0000,Steady,0
fix_settle,359,1.9667,0.9729,1.0000,0.9801,0.9973,0.0000,Steady,0
fix_settle,360,1.9833,0.9638,1.0000,0.9794,0.9973,0.0000,Steady,0
fix_settle,361,2.0000,0.9955,1.0000,0.9801,0.9973,0.0000,Steady,0
fix_settle,362,2.0167,0.9882,1.0000,0.9805,0.9973,0.0000,Steady,0
fix_settle,363,2.0333,0.9603,1.0000,0.9796,0.9973,0.0000,Steady,0
fix_settle,364,2.0500,0.9821,1.0000,0.9797,0.9974,0.0000,Steady,0
fix_settle,365,2.0667,0.9987,1.0000,0.9806,0.9974,0.0000,Steady,0
fix_settle,366,2.0833,0.9682,1.0000,0.9800,0.9974,0.0000,Steady,0
fix_settle,367,2.1000,0.9674,1.0000,0.9794,0.9974,0.0000,Steady,0
fix_settle,368,2.1167,0.9983,1.0000,0.9803,0.9975,0.0000,Steady,0
fix_settle,369,2.1333,0.9831,1.0000,0.9804,0.9975,0.0000,Steady,0
fix_settle,370,2.1500,0.9601,1.0000,0.9795,0.9975,0.0000,Steady,0
fix_settle,371,2.1667,0.9872,1.0000,0.9798,0.9975,0.0000,Steady,0
fix_settle,372,2.1833,0.9961,1.0000,0.9806,0.9975,0.0000,Steady,0
fix_settle,373,2.2000,0.9644,1.0000,0.9798,0.9976,0.0000,Steady,0
fix_settle,374,2.2167,0.9720,1.0000,0.9795,0.9976,0.0000,Steady,0
fix_settle,375,2.2333,0.9998,1.0000,0.9804,0.9976,0.0000,Steady,0
fix_settle,376,2.2500,0.9778,1.0000,0.9803,0.9976,0.0000,Steady,0
fix_settle,377,2.2667,0.9614,1.0000,0.9794,0.9976,0.0000,Steady,0
fix_settle,378,2.2833,0.9919,1.0000,0.9800,0.9977,0.0000,Steady,0
fix_settle,379,2.3000,0.9924,1.0000,0.9806,0.9977,0.0000,Steady,0
fix_settle,380,2.3167,0.9616,1.0000,0.9797,0.9977,0.0000,Steady,0
fix_settle,381,2.3333,0.9771,1.0000,0.9796,0.9977,0.0000,Steady,0
fix_settle,382,2.3500,0.9999,1.0000,0.9805,0.9977,0.0000,Steady,0
fix_settle,383,2.3667,0.9726,1.0000,0.9801,0.9978,0.0000,Steady,0
fix_settle,384,2.3833,0.9640,1.0000,0.9794,0.9978,0.0000,Steady,0
fix_settle,385,2.4000,0.9957,1.0000,0.9802,0.9978,0.0000,Steady,0
fix_settle,386,2.4167,0.9879,1.0000,0.9805,0.9978,0.0000,Steady,0
fix_settle,387,2.4333,0.9602,1.0000,0.9796,0.9978,0.0000,Steady,0
fix_settle,388,2.4500,0.9824,1.0000,0.9797,0.9978,0.0000,Steady,0
fix_settle,389,2.4667,0.9985,1.0000,0.9806,0.9979,0.0000,Steady,0
fix_settle,390,2.4833,0.9679,1.0000,0.9800,0.9979,0.0000,Steady,0
fix_settle,391,2.5000,0.9677,1.0000,0.9794,0.9979,0.0000,Steady,0
fix_settle,392,2.5167,0.9984,1.0000,0.9803,0.9979,0.0000,Steady,0
fix_settle,393,2.5333,0.9827,1.0000,0.9804,0.9979,0.0000,Steady,0
fix_settle,394,2.5500,0.9602,1.0000,0.9795,0.9980,0.0000,Steady,0
fix_settle,395,2.5667,0.9876,1.0000,0.9798,0.9980,0.0000,Steady,0
fix_settle,396,2.5833,0.9959,1.0000,0.9806,0.9980,0.0000,Steady,0
fix_settle,397,2.6000,0.9642,1.0000,0.9798,0.9980,0.0000,Steady,0
fix_settle,398,2.6167,0.9723,1.0000,0.9795,0.9980,0.0000,Steady,0
fix_settle,399,2.6333,0.9998,1.0000,0.9804,0.9980,0.0000,Steady,0
fix_settle,400,2.6500,0.9774,1.0000,0.9803,0.9981,0.0000,Steady,0
fix_settle,401,2.6667,0.9615,1.0000,0.9794,0.9981,0.0000,Steady,0
fix_settle,402,2.6833,0.9922,1.0000,0.9800,0.9981,0.0000,Steady,0
fix_settle,403,2.7000,0.9921,1.0000,0.9806,0.9981,0.0000,Steady,0
fix_settle,404,2.7167,0.9615,1.0000,0.9797,0.9981,0.0000,Steady,0
fix_settle,405,2.7333,0.9775,1.0000,0.9796,0.9981,0.0000,Steady,0
fix_settle,406,2.7500,0.9998,1.0000,0.9805,0.9981,0.0000,Steady,0
fix_settle,407,2.7667,0.9722,1.0000,0.9801,0.9982,0.0000,Steady,0
fix_settle,408,2.7833,0.9642,1.0000,0.9794,0.9982,0.0000,Steady,0
fix_settle,409,2.8000,0.9959,1.0000,0.9802,0.9982,0.0000,Steady,0
fix_settle,410,2.8167,0.9875,1.0000,0.9805,0.9982,0.0000,Steady,0
fix_settle,411,2.8333,0.9601,1.0000,0.9796,0.9982,0.0000,Steady,0
fix_settle,412,2.8500,0.9828,1.0000,0.9797,0.9982,0.0000,Steady,0
fix_settle,413,2.8667,0.9984,1.0000,0.9806,0.9983,0.0000,Steady,0
fix_settle,414,2.8833,0.9677,1.0000,0.9800,0.9983,0.0000,Steady,0
fix_settle,415,2.9000,0.9680,1.0000,0.9794,0.9983,0.0000,Steady,0
fix_settle,416,2.9167,0.9986,1.0000,0.9803,0.9983,0.0000,Steady,0
fix_settle,417,2.9333,0.9824,1.0000,0.9804,0.9983,0.0000,Steady,0
fix_settle,418,2.9500,0.9602,1.0000,0.9795,0.9983,0.0000,Steady,0
fix_settle,419,2.9667,0.9879,1.0000,0.9799,0.9983,0.0000,Steady,0
fix_settle,420,2.9833,0.9957,1.0000,0.9806,0.9984,0.0000,Steady,0
fix_settle,421,3.0000,0.9639,1.0000,0.9798,0.9984,0.0000,Steady,0
fix_settle,422,3.0167,0.9727,1.0000,0.9795,0.9984,0.0000,Steady,0
fix_settle,423,3.0333,0.9999,1.0000,0.9804,0.9984,0.0000,Steady,0
fix_settle,424,3.0500,0.9770,1.0000,0.9803,0.9984,0.0000,Steady,0
fix_settle,425,3.0667,0.9617,1.0000,0.9794,0.9984,0.0000,Steady,0
fix_settle,426,3.0833,0.9925,1.0000,0.9800,0.9984,0.0000,Steady,0
fix_settle,427,3.1000,0.9918,1.0000,0.9806,0.9984,0.0000,Steady,0
fix_settle,428,3.1167,0.9614,1.0000,0.9797,0.9985,0.0000,Steady,0
fix_settle,429,3.1333,0.9778,1.0000,0.9796,0.9985,0.0000,Steady,0
fix_settle,430,3.1500,0.9998,1.0000,0.9805,0.9985,0.0000,Steady,0
fix_settle,431,3.1667,0.9719,1.0000,0.9801,0.9985,0.0000,Steady,0
fix_settle,432,3.1833,0.9644,1.0000,0.9794,0.9985,0.0000,Steady,0
fix_settle,433,3.2000,0.9962,1.0000,0.9802,0.9985,0.0000,Steady,0
fix_settle,434,3.2167,0.9872,1.0000,0.9805,0.9985,0.0000,Steady,0
fix_settle,435,3.2333,0.9601,1.0000,0.9796,0.9985,0.0000,Steady,0
fix_settle,436,3.2500,0.9832,1.0000,0.9797,0.9986,0.0000,Steady,0
fix_settle,437,3.2667,0.9983,1.0000,0.9806,0.9986,0.0000,Steady,0
fix_settle,438,3.2833,0.9674,1.0000,0.9800,0.9986,0.0000,Steady,0
fix_settle,439,3.3000,0.9683,1.0000,0.9794,0.9986,0.0000,Steady,0
fix_settle,440,3.3167,0.9987,1.0000,0.9803,0.9986,0.0000,Steady,0
fix_settle,441,3.3333,0.9820,1.0000,0.9804,0.9986,0.0000,Steady,0
fix_settle,442,3.3500,0.9603,1.0000,0.9795,0.9986,0.0000,Steady,0
fix_settle,443,3.3667,0.9883,1.0000,0.9799,0.9986,0.0000,Steady,0
fix_settle,444,3.3833,0.9954,1.0000,0.9806,0.9987,0.0000,Steady,0
fix_settle,445,3.4000,0.9637,1.0000,0.9798,0.9987,0.0000,Steady,0
fix_settle,446,3.4167,0.9730,1.0000,0.9795,0.9987,0.0000,Steady,0
fix_settle,447,3.4333,0.9999,1.0000,0.9804,0.9987,0.0000,Steady,0
fix_settle,448,3.4500,0.9767,1.0000,0.9803,0.9987,0.0000,Steady,0
fix_settle,449,3.4667,0.9618,1.0000,0.9794,0.9987,0.0000,Steady,0
fix_settle,450,3.4833,0.9928,1.0000,0.9800,0.9987,0.0000,Steady,0
fix_settle,451,3.5000,0.9915,1.0000,0.9806,0.9987,0.0000,Steady,0
fix_settle,452,3.5167,0.9612,1.0000,0.9797,0.9987,0.0000,Steady,0
fix_settle,453,3.5333,0.9782,1.0000,0.9796,0.9987,0.0000,Steady,0
fix_settle,454,3.5500,0.9997,1.0000,0.9805,0.9988,0.0000,Steady,0
fix_settle,455,3.5667,0.9716,1.0000,0.9801,0.9988,0.0000,Steady,0
fix_settle,456,3.5833,0.9647,1.0000,0.9794,0.9988,0.0000,Steady,0
fix_settle,457,3.6000,0.9964,1.0000,0.9802,0.9988,0.0000,Steady,0
fix_settle,458,3.6167,0.9868,1.0000,0.9805,0.9988,0.0000,Steady,0
fix_settle,459,3.6333,0.9601,1.0000,0.9795,0.9988,0.0000,Steady,0
fix_settle,460,3.6500,0.9835,1.0000,0.9797,0.9988,0.0000,Steady,0
fix_settle,461,3.6667,0.9981,1.0000,0.9806,0.9988,0.0000,Steady,0
fix_settle,462,3.6833,0.9671,1.0000,0.9800,0.9988,0.0000,Steady,0
fix_settle,463,3.7000,0.9686,1.0000,0.9794,0.9988,0.0000,Steady,0
fix_settle,464,3.7167,0.9988,1.0000,0.9803,0.9989,0.0000,Steady,0
fix_settle,465,3.7333,0.9816,1.0000,0.9804,0.9989,0.0000,Steady,0
fix_settle,466,3.7500,0.9603,1.0000,0.9795,0.9989,0.0000,Steady,0
fix_settle,467,3.7667,0.9886,1.0000,0.9799,0.9989,0.0000,Steady,0
fix_settle,468,3.7833,0.9952,1.0000,0.9806,0.9989,0.0000,Steady,0
fix_settle,469,3.8000,0.9635,1.0000,0.9798,0.9989,0.0000,Steady,0
fix_settle,470,3.8167,0.9733,1.0000,0.9795,0.9989,0.0000,Steady,0
fix_settle,471,3.8333,0.9999,1.0000,0.9805,0.9989,0.0000,Steady,0
fix_settle,472,3.8500,0.9763,1.0000,0.9803,0.9989,0.0000,Steady,0
fix_settle,473,3.8667,0.9620,1.0000,0.9794,0.9989,0.0000,Steady,0
fix_settle,474,3.8833,0.9930,1.0000,0.9800,0.9989,0.0000,Steady,0
fix_settle,475,3.9000,0.9912,1.0000,0.9806,0.9990,0.0000,Steady,0
fix_settle,476,3.9167,0.9611,1.0000,0.9797,0.9990,0.0000,Steady,0
fix_settle,477,3.9333,0.9786,1.0000,0.9796,0.9990,0.0000,Steady,0
fix_settle,478,3.9500,0.9996,1.0000,0.9805,0.9990,0.0000,Steady,0
fix_settle,479,3.9667,0.9712,1.0000,0.9801,0.9990,0.0000,Steady,0
fix_settle,480,3.9833,0.9649,1.0000,0.9794,0.9990,0.0000,Steady,0
fix_settle,481,4.0000,0.9966,1.0000,0.9802,0.9990,0.0000,Steady,0
fix_settle,482,4.0167,0.9865,1.0000,0.9805,0.9990,0.0000,Steady,0
fix_settle,483,4.0333,0.9600,1.0000,0.9795,0.9990,0.0000,Steady,0
fix_settle,484,4.0500,0.9839,1.0000,0.9797,0.9990,0.0000,Steady,0
fix_settle,485,4.0667,0.9979,1.0000,0.9806,0.9990,0.0000,Steady,0
fix_ownoff,486,0.0167,0.0000,0.3925,0.9350,0.9970,0.0000,Steady,0
fix_ownoff,487,0.0333,0.0000,0.3907,0.8915,0.9949,0.0000,Steady,0
fix_ownoff,488,0.0500,0.0000,0.3921,0.8501,0.9928,0.0000,Steady,0
fix_ownoff,489,0.0667,0.0000,0.3932,0.8105,0.9908,0.0000,Steady,0
fix_ownoff,490,0.0833,0.0000,0.3912,0.7728,0.9888,0.0000,Steady,0
fix_ownoff,491,0.1000,0.0000,0.3912,0.7369,0.9867,0.0000,Steady,0
fix_ownoff,492,0.1167,0.0000,0.3932,0.7026,0.9847,0.0000,Steady,0
fix_ownoff,493,0.1333,0.0000,0.3922,0.6699,0.9827,0.0000,Steady,0
fix_ownoff,494,0.1500,0.0000,0.3907,0.6388,0.9807,0.0000,Steady,0
fix_ownoff,495,0.1667,0.0000,0.3925,0.6091,0.9787,0.0000,Steady,0
fix_ownoff,496,0.1833,0.0000,0.3931,0.5808,0.9767,0.0000,Steady,0
fix_ownoff,497,0.2000,0.0000,0.3910,0.5538,0.9747,0.0000,Steady,0
fix_ownoff,498,0.2167,0.0000,0.3915,0.5280,0.9727,0.0085,Steady,0
fix_ownoff,499,0.2333,0.0000,0.3933,0.5035,0.9708,0.0364,Steady,0
fix_ownoff,500,0.2500,0.0000,0.3918,0.4800,0.9688,0.0697,Steady,0
fix_ownoff,501,0.2667,0.0000,0.3908,0.4577,0.9668,0.1030,Steady,0
fix_ownoff,502,0.2833,0.0000,0.3928,0.4364,0.9649,0.1364,Steady,0
fix_ownoff,503,0.3000,0.0000,0.3928,0.4161,0.9630,0.1697,Steady,0
fix_ownoff,504,0.3167,0.0000,0.3908,0.3968,0.9610,0.2030,Steady,0
fix_ownoff,505,0.3333,0.0000,0.3918,0.3783,0.9591,0.2364,Steady,0
fix_ownoff,506,0.3500,0.0000,0.3933,0.3607,0.9572,0.2697,Steady,0
fix_ownoff,507,0.3667,0.0000,0.3915,0.3440,0.9553,0.3030,Steady,0
fix_ownoff,508,0.3833,0.0000,0.3909,0.3280,0.9534,0.3364,Steady,0
fix_ownoff,509,0.4000,0.0000,0.3930,0.3127,0.9515,0.3697,Steady,0
fix_ownoff,510,0.4167,0.0000,0.3925,0.2982,0.9496,0.4030,Off,0
fix_ownoff,511,0.4333,0.0000,0.3907,0.2843,0.9478,0.4364,Off,0
fix_ownoff,512,0.4500,0.0000,0.3922,0.2711,0.9459,0.4697,Off,0
fix_ownoff,513,0.4667,0.0000,0.3932,0.2585,0.9440,0.5030,Off,0
fix_ownoff,514,0.4833,0.0000,0.3912,0.2465,0.9422,0.5364,Off,0
fix_ownoff,515,0.5000,0.0000,0.3912,0.2350,0.9403,0.5697,Off,0
fix_ownoff,516,0.5167,0.0000,0.3932,0.2241,0.9385,0.6030,Off,0
fix_ownoff,517,0.5333,0.0000,0.3922,0.2137,0.9367,0.6364,Off,0
fix_ownoff,518,0.5500,0.0000,0.3907,0.2037,0.9348,0.6697,Off,0
fix_ownoff,519,0.5667,0.0000,0.3925,0.1942,0.9330,0.7030,Off,0
fix_ownoff,520,0.5833,0.0000,0.3931,0.1852,0.9312,0.7364,Off,0
fix_ownoff,521,0.6000,0.0000,0.3909,0.1766,0.9294,0.7697,Off,0
fix_ownoff,522,0.6167,0.0000,0.3915,0.1684,0.9276,0.8030,Off,0
fix_ownoff,523,0.6333,0.0000,0.3933,0.1606,0.9258,0.8364,Off,0
fix_ownoff,524,0.6500,0.0000,0.3918,0.1531,0.9240,0.8697,Off,0
fix_ownoff,525,0.6667,0.0000,0.3908,0.1460,0.9223,0.9030,Off,0
fix_ownoff,526,0.6833,0.0000,0.3928,0.1392,0.9205,0.9239,Off,0
fix_ownoff,527,0.7000,0.0000,0.3928,0.1327,0.9187,0.9239,Off,0
fix_ownoff,528,0.7167,0.0000,0.3908,0.1265,0.9170,0.9239,Off,0
fix_ownoff,529,0.7333,0.0000,0.3918,0.1207,0.9152,0.9239,Off,0
fix_ownoff,530,0.7500,0.0000,0.3933,0.1150,0.9135,0.9239,Off,0
fix_ownoff,531,0.7667,0.0000,0.3915,0.1097,0.9117,0.9239,Off,0
fix_ownoff,532,0.7833,0.0000,0.3909,0.1046,0.9100,0.9239,Off,0
fix_ownoff,533,0.8000,0.0000,0.3931,0.0997,0.9083,0.9239,Off,0
fix_ownoff,534,0.8167,0.0000,0.3925,0.0951,0.9066,0.9239,Off,0
fix_ownoff,535,0.8333,0.0000,0.3907,0.0907,0.9049,0.9239,Off,0
fix_ownoff,536,0.8500,0.0000,0.3922,0.0865,0.9032,0.9239,Off,0
fix_ownoff,537,0.8667,0.0000,0.3932,0.0824,0.9015,0.9239,Off,0
fix_ownoff,538,0.8833,0.0000,0.3912,0.0786,0.8998,0.9239,Off,0
fix_ownoff,539,0.9000,0.0000,0.3912,0.0749,0.8981,0.9239,Off,0
fix_ownoff,540,0.9167,0.0000,0.3932,0.0715,0.8964,0.9239,Off,0
fix_ownoff,541,0.9333,0.0000,0.3922,0.0681,0.8948,0.9239,Off,0
fix_ownoff,542,0.9500,0.0000,0.3907,0.0650,0.8931,0.9239,Off,0
fix_ownoff,543,0.9667,0.0000,0.3925,0.0619,0.8914,0.9239,Off,0
fix_ownoff,544,0.9833,0.0000,0.3930,0.0591,0.8898,0.9239,Off,0
fix_ownoff,545,1.0000,0.0000,0.3909,0.0563,0.8881,0.9239,Off,0
fix_ownoff,546,1.0167,0.0000,0.3915,0.0537,0.8865,0.9239,Off,0
fix_ownoff,547,1.0333,0.0000,0.3933,0.0512,0.8849,0.9239,Off,0
fix_ownoff,548,1.0500,0.0000,0.3918,0.0488,0.8832,0.9239,Off,0
fix_ownoff,549,1.0667,0.0000,0.3908,0.0466,0.8816,0.9239,Off,0
fix_ownoff,550,1.0833,0.0000,0.3928,0.0444,0.8800,0.9239,Off,0
fix_ownoff,551,1.1000,0.0000,0.3928,0.0423,0.8784,0.9239,Off,0
fix_ownoff,552,1.1167,0.0000,0.3908,0.0404,0.8768,0.9239,Off,0
fix_ownoff,553,1.1333,0.0000,0.3919,0.0385,0.8752,0.9239,Off,0
fix_ownoff,554,1.1500,0.0000,0.3933,0.0367,0.8736,0.9239,Off,0
fix_ownoff,555,1.1667,0.0000,0.3915,0.0350,0.8720,0.9239,Off,0
fix_ownoff,556,1.1833,0.0000,0.3910,0.0334,0.8704,0.9239,Off,0
fix_ownoff,557,1.2000,0.0000,0.3931,0.0318,0.8688,0.9239,Off,0
fix_ownoff,558,1.2167,0.0000,0.3925,0.0303,0.8673,0.9239,Off,0
fix_ownoff,559,1.2333,0.0000,0.3907,0.0289,0.8657,0.8906,Off,0
fix_ownoff,560,1.2500,0.0000,0.3922,0.0276,0.8641,0.8641,Off,0
fix_ownoff,561,1.2667,0.0000,0.3932,0.0263,0.8626,0.8626,Off,0
fix_ownoff,562,1.2833,0.0000,0.3912,0.0251,0.8610,0.8610,Off,0
fix_ownoff,563,1.3000,0.0000,0.3912,0.0239,0.8595,0.8595,Off,0
fix_ownoff,564,1.3167,0.0000,0.3932,0.0228,0.8580,0.8580,Off,0
fix_ownoff,565,1.3333,0.0000,0.3921,0.0217,0.8564,0.8564,Off,0
fix_ownoff,566,1.3500,0.0000,0.3907,0.0207,0.8549,0.8549,Off,0
fix_ownoff,567,1.3667,0.0000,0.3926,0.0198,0.8534,0.8534,Off,0
fix_ownoff,568,1.3833,0.0000,0.3930,0.0188,0.8519,0.8519,Off,0
fix_ownoff,569,1.4000,0.0000,0.3909,0.0180,0.8504,0.8504,Off,0
fix_ownoff,570,1.4167,0.0000,0.3915,0.0171,0.8489,0.8489,Off,0
fix_ownoff,571,1.4333,0.0000,0.3933,0.0163,0.8474,0.8474,Off,0
fix_ownoff,572,1.4500,0.0000,0.3918,0.0156,0.8459,0.8459,Off,0
fix_ownoff,573,1.4667,0.0000,0.3908,0.0148,0.8444,0.8444,Off,0
fix_ownoff,574,1.4833,0.0000,0.3929,0.0142,0.8429,0.8429,Off,0
fix_ownoff,575,1.5000,0.0000,0.3928,0.0135,0.8414,0.8414,Off,0
fix_ownoff,576,1.5167,0.0000,0.3908,0.0129,0.8400,0.8400,Off,0
fix_ownoff,577,1.5333,0.0000,0.3919,0.0123,0.8385,0.8385,Off,0
fix_ownoff,578,1.5500,0.0000,0.3933,0.0117,0.8370,0.8370,Off,0
fix_ownoff,579,1.5667,0.0000,0.3914,0.0112,0.8356,0.8356,Off,0
fix_ownoff,580,1.5833,0.0000,0.3910,0.0106,0.8341,0.8341,Off,0
fix_ownoff,581,1.6000,0.0000,0.3931,0.0101,0.8327,0.8327,Off,0
fix_ownoff,582,1.6167,0.0000,0.3925,0.0097,0.8312,0.8312,Off,0
fix_ownoff,583,1.6333,0.0000,0.3907,0.0092,0.8298,0.8298,Off,0
fix_ownoff,584,1.6500,0.0000,0.3922,0.0088,0.8284,0.8284,Off,0
fix_ownoff,585,1.6667,0.0000,0.3932,0.0084,0.8269,0.8269,Off,0
fix_ownoff,586,1.6833,0.0000,0.3911,0.0080,0.8255,0.8255,Off,0
fix_ownoff,587,1.7000,0.0000,0.3912,0.0076,0.8241,0.8241,Off,0
fix_ownoff,588,1.7167,0.0000,0.3933,0.0073,0.8227,0.8227,Off,0
fix_ownoff,589,1.7333,0.0000,0.3921,0.0069,0.8213,0.8213,Off,0
fix_ownoff,590,1.7500,0.0000,0.3907,0.0066,0.8199,0.8199,Off,0
fix_ownoff,591,1.7667,0.0000,0.3926,0.0063,0.8185,0.8185,Off,0
fix_ownoff,592,1.7833,0.0000,0.3930,0.0060,0.8171,0.8171,Off,0
fix_ownoff,593,1.8000,0.0000,0.3909,0.0057,0.8157,0.8157,Off,0
fix_ownoff,594,1.8167,0.0000,0.3916,0.0055,0.8143,0.8143,Off,0
fix_ownoff,595,1.8333,0.0000,0.3933,0.0052,0.8129,0.8129,Off,0
fix_ownoff,596,1.8500,0.0000,0.3918,0.0050,0.8116,0.8116,Off,0
fix_ownoff,597,1.8667,0.0000,0.3908,0.0047,0.8102,0.8102,Off,0
fix_ownoff,598,1.8833,0.0000,0.3929,0.0045,0.8088,0.8088,Off,0
fix_ownoff,599,1.9000,0.0000,0.3927,0.0043,0.8075,0.8075,Off,0
fix_ownoff,600,1.9167,0.0000,0.3907,0.0041,0.8061,0.8061,Off,0
fix_ownoff,601,1.9333,0.0000,0.3919,0.0039,0.8047,0.8047,Off,0
fix_ownoff,602,1.9500,0.0000,0.3933,0.0037,0.8034,0.8034,Off,0
fix_ownoff,603,1.9667,0.0000,0.3914,0.0036,0.8021,0.8021,Off,0
fix_ownoff,604,1.9833,0.0000,0.3910,0.0034,0.8007,0.8007,Off,0
fix_ownoff,605,2.0000,0.0000,0.3931,0.0032,0.7994,0.7994,Off,0
fix_ownoff,606,2.0167,0.0000,0.3924,0.0031,0.7981,0.7981,Off,0
fix_ownoff,607,2.0333,0.0000,0.3907,0.0029,0.7967,0.7967,Off,0
fix_ownoff,608,2.0500,0.0000,0.3923,0.0028,0.7954,0.7954,Off,0
fix_ownoff,609,2.0667,0.0000,0.3932,0.0027,0.7941,0.7941,Off,0
fix_ownoff,610,2.0833,0.0000,0.3911,0.0025,0.7928,0.7928,Off,0
fix_ownoff,611,2.1000,0.0000,0.3913,0.0024,0.7915,0.7915,Off,0
fix_ownoff,612,2.1167,0.0000,0.3933,0.0023,0.7902,0.7902,Off,0
fix_ownoff,613,2.1333,0.0000,0.3921,0.0022,0.7889,0.7889,Off,0
fix_ownoff,614,2.1500,0.0000,0.3907,0.0021,0.7876,0.7876,Off,0
fix_ownoff,615,2.1667,0.0000,0.3926,0.0020,0.7863,0.7863,Off,0
fix_ownoff,616,2.1833,0.0000,0.3930,0.0019,0.7850,0.7850,Off,0
fix_ownoff,617,2.2000,0.0000,0.3909,0.0018,0.7837,0.7837,Off,0
fix_ownoff,618,2.2167,0.0000,0.3916,0.0017,0.7824,0.7824,Off,0
fix_ownoff,619,2.2333,0.0000,0.3933,0.0017,0.7812,0.7812,Off,0
fix_ownoff,620,2.2500,0.0000,0.3917,0.0016,0.7799,0.7799,Off,0
fix_ownoff,621,2.2667,0.0000,0.3908,0.0015,0.7786,0.7786,Off,0
fix_ownoff,622,2.2833,0.0000,0.3929,0.0014,0.7774,0.7774,Off,0
fix_ownoff,623,2.3000,0.0000,0.3927,0.0014,0.7761,0.7761,Off,0
fix_ownoff,624,2.3167,0.0000,0.3907,0.0013,0.7749,0.7749,Off,0
fix_ownoff,625,2.3333,0.0000,0.3919,0.0012,0.7736,0.7736,Off,0
fix_ownoff,626,2.3500,0.0000,0.3933,0.0012,0.7724,0.7724,Off,0
fix_ownoff,627,2.3667,0.0000,0.3914,0.0011,0.7711,0.7711,Off,0
fix_ownoff,628,2.3833,0.0000,0.3910,0.0011,0.7699,0.7699,Off,0
fix_ownoff,629,2.4000,0.0000,0.3931,0.0010,0.7687,0.7687,Off,0
fix_ownoff,630,2.4167,0.0000,0.3924,0.0010,0.7674,0.7674,Off,0
fix_ownoff,631,2.4333,0.0000,0.3907,0.0009,0.7662,0.7662,Off,0
fix_ownoff,632,2.4500,0.0000,0.3923,0.0009,0.7650,0.7650,Off,0
fix_ownoff,633,2.4667,0.0000,0.3932,0.0009,0.7638,0.7638,Off,0
fix_ownoff,634,2.4833,0.0000,0.3911,0.0008,0.7626,0.7626,Off,0
fix_ownoff,635,2.5000,0.0000,0.3913,0.0008,0.7613,0.7613,Off,0
fix_ownoff,636,2.5167,0.0000,0.3933,0.0007,0.7601,0.7601,Off,0
fix_ownoff,637,2.5333,0.0000,0.3921,0.0007,0.7589,0.7589,Off,0
fix_ownoff,638,2.5500,0.0000,0.3907,0.0007,0.7577,0.7577,Off,0
fix_ownoff,639,2.5667,0.0000,0.3926,0.0006,0.7565,0.7565,Off,0
fix_ownoff,640,2.5833,0.0000,0.3930,0.0006,0.7554,0.7554,Off,0
fix_ownoff,641,2.6000,0.0000,0.3909,0.0006,0.7542,0.7542,Off,0
fix_ownoff,642,2.6167,0.0000,0.3916,0.0006,0.7530,0.7530,Off,0
fix_ownoff,643,2.6333,0.0000,0.3933,0.0005,0.7518,0.7518,Off,0
fix_ownoff,644,2.6500,0.0000,0.3917,0.0005,0.7506,0.7506,Off,0
fix_ownoff,645,2.6667,0.0000,0.3908,0.0005,0.7495,0.7495,Off,0
fix_ownoff,646,2.6833,0.0000,0.3929,0.0005,0.7483,0.7483,Off,0
fix_ownoff,647,2.7000,0.0000,0.3927,0.0004,0.7471,0.7471,Off,0
fix_ownoff,648,2.7167,0.0000,0.3907,0.0004,0.7460,0.7460,Off,0
fix_ownoff,649,2.7333,0.0000,0.3919,0.0004,0.7448,0.7448,Off,0
fix_ownoff,650,2.7500,0.0000,0.3933,0.0004,0.7437,0.7437,Off,0
fix_ownoff,651,2.7667,0.0000,0.3914,0.0004,0.7425,0.7425,Off,0
fix_ownoff,652,2.7833,0.0000,0.3910,0.0003,0.7414,0.7414,Off,0
fix_ownoff,653,2.8000,0.0000,0.3931,0.0003,0.7402,0.7402,Off,0
fix_ownoff,654,2.8167,0.0000,0.3924,0.0003,0.7391,0.7391,Off,0
fix_ownoff,655,2.8333,0.0000,0.3907,0.0003,0.7379,0.7379,Off,0
fix_ownoff,656,2.8500,0.0000,0.3923,0.0003,0.7368,0.7368,Off,0
fix_ownoff,657,2.8667,0.0000,0.3932,0.0003,0.7357,0.7357,Off,0
fix_ownoff,658,2.8833,0.0000,0.3911,0.0003,0.7346,0.7346,Off,0
fix_ownoff,659,2.9000,0.0000,0.3913,0.0002,0.7334,0.7334,Off,0
fix_ownoff,660,2.9167,0.0000,0.3933,0.0002,0.7323,0.7323,Off,0
fix_ownoff,661,2.9333,0.0000,0.3920,0.0002,0.7312,0.7312,Off,0
fix_ownoff,662,2.9500,0.0000,0.3907,0.0002,0.7301,0.7301,Off,0
fix_ownoff,663,2.9667,0.0000,0.3926,0.0002,0.7290,0.7290,Off,0
fix_ownoff,664,2.9833,0.0000,0.3930,0.0002,0.7279,0.7279,Off,0
fix_ownoff,665,3.0000,0.0000,0.3909,0.0002,0.7268,0.7268,Off,0
fix_ownoff,666,3.0167,0.0000,0.3916,0.0002,0.7257,0.7257,Off,0
fix_ownoff,667,3.0333,0.0000,0.3933,0.0002,0.7246,0.7246,Off,0
fix_ownoff,668,3.0500,0.0000,0.3917,0.0002,0.7235,0.7235,Off,0
fix_ownoff,669,3.0667,0.0000,0.3908,0.0002,0.7224,0.7224,Off,0
fix_ownoff,670,3.0833,0.0000,0.3929,0.0001,0.7213,0.7213,Off,0
fix_ownoff,671,3.1000,0.0000,0.3927,0.0001,0.7202,0.7202,Off,0
fix_ownoff,672,3.1167,0.0000,0.3907,0.0001,0.7191,0.7191,Off,0
fix_ownoff,673,3.1333,0.0000,0.3920,0.0001,0.7181,0.7181,Off,0
fix_ownoff,674,3.1500,0.0000,0.3933,0.0001,0.7170,0.7170,Off,0
fix_ownoff,675,3.1667,0.0000,0.3914,0.0001,0.7159,0.7159,Off,0
fix_ownoff,676,3.1833,0.0000,0.3910,0.0001,0.7149,0.7149,Off,0
fix_ownoff,677,3.2000,0.0000,0.3931,0.0001,0.7138,0.7138,Off,0
fix_ownoff,678,3.2167,0.0000,0.3924,0.0001,0.7127,0.7127,Off,0
fix_ownoff,679,3.2333,0.0000,0.3907,0.0001,0.7117,0.7117,Off,0
fix_ownoff,680,3.2500,0.0000,0.3923,0.0001,0.7106,0.7106,Off,0
fix_ownoff,681,3.2667,0.0000,0.3932,0.0001,0.7096,0.7096,Off,0
fix_ownoff,682,3.2833,0.0000,0.3911,0.0001,0.7085,0.7085,Off,0
fix_ownoff,683,3.3000,0.0000,0.3913,0.0001,0.7075,0.7075,Off,0
fix_ownoff,684,3.3167,0.0000,0.3933,0.0001,0.7064,0.7064,Off,0
fix_ownoff,685,3.3333,0.0000,0.3920,0.0001,0.7054,0.7054,Off,0
fix_ownoff,686,3.3500,0.0000,0.3907,0.0001,0.7044,0.7044,Off,0
fix_ownoff,687,3.3667,0.0000,0.3927,0.0001,0.7033,0.7033,Off,0
fix_ownoff,688,3.3833,0.0000,0.3930,0.0001,0.7023,0.7023,Off,0
fix_ownoff,689,3.4000,0.0000,0.3909,0.0001,0.7013,0.7013,Off,0
fix_ownoff,690,3.4167,0.0000,0.3916,0.0001,0.7003,0.7003,Off,0
fix_ownoff,691,3.4333,0.0000,0.3933,0.0001,0.6992,0.6992,Off,0
fix_ownoff,692,3.4500,0.0000,0.3917,0.0001,0.6982,0.6982,Off,0
fix_ownoff,693,3.4667,0.0000,0.3908,0.0000,0.6972,0.6972,Off,0
fix_ownoff,694,3.4833,0.0000,0.3929,0.0000,0.6962,0.6962,Off,0
fix_ownoff,695,3.5000,0.0000,0.3927,0.0000,0.6952,0.6952,Off,0
fix_ownoff,696,3.5167,0.0000,0.3907,0.0000,0.6942,0.6942,Off,0
fix_ownoff,697,3.5333,0.0000,0.3920,0.0000,0.6932,0.6932,Off,0
fix_ownoff,698,3.5500,0.0000,0.3933,0.0000,0.6922,0.6922,Off,0
fix_ownoff,699,3.5667,0.0000,0.3913,0.0000,0.6912,0.6912,Off,0
fix_ownoff,700,3.5833,0.0000,0.3911,0.0000,0.6902,0.6902,Off,0
fix_ownoff,701,3.6000,0.0000,0.3932,0.0000,0.6892,0.6892,Off,0
fix_ownoff,702,3.6167,0.0000,0.3923,0.0000,0.6882,0.6882,Off,0
fix_ownoff,703,3.6333,0.0000,0.3907,0.0000,0.6872,0.6872,Off,0
fix_ownoff,704,3.6500,0.0000,0.3923,0.0000,0.6862,0.6862,Off,0
fix_ownoff,705,3.6667,0.0000,0.3932,0.0000,0.6853,0.6853,Off,0
fix_ownoff,706,3.6833,0.0000,0.3911,0.0000,0.6843,0.6843,Off,0
fix_ownoff,707,3.7000,0.0000,0.3913,0.0000,0.6833,0.6833,Off,0
fix_ownoff,708,3.7167,0.0000,0.3933,0.0000,0.6823,0.6823,Off,0
fix_ownoff,709,3.7333,0.0000,0.3920,0.0000,0.6814,0.6814,Off,0
fix_ownoff,710,3.7500,0.0000,0.3907,0.0000,0.6804,0.6804,Off,0
fix_ownoff,711,3.7667,0.0000,0.3927,0.0000,0.6794,0.6794,Off,0
fix_ownoff,712,3.7833,0.0000,0.3929,0.0000,0.6785,0.6785,Off,0
fix_ownoff,713,3.8000,0.0000,0.3908,0.0000,0.6775,0.6775,Off,0
fix_ownoff,714,3.8167,0.0000,0.3917,0.0000,0.6766,0.6766,Off,0
fix_ownoff,715,3.8333,0.0000,0.3933,0.0000,0.6756,0.6756,Off,0
fix_ownoff,716,3.8500,0.0000,0.3916,0.0000,0.6747,0.6747,Off,0
fix_ownoff,717,3.8667,0.0000,0.3909,0.0000,0.6737,0.6737,Off,0
fix_ownoff,718,3.8833,0.0000,0.3930,0.0000,0.6728,0.6728,Off,0
fix_ownoff,719,3.9000,0.0000,0.3927,0.0000,0.6718,0.6718,Off,0
fix_ownoff,720,3.9167,0.0000,0.3907,0.0000,0.6709,0.6709,Off,0
fix_ownoff,721,3.9333,0.0000,0.3920,0.0000,0.6700,0.6700,Off,0
fix_ownoff,722,3.9500,0.0000,0.3933,0.0000,0.6690,0.6690,Off,0
fix_ownoff,723,3.9667,0.0000,0.3913,0.0000,0.6681,0.6681,Off,0
fix_ownoff,724,3.9833,0.0000,0.3911,0.0000,0.6672,0.6672,Off,0
fix_ownoff,725,4.0000,0.0000,0.3932,0.0000,0.6662,0.6662,Off,0
fix_ownoff,726,4.0167,0.0000,0.3923,0.0000,0.6653,0.6653,Off,0
fix_ownoff,727,4.0333,0.0000,0.3907,0.0000,0.6644,0.6644,Off,0
fix_ownoff,728,4.0500,0.0000,0.3924,0.0000,0.6635,0.6635,Off,0
fix_ownoff,729,4.0667,0.0000,0.3931,0.0000,0.6626,0.6626,Off,0
fix_ownoff,730,4.0833,0.0000,0.3910,0.0000,0.6616,0.6616,Off,0
fix_ownoff,731,4.1000,0.0000,0.3914,0.0000,0.6607,0.6607,Off,0
fix_ownoff,732,4.1167,0.0000,0.3933,0.0000,0.6598,0.6598,Off,0
fix_ownoff,733,4.1333,0.0000,0.3920,0.0000,0.6589,0.6589,Off,0
fix_ownoff,734,4.1500,0.0000,0.3907,0.0000,0.6580,0.6580,Off,0
fix_ownoff,735,4.1667,0.0000,0.3927,0.0000,0.6571,0.6571,Off,0
fix_ownoff,736,4.1833,0.0000,0.3929,0.0000,0.6562,0.6562,Off,0
fix_ownoff,737,4.2000,0.0000,0.3908,0.0000,0.6553,0.6553,Off,0
fix_ownoff,738,4.2167,0.0000,0.3917,0.0000,0.6544,0.6544,Off,0
fix_ownoff,739,4.2333,0.0000,0.3933,0.0000,0.6535,0.6535,Off,0
fix_ownoff,740,4.2500,0.0000,0.3916,0.0000,0.6527,0.6527,Off,0
fix_ownoff,741,4.2667,0.0000,0.3909,0.0000,0.6518,0.6518,Off,0
fix_ownoff,742,4.2833,0.0000,0.3930,0.0000,0.6509,0.6509,Off,0
fix_ownoff,743,4.3000,0.0000,0.3926,0.0000,0.6500,0.6500,Off,0
fix_ownoff,744,4.3167,0.0000,0.3907,0.0000,0.6491,0.6491,Off,0
fix_ownoff,745,4.3333,0.0000,0.3920,0.0000,0.6482,0.6482,Off,0
fix_ownoff,746,4.3500,0.0000,0.3933,0.0000,0.6474,0.6474,Off,0
fix_ownoff,747,4.3667,0.0000,0.3913,0.0000,0.6465,0.6465,Off,0
fix_ownoff,748,4.3833,0.0000,0.3911,0.0000,0.6456,0.6456,Off,0
fix_ownoff,749,4.4000,0.0000,0.3932,0.0000,0.6448,0.6448,Off,0
fix_ownoff,750,4.4167,0.0000,0.3923,0.0000,0.6439,0.6439,Off,0
fix_ownoff,751,4.4333,0.0000,0.3907,0.0000,0.6430,0.6430,Off,0
fix_ownoff,752,4.4500,0.0000,0.3924,0.0000,0.6422,0.6422,Off,0
fix_ownoff,753,4.4667,0.0000,0.3931,0.0000,0.6413,0.6413,Off,0
fix_ownoff,754,4.4833,0.0000,0.3910,0.0000,0.6405,0.6405,Off,0
fix_ownoff,755,4.5000,0.0000,0.3914,0.0000,0.6396,0.6396,Off,0
fix_ownoff,756,4.5167,0.0000,0.3933,0.0000,0.6388,0.6388,Off,0
fix_ownoff,757,4.5333,0.0000,0.3919,0.0000,0.6379,0.6379,Off,0
fix_ownoff,758,4.5500,0.0000,0.3907,0.0000,0.6371,0.6371,Off,0
fix_ownoff,759,4.5667,0.0000,0.3927,0.0000,0.6362,0.6362,Off,0
fix_ownoff,760,4.5833,0.0000,0.3929,0.0000,0.6354,0.6354,Off,0
fix_ownoff,761,4.6000,0.0000,0.3908,0.0000,0.6345,0.6345,Off,0
fix_ownoff,762,4.6167,0.0000,0.3917,0.0000,0.6337,0.6337,Off,0
fix_ownoff,763,4.6333,0.0000,0.3933,0.0000,0.6329,0.6329,Off,0
fix_ownoff,764,4.6500,0.0000,0.3916,0.0000,0.6320,0.6320,Off,0
fix_ownoff,765,4.6667,0.0000,0.3909,0.0000,0.6312,0.6312,Off,0
fix_ownoff,766,4.6833,0.0000,0.3930,0.0000,0.6304,0.6304,Off,0
fix_ownoff,767,4.7000,0.0000,0.3926,0.0000,0.6295,0.6295,Off,0
fix_ownoff,768,4.7167,0.0000,0.3907,0.0000,0.6287,0.6287,Off,0
fix_ownoff,769,4.7333,0.0000,0.3921,0.0000,0.6279,0.6279,Off,0
fix_ownoff,770,4.7500,0.0000,0.3933,0.0000,0.6271,0.6271,Off,0
fix_ownoff,771,4.7667,0.0000,0.3913,0.0000,0.6263,0.6263,Off,0
fix_ownoff,772,4.7833,0.0000,0.3911,0.0000,0.6254,0.6254,Off,0
fix_ownoff,773,4.8000,0.0000,0.3932,0.0000,0.6246,0.6246,Off,0
fix_ownoff,774,4.8167,0.0000,0.3923,0.0000,0.6238,0.6238,Off,0
fix_ownoff,775,4.8333,0.0000,0.3907,0.0000,0.6230,0.6230,Off,0
fix_ownoff,776,4.8500,0.0000,0.3924,0.0000,0.6222,0.6222,Off,0
fix_ownoff,777,4.8667,0.0000,0.3931,0.0000,0.6214,0.6214,Off,0
fix_ownoff,778,4.8833,0.0000,0.3910,0.0000,0.6206,0.6206,Off,0
fix_ownoff,779,4.9000,0.0000,0.3914,0.0000,0.6198,0.6198,Off,0
fix_ownoff,780,4.9167,0.0000,0.3933,0.0000,0.6190,0.6190,Off,0
fix_ownoff,781,4.9333,0.0000,0.3919,0.0000,0.6182,0.6182,Off,0
fix_ownoff,782,4.9500,0.0000,0.3907,0.0000,0.6174,0.6174,Off,0
fix_ownoff,783,4.9667,0.0000,0.3927,0.0000,0.6166,0.6166,Off,0
fix_ownoff,784,4.9833,0.0000,0.3929,0.0000,0.6158,0.6158,Off,0
fix_ownoff,785,5.0000,0.0000,0.3908,0.0000,0.6150,0.6150,Off,0
fix_ownoff,786,5.0167,0.0000,0.3917,0.0000,0.6142,0.6142,Off,0
fix_ownoff,787,5.0333,0.0000,0.3933,0.0000,0.6134,0.6134,Off,0
fix_ownoff,788,5.0500,0.0000,0.3916,0.0000,0.6127,0.6127,Off,0
fix_ownoff,789,5.0667,0.0000,0.3909,0.0000,0.6119,0.6119,Off,0
fix_ownoff,790,5.0833,0.0000,0.3930,0.0000,0.6111,0.6111,Off,0
fix_ownoff,791,5.1000,0.0000,0.3926,0.0000,0.6103,0.6103,Off,0
fix_ownoff,792,5.1167,0.0000,0.3907,0.0000,0.6096,0.6096,Off,0
fix_ownoff,793,5.1333,0.0000,0.3921,0.0000,0.6088,0.6088,Off,0
fix_ownoff,794,5.1500,0.0000,0.3933,0.0000,0.6080,0.6080,Off,0
fix_ownoff,795,5.1667,0.0000,0.3913,0.0000,0.6072,0.6072,Off,0
fix_ownoff,796,5.1833,0.0000,0.3911,0.0000,0.6065,0.6065,Off,0
fix_ownoff,797,5.2000,0.0000,0.3932,0.0000,0.6057,0.6057,Off,0
fix_ownoff,798,5.2167,0.0000,0.3923,0.0000,0.6049,0.6049,Off,0
fix_ownoff,799,5.2333,0.0000,0.3907,0.0000,0.6042,0.6042,Off,0
fix_ownoff,800,5.2500,0.0000,0.3924,0.0000,0.6034,0.6034,Off,0
fix_ownoff,801,5.2667,0.0000,0.3931,0.0000,0.6027,0.6027,Off,0
fix_ownoff,802,5.2833,0.0000,0.3910,0.0000,0.6019,0.6019,Off,0
fix_ownoff,803,5.3000,0.0000,0.3914,0.0000,0.6012,0.6012,Off,0
fix_ownoff,804,5.3167,0.0000,0.3933,0.0000,0.6004,0.6004,Off,0
fix_ownoff,805,5.3333,0.0000,0.3919,0.0000,0.5997,0.5997,Off,0
fix_ownoff,806,5.3500,0.0000,0.3907,0.0000,0.5989,0.5989,Off,0
fix_ownoff,807,5.3667,0.0000,0.3928,0.0000,0.5982,0.5982,Off,0
fix_ownoff,808,5.3833,0.0000,0.3929,0.0000,0.5974,0.5974,Off,0
fix_ownoff,809,5.4000,0.0000,0.3908,0.0000,0.5967,0.5967,Off,0
fix_ownoff,810,5.4167,0.0000,0.3918,0.0000,0.5959,0.5959,Off,0
fix_ownoff,811,5.4333,0.0000,0.3933,0.0000,0.5952,0.5952,Off,0
fix_ownoff,812,5.4500,0.0000,0.3916,0.0000,0.5945,0.5945,Off,0
fix_ownoff,813,5.4667,0.0000,0.3909,0.0000,0.5937,0.5937,Off,0
fix_ownoff,814,5.4833,0.0000,0.3930,0.0000,0.5930,0.5930,Off,0
fix_ownoff,815,5.5000,0.0000,0.3926,0.0000,0.5923,0.5923,Off,0
fix_ownoff,816,5.5167,0.0000,0.3907,0.0000,0.5915,0.5915,Off,0
fix_ownoff,817,5.5333,0.0000,0.3921,0.0000,0.5908,0.5908,Off,0
fix_ownoff,818,5.5500,0.0000,0.3933,0.0000,0.5901,0.5901,Off,0
fix_ownoff,819,5.5667,0.0000,0.3912,0.0000,0.5893,0.5893,Off,0
fix_ownoff,820,5.5833,0.0000,0.3911,0.0000,0.5886,0.5886,Off,0
fix_ownoff,821,5.6000,0.0000,0.3932,0.0000,0.5879,0.5879,Off,0
fix_ownoff,822,5.6167,0.0000,0.3922,0.0000,0.5872,0.5872,Off,0
fix_ownoff,823,5.6333,0.0000,0.3907,0.0000,0.5865,0.5865,Off,0
fix_ownoff,824,5.6500,0.0000,0.3925,0.0000,0.5858,0.5858,Off,0
fix_ownoff,825,5.6667,0.0000,0.3931,0.0000,0.5850,0.5850,Off,0
fix_ownoff,826,5.6833,0.0000,0.3910,0.0000,0.5843,0.5843,Off,0
fix_ownoff,827,5.7000,0.0000,0.3914,0.0000,0.5836,0.5836,Off,0
fix_ownoff,828,5.7167,0.0000,0.3933,0.0000,0.5829,0.5829,Off,0
fix_ownoff,829,5.7333,0.0000,0.3919,0.0000,0.5822,0.5822,Off,0
fix_ownoff,830,5.7500,0.0000,0.3908,0.0000,0.5815,0.5815,Off,0
fix_ownoff,831,5.7667,0.0000,0.3928,0.0000,0.5808,0.5808,Off,0
fix_ownoff,832,5.7833,0.0000,0.3929,0.0000,0.5801,0.5801,Off,0
fix_ownoff,833,5.8000,0.0000,0.3908,0.0000,0.5794,0.5794,Off,0
fix_ownoff,834,5.8167,0.0000,0.3918,0.0000,0.5787,0.5787,Off,0
fix_ownoff,835,5.8333,0.0000,0.3933,0.0000,0.5780,0.5780,Off,0
fix_ownoff,836,5.8500,0.0000,0.3915,0.0000,0.5773,0.5773,Off,0
fix_ownoff,837,5.8667,0.0000,0.3909,0.0000,0.5766,0.5766,Off,0
fix_ownoff,838,5.8833,0.0000,0.3930,0.0000,0.5759,0.5759,Off,0
fix_ownoff,839,5.9000,0.0000,0.3926,0.0000,0.5752,0.5752,Off,0
fix_ownoff,840,5.9167,0.0000,0.3907,0.0000,0.5745,0.5745,Off,0
fix_ownoff,841,5.9333,0.0000,0.3921,0.0000,0.5738,0.5738,Off,0
fix_ownoff,842,5.9500,0.0000,0.3932,0.0000,0.5732,0.5732,Off,0
fix_ownoff,843,5.9667,0.0000,0.3912,0.0000,0.5725,0.5725,Off,0
fix_ownoff,844,5.9833,0.0000,0.3912,0.0000,0.5718,0.5718,Off,0
fix_ownoff,845,6.0000,0.0000,0.3932,0.0000,0.5711,0.5711,Off,0
fix_ownoff,846,6.0167,0.0000,0.3922,0.0000,0.5704,0.5704,Off,0
fix_ownoff,847,6.0333,0.0000,0.3907,0.0000,0.5698,0.5698,Off,0
fix_ownoff,848,6.0500,0.0000,0.3925,0.0000,0.5691,0.5691,Off,0
fix_ownoff,849,6.0667,0.0000,0.3931,0.0000,0.5684,0.5684,Off,0
fix_ownoff,850,6.0833,0.0000,0.3910,0.0000,0.5677,0.5677,Off,0
fix_ownoff,851,6.1000,0.0000,0.3915,0.0000,0.5671,0.5671,Off,0
fix_ownoff,852,6.1167,0.0000,0.3933,0.0000,0.5664,0.5664,Off,0
fix_ownoff,853,6.1333,0.0000,0.3919,0.0000,0.5657,0.5657,Off,0
fix_ownoff,854,6.1500,0.0000,0.3908,0.0000,0.5651,0.5651,Off,0
fix_ownoff,855,6.1667,0.0000,0.3928,0.0000,0.5644,0.5644,Off,0
fix_ownoff,856,6.1833,0.0000,0.3928,0.0000,0.5637,0.5637,Off,0
fix_ownoff,857,6.2000,0.0000,0.3908,0.0000,0.5631,0.5631,Off,0
fix_ownoff,858,6.2167,0.0000,0.3918,0.0000,0.5624,0.5624,Off,0
fix_ownoff,859,6.2333,0.0000,0.3933,0.0000,0.5618,0.5618,Off,0
fix_ownoff,860,6.2500,0.0000,0.3915,0.0000,0.5611,0.5611,Off,0
fix_ownoff,861,6.2667,0.0000,0.3909,0.0000,0.5604,0.5604,Off,0
fix_ownoff,862,6.2833,0.0000,0.3930,0.0000,0.5598,0.5598,Off,0
fix_ownoff,863,6.3000,0.0000,0.3925,0.0000,0.5591,0.5591,Off,0
fix_ownoff,864,6.3167,0.0000,0.3907,0.0000,0.5585,0.5585,Off,0
fix_ownoff,865,6.3333,0.0000,0.3922,0.0000,0.5578,0.5578,Off,0
fix_ownoff,866,6.3500,0.0000,0.3932,0.0000,0.5572,0.5572,Off,0
fix_ownoff,867,6.3667,0.0000,0.3912,0.0000,0.5565,0.5565,Off,0
fix_ownoff,868,6.3833,0.0000,0.3912,0.0000,0.5559,0.5559,Off,0
fix_ownoff,869,6.4000,0.0000,0.3932,0.0000,0.5553,0.5553,Off,0
fix_ownoff,870,6.4167,0.0000,0.3922,0.0000,0.5546,0.5546,Off,0
fix_ownoff,871,6.4333,0.0000,0.3907,0.0000,0.5540,0.5540,Off,0
fix_ownoff,872,6.4500,0.0000,0.3925,0.0000,0.5533,0.5533,Off,0
fix_ownoff,873,6.4667,0.0000,0.3931,0.0000,0.5527,0.5527,Off,0
fix_ownoff,874,6.4833,0.0000,0.3910,0.0000,0.5521,0.5521,Off,0
fix_ownoff,875,6.5000,0.0000,0.3915,0.0000,0.5514,0.5514,Off,0
fix_ownoff,876,6.5167,0.0000,0.3933,0.0000,0.5508,0.5508,Off,0
fix_ownoff,877,6.5333,0.0000,0.3918,0.0000,0.5502,0.5502,Off,0
fix_ownoff,878,6.5500,0.0000,0.3908,0.0000,0.5495,0.5495,Off,0
fix_ownoff,879,6.5667,0.0000,0.3928,0.0000,0.5489,0.5489,Off,0
fix_ownoff,880,6.5833,0.0000,0.3928,0.0000,0.5483,0.5483,Off,0
fix_ownoff,881,6.6000,0.0000,0.3908,0.0000,0.5477,0.5477,Off,0
fix_ownoff,882,6.6167,0.0000,0.3918,0.0000,0.5470,0.5470,Off,0
fix_ownoff,883,6.6333,0.0000,0.3933,0.0000,0.5464,0.5464,Off,0
fix_ownoff,884,6.6500,0.0000,0.3915,0.0000,0.5458,0.5458,Off,0
fix_ownoff,885,6.6667,0.0000,0.3909,0.0000,0.5452,0.5452,Off,0
fix_ownoff,886,6.6833,0.0000,0.3931,0.0000,0.5446,0.5446,Off,0
fix_ownoff,887,6.7000,0.0000,0.3925,0.0000,0.5439,0.5439,Off,0
fix_ownoff,888,6.7167,0.0000,0.3907,0.0000,0.5433,0.5433,Off,0
fix_ownoff,889,6.7333,0.0000,0.3922,0.0000,0.5427,0.5427,Off,0
fix_ownoff,890,6.7500,0.0000,0.3932,0.0000,0.5421,0.5421,Off,0
fix_ownoff,891,6.7667,0.0000,0.3912,0.0000,0.5415,0.5415,Off,0
fix_ownoff,892,6.7833,0.0000,0.3912,0.0000,0.5409,0.5409,Off,0
fix_ownoff,893,6.8000,0.0000,0.3932,0.0000,0.5403,0.5403,Off,0
fix_ownoff,894,6.8167,0.0000,0.3922,0.0000,0.5397,0.5397,Off,0
fix_ownoff,895,6.8333,0.0000,0.3907,0.0000,0.5390,0.5390,Off,0
fix_ownoff,896,6.8500,0.0000,0.3925,0.0000,0.5384,0.5384,Off,0
fix_ownoff,897,6.8667,0.0000,0.3931,0.0000,0.5378,0.5378,Off,0
fix_ownoff,898,6.8833,0.0000,0.3909,0.0000,0.5372,0.5372,Off,0
fix_ownoff,899,6.9000,0.0000,0.3915,0.0000,0.5366,0.5366,Off,0
fix_ownoff,900,6.9167,0.0000,0.3933,0.0000,0.5360,0.5360,Off,0
fix_ownoff,901,6.9333,0.0000,0.3918,0.0000,0.5354,0.5354,Off,0
fix_ownoff,902,6.9500,0.0000,0.3908,0.0000,0.5348,0.5348,Off,0
fix_ownoff,903,6.9667,0.0000,0.3928,0.0000,0.5342,0.5342,Off,0
fix_ownoff,904,6.9833,0.0000,0.3928,0.0000,0.5337,0.5337,Off,0
fix_ownoff,905,7.0000,0.0000,0.3908,0.0000,0.5331,0.5331,Off,0
fix_ownoff,906,7.0167,0.0000,0.3918,0.0000,0.5325,0.5325,Off,0
fix_ownoff,907,7.0333,0.0000,0.3933,0.0000,0.5319,0.5319,Off,0
fix_ownoff,908,7.0500,0.0000,0.3915,0.0000,0.5313,0.5313,Off,0
fix_ownoff,909,7.0667,0.0000,0.3910,0.0000,0.5307,0.5307,Off,0
fix_ownoff,910,7.0833,0.0000,0.3931,0.0000,0.5301,0.5301,Off,0
fix_ownoff,911,7.1000,0.0000,0.3925,0.0000,0.5295,0.5295,Off,0
fix_ownoff,912,7.1167,0.0000,0.3907,0.0000,0.5289,0.5289,Off,0
fix_ownoff,913,7.1333,0.0000,0.3922,0.0000,0.5284,0.5284,Off,0
fix_ownoff,914,7.1500,0.0000,0.3932,0.0000,0.5278,0.5278,Off,0
fix_ownoff,915,7.1667,0.0000,0.3912,0.0000,0.5272,0.5272,Off,0
fix_ownoff,916,7.1833,0.0000,0.3912,0.0000,0.5266,0.5266,Off,0
fix_ownoff,917,7.2000,0.0000,0.3932,0.0000,0.5261,0.5261,Off,0
fix_ownoff,918,7.2167,0.0000,0.3921,0.0000,0.5255,0.5255,Off,0
fix_ownoff,919,7.2333,0.0000,0.3907,0.0000,0.5249,0.5249,Off,0
fix_ownoff,920,7.2500,0.0000,0.3925,0.0000,0.5243,0.5243,Off,0
fix_ownoff,921,7.2667,0.0000,0.3930,0.0000,0.5238,0.5238,Off,0
fix_ownoff,922,7.2833,0.0000,0.3909,0.0000,0.5232,0.5232,Off,0
fix_ownoff,923,7.3000,0.0000,0.3915,0.0000,0.5226,0.5226,Off,0
fix_ownoff,924,7.3167,0.0000,0.3933,0.0000,0.5220,0.5220,Off,0
fix_ownoff,925,7.3333,0.0000,0.3918,0.0000,0.5215,0.5215,Off,0
fix_ownoff,926,7.3500,0.0000,0.3908,0.0000,0.5209,0.5209,Off,0
fix_ownoff,927,7.3667,0.0000,0.3928,0.0000,0.5203,0.5203,Off,0
fix_ownoff,928,7.3833,0.0000,0.3928,0.0000,0.5198,0.5198,Off,0
fix_ownoff,929,7.4000,0.0000,0.3908,0.0000,0.5192,0.5192,Off,0
fix_ownoff,930,7.4167,0.0000,0.3919,0.0000,0.5187,0.5187,Off,0
fix_ownoff,931,7.4333,0.0000,0.3933,0.0000,0.5181,0.5181,Off,0
fix_ownoff,932,7.4500,0.0000,0.3915,0.0000,0.5175,0.5175,Off,0
fix_ownoff,933,7.4667,0.0000,0.3910,0.0000,0.5170,0.5170,Off,0
fix_ownoff,934,7.4833,0.0000,0.3931,0.0000,0.5164,0.5164,Off,0
fix_ownoff,935,7.5000,0.0000,0.3925,0.0000,0.5159,0.5159,Off,0
fix_ownoff,936,7.5167,0.0000,0.3907,0.0000,0.5153,0.5153,Off,0
fix_ownoff,937,7.5333,0.0000,0.3922,0.0000,0.5148,0.5148,Off,0
fix_ownoff,938,7.5500,0.0000,0.3932,0.0000,0.5142,0.5142,Off,0
fix_ownoff,939,7.5667,0.0000,0.3912,0.0000,0.5137,0.5137,Off,0
fix_ownoff,940,7.5833,0.0000,0.3912,0.0000,0.5131,0.5131,Off,0
fix_ownoff,941,7.6000,0.0000,0.3932,0.0000,0.5126,0.5126,Off,0
fix_ownoff,942,7.6167,0.0000,0.3921,0.0000,0.5120,0.5120,Off,0
fix_ownoff,943,7.6333,0.0000,0.3907,0.0000,0.5115,0.5115,Off,0
fix_ownoff,944,7.6500,0.0000,0.3926,0.0000,0.5109,0.5109,Off,0
fix_ownoff,945,7.6667,0.0000,0.3930,0.0000,0.5104,0.5104,Off,0
fix_ownoff,946,7.6833,0.0000,0.3909,0.0000,0.5098,0.5098,Off,0
fix_ownoff,947,7.7000,0.0000,0.3915,0.0000,0.5093,0.5093,Off,0
fix_ownoff,948,7.7167,0.0000,0.3933,0.0000,0.5088,0.5088,Off,0
fix_ownoff,949,7.7333,0.0000,0.3918,0.0000,0.5082,0.5082,Off,0
fix_ownoff,950,7.7500,0.0000,0.3908,0.0000,0.5077,0.5077,Off,0
fix_ownoff,951,7.7667,0.0000,0.3929,0.0000,0.5072,0.5072,Off,0
fix_ownoff,952,7.7833,0.0000,0.3928,0.0000,0.5066,0.5066,Off,0
fix_ownoff,953,7.8000,0.0000,0.3907,0.0000,0.5061,0.5061,Off,0
fix_ownoff,954,7.8167,0.0000,0.3919,0.0000,0.5056,0.5056,Off,0
fix_ownoff,955,7.8333,0.0000,0.3933,0.0000,0.5050,0.5050,Off,0
fix_ownoff,956,7.8500,0.0000,0.3914,0.0000,0.5045,0.5045,Off,0
fix_ownoff,957,7.8667,0.0000,0.3910,0.0000,0.5040,0.5040,Off,0
fix_ownoff,958,7.8833,0.0000,0.3931,0.0000,0.5034,0.5034,Off,0
fix_ownoff,959,7.9000,0.0000,0.3924,0.0000,0.5029,0.5029,Off,0
fix_ownoff,960,7.9167,0.0000,0.3907,0.0000,0.5024,0.5024,Off,0
fix_ownoff,961,7.9333,0.0000,0.3922,0.0000,0.5019,0.5019,Off,0
fix_ownoff,962,7.9500,0.0000,0.3932,0.0000,0.5013,0.5013,Off,0
fix_ownoff,963,7.9667,0.0000,0.3911,0.0000,0.5008,0.5008,Off,0
fix_ownoff,964,7.9833,0.0000,0.3912,0.0000,0.5003,0.5003,Off,0
fix_ownoff,965,8.0000,0.0000,0.3933,0.0000,0.4998,0.4998,Off,0
fix_ownoff,966,8.0167,0.0000,0.3921,0.0000,0.4992,0.4992,Off,0
fix_ownoff,967,8.0333,0.0000,0.3907,0.0000,0.4987,0.4987,Off,0
fix_ownoff,968,8.0500,0.0000,0.3926,0.0000,0.4982,0.4982,Off,0
fix_ownoff,969,8.0667,0.0000,0.3930,0.0000,0.4977,0.4977,Off,0
fix_ownoff,970,8.0833,0.0000,0.3909,0.0000,0.4972,0.4972,Off,0
fix_ownoff,971,8.1000,0.0000,0.3916,0.0000,0.4967,0.4967,Off,0
fix_ownoff,972,8.1167,0.0000,0.3933,0.0000,0.4961,0.4961,Off,0
fix_ownoff,973,8.1333,0.0000,0.3917,0.0000,0.4956,0.4956,Off,0
fix_ownoff,974,8.1500,0.0000,0.3908,0.0000,0.4951,0.4951,Off,0
fix_ownoff,975,8.1667,0.0000,0.3929,0.0000,0.4946,0.4946,Off,0
fix_ownoff,976,8.1833,0.0000,0.3927,0.0000,0.4941,0.4941,Off,0
fix_ownoff,977,8.2000,0.0000,0.3907,0.0000,0.4936,0.4936,Off,0
fix_ownoff,978,8.2167,0.0000,0.3919,0.0000,0.4931,0.4931,Off,0
fix_ownoff,979,8.2333,0.0000,0.3933,0.0000,0.4926,0.4926,Off,0
fix_ownoff,980,8.2500,0.0000,0.3914,0.0000,0.4921,0.4921,Off,0
fix_ownoff,981,8.2667,0.0000,0.3910,0.0000,0.4916,0.4916,Off,0
fix_ownoff,982,8.2833,0.0000,0.3931,0.0000,0.4911,0.4911,Off,0
fix_ownoff,983,8.3000,0.0000,0.3924,0.0000,0.4906,0.4906,Off,0
fix_ownoff,984,8.3167,0.0000,0.3907,0.0000,0.4901,0.4901,Off,0
fix_ownoff,985,8.3333,0.0000,0.3923,0.0000,0.4896,0.4896,Off,0
fix_ownoff,986,8.3500,0.0000,0.3932,0.0000,0.4891,0.4891,Off,0
fix_ownoff,987,8.3667,0.0000,0.3911,0.0000,0.4886,0.4886,Off,0
fix_ownoff,988,8.3833,0.0000,0.3913,0.0000,0.4881,0.4881,Off,0
fix_ownoff,989,8.4000,0.0000,0.3933,0.0000,0.4876,0.4876,Off,0
fix_ownoff,990,8.4167,0.0000,0.3921,0.0000,0.4871,0.4871,Off,0
fix_ownoff,991,8.4333,0.0000,0.3907,0.0000,0.4866,0.4866,Off,0
fix_ownoff,992,8.4500,0.0000,0.3926,0.0000,0.4861,0.4861,Off,0
fix_ownoff,993,8.4667,0.0000,0.3930,0.0000,0.4856,0.4856,Off,0
fix_ownoff,994,8.4833,0.0000,0.3909,0.0000,0.4851,0.4851,Off,0
fix_ownoff,995,8.5000,0.0000,0.3916,0.0000,0.4846,0.4846,Off,0
fix_ownoff,996,8.5167,0.0000,0.3933,0.0000,0.4841,0.4841,Off,0
fix_ownoff,997,8.5333,0.0000,0.3917,0.0000,0.4836,0.4836,Off,0
fix_ownoff,998,8.5500,0.0000,0.3908,0.0000,0.4832,0.4832,Off,0
fix_ownoff,999,8.5667,0.0000,0.3929,0.0000,0.4827,0.4827,Off,0
fix_ownoff,1000,8.5833,0.0000,0.3927,0.0000,0.4822,0.4822,Off,0
fix_ownoff,1001,8.6000,0.0000,0.3907,0.0000,0.4817,0.4817,Off,0
fix_ownoff,1002,8.6167,0.0000,0.3919,0.0000,0.4812,0.4812,Off,0
fix_ownoff,1003,8.6333,0.0000,0.3933,0.0000,0.4807,0.4807,Off,0
fix_ownoff,1004,8.6500,0.0000,0.3914,0.0000,0.4803,0.4803,Off,0
fix_ownoff,1005,8.6667,0.0000,0.3910,0.0000,0.4798,0.4798,Off,0
fix_ownoff,1006,8.6833,0.0000,0.3931,0.0000,0.4793,0.4793,Off,0
fix_ownoff,1007,8.7000,0.0000,0.3924,0.0000,0.4788,0.4788,Off,0
fix_ownoff,1008,8.7167,0.0000,0.3907,0.0000,0.4783,0.4783,Off,0
fix_ownoff,1009,8.7333,0.0000,0.3923,0.0000,0.4779,0.4779,Off,0
fix_ownoff,1010,8.7500,0.0000,0.3932,0.0000,0.4774,0.4774,Off,0
fix_ownoff,1011,8.7667,0.0000,0.3911,0.0000,0.4769,0.4769,Off,0
fix_ownoff,1012,8.7833,0.0000,0.3913,0.0000,0.4764,0.4764,Off,0
fix_ownoff,1013,8.8000,0.0000,0.3933,0.0000,0.4760,0.4760,Off,0
fix_ownoff,1014,8.8167,0.0000,0.3921,0.0000,0.4755,0.4755,Off,0
fix_ownoff,1015,8.8333,0.0000,0.3907,0.0000,0.4750,0.4750,Off,0
fix_ownoff,1016,8.8500,0.0000,0.3926,0.0000,0.4746,0.4746,Off,0
fix_ownoff,1017,8.8667,0.0000,0.3930,0.0000,0.4741,0.4741,Off,0
fix_ownoff,1018,8.8833,0.0000,0.3909,0.0000,0.4736,0.4736,Off,0
fix_ownoff,1019,8.9000,0.0000,0.3916,0.0000,0.4732,0.4732,Off,0
fix_ownoff,1020,8.9167,0.0000,0.3933,0.0000,0.4727,0.4727,Off,0
fix_ownoff,1021,8.9333,0.0000,0.3917,0.0000,0.4722,0.4722,Off,0
fix_ownoff,1022,8.9500,0.0000,0.3908,0.0000,0.4718,0.4718,Off,0
fix_ownoff,1023,8.9667,0.0000,0.3929,0.0000,0.4713,0.4713,Off,0
fix_ownoff,1024,8.9833,0.0000,0.3927,0.0000,0.4708,0.4708,Off,0
fix_ownoff,1025,9.0000,0.0000,0.3907,0.0000,0.4704,0.4704,Off,0
fix_ownoff,1026,9.0167,0.0000,0.3920,0.0000,0.4699,0.4699,Off,0
fix_ownoff,1027,9.0333,0.0000,0.3933,0.0000,0.4695,0.4695,Off,0
fix_ownoff,1028,9.0500,0.0000,0.3914,0.0000,0.4690,0.4690,Off,0
fix_ownoff,1029,9.0667,0.0000,0.3910,0.0000,0.4685,0.4685,Off,0
fix_ownoff,1030,9.0833,0.0000,0.3931,0.0000,0.4681,0.4681,Off,0
fix_ownoff,1031,9.1000,0.0000,0.3924,0.0000,0.4676,0.4676,Off,0
fix_ownoff,1032,9.1167,0.0000,0.3907,0.0000,0.4672,0.4672,Off,0
fix_ownoff,1033,9.1333,0.0000,0.3923,0.0000,0.4667,0.4667,Off,0
fix_ownoff,1034,9.1500,0.0000,0.3932,0.0000,0.4663,0.4663,Off,0
fix_ownoff,1035,9.1667,0.0000,0.3911,0.0000,0.4658,0.4658,Off,0
fix_ownoff,1036,9.1833,0.0000,0.3913,0.0000,0.4654,0.4654,Off,0
fix_ownoff,1037,9.2000,0.0000,0.3933,0.0000,0.4649,0.4649,Off,0
fix_ownoff,1038,9.2167,0.0000,0.3920,0.0000,0.4645,0.4645,Off,0
fix_ownoff,1039,9.2333,0.0000,0.3907,0.0000,0.4640,0.4640,Off,0
fix_ownoff,1040,9.2500,0.0000,0.3926,0.0000,0.4636,0.4636,Off,0
fix_ownoff,1041,9.2667,0.0000,0.3930,0.0000,0.4631,0.4631,Off,0
fix_ownoff,1042,9.2833,0.0000,0.3909,0.0000,0.4627,0.4627,Off,0
fix_ownoff,1043,9.3000,0.0000,0.3916,0.0000,0.4622,0.4622,Off,0
fix_ownoff,1044,9.3167,0.0000,0.3933,0.0000,0.4618,0.4618,Off,0
fix_ownoff,1045,9.3333,0.0000,0.3917,0.0000,0.4613,0.4613,Off,0
fix_ownoff,1046,9.3500,0.0000,0.3908,0.0000,0.4609,0.4609,Off,0
fix_ownoff,1047,9.3667,0.0000,0.3929,0.0000,0.4604,0.4604,Off,0
fix_ownoff,1048,9.3833,0.0000,0.3927,0.0000,0.4600,0.4600,Off,0
fix_ownoff,1049,9.4000,0.0000,0.3907,0.0000,0.4596,0.4596,Off,0
fix_ownoff,1050,9.4167,0.0000,0.3920,0.0000,0.4591,0.4591,Off,0
fix_ownoff,1051,9.4333,0.0000,0.3933,0.0000,0.4587,0.4587,Off,0
fix_ownoff,1052,9.4500,0.0000,0.3913,0.0000,0.4583,0.4583,Off,0
fix_ownoff,1053,9.4667,0.0000,0.3910,0.0000,0.4578,0.4578,Off,0
fix_ownoff,1054,9.4833,0.0000,0.3931,0.0000,0.4574,0.4574,Off,0
fix_ownoff,1055,9.5000,0.0000,0.3924,0.0000,0.4569,0.4569,Off,0
fix_ownoff,1056,9.5167,0.0000,0.3907,0.0000,0.4565,0.4565,Off,0
fix_ownoff,1057,9.5333,0.0000,0.3923,0.0000,0.4561,0.4561,Off,0
fix_ownoff,1058,9.5500,0.0000,0.3932,0.0000,0.4556,0.4556,Off,0
fix_ownoff,1059,9.5667,0.0000,0.3911,0.0000,0.4552,0.4552,Off,0
fix_ownoff,1060,9.5833,0.0000,0.3913,0.0000,0.4548,0.4548,Off,0
fix_ownoff,1061,9.6000,0.0000,0.3933,0.0000,0.4543,0.4543,Off,0
fix_ownoff,1062,9.6167,0.0000,0.3920,0.0000,0.4539,0.4539,Off,0
fix_ownoff,1063,9.6333,0.0000,0.3907,0.0000,0.4535,0.4535,Off,0
fix_ownoff,1064,9.6500,0.0000,0.3927,0.0000,0.4531,0.4531,Off,0
fix_ownoff,1065,9.6667,0.0000,0.3929,0.0000,0.4526,0.4526,Off,0
fix_ownoff,1066,9.6833,0.0000,0.3908,0.0000,0.4522,0.4522,Off,0
fix_ownoff,1067,9.7000,0.0000,0.3917,0.0000,0.4518,0.4518,Off,0
fix_ownoff,1068,9.7167,0.0000,0.3933,0.0000,0.4514,0.4514,Off,0
fix_ownoff,1069,9.7333,0.0000,0.3917,0.0000,0.4509,0.4509,Off,0
fix_ownoff,1070,9.7500,0.0000,0.3908,0.0000,0.4505,0.4505,Off,0
fix_ownoff,1071,9.7667,0.0000,0.3929,0.0000,0.4501,0.4501,Off,0
fix_ownoff,1072,9.7833,0.0000,0.3927,0.0000,0.4497,0.4497,Off,0
fix_ownoff,1073,9.8000,0.0000,0.3907,0.0000,0.4492,0.4492,Off,0
fix_ownoff,1074,9.8167,0.0000,0.3920,0.0000,0.4488,0.4488,Off,0
fix_ownoff,1075,9.8333,0.0000,0.3933,0.0000,0.4484,0.4484,Off,0
fix_ownoff,1076,9.8500,0.0000,0.3913,0.0000,0.4480,0.4480,Off,0
fix_ownoff,1077,9.8667,0.0000,0.3911,0.0000,0.4476,0.4476,Off,0
fix_ownoff,1078,9.8833,0.0000,0.3932,0.0000,0.4472,0.4472,Off,0
fix_ownoff,1079,9.9000,0.0000,0.3923,0.0000,0.4467,0.4467,Off,0
fix_ownoff,1080,9.9167,0.0000,0.3907,0.0000,0.4463,0.4463,Off,0
fix_ownoff,1081,9.9333,0.0000,0.3924,0.0000,0.4459,0.4459,Off,0
fix_ownoff,1082,9.9500,0.0000,0.3931,0.0000,0.4455,0.4455,Off,0
fix_ownoff,1083,9.9667,0.0000,0.3911,0.0000,0.4451,0.4451,Off,0
fix_ownoff,1084,9.9833,0.0000,0.3913,0.0000,0.4447,0.4447,Off,0
fix_ownoff,1085,10.0000,0.0000,0.3933,0.0000,0.4443,0.4443,Off,0
fix_ownoff,1086,10.0167,0.0000,0.3920,0.0000,0.4438,0.4438,Off,0
fix_ownoff,1087,10.0333,0.0000,0.3907,0.0000,0.4434,0.4434,Off,0
fix_ownoff,1088,10.0500,0.0000,0.3927,0.0000,0.4430,0.4430,Off,0
fix_ownoff,1089,10.0667,0.0000,0.3929,0.0000,0.4426,0.4426,Off,0
fix_ownoff,1090,10.0833,0.0000,0.3908,0.0000,0.4422,0.4422,Off,0
fix_ownoff,1091,10.1000,0.0000,0.3917,0.0000,0.4418,0.4418,Off,0
fix_ownoff,1092,10.1167,0.0000,0.3933,0.0000,0.4414,0.4414,Off,0
fix_ownoff,1093,10.1333,0.0000,0.3916,0.0000,0.4410,0.4410,Off,0
fix_ownoff,1094,10.1500,0.0000,0.3909,0.0000,0.4406,0.4406,Off,0
fix_ownoff,1095,10.1667,0.0000,0.3930,0.0000,0.4402,0.4402,Off,0
fix_ownoff,1096,10.1833,0.0000,0.3926,0.0000,0.4398,0.4398,Off,0
fix_ownoff,1097,10.2000,0.0000,0.3907,0.0000,0.4394,0.4394,Off,0
fix_ownoff,1098,10.2167,0.0000,0.3920,0.0000,0.4390,0.4390,Off,0
fix_ownoff,1099,10.2333,0.0000,0.3933,0.0000,0.4386,0.4386,Off,0
fix_ownoff,1100,10.2500,0.0000,0.3913,0.0000,0.4382,0.4382,Off,0
fix_ownoff,1101,10.2667,0.0000,0.3911,0.0000,0.4378,0.4378,Off,0
fix_ownoff,1102,10.2833,0.0000,0.3932,0.0000,0.4374,0.4374,Off,0
fix_ownoff,1103,10.3000,0.0000,0.3923,0.0000,0.4370,0.4370,Off,0
fix_ownoff,1104,10.3167,0.0000,0.3907,0.0000,0.4366,0.4366,Off,0
fix_ownoff,1105,10.3333,0.0000,0.3924,0.0000,0.4362,0.4362,Off,0
fix_ownoff,1106,10.3500,0.0000,0.3931,0.0000,0.4358,0.4358,Off,0
fix_ownoff,1107,10.3667,0.0000,0.3910,0.0000,0.4354,0.4354,Off,0
fix_ownoff,1108,10.3833,0.0000,0.3914,0.0000,0.4350,0.4350,Off,0
fix_ownoff,1109,10.4000,0.0000,0.3933,0.0000,0.4346,0.4346,Off,0
fix_ownoff,1110,10.4167,0.0000,0.3920,0.0000,0.4342,0.4342,Off,0
fix_ownoff,1111,10.4333,0.0000,0.3907,0.0000,0.4338,0.4338,Off,0
fix_ownoff,1112,10.4500,0.0000,0.3927,0.0000,0.4334,0.4334,Off,0
fix_ownoff,1113,10.4667,0.0000,0.3929,0.0000,0.4330,0.4330,Off,0
fix_ownoff,1114,10.4833,0.0000,0.3908,0.0000,0.4326,0.4326,Off,0
fix_ownoff,1115,10.5000,0.0000,0.3917,0.0000,0.4323,0.4323,Off,0
fix_ownoff,1116,10.5167,0.0000,0.3933,0.0000,0.4319,0.4319,Off,0
fix_ownoff,1117,10.5333,0.0000,0.3916,0.0000,0.4315,0.4315,Off,0
fix_ownoff,1118,10.5500,0.0000,0.3909,0.0000,0.4311,0.4311,Off,0
fix_ownoff,1119,10.5667,0.0000,0.3930,0.0000,0.4307,0.4307,Off,0
fix_ownoff,1120,10.5833,0.0000,0.3926,0.0000,0.4303,0.4303,Off,0
fix_ownoff,1121,10.6000,0.0000,0.3907,0.0000,0.4299,0.4299,Off,0
fix_ownoff,1122,10.6167,0.0000,0.3920,0.0000,0.4295,0.4295,Off,0
fix_ownoff,1123,10.6333,0.0000,0.3933,0.0000,0.4292,0.4292,Off,0
fix_ownoff,1124,10.6500,0.0000,0.3913,0.0000,0.4288,0.4288,Off,0
fix_ownoff,1125,10.6667,0.0000,0.3911,0.0000,0.4284,0.4284,Off,0
fix_ownoff,1126,10.6833,0.0000,0.3932,0.0000,0.4280,0.4280,Off,0
fix_ownoff,1127,10.7000,0.0000,0.3923,0.0000,0.4276,0.4276,Off,0
fix_ownoff,1128,10.7167,0.0000,0.3907,0.0000,0.4273,0.4273,Off,0
fix_ownoff,1129,10.7333,0.0000,0.3924,0.0000,0.4269,0.4269,Off,0
fix_ownoff,1130,10.7500,0.0000,0.3931,0.0000,0.4265,0.4265,Off,0
fix_ownoff,1131,10.7667,0.0000,0.3910,0.0000,0.4261,0.4261,Off,0
fix_ownoff,1132,10.7833,0.0000,0.3914,0.0000,0.4257,0.4257,Off,0
fix_ownoff,1133,10.8000,0.0000,0.3933,0.0000,0.4254,0.4254,Off,0
fix_ownoff,1134,10.8167,0.0000,0.3919,0.0000,0.4250,0.4250,Off,0
fix_ownoff,1135,10.8333,0.0000,0.3907,0.0000,0.4246,0.4246,Off,0
fix_ownoff,1136,10.8500,0.0000,0.3927,0.0000,0.4242,0.4242,Off,0
fix_ownoff,1137,10.8667,0.0000,0.3929,0.0000,0.4239,0.4239,Off,0
fix_ownoff,1138,10.8833,0.0000,0.3908,0.0000,0.4235,0.4235,Off,0
fix_ownoff,1139,10.9000,0.0000,0.3917,0.0000,0.4231,0.4231,Off,0
fix_ownoff,1140,10.9167,0.0000,0.3933,0.0000,0.4227,0.4227,Off,0
fix_ownoff,1141,10.9333,0.0000,0.3916,0.0000,0.4224,0.4224,Off,0
fix_ownoff,1142,10.9500,0.0000,0.3909,0.0000,0.4220,0.4220,Off,0
fix_ownoff,1143,10.9667,0.0000,0.3930,0.0000,0.4216,0.4216,Off,0
fix_ownoff,1144,10.9833,0.0000,0.3926,0.0000,0.4213,0.4213,Off,0
fix_ownoff,1145,11.0000,0.0000,0.3907,0.0000,0.4209,0.4209,Off,0
fix_ownoff,1146,11.0167,0.0000,0.3921,0.0000,0.4205,0.4205,Off,0
fix_ownoff,1147,11.0333,0.0000,0.3933,0.0000,0.4201,0.4201,Off,0
fix_ownoff,1148,11.0500,0.0000,0.3913,0.0000,0.4198,0.4198,Off,0
fix_ownoff,1149,11.0667,0.0000,0.3911,0.0000,0.4194,0.4194,Off,0
fix_ownoff,1150,11.0833,0.0000,0.3932,0.0000,0.4190,0.4190,Off,0
fix_ownoff,1151,11.1000,0.0000,0.3923,0.0000,0.4187,0.4187,Off,0
fix_ownoff,1152,11.1167,0.0000,0.3907,0.0000,0.4183,0.4183,Off,0
fix_ownoff,1153,11.1333,0.0000,0.3924,0.0000,0.4180,0.4180,Off,0
fix_ownoff,1154,11.1500,0.0000,0.3931,0.0000,0.4176,0.4176,Off,0
fix_ownoff,1155,11.1667,0.0000,0.3910,0.0000,0.4172,0.4172,Off,0
fix_ownoff,1156,11.1833,0.0000,0.3914,0.0000,0.4169,0.4169,Off,0
fix_ownoff,1157,11.2000,0.0000,0.3933,0.0000,0.4165,0.4165,Off,0
fix_ownoff,1158,11.2167,0.0000,0.3919,0.0000,0.4161,0.4161,Off,0
fix_ownoff,1159,11.2333,0.0000,0.3907,0.0000,0.4158,0.4158,Off,0
fix_ownoff,1160,11.2500,0.0000,0.3927,0.0000,0.4154,0.4154,Off,0
fix_ownoff,1161,11.2667,0.0000,0.3929,0.0000,0.4151,0.4151,Off,0
fix_ownoff,1162,11.2833,0.0000,0.3908,0.0000,0.4147,0.4147,Off,0
fix_ownoff,1163,11.3000,0.0000,0.3917,0.0000,0.4143,0.4143,Off,0
fix_ownoff,1164,11.3167,0.0000,0.3933,0.0000,0.4140,0.4140,Off,0
fix_ownoff,1165,11.3333,0.0000,0.3916,0.0000,0.4136,0.4136,Off,0
fix_ownoff,1166,11.3500,0.0000,0.3909,0.0000,0.4133,0.4133,Off,0
fix_ownoff,1167,11.3667,0.0000,0.3930,0.0000,0.4129,0.4129,Off,0
fix_ownoff,1168,11.3833,0.0000,0.3926,0.0000,0.4126,0.4126,Off,0
fix_ownoff,1169,11.4000,0.0000,0.3907,0.0000,0.4122,0.4122,Off,0
fix_ownoff,1170,11.4167,0.0000,0.3921,0.0000,0.4119,0.4119,Off,0
fix_ownoff,1171,11.4333,0.0000,0.3933,0.0000,0.4115,0.4115,Off,0
fix_ownoff,1172,11.4500,0.0000,0.3913,0.0000,0.4111,0.4111,Off,0
fix_ownoff,1173,11.4667,0.0000,0.3911,0.0000,0.4108,0.4108,Off,0
fix_ownoff,1174,11.4833,0.0000,0.3932,0.0000,0.4104,0.4104,Off,0
fix_ownoff,1175,11.5000,0.0000,0.3922,0.0000,0.4101,0.4101,Off,0
fix_ownoff,1176,11.5167,0.0000,0.3907,0.0000,0.4097,0.4097,Off,0
fix_ownoff,1177,11.5333,0.0000,0.3924,0.0000,0.4094,0.4094,Off,0
fix_ownoff,1178,11.5500,0.0000,0.3931,0.0000,0.4090,0.4090,Off,0
fix_ownoff,1179,11.5667,0.0000,0.3910,0.0000,0.4087,0.4087,Off,0
fix_ownoff,1180,11.5833,0.0000,0.3914,0.0000,0.4084,0.4084,Off,0
fix_ownoff,1181,11.6000,0.0000,0.3933,0.0000,0.4080,0.4080,Off,0
fix_ownoff,1182,11.6167,0.0000,0.3919,0.0000,0.4077,0.4077,Off,0
fix_ownoff,1183,11.6333,0.0000,0.3907,0.0000,0.4073,0.4073,Off,0
fix_ownoff,1184,11.6500,0.0000,0.3928,0.0000,0.4070,0.4070,Off,0
fix_ownoff,1185,11.6667,0.0000,0.3929,0.0000,0.4066,0.4066,Off,0
fix_ownoff,1186,11.6833,0.0000,0.3908,0.0000,0.4063,0.4063,Off,0
fix_ownoff,1187,11.7000,0.0000,0.3918,0.0000,0.4059,0.4059,Off,0
fix_ownoff,1188,11.7167,0.0000,0.3933,0.0000,0.4056,0.4056,Off,0
fix_ownoff,1189,11.7333,0.0000,0.3915,0.0000,0.4052,0.4052,Off,0
fix_ownoff,1190,11.7500,0.0000,0.3909,0.0000,0.4049,0.4049,Off,0
fix_ownoff,1191,11.7667,0.0000,0.3930,0.0000,0.4046,0.4046,Off,0
fix_ownoff,1192,11.7833,0.0000,0.3926,0.0000,0.4042,0.4042,Off,0
fix_ownoff,1193,11.8000,0.0000,0.3907,0.0000,0.4039,0.4039,Off,0
fix_ownoff,1194,11.8167,0.0000,0.3921,0.0000,0.4035,0.4035,Off,0
fix_ownoff,1195,11.8333,0.0000,0.3933,0.0000,0.4032,0.4032,Off,0
fix_ownoff,1196,11.8500,0.0000,0.3912,0.0000,0.4029,0.4029,Off,0
fix_ownoff,1197,11.8667,0.0000,0.3911,0.0000,0.4025,0.4025,Off,0
fix_ownoff,1198,11.8833,0.0000,0.3932,0.0000,0.4022,0.4022,Off,0
fix_ownoff,1199,11.9000,0.0000,0.3922,0.0000,0.4019,0.4019,Off,0
fix_ownoff,1200,11.9167,0.0000,0.3907,0.0000,0.4015,0.4015,Off,0
fix_ownoff,1201,11.9333,0.0000,0.3925,0.0000,0.4012,0.4012,Off,0
fix_ownoff,1202,11.9500,0.0000,0.3931,0.0000,0.4008,0.4008,Off,0
fix_ownoff,1203,11.9667,0.0000,0.3910,0.0000,0.4005,0.4005,Off,0
fix_ownoff,1204,11.9833,0.0000,0.3914,0.0000,0.4002,0.4002,Off,0
fix_ownoff,1205,12.0000,0.0000,0.3933,0.0000,0.3998,0.3998,Off,0
fix_ownoff,1206,12.0167,0.0000,0.3919,0.0000,0.3995,0.3995,Off,0
fix_ownoff,1207,12.0333,0.0000,0.3908,0.0000,0.3992,0.3992,Off,0
fix_ownoff,1208,12.0500,0.0000,0.3928,0.0000,0.3988,0.3988,Off,0
fix_ownoff,1209,12.0667,0.0000,0.3928,0.0000,0.3985,0.3985,Off,0
fix_ownoff,1210,12.0833,0.0000,0.3908,0.0000,0.3982,0.3982,Off,0
fix_ownoff,1211,12.1000,0.0000,0.3918,0.0000,0.3979,0.3979,Off,0
fix_ownoff,1212,12.1167,0.0000,0.3933,0.0000,0.3975,0.3975,Off,0
fix_ownoff,1213,12.1333,0.0000,0.3915,0.0000,0.3972,0.3972,Off,0
fix_ownoff,1214,12.1500,0.0000,0.3909,0.0000,0.3969,0.3969,Off,0
fix_ownoff,1215,12.1667,0.0000,0.3930,0.0000,0.3965,0.3965,Off,0
fix_ownoff,1216,12.1833,0.0000,0.3925,0.0000,0.3962,0.3962,Off,0
fix_ownoff,1217,12.2000,0.0000,0.3907,0.0000,0.3959,0.3959,Off,0
fix_ownoff,1218,12.2167,0.0000,0.3921,0.0000,0.3956,0.3956,Off,0
fix_ownoff,1219,12.2333,0.0000,0.3932,0.0000,0.3952,0.3952,Off,0
fix_ownoff,1220,12.2500,0.0000,0.3912,0.0000,0.3949,0.3949,Off,0
fix_ownoff,1221,12.2667,0.0000,0.3912,0.0000,0.3946,0.3946,Off,0
fix_ownoff,1222,12.2833,0.0000,0.3932,0.0000,0.3943,0.3943,Off,0
fix_ownoff,1223,12.3000,0.0000,0.3922,0.0000,0.3939,0.3939,Off,0
fix_ownoff,1224,12.3167,0.0000,0.3907,0.0000,0.3936,0.3936,Off,0
fix_ownoff,1225,12.3333,0.0000,0.3925,0.0000,0.3933,0.3933,Off,0
fix_ownoff,1226,12.3500,0.0000,0.3931,0.0000,0.3930,0.3930,Off,0
fix_ownoff,1227,12.3667,0.0000,0.3910,0.0000,0.3927,0.3927,Off,0
fix_ownoff,1228,12.3833,0.0000,0.3915,0.0000,0.3923,0.3923,Off,0
fix_ownoff,1229,12.4000,0.0000,0.3933,0.0000,0.3923,0.3923,Off,0
fix_ownoff,1230,12.4167,0.0000,0.3919,0.0000,0.3920,0.3923,Off,0
fix_ownoff,1231,12.4333,0.0000,0.3908,0.0000,0.3917,0.3923,Off,0
fix_ownoff,1232,12.4500,0.0000,0.3928,0.0000,0.3917,0.3923,Off,0
fix_ownoff,1233,12.4667,0.0000,0.3928,0.0000,0.3917,0.3923,Off,0
fix_ownoff,1234,12.4833,0.0000,0.3908,0.0000,0.3914,0.3923,Off,0
fix_ownoff,1235,12.5000,0.0000,0.3918,0.0000,0.3914,0.3923,Off,0
fix_ownoff,1236,12.5167,0.0000,0.3933,0.0000,0.3914,0.3923,Off,0
fix_ownoff,1237,12.5333,0.0000,0.3915,0.0000,0.3914,0.3923,Off,0
fix_ownoff,1238,12.5500,0.0000,0.3909,0.0000,0.3911,0.3923,Off,0
fix_ownoff,1239,12.5667,0.0000,0.3930,0.0000,0.3911,0.3923,Off,0
fix_ownoff,1240,12.5833,0.0000,0.3925,0.0000,0.3911,0.3923,Off,0
fix_ownoff,1241,12.6000,0.0000,0.3907,0.0000,0.3908,0.3923,Off,0
fix_ownoff,1242,12.6167,0.0000,0.3922,0.0000,0.3908,0.3923,Off,0
fix_ownoff,1243,12.6333,0.0000,0.3932,0.0000,0.3908,0.3923,Off,0
fix_ownoff,1244,12.6500,0.0000,0.3912,0.0000,0.3908,0.3923,Off,0
fix_ownoff,1245,12.6667,0.0000,0.3912,0.0000,0.3908,0.3923,Off,0
fix_ownoff,1246,12.6833,0.0000,0.3932,0.0000,0.3909,0.3923,Off,0
fix_ownoff,1247,12.7000,0.0000,0.3922,0.0000,0.3909,0.3923,Off,0
fix_ownoff,1248,12.7167,0.0000,0.3907,0.0000,0.3906,0.3923,Off,0
fix_ownoff,1249,12.7333,0.0000,0.3925,0.0000,0.3906,0.3923,Off,0
fix_ownoff,1250,12.7500,0.0000,0.3931,0.0000,0.3906,0.3923,Off,0
fix_ownoff,1251,12.7667,0.0000,0.3909,0.0000,0.3906,0.3923,Off,0
fix_ownoff,1252,12.7833,0.0000,0.3915,0.0000,0.3906,0.3923,Off,0
fix_ownoff,1253,12.8000,0.0000,0.3933,0.0000,0.3906,0.3923,Off,0
fix_ownoff,1254,12.8167,0.0000,0.3918,0.0000,0.3906,0.3923,Off,0
fix_ownoff,1255,12.8333,0.0000,0.3908,0.0000,0.3906,0.3923,Off,0
fix_ownoff,1256,12.8500,0.0000,0.3928,0.0000,0.3907,0.3923,Off,0
fix_ownoff,1257,12.8667,0.0000,0.3928,0.0000,0.3907,0.3923,Off,0
fix_ownoff,1258,12.8833,0.0000,0.3908,0.0000,0.3907,0.3923,Off,0
fix_ownoff,1259,12.9000,0.0000,0.3918,0.0000,0.3907,0.3923,Off,0
fix_ownoff,1260,12.9167,0.0000,0.3933,0.0000,0.3907,0.3923,Off,0
fix_ownoff,1261,12.9333,0.0000,0.3915,0.0000,0.3907,0.3923,Off,0
fix_ownoff,1262,12.9500,0.0000,0.3909,0.0000,0.3907,0.3923,Off,0
fix_ownoff,1263,12.9667,0.0000,0.3931,0.0000,0.3907,0.3923,Off,0
fix_ownoff,1264,12.9833,0.0000,0.3925,0.0000,0.3907,0.3923,Off,0
fix_ownoff,1265,13.0000,0.0000,0.3907,0.0000,0.3904,0.3904,Off,0
fix_ownoff,1266,13.0167,0.0000,0.3922,0.0000,0.3904,0.3904,Off,0
fix_ownoff,1267,13.0333,0.0000,0.3932,0.0000,0.3905,0.3905,Off,0
fix_ownoff,1268,13.0500,0.0000,0.3912,0.0000,0.3905,0.3905,Off,0
fix_ownoff,1269,13.0667,0.0000,0.3912,0.0000,0.3905,0.3905,Off,0
fix_ownoff,1270,13.0833,0.0000,0.3932,0.0000,0.3905,0.3905,Off,0
fix_ownoff,1271,13.1000,0.0000,0.3922,0.0000,0.3905,0.3905,Off,0
fix_ownoff,1272,13.1167,0.0000,0.3907,0.0000,0.3905,0.3905,Off,0
fix_ownoff,1273,13.1333,0.0000,0.3925,0.0000,0.3905,0.3905,Off,0
fix_ownoff,1274,13.1500,0.0000,0.3930,0.0000,0.3906,0.3906,Off,0
fix_ownoff,1275,13.1667,0.0000,0.3909,0.0000,0.3906,0.3906,Off,0
fix_ownoff,1276,13.1833,0.0000,0.3915,0.0000,0.3906,0.3906,Off,0
fix_ownoff,1277,13.2000,0.0000,0.3933,0.0000,0.3906,0.3906,Off,0
fix_ownoff,1278,13.2167,0.0000,0.3918,0.0000,0.3906,0.3906,Off,0
fix_ownoff,1279,13.2333,0.0000,0.3908,0.0000,0.3906,0.3906,Off,0
fix_ownoff,1280,13.2500,0.0000,0.3928,0.0000,0.3906,0.3906,Off,0
fix_ownoff,1281,13.2667,0.0000,0.3928,0.0000,0.3906,0.3906,Off,0
fix_ownoff,1282,13.2833,0.0000,0.3908,0.0000,0.3906,0.3906,Off,0
fix_ownoff,1283,13.3000,0.0000,0.3919,0.0000,0.3906,0.3906,Off,0
fix_ownoff,1284,13.3167,0.0000,0.3933,0.0000,0.3907,0.3907,Off,0
fix_ownoff,1285,13.3333,0.0000,0.3915,0.0000,0.3907,0.3907,Off,0
fix_ownoff,1286,13.3500,0.0000,0.3910,0.0000,0.3907,0.3907,Off,0
fix_ownoff,1287,13.3667,0.0000,0.3931,0.0000,0.3907,0.3907,Off,0
fix_ownoff,1288,13.3833,0.0000,0.3925,0.0000,0.3907,0.3907,Off,0
fix_ownoff,1289,13.4000,0.0000,0.3907,0.0000,0.3904,0.3907,Off,0
fix_ownoff,1290,13.4167,0.0000,0.3922,0.0000,0.3904,0.3907,Off,0
fix_ownoff,1291,13.4333,0.0000,0.3932,0.0000,0.3904,0.3907,Off,0
fix_ownoff,1292,13.4500,0.0000,0.3912,0.0000,0.3904,0.3907,Off,0
fix_ownoff,1293,13.4667,0.0000,0.3912,0.0000,0.3904,0.3907,Off,0
fix_ownoff,1294,13.4833,0.0000,0.3932,0.0000,0.3905,0.3907,Off,0
fix_ownoff,1295,13.5000,0.0000,0.3921,0.0000,0.3905,0.3907,Off,0
fix_ownoff,1296,13.5167,0.0000,0.3907,0.0000,0.3905,0.3907,Off,0
fix_ownoff,1297,13.5333,0.0000,0.3925,0.0000,0.3905,0.3907,Off,0
fix_ownoff,1298,13.5500,0.0000,0.3930,0.0000,0.3905,0.3907,Off,0
fix_ownoff,1299,13.5667,0.0000,0.3909,0.0000,0.3905,0.3907,Off,0
fix_ownoff,1300,13.5833,0.0000,0.3915,0.0000,0.3905,0.3907,Off,0
fix_ownoff,1301,13.6000,0.0000,0.3933,0.0000,0.3906,0.3907,Off,0
fix_ownoff,1302,13.6167,0.0000,0.3918,0.0000,0.3906,0.3907,Off,0
fix_ownoff,1303,13.6333,0.0000,0.3908,0.0000,0.3906,0.3907,Off,0
fix_ownoff,1304,13.6500,0.0000,0.3928,0.0000,0.3906,0.3907,Off,0
fix_ownoff,1305,13.6667,0.0000,0.3928,0.0000,0.3906,0.3907,Off,0
fix_ownoff,1306,13.6833,0.0000,0.3908,0.0000,0.3906,0.3907,Off,0
fix_ownoff,1307,13.7000,0.0000,0.3919,0.0000,0.3906,0.3907,Off,0
fix_ownoff,1308,13.7167,0.0000,0.3933,0.0000,0.3906,0.3907,Off,0
fix_ownoff,1309,13.7333,0.0000,0.3914,0.0000,0.3906,0.3907,Off,0
fix_ownoff,1310,13.7500,0.0000,0.3910,0.0000,0.3907,0.3907,Off,0
fix_ownoff,1311,13.7667,0.0000,0.3931,0.0000,0.3907,0.3907,Off,0
fix_ownoff,1312,13.7833,0.0000,0.3925,0.0000,0.3907,0.3907,Off,0
fix_ownoff,1313,13.8000,0.0000,0.3907,0.0000,0.3904,0.3907,Off,0
fix_ownoff,1314,13.8167,0.0000,0.3922,0.0000,0.3904,0.3907,Off,0
fix_ownoff,1315,13.8333,0.0000,0.3932,0.0000,0.3904,0.3907,Off,0
fix_ownoff,1316,13.8500,0.0000,0.3911,0.0000,0.3904,0.3907,Off,0
fix_ownoff,1317,13.8667,0.0000,0.3912,0.0000,0.3904,0.3907,Off,0
fix_ownoff,1318,13.8833,0.0000,0.3933,0.0000,0.3904,0.3907,Off,0
fix_ownoff,1319,13.9000,0.0000,0.3921,0.0000,0.3905,0.3907,Off,0
fix_ownoff,1320,13.9167,0.0000,0.3907,0.0000,0.3905,0.3907,Off,0
fix_ownoff,1321,13.9333,0.0000,0.3926,0.0000,0.3905,0.3907,Off,0
fix_ownoff,1322,13.9500,0.0000,0.3930,0.0000,0.3905,0.3907,Off,0
fix_ownoff,1323,13.9667,0.0000,0.3909,0.0000,0.3905,0.3907,Off,0
fix_ownoff,1324,13.9833,0.0000,0.3916,0.0000,0.3905,0.3905,Off,0
fix_ownoff,1325,14.0000,0.0000,0.3933,0.0000,0.3905,0.3905,Off,0
fix_ownoff,1326,14.0167,0.0000,0.3918,0.0000,0.3905,0.3905,Off,0
fix_ownoff,1327,14.0333,0.0000,0.3908,0.0000,0.3905,0.3905,Off,0
fix_ownoff,1328,14.0500,0.0000,0.3929,0.0000,0.3906,0.3906,Off,0
fix_ownoff,1329,14.0667,0.0000,0.3928,0.0000,0.3906,0.3906,Off,0
fix_ownoff,1330,14.0833,0.0000,0.3907,0.0000,0.3906,0.3906,Off,0
fix_ownoff,1331,14.1000,0.0000,0.3919,0.0000,0.3906,0.3906,Off,0
fix_ownoff,1332,14.1167,0.0000,0.3933,0.0000,0.3906,0.3906,Off,0
fix_ownoff,1333,14.1333,0.0000,0.3914,0.0000,0.3906,0.3906,Off,0
fix_ownoff,1334,14.1500,0.0000,0.3910,0.0000,0.3906,0.3906,Off,0
fix_ownoff,1335,14.1667,0.0000,0.3931,0.0000,0.3906,0.3906,Off,0
fix_ownoff,1336,14.1833,0.0000,0.3924,0.0000,0.3907,0.3907,Off,0
fix_ownoff,1337,14.2000,0.0000,0.3907,0.0000,0.3907,0.3907,Off,0
fix_ownoff,1338,14.2167,0.0000,0.3923,0.0000,0.3907,0.3907,Off,0
fix_ownoff,1339,14.2333,0.0000,0.3932,0.0000,0.3907,0.3907,Off,0
fix_ownoff,1340,14.2500,0.0000,0.3911,0.0000,0.3907,0.3907,Off,0
fix_ownoff,1341,14.2667,0.0000,0.3913,0.0000,0.3907,0.3907,Off,0
fix_ownoff,1342,14.2833,0.0000,0.3933,0.0000,0.3907,0.3907,Off,0
fix_ownoff,1343,14.3000,0.0000,0.3921,0.0000,0.3907,0.3907,Off,0
fix_ownoff,1344,14.3167,0.0000,0.3907,0.0000,0.3904,0.3907,Off,0
fix_ownoff,1345,14.3333,0.0000,0.3926,0.0000,0.3904,0.3907,Off,0
fix_ownoff,1346,14.3500,0.0000,0.3930,0.0000,0.3905,0.3907,Off,0
fix_ownoff,1347,14.3667,0.0000,0.3909,0.0000,0.3905,0.3907,Off,0
fix_ownoff,1348,14.3833,0.0000,0.3916,0.0000,0.3905,0.3907,Off,0
fix_ownoff,1349,14.4000,0.0000,0.3933,0.0000,0.3905,0.3907,Off,0
fix_ownoff,1350,14.4167,0.0000,0.3917,0.0000,0.3905,0.3907,Off,0
fix_ownoff,1351,14.4333,0.0000,0.3908,0.0000,0.3905,0.3907,Off,0
fix_ownoff,1352,14.4500,0.0000,0.3929,0.0000,0.3905,0.3907,Off,0
fix_ownoff,1353,14.4667,0.0000,0.3927,0.0000,0.3905,0.3907,Off,0
fix_ownoff,1354,14.4833,0.0000,0.3907,0.0000,0.3905,0.3907,Off,0
fix_ownoff,1355,14.5000,0.0000,0.3919,0.0000,0.3906,0.3907,Off,0
fix_ownoff,1356,14.5167,0.0000,0.3933,0.0000,0.3906,0.3907,Off,0
fix_ownoff,1357,14.5333,0.0000,0.3914,0.0000,0.3906,0.3907,Off,0
fix_ownoff,1358,14.5500,0.0000,0.3910,0.0000,0.3906,0.3907,Off,0
fix_ownoff,1359,14.5667,0.0000,0.3931,0.0000,0.3906,0.3907,Off,0
fix_ownoff,1360,14.5833,0.0000,0.3924,0.0000,0.3906,0.3907,Off,0
fix_ownoff,1361,14.6000,0.0000,0.3907,0.0000,0.3906,0.3907,Off,0
fix_ownoff,1362,14.6167,0.0000,0.3923,0.0000,0.3906,0.3907,Off,0
fix_ownoff,1363,14.6333,0.0000,0.3932,0.0000,0.3907,0.3907,Off,0
fix_ownoff,1364,14.6500,0.0000,0.3911,0.0000,0.3907,0.3907,Off,0
fix_ownoff,1365,14.6667,0.0000,0.3913,0.0000,0.3907,0.3907,Off,0
fix_ownoff,1366,14.6833,0.0000,0.3933,0.0000,0.3907,0.3907,Off,0
fix_ownoff,1367,14.7000,0.0000,0.3921,0.0000,0.3907,0.3907,Off,0
fix_ownoff,1368,14.7167,0.0000,0.3907,0.0000,0.3904,0.3907,Off,0
fix_ownoff,1369,14.7333,0.0000,0.3926,0.0000,0.3904,0.3907,Off,0
fix_ownoff,1370,14.7500,0.0000,0.3930,0.0000,0.3904,0.3907,Off,0
fix_ownoff,1371,14.7667,0.0000,0.3909,0.0000,0.3904,0.3907,Off,0
fix_ownoff,1372,14.7833,0.0000,0.3916,0.0000,0.3904,0.3907,Off,0
fix_ownoff,1373,14.8000,0.0000,0.3933,0.0000,0.3905,0.3907,Off,0
fix_ownoff,1374,14.8167,0.0000,0.3917,0.0000,0.3905,0.3907,Off,0
fix_ownoff,1375,14.8333,0.0000,0.3908,0.0000,0.3905,0.3907,Off,0
fix_ownoff,1376,14.8500,0.0000,0.3929,0.0000,0.3905,0.3907,Off,0
fix_ownoff,1377,14.8667,0.0000,0.3927,0.0000,0.3905,0.3907,Off,0
fix_ownoff,1378,14.8833,0.0000,0.3907,0.0000,0.3905,0.3907,Off,0
fix_ownoff,1379,14.9000,0.0000,0.3919,0.0000,0.3905,0.3905,Off,0
fix_ownoff,1380,14.9167,0.0000,0.3933,0.0000,0.3906,0.3906,Off,0
fix_ownoff,1381,14.9333,0.0000,0.3914,0.0000,0.3906,0.3906,Off,0
fix_ownoff,1382,14.9500,0.0000,0.3910,0.0000,0.3906,0.3906,Off,0
fix_ownoff,1383,14.9667,0.0000,0.3931,0.0000,0.3906,0.3906,Off,0
fix_ownoff,1384,14.9833,0.0000,0.3924,0.0000,0.3906,0.3906,Off,0
fix_ownoff,1385,15.0000,0.0000,0.3907,0.0000,0.3906,0.3906,Off,0
fix_ownoff,1386,15.0167,0.0000,0.3923,0.0000,0.3906,0.3906,Off,0
fix_ownoff,1387,15.0333,0.0000,0.3932,0.0000,0.3906,0.3906,Off,0
fix_ownoff,1388,15.0500,0.0000,0.3911,0.0000,0.3906,0.3906,Off,0
fix_ownoff,1389,15.0667,0.0000,0.3913,0.0000,0.3906,0.3906,Off,0
fix_ownoff,1390,15.0833,0.0000,0.3933,0.0000,0.3907,0.3907,Off,0
fix_ownoff,1391,15.1000,0.0000,0.3920,0.0000,0.3907,0.3907,Off,0
fix_relight,1392,0.0167,0.9759,1.0000,0.0454,0.3957,0.3957,Off,0
fix_relight,1393,0.0333,1.0000,1.0000,0.0898,0.4007,0.4007,Off,0
fix_relight,1394,0.0500,0.9737,1.0000,0.1309,0.4057,0.4057,Off,0
fix_relight,1395,0.0667,0.9633,1.0000,0.1696,0.4107,0.4078,Off,0
fix_relight,1396,0.0833,0.9950,1.0000,0.2080,0.4155,0.4078,Off,0
fix_relight,1397,0.1000,0.9889,1.0000,0.2443,0.4204,0.4078,Off,0
fix_relight,1398,0.1167,0.9604,1.0000,0.2776,0.4252,0.4078,Off,0
fix_relight,1399,0.1333,0.9812,1.0000,0.3103,0.4300,0.4078,Off,0
fix_relight,1400,0.1500,0.9990,1.0000,0.3423,0.4347,0.4078,Off,0
fix_relight,1401,0.1667,0.9689,1.0000,0.3715,0.4394,0.4078,Off,0
fix_relight,1402,0.1833,0.9668,1.0000,0.3992,0.4440,0.4078,Off,0
fix_relight,1403,0.2000,0.9979,1.0000,0.4270,0.4487,0.4078,Off,0
fix_relight,1404,0.2167,0.9839,1.0000,0.4529,0.4532,0.4078,Off,0
fix_relight,1405,0.2333,0.9600,1.0000,0.4765,0.4578,0.4078,Off,0
fix_relight,1406,0.2500,0.9865,1.0000,0.5002,0.4623,0.4078,Off,0
fix_relight,1407,0.2667,0.9966,1.0000,0.5233,0.4667,0.4078,Off,0
fix_relight,1408,0.2833,0.9649,1.0000,0.5438,0.4712,0.4078,Off,0
fix_relight,1409,0.3000,0.9712,1.0000,0.5637,0.4756,0.4078,Off,0
fix_relight,1410,0.3167,0.9996,1.0000,0.5840,0.4799,0.4078,Off,0
fix_relight,1411,0.3333,0.9786,1.0000,0.6023,0.4842,0.4078,Off,0
fix_relight,1412,0.3500,0.9611,1.0000,0.6190,0.4885,0.4078,Off,0
fix_relight,1413,0.3667,0.9912,1.0000,0.6363,0.4927,0.4078,Off,0
fix_relight,1414,0.3833,0.9931,1.0000,0.6529,0.4970,0.4078,Off,0
fix_relight,1415,0.4000,0.9620,1.0000,0.6673,0.5011,0.4078,Off,0
fix_relight,1416,0.4167,0.9763,1.0000,0.6816,0.5053,0.4078,Off,0
fix_relight,1417,0.4333,0.9999,1.0000,0.6964,0.5094,0.4078,Off,0
fix_relight,1418,0.4500,0.9734,1.0000,0.7093,0.5134,0.4078,Off,0
fix_relight,1419,0.4667,0.9635,1.0000,0.7211,0.5175,0.4078,Off,0
fix_relight,1420,0.4833,0.9952,1.0000,0.7339,0.5215,0.4078,Off,0
fix_relight,1421,0.5000,0.9886,1.0000,0.7457,0.5255,0.4078,Off,0
fix_relight,1422,0.5167,0.9603,1.0000,0.7557,0.5294,0.4078,Off,0
fix_relight,1423,0.5333,0.9816,1.0000,0.7662,0.5333,0.4078,Off,0
fix_relight,1424,0.5500,0.9988,1.0000,0.7770,0.5372,0.4078,Off,0
fix_relight,1425,0.5667,0.9686,1.0000,0.7859,0.5410,0.4078,Steady,0
fix_relight,1426,0.5833,0.9671,1.0000,0.7944,0.5448,0.4078,Steady,0
fix_relight,1427,0.6000,0.9981,1.0000,0.8038,0.5486,0.4078,Steady,0
fix_relight,1428,0.6167,0.9836,1.0000,0.8122,0.5523,0.4078,Steady,0
fix_relight,1429,0.6333,0.9601,1.0000,0.8191,0.5561,0.4078,Steady,0
fix_relight,1430,0.6500,0.9868,1.0000,0.8269,0.5597,0.4078,Steady,0
fix_relight,1431,0.6667,0.9964,1.0000,0.8348,0.5634,0.3745,Steady,0
fix_relight,1432,0.6833,0.9647,1.0000,0.8408,0.5670,0.3411,Steady,0
fix_relight,1433,0.7000,0.9715,1.0000,0.8469,0.5706,0.3078,Steady,0
fix_relight,1434,0.7167,0.9997,1.0000,0.8540,0.5742,0.2745,Steady,0
fix_relight,1435,0.7333,0.9782,1.0000,0.8598,0.5777,0.2411,Steady,0
fix_relight,1436,0.7500,0.9612,1.0000,0.8645,0.5812,0.2078,Steady,0
fix_relight,1437,0.7667,0.9915,1.0000,0.8704,0.5847,0.1745,Steady,0
fix_relight,1438,0.7833,0.9928,1.0000,0.8761,0.5881,0.1411,Steady,0
fix_relight,1439,0.8000,0.9618,1.0000,0.8801,0.5916,0.1078,Steady,0
fix_relight,1440,0.8167,0.9766,1.0000,0.8846,0.5949,0.0745,Steady,0
fix_relight,1441,0.8333,0.9999,1.0000,0.8899,0.5983,0.0411,Steady,0
fix_relight,1442,0.8500,0.9730,1.0000,0.8938,0.6016,0.0078,Steady,0
fix_relight,1443,0.8667,0.9637,1.0000,0.8970,0.6049,0.0000,Steady,0
fix_relight,1444,0.8833,0.9954,1.0000,0.9016,0.6082,0.0000,Steady,0
fix_relight,1445,0.9000,0.9883,1.0000,0.9056,0.6115,0.0000,Steady,0
fix_relight,1446,0.9167,0.9603,1.0000,0.9082,0.6147,0.0000,Steady,0
fix_relight,1447,0.9333,0.9819,1.0000,0.9116,0.6179,0.0000,Steady,0
fix_relight,1448,0.9500,0.9987,1.0000,0.9157,0.6211,0.0000,Steady,0
fix_relight,1449,0.9667,0.9684,1.0000,0.9181,0.6242,0.0000,Steady,0
fix_relight,1450,0.9833,0.9673,1.0000,0.9204,0.6273,0.0000,Steady,0
fix_relight,1451,1.0000,0.9982,1.0000,0.9240,0.6304,0.0000,Steady,0
fix_relight,1452,1.0167,0.9832,1.0000,0.9268,0.6335,0.0000,Steady,0
fix_relight,1453,1.0333,0.9601,1.0000,0.9283,0.6365,0.0000,Steady,0
fix_relight,1454,1.0500,0.9871,1.0000,0.9311,0.6396,0.0000,Steady,0
fix_relight,1455,1.0667,0.9962,1.0000,0.9341,0.6425,0.0000,Steady,0
fix_relight,1456,1.0833,0.9645,1.0000,0.9355,0.6455,0.0000,Steady,0
fix_relight,1457,1.1000,0.9718,1.0000,0.9372,0.6485,0.0000,Steady,0
fix_relight,1458,1.1167,0.9998,1.0000,0.9401,0.6514,0.0000,Steady,0
fix_relight,1459,1.1333,0.9779,1.0000,0.9419,0.6543,0.0000,Steady,0
fix_relight,1460,1.1500,0.9613,1.0000,0.9428,0.6571,0.0000,Steady,0
fix_relight,1461,1.1667,0.9918,1.0000,0.9450,0.6600,0.0000,Steady,0
fix_relight,1462,1.1833,0.9925,1.0000,0.9473,0.6628,0.0000,Steady,0
fix_relight,1463,1.2000,0.9617,1.0000,0.9479,0.6656,0.0000,Steady,0
fix_relight,1464,1.2167,0.9769,1.0000,0.9493,0.6684,0.0000,Steady,0
fix_relight,1465,1.2333,0.9999,1.0000,0.9516,0.6711,0.0000,Steady,0
fix_relight,1466,1.2500,0.9727,1.0000,0.9526,0.6739,0.0000,Steady,0
fix_relight,1467,1.2667,0.9639,1.0000,0.9531,0.6766,0.0000,Steady,0
fix_relight,1468,1.2833,0.9956,1.0000,0.9551,0.6792,0.0000,Steady,0
fix_relight,1469,1.3000,0.9880,1.0000,0.9566,0.6819,0.0000,Steady,0
fix_relight,1470,1.3167,0.9602,1.0000,0.9568,0.6845,0.0000,Steady,0
fix_relight,1471,1.3333,0.9823,1.0000,0.9580,0.6872,0.0000,Steady,0
fix_relight,1472,1.3500,0.9986,1.0000,0.9599,0.6898,0.0000,Steady,0
fix_relight,1473,1.3667,0.9681,1.0000,0.9603,0.6923,0.0000,Steady,0
fix_relight,1474,1.3833,0.9676,1.0000,0.9606,0.6949,0.0000,Steady,0
fix_relight,1475,1.4000,0.9984,1.0000,0.9624,0.6974,0.0000,Steady,0
fix_relight,1476,1.4167,0.9829,1.0000,0.9633,0.6999,0.0000,Steady,0
fix_relight,1477,1.4333,0.9601,1.0000,0.9632,0.7024,0.0000,Steady,0
fix_relight,1478,1.4500,0.9874,1.0000,0.9643,0.7049,0.0000,Steady,0
fix_relight,1479,1.4667,0.9960,1.0000,0.9658,0.7073,0.0000,Steady,0
fix_relight,1480,1.4833,0.9643,1.0000,0.9657,0.7098,0.0000,Steady,0
fix_relight,1481,1.5000,0.9722,1.0000,0.9660,0.7122,0.0000,Steady,0
fix_relight,1482,1.5167,0.9998,1.0000,0.9676,0.7146,0.0000,Steady,0
fix_relight,1483,1.5333,0.9776,1.0000,0.9680,0.7169,0.0000,Steady,0
fix_relight,1484,1.5500,0.9615,1.0000,0.9677,0.7193,0.0000,Steady,0
fix_relight,1485,1.5667,0.9921,1.0000,0.9689,0.7216,0.0000,Steady,0
fix_relight,1486,1.5833,0.9923,1.0000,0.9700,0.7239,0.0000,Steady,0
fix_relight,1487,1.6000,0.9616,1.0000,0.9696,0.7262,0.0000,Steady,0
fix_relight,1488,1.6167,0.9773,1.0000,0.9699,0.7285,0.0000,Steady,0
fix_relight,1489,1.6333,0.9998,1.0000,0.9713,0.7307,0.0000,Steady,0
fix_relight,1490,1.6500,0.9724,1.0000,0.9714,0.7330,0.0000,Steady,0
fix_relight,1491,1.6667,0.9641,1.0000,0.9710,0.7352,0.0000,Steady,0
fix_relight,1492,1.6833,0.9958,1.0000,0.9722,0.7374,0.0000,Steady,0
fix_relight,1493,1.7000,0.9877,1.0000,0.9729,0.7396,0.0000,Steady,0
fix_relight,1494,1.7167,0.9602,1.0000,0.9723,0.7417,0.0000,Steady,0
fix_relight,1495,1.7333,0.9826,1.0000,0.9728,0.7439,0.0000,Steady,0
fix_relight,1496,1.7500,0.9985,1.0000,0.9740,0.7460,0.0000,Steady,0
fix_relight,1497,1.7667,0.9678,1.0000,0.9737,0.7481,0.0000,Steady,0
fix_relight,1498,1.7833,0.9679,1.0000,0.9734,0.7502,0.0000,Steady,0
fix_relight,1499,1.8000,0.9985,1.0000,0.9746,0.7523,0.0000,Steady,0
fix_relight,1500,1.8167,0.9825,1.0000,0.9750,0.7543,0.0000,Steady,0
fix_relight,1501,1.8333,0.9602,1.0000,0.9743,0.7564,0.0000,Steady,0
fix_relight,1502,1.8500,0.9877,1.0000,0.9749,0.7584,0.0000,Steady,0
fix_relight,1503,1.8667,0.9958,1.0000,0.9759,0.7604,0.0000,Steady,0
fix_relight,1504,1.8833,0.9641,1.0000,0.9753,0.7624,0.0000,Steady,0
fix_relight,1505,1.9000,0.9725,1.0000,0.9752,0.7644,0.0000,Steady,0
fix_relight,1506,1.9167,0.9998,1.0000,0.9763,0.7663,0.0000,Steady,0
fix_relight,1507,1.9333,0.9772,1.0000,0.9764,0.7682,0.0000,Steady,0
fix_relight,1508,1.9500,0.9616,1.0000,0.9757,0.7702,0.0000,Steady,0
fix_relight,1509,1.9667,0.9923,1.0000,0.9765,0.7721,0.0000,Steady,0
fix_relight,1510,1.9833,0.9920,1.0000,0.9772,0.7740,0.0000,Steady,0
fix_relight,1511,2.0000,0.9614,1.0000,0.9765,0.7758,0.0000,Steady,0
fix_relight,1512,2.0167,0.9776,1.0000,0.9765,0.7777,0.0000,Steady,0
fix_relight,1513,2.0333,0.9998,1.0000,0.9776,0.7795,0.0000,Steady,0
fix_relight,1514,2.0500,0.9721,1.0000,0.9773,0.7814,0.0000,Steady,0
fix_relight,1515,2.0667,0.9643,1.0000,0.9767,0.7832,0.0000,Steady,0
fix_relight,1516,2.0833,0.9960,1.0000,0.9776,0.7850,0.0000,Steady,0
fix_relight,1517,2.1000,0.9874,1.0000,0.9781,0.7868,0.0000,Steady,0
fix_relight,1518,2.1167,0.9601,1.0000,0.9772,0.7885,0.0000,Steady,0
fix_relight,1519,2.1333,0.9829,1.0000,0.9775,0.7903,0.0000,Steady,0
fix_relight,1520,2.1500,0.9983,1.0000,0.9785,0.7920,0.0000,Steady,0
fix_relight,1521,2.1667,0.9675,1.0000,0.9780,0.7938,0.0000,Steady,0
fix_relight,1522,2.1833,0.9681,1.0000,0.9775,0.7955,0.0000,Steady,0
fix_relight,1523,2.2000,0.9986,1.0000,0.9785,0.7972,0.0000,Steady,0
fix_relight,1524,2.2167,0.9822,1.0000,0.9787,0.7989,0.0000,Steady,0
fix_relight,1525,2.2333,0.9602,1.0000,0.9778,0.8005,0.0000,Steady,0
fix_relight,1526,2.2500,0.9881,1.0000,0.9783,0.8022,0.0000,Steady,0
fix_relight,1527,2.2667,0.9956,1.0000,0.9791,0.8038,0.0000,Steady,0
fix_relight,1528,2.2833,0.9639,1.0000,0.9784,0.8055,0.0000,Steady,0
fix_relight,1529,2.3000,0.9728,1.0000,0.9781,0.8071,0.0000,Steady,0
fix_relight,1530,2.3167,0.9999,1.0000,0.9791,0.8087,0.0000,Steady,0
fix_relight,1531,2.3333,0.9769,1.0000,0.9790,0.8103,0.0000,Steady,0
fix_relight,1532,2.3500,0.9617,1.0000,0.9782,0.8118,0.0000,Steady,0
fix_relight,1533,2.3667,0.9926,1.0000,0.9789,0.8134,0.0000,Steady,0
fix_relight,1534,2.3833,0.9917,1.0000,0.9795,0.8149,0.0000,Steady,0
fix_relight,1535,2.4000,0.9613,1.0000,0.9786,0.8165,0.0000,Steady,0
fix_relight,1536,2.4167,0.9780,1.0000,0.9786,0.8180,0.0000,Steady,0
fix_relight,1537,2.4333,0.9997,1.0000,0.9796,0.8195,0.0000,Steady,0
fix_relight,1538,2.4500,0.9718,1.0000,0.9792,0.8210,0.0000,Steady,0
fix_relight,1539,2.4667,0.9645,1.0000,0.9785,0.8225,0.0000,Steady,0
fix_relight,1540,2.4833,0.9962,1.0000,0.9794,0.8240,0.0000,Steady,0
fix_relight,1541,2.5000,0.9871,1.0000,0.9797,0.8254,0.0000,Steady,0
fix_relight,1542,2.5167,0.9601,1.0000,0.9788,0.8269,0.0000,Steady,0
fix_relight,1543,2.5333,0.9833,1.0000,0.9790,0.8283,0.0000,Steady,0
fix_relight,1544,2.5500,0.9982,1.0000,0.9799,0.8297,0.0000,Steady,0
fix_relight,1545,2.5667,0.9673,1.0000,0.9793,0.8311,0.0000,Steady,0
fix_relight,1546,2.5833,0.9684,1.0000,0.9788,0.8326,0.0000,Steady,0
fix_relight,1547,2.6000,0.9987,1.0000,0.9797,0.8339,0.0000,Steady,0
fix_relight,1548,2.6167,0.9819,1.0000,0.9798,0.8353,0.0000,Steady,0
fix_relight,1549,2.6333,0.9603,1.0000,0.9789,0.8367,0.0000,Steady,0
fix_relight,1550,2.6500,0.9884,1.0000,0.9794,0.8380,0.0000,Steady,0
fix_relight,1551,2.6667,0.9954,1.0000,0.9801,0.8394,0.0000,Steady,0
fix_relight,1552,2.6833,0.9637,1.0000,0.9794,0.8407,0.0000,Steady,0
fix_relight,1553,2.7000,0.9731,1.0000,0.9791,0.8420,0.0000,Steady,0
fix_relight,1554,2.7167,0.9999,1.0000,0.9800,0.8433,0.0000,Steady,0
fix_relight,1555,2.7333,0.9766,1.0000,0.9799,0.8446,0.0000,Steady,0
fix_relight,1556,2.7500,0.9619,1.0000,0.9790,0.8459,0.0000,Steady,0
fix_relight,1557,2.7667,0.9929,1.0000,0.9797,0.8472,0.0000,Steady,0
fix_relight,1558,2.7833,0.9915,1.0000,0.9802,0.8485,0.0000,Steady,0
fix_relight,1559,2.8000,0.9612,1.0000,0.9793,0.8497,0.0000,Steady,0
fix_relight,1560,2.8167,0.9783,1.0000,0.9793,0.8510,0.0000,Steady,0
fix_relight,1561,2.8333,0.9997,1.0000,0.9802,0.8522,0.0000,Steady,0
fix_relight,1562,2.8500,0.9715,1.0000,0.9798,0.8535,0.0000,Steady,0
fix_relight,1563,2.8667,0.9647,1.0000,0.9791,0.8547,0.0000,Steady,0
fix_relight,1564,2.8833,0.9964,1.0000,0.9799,0.8559,0.0000,Steady,0
fix_relight,1565,2.9000,0.9867,1.0000,0.9803,0.8571,0.0000,Steady,0
fix_relight,1566,2.9167,0.9601,1.0000,0.9793,0.8583,0.0000,Steady,0
fix_relight,1567,2.9333,0.9836,1.0000,0.9795,0.8594,0.0000,Steady,0
fix_relight,1568,2.9500,0.9981,1.0000,0.9804,0.8606,0.0000,Steady,0
fix_relight,1569,2.9667,0.9670,1.0000,0.9798,0.8618,0.0000,Steady,0
fix_relight,1570,2.9833,0.9687,1.0000,0.9792,0.8629,0.0000,Steady,0
fix_relight,1571,3.0000,0.9989,1.0000,0.9802,0.8640,0.0000,Steady,0
fix_relight,1572,3.0167,0.9815,1.0000,0.9802,0.8652,0.0000,Steady,0
fix_relight,1573,3.0333,0.9603,1.0000,0.9793,0.8663,0.0000,Steady,0
fix_relight,1574,3.0500,0.9887,1.0000,0.9797,0.8674,0.0000,Steady,0
fix_relight,1575,3.0667,0.9952,1.0000,0.9804,0.8685,0.0000,Steady,0
fix_relight,1576,3.0833,0.9635,1.0000,0.9797,0.8696,0.0000,Steady,0
fix_relight,1577,3.1000,0.9734,1.0000,0.9794,0.8707,0.0000,Steady,0
fix_relight,1578,3.1167,0.9999,1.0000,0.9803,0.8717,0.0000,Steady,0
fix_relight,1579,3.1333,0.9762,1.0000,0.9801,0.8728,0.0000,Steady,0
fix_relight,1580,3.1500,0.9620,1.0000,0.9793,0.8739,0.0000,Steady,0
fix_relight,1581,3.1667,0.9931,1.0000,0.9799,0.8749,0.0000,Steady,0
fix_relight,1582,3.1833,0.9912,1.0000,0.9805,0.8760,0.0000,Steady,0
fix_relight,1583,3.2000,0.9611,1.0000,0.9796,0.8770,0.0000,Steady,0
fix_relight,1584,3.2167,0.9786,1.0000,0.9795,0.8780,0.0000,Steady,0
fix_relight,1585,3.2333,0.9996,1.0000,0.9804,0.8790,0.0000,Steady,0
fix_relight,1586,3.2500,0.9712,1.0000,0.9800,0.8800,0.0000,Steady,0
fix_relight,1587,3.2667,0.9650,1.0000,0.9793,0.8810,0.0000,Steady,0
fix_relight,1588,3.2833,0.9966,1.0000,0.9801,0.8820,0.0000,Steady,0
fix_relight,1589,3.3000,0.9864,1.0000,0.9804,0.8830,0.0000,Steady,0
fix_relight,1590,3.3167,0.9600,1.0000,0.9795,0.8840,0.0000,Steady,0
fix_relight,1591,3.3333,0.9839,1.0000,0.9797,0.8849,0.0000,Steady,0
fix_relight,1592,3.3500,0.9979,1.0000,0.9805,0.8859,0.0000,Steady,0
fix_relight,1593,3.3667,0.9668,1.0000,0.9799,0.8868,0.0000,Steady,0
fix_relight,1594,3.3833,0.9690,1.0000,0.9794,0.8878,0.0000,Steady,0
fix_relight,1595,3.4000,0.9990,1.0000,0.9803,0.8887,0.0000,Steady,0
fix_relight,1596,3.4167,0.9812,1.0000,0.9803,0.8896,0.0000,Steady,0
fix_relight,1597,3.4333,0.9604,1.0000,0.9794,0.8905,0.0000,Steady,0
fix_relight,1598,3.4500,0.9890,1.0000,0.9798,0.8914,0.0000,Steady,0
fix_relight,1599,3.4667,0.9949,1.0000,0.9805,0.8923,0.0000,Steady,0
fix_relight,1600,3.4833,0.9633,1.0000,0.9797,0.8932,0.0000,Steady,0
fix_relight,1601,3.5000,0.9737,1.0000,0.9795,0.8941,0.0000,Steady,0
fix_relight,1602,3.5167,1.0000,1.0000,0.9804,0.8950,0.0000,Steady,0
fix_relight,1603,3.5333,0.9759,1.0000,0.9802,0.8959,0.0000,Steady,0
fix_relight,1604,3.5500,0.9622,1.0000,0.9794,0.8967,0.0000,Steady,0
fix_relight,1605,3.5667,0.9934,1.0000,0.9800,0.8976,0.0000,Steady,0
fix_relight,1606,3.5833,0.9909,1.0000,0.9805,0.8984,0.0000,Steady,0
fix_relight,1607,3.6000,0.9610,1.0000,0.9796,0.8993,0.0000,Steady,0
fix_relight,1608,3.6167,0.9790,1.0000,0.9796,0.9001,0.0000,Steady,0
fix_relight,1609,3.6333,0.9996,1.0000,0.9805,0.9009,0.0000,Steady,0
fix_relight,1610,3.6500,0.9709,1.0000,0.9801,0.9018,0.0000,Steady,0
fix_relight,1611,3.6667,0.9652,1.0000,0.9794,0.9026,0.0000,Steady,0
fix_relight,1612,3.6833,0.9968,1.0000,0.9802,0.9034,0.0000,Steady,0
fix_relight,1613,3.7000,0.9861,1.0000,0.9805,0.9042,0.0000,Steady,0
fix_relight,1614,3.7167,0.9600,1.0000,0.9795,0.9050,0.0000,Steady,0
fix_relight,1615,3.7333,0.9843,1.0000,0.9797,0.9058,0.0000,Steady,0
fix_relight,1616,3.7500,0.9978,1.0000,0.9806,0.9066,0.0000,Steady,0
fix_relight,1617,3.7667,0.9665,1.0000,0.9799,0.9073,0.0000,Steady,0
fix_relight,1618,3.7833,0.9692,1.0000,0.9794,0.9081,0.0000,Steady,0
fix_relight,1619,3.8000,0.9991,1.0000,0.9803,0.9089,0.0000,Steady,0
fix_relight,1620,3.8167,0.9809,1.0000,0.9804,0.9096,0.0000,Steady,0
fix_relight,1621,3.8333,0.9605,1.0000,0.9794,0.9104,0.0000,Steady,0
fix_relight,1622,3.8500,0.9893,1.0000,0.9799,0.9111,0.0000,Steady,0
fix_relight,1623,3.8667,0.9947,1.0000,0.9806,0.9119,0.0000,Steady,0
fix_relight,1624,3.8833,0.9631,1.0000,0.9798,0.9126,0.0000,Steady,0
fix_relight,1625,3.9000,0.9741,1.0000,0.9795,0.9133,0.0000,Steady,0
fix_relight,1626,3.9167,1.0000,1.0000,0.9805,0.9140,0.0000,Steady,0
fix_relight,1627,3.9333,0.9756,1.0000,0.9802,0.9147,0.0000,Steady,0
fix_relight,1628,3.9500,0.9623,1.0000,0.9794,0.9154,0.0000,Steady,0
fix_relight,1629,3.9667,0.9936,1.0000,0.9801,0.9162,0.0000,Steady,0
fix_relight,1630,3.9833,0.9906,1.0000,0.9805,0.9168,0.0000,Steady,0
fix_relight,1631,4.0000,0.9609,1.0000,0.9796,0.9175,0.0000,Steady,0
fix_relight,1632,4.0167,0.9793,1.0000,0.9796,0.9182,0.0000,Steady,0
fix_relight,1633,4.0333,0.9995,1.0000,0.9805,0.9189,0.0000,Steady,0
fix_relight,1634,4.0500,0.9706,1.0000,0.9801,0.9196,0.0000,Steady,0
fix_relight,1635,4.0667,0.9654,1.0000,0.9794,0.9202,0.0000,Steady,0
fix_relight,1636,4.0833,0.9970,1.0000,0.9802,0.9209,0.0000,Steady,0
fix_relight,1637,4.1000,0.9858,1.0000,0.9805,0.9216,0.0000,Steady,0
fix_relight,1638,4.1167,0.9600,1.0000,0.9795,0.9222,0.0000,Steady,0
fix_relight,1639,4.1333,0.9846,1.0000,0.9798,0.9229,0.0000,Steady,0
fix_relight,1640,4.1500,0.9976,1.0000,0.9806,0.9235,0.0000,Steady,0
fix_relight,1641,4.1667,0.9663,1.0000,0.9799,0.9241,0.0000,Steady,0
fix_relight,1642,4.1833,0.9695,1.0000,0.9794,0.9248,0.0000,Steady,0
fix_relight,1643,4.2000,0.9992,1.0000,0.9804,0.9254,0.0000,Steady,0
fix_relight,1644,4.2167,0.9805,1.0000,0.9804,0.9260,0.0000,Steady,0
fix_relight,1645,4.2333,0.9606,1.0000,0.9794,0.9266,0.0000,Steady,0
fix_relight,1646,4.2500,0.9896,1.0000,0.9799,0.9272,0.0000,Steady,0
fix_relight,1647,4.2667,0.9945,1.0000,0.9806,0.9278,0.0000,Steady,0
fix_relight,1648,4.2833,0.9629,1.0000,0.9798,0.9284,0.0000,Steady,0
fix_relight,1649,4.3000,0.9744,1.0000,0.9795,0.9290,0.0000,Steady,0
fix_relight,1650,4.3167,1.0000,1.0000,0.9805,0.9296,0.0000,Steady,0
fix_relight,1651,4.3333,0.9752,1.0000,0.9802,0.9302,0.0000,Steady,0
fix_relight,1652,4.3500,0.9625,1.0000,0.9794,0.9308,0.0000,Steady,0
fix_relight,1653,4.3667,0.9939,1.0000,0.9801,0.9314,0.0000,Steady,0
fix_relight,1654,4.3833,0.9903,1.0000,0.9806,0.9319,0.0000,Steady,0
fix_relight,1655,4.4000,0.9608,1.0000,0.9796,0.9325,0.0000,Steady,0
fix_relight,1656,4.4167,0.9797,1.0000,0.9796,0.9330,0.0000,Steady,0
fix_relight,1657,4.4333,0.9994,1.0000,0.9806,0.9336,0.0000,Steady,0
fix_relight,1658,4.4500,0.9703,1.0000,0.9801,0.9342,0.0000,Steady,0
fix_relight,1659,4.4667,0.9657,1.0000,0.9794,0.9347,0.0000,Steady,0
fix_relight,1660,4.4833,0.9972,1.0000,0.9802,0.9352,0.0000,Steady,0
fix_relight,1661,4.5000,0.9854,1.0000,0.9805,0.9358,0.0000,Steady,0
fix_relight,1662,4.5167,0.9600,1.0000,0.9795,0.9363,0.0000,Steady,0
fix_relight,1663,4.5333,0.9849,1.0000,0.9798,0.9368,0.0000,Steady,0
fix_relight,1664,4.5500,0.9974,1.0000,0.9806,0.9374,0.0000,Steady,0
fix_relight,1665,4.5667,0.9660,1.0000,0.9799,0.9379,0.0000,Steady,0
fix_relight,1666,4.5833,0.9698,1.0000,0.9794,0.9384,0.0000,Steady,0
fix_relight,1667,4.6000,0.9993,1.0000,0.9804,0.9389,0.0000,Steady,0
fix_relight,1668,4.6167,0.9802,1.0000,0.9804,0.9394,0.0000,Steady,0
fix_relight,1669,4.6333,0.9606,1.0000,0.9794,0.9399,0.0000,Steady,0
fix_relight,1670,4.6500,0.9899,1.0000,0.9799,0.9404,0.0000,Steady,0
fix_relight,1671,4.6667,0.9942,1.0000,0.9806,0.9409,0.0000,Steady,0
fix_relight,1672,4.6833,0.9627,1.0000,0.9798,0.9414,0.0000,Steady,0
fix_relight,1673,4.7000,0.9747,1.0000,0.9795,0.9419,0.0000,Steady,0
fix_relight,1674,4.7167,1.0000,1.0000,0.9805,0.9424,0.0000,Steady,0
fix_relight,1675,4.7333,0.9749,1.0000,0.9802,0.9428,0.0000,Steady,0
fix_relight,1676,4.7500,0.9627,1.0000,0.9794,0.9433,0.0000,Steady,0
fix_relight,1677,4.7667,0.9941,1.0000,0.9801,0.9438,0.0000,Steady,0
fix_relight,1678,4.7833,0.9900,1.0000,0.9805,0.9443,0.0000,Steady,0
fix_relight,1679,4.8000,0.9607,1.0000,0.9796,0.9447,0.0000,Steady,0
fix_relight,1680,4.8167,0.9800,1.0000,0.9796,0.9452,0.0000,Steady,0
fix_relight,1681,4.8333,0.9993,1.0000,0.9806,0.9456,0.0000,Steady,0
fix_relight,1682,4.8500,0.9700,1.0000,0.9801,0.9461,0.0000,Steady,0
fix_relight,1683,4.8667,0.9659,1.0000,0.9794,0.9465,0.0000,Steady,0
fix_relight,1684,4.8833,0.9973,1.0000,0.9802,0.9470,0.0000,Steady,0
fix_relight,1685,4.9000,0.9851,1.0000,0.9805,0.9474,0.0000,Steady,0
fix_relight,1686,4.9167,0.9600,1.0000,0.9795,0.9479,0.0000,Steady,0
fix_relight,1687,4.9333,0.9853,1.0000,0.9798,0.9483,0.0000,Steady,0
fix_relight,1688,4.9500,0.9973,1.0000,0.9806,0.9487,0.0000,Steady,0
fix_relight,1689,4.9667,0.9658,1.0000,0.9799,0.9491,0.0000,Steady,0
fix_relight,1690,4.9833,0.9701,1.0000,0.9795,0.9496,0.0000,Steady,0
fix_relight,1691,5.0000,0.9994,1.0000,0.9804,0.9500,0.0000,Steady,0
fix_failing_calm,1692,0.0167,0.5629,0.9561,0.9735,0.9500,0.0000,Steady,1
fix_failing_calm,1693,0.0333,0.5614,0.9525,0.9667,0.9501,0.0000,Steady,1
fix_failing_calm,1694,0.0500,0.5597,0.9509,0.9599,0.9501,0.0000,Steady,1
fix_failing_calm,1695,0.0667,0.5577,0.9510,0.9533,0.9501,0.0000,Steady,1
fix_failing_calm,1696,0.0833,0.5556,0.9477,0.9467,0.9482,0.0000,Steady,1
fix_failing_calm,1697,0.1000,0.5533,0.9440,0.9402,0.9463,0.0000,Steady,1
fix_failing_calm,1698,0.1167,0.5508,0.9434,0.9338,0.9445,0.0000,Steady,1
fix_failing_calm,1699,0.1333,0.5482,0.9412,0.9274,0.9426,0.0000,Steady,1
fix_failing_calm,1700,0.1500,0.5454,0.9362,0.9211,0.9408,0.0000,Steady,1
fix_failing_calm,1701,0.1667,0.5424,0.9339,0.9148,0.9389,0.0000,Steady,1
fix_failing_calm,1702,0.1833,0.5392,0.9325,0.9086,0.9371,0.0000,Steady,1
fix_failing_calm,1703,0.2000,0.5359,0.9277,0.9025,0.9353,0.0000,Steady,1
fix_failing_calm,1704,0.2167,0.5325,0.9233,0.8963,0.9334,0.0000,Steady,1
fix_failing_calm,1705,0.2333,0.5289,0.9218,0.8903,0.9316,0.0000,Steady,1
fix_failing_calm,1706,0.2500,0.5252,0.9179,0.8842,0.9298,0.0000,Steady,1
fix_failing_calm,1707,0.2667,0.5213,0.9120,0.8782,0.9280,0.0000,Steady,1
fix_failing_calm,1708,0.2833,0.5173,0.9092,0.8723,0.9262,0.0000,Steady,1
fix_failing_calm,1709,0.3000,0.5132,0.9065,0.8663,0.9245,0.0000,Steady,1
fix_failing_calm,1710,0.3167,0.5090,0.9004,0.8604,0.9227,0.0000,Steady,1
fix_failing_calm,1711,0.3333,0.5047,0.8956,0.8546,0.9209,0.0000,Steady,1
fix_failing_calm,1712,0.3500,0.5002,0.8933,0.8487,0.9191,0.0000,Steady,1
fix_failing_calm,1713,0.3667,0.4957,0.8881,0.8429,0.9174,0.0000,Steady,1
fix_failing_calm,1714,0.3833,0.4911,0.8818,0.8370,0.9156,0.0000,Steady,1
fix_failing_calm,1715,0.4000,0.4864,0.8786,0.8313,0.9139,0.0000,Steady,1
fix_failing_calm,1716,0.4167,0.4816,0.8748,0.8255,0.9122,0.0000,Steady,1
fix_failing_calm,1717,0.4333,0.4768,0.8679,0.8197,0.9104,0.0000,Steady,1
fix_failing_calm,1718,0.4500,0.4719,0.8632,0.8140,0.9087,0.0000,Steady,1
fix_failing_calm,1719,0.4667,0.4670,0.8602,0.8082,0.9070,0.0000,Steady,1
fix_failing_calm,1720,0.4833,0.4620,0.8541,0.8025,0.9053,0.0000,Steady,1
fix_failing_calm,1721,0.5000,0.4570,0.8477,0.7968,0.9036,0.0000,Steady,1
fix_failing_calm,1722,0.5167,0.4520,0.8446,0.7911,0.9019,0.0000,Steady,1
fix_failing_calm,1723,0.5333,0.4470,0.8400,0.7854,0.9002,0.0000,Steady,1
fix_failing_calm,1724,0.5500,0.4419,0.8328,0.7797,0.8985,0.0000,Steady,1
fix_failing_calm,1725,0.5667,0.4369,0.8285,0.7741,0.8968,0.0000,Steady,1
fix_failing_calm,1726,0.5833,0.4319,0.8253,0.7684,0.8951,0.0000,Steady,1
fix_failing_calm,1727,0.6000,0.4270,0.8187,0.7628,0.8935,0.0000,Steady,1
fix_failing_calm,1728,0.6167,0.4221,0.8129,0.7571,0.8918,0.0000,Steady,1
fix_failing_calm,1729,0.6333,0.4172,0.8101,0.7515,0.8902,0.0000,Steady,1
fix_failing_calm,1730,0.6500,0.4124,0.8052,0.7459,0.8885,0.0083,Failing,1
fix_failing_calm,1731,0.6667,0.4077,0.7985,0.7403,0.8869,0.0167,Failing,1
fix_failing_calm,1732,0.6833,0.4031,0.7950,0.7347,0.8852,0.0250,Failing,1
fix_failing_calm,1733,0.7000,0.3986,0.7919,0.7292,0.8836,0.0333,Failing,1
fix_failing_calm,1734,0.7167,0.3943,0.7856,0.7237,0.8820,0.0417,Failing,1
fix_failing_calm,1735,0.7333,0.3900,0.7810,0.7181,0.8804,0.0500,Failing,1
fix_failing_calm,1736,0.7500,0.3859,0.7790,0.7126,0.8788,0.0583,Failing,1
fix_failing_calm,1737,0.7667,0.3820,0.7744,0.7072,0.8772,0.0667,Failing,1
fix_failing_calm,1738,0.7833,0.3782,0.7689,0.7017,0.8756,0.0750,Failing,1
fix_failing_calm,1739,0.8000,0.3747,0.7670,0.6963,0.8740,0.0833,Failing,1
fix_failing_calm,1740,0.8167,0.3713,0.7645,0.6910,0.8724,0.0917,Failing,1
fix_failing_calm,1741,0.8333,0.3682,0.7593,0.6856,0.8708,0.1000,Failing,1
fix_failing_calm,1742,0.8500,0.3653,0.7565,0.6803,0.8692,0.1083,Failing,1
fix_failing_calm,1743,0.8667,0.3626,0.7558,0.6751,0.8676,0.1167,Failing,1
fix_failing_calm,1744,0.8833,0.3601,0.7522,0.6699,0.8661,0.1250,Failing,1
fix_failing_calm,1745,0.9000,0.3580,0.7487,0.6647,0.8645,0.1333,Failing,1
fix_failing_calm,1746,0.9167,0.3561,0.7487,0.6596,0.8630,0.1417,Failing,1
fix_failing_calm,1747,0.9333,0.3545,0.7475,0.6546,0.8614,0.1500,Failing,1
fix_failing_calm,1748,0.9500,0.3532,0.7441,0.6496,0.8599,0.1583,Failing,1
fix_failing_calm,1749,0.9667,0.3522,0.7438,0.6447,0.8583,0.1667,Failing,1
fix_failing_calm,1750,0.9833,0.3516,0.7449,0.6398,0.8568,0.1750,Failing,1
fix_failing_calm,1751,1.0000,0.3513,0.7430,0.6351,0.8553,0.1833,Failing,1
fix_failing_calm,1752,1.0167,0.3513,0.7421,0.6304,0.8537,0.1917,Failing,1
fix_failing_calm,1753,1.0333,0.3516,0.7445,0.6258,0.8522,0.2000,Failing,1
fix_failing_calm,1754,1.0500,0.3523,0.7450,0.6213,0.8507,0.2083,Failing,1
fix_failing_calm,1755,1.0667,0.3534,0.7441,0.6168,0.8492,0.2167,Failing,1
fix_failing_calm,1756,1.0833,0.3548,0.7468,0.6125,0.8477,0.2250,Failing,1
fix_failing_calm,1757,1.1000,0.3566,0.7499,0.6083,0.8462,0.2333,Failing,1
fix_failing_calm,1758,1.1167,0.3588,0.7501,0.6041,0.8447,0.2417,Failing,1
fix_failing_calm,1759,1.1333,0.3613,0.7523,0.6001,0.8433,0.2500,Failing,1
fix_failing_calm,1760,1.1500,0.3642,0.7573,0.5962,0.8418,0.2583,Failing,1
fix_failing_calm,1761,1.1667,0.3675,0.7599,0.5924,0.8403,0.2667,Failing,1
fix_failing_calm,1762,1.1833,0.3711,0.7618,0.5888,0.8388,0.2750,Failing,1
fix_failing_calm,1763,1.2000,0.3751,0.7674,0.5853,0.8374,0.2833,Failing,1
fix_failing_calm,1764,1.2167,0.3795,0.7727,0.5819,0.8359,0.2917,Failing,1
fix_failing_calm,1765,1.2333,0.3842,0.7753,0.5786,0.8345,0.3000,Failing,1
fix_failing_calm,1766,1.2500,0.3893,0.7806,0.5755,0.8330,0.3083,Failing,1
fix_failing_calm,1767,1.2667,0.3947,0.7880,0.5725,0.8316,0.3167,Failing,1
fix_failing_calm,1768,1.2833,0.4005,0.7925,0.5696,0.8301,0.3250,Failing,1
fix_failing_calm,1769,1.3000,0.4066,0.7973,0.5669,0.8287,0.3299,Failing,1
fix_failing_calm,1770,1.3167,0.4130,0.8056,0.5644,0.8273,0.3299,Failing,1
fix_failing_calm,1771,1.3333,0.4197,0.8126,0.5620,0.8258,0.3299,Failing,1
fix_failing_calm,1772,1.3500,0.4267,0.8175,0.5598,0.8244,0.3299,Failing,1
fix_failing_calm,1773,1.3667,0.4339,0.8255,0.5577,0.8244,0.3299,Failing,1
fix_failing_calm,1774,1.3833,0.4414,0.8347,0.5558,0.8245,0.3299,Failing,1
fix_failing_calm,1775,1.4000,0.4491,0.8408,0.5540,0.8247,0.3299,Failing,1
fix_failing_calm,1776,1.4167,0.4571,0.8479,0.5524,0.8248,0.3299,Failing,1
fix_failing_calm,1777,1.4333,0.4652,0.8581,0.5510,0.8251,0.3299,Failing,1
fix_failing_calm,1778,1.4500,0.4735,0.8662,0.5497,0.8255,0.3299,Failing,1
fix_failing_calm,1779,1.4667,0.4820,0.8727,0.5486,0.8259,0.3299,Failing,1
fix_failing_calm,1780,1.4833,0.4906,0.8826,0.5476,0.8263,0.3299,Failing,1
fix_failing_calm,1781,1.5000,0.4993,0.8926,0.5468,0.8269,0.3299,Failing,1
fix_failing_calm,1782,1.5167,0.5081,0.8994,0.5462,0.8275,0.3299,Failing,1
fix_failing_calm,1783,1.5333,0.5169,0.9079,0.5457,0.8281,0.3299,Failing,1
fix_failing_calm,1784,1.5500,0.5258,0.9189,0.5453,0.8289,0.3299,Failing,1
fix_failing_calm,1785,1.5667,0.5346,0.9270,0.5452,0.8297,0.3299,Failing,1
fix_failing_calm,1786,1.5833,0.5434,0.9341,0.5451,0.8306,0.3299,Failing,1
fix_failing_calm,1787,1.6000,0.5522,0.9446,0.5453,0.8315,0.3299,Failing,1
fix_failing_calm,1788,1.6167,0.5609,0.9541,0.5455,0.8325,0.3299,Failing,1
fix_failing_calm,1789,1.6333,0.5695,0.9606,0.5459,0.8336,0.3299,Failing,1
fix_failing_calm,1790,1.6500,0.5780,0.9693,0.5464,0.8347,0.3299,Failing,1
fix_failing_calm,1791,1.6667,0.5862,0.9795,0.5471,0.8359,0.3299,Failing,1
fix_failing_calm,1792,1.6833,0.5943,0.9863,0.5479,0.8372,0.3299,Failing,1
fix_failing_calm,1793,1.7000,0.6022,0.9929,0.5488,0.8385,0.3299,Failing,1
fix_failing_calm,1794,1.7167,0.6098,1.0000,0.5498,0.8398,0.3299,Failing,1
fix_failing_calm,1795,1.7333,0.6171,1.0000,0.5509,0.8411,0.3299,Failing,1
fix_failing_calm,1796,1.7500,0.6242,1.0000,0.5521,0.8425,0.3299,Failing,1
fix_failing_calm,1797,1.7667,0.6309,1.0000,0.5534,0.8438,0.3299,Failing,1
fix_failing_calm,1798,1.7833,0.6372,1.0000,0.5548,0.8451,0.3299,Failing,1
fix_failing_calm,1799,1.8000,0.6432,1.0000,0.5563,0.8464,0.3299,Failing,1
fix_failing_calm,1800,1.8167,0.6488,1.0000,0.5578,0.8476,0.3299,Failing,1
fix_failing_calm,1801,1.8333,0.6539,1.0000,0.5594,0.8489,0.3299,Failing,1
fix_failing_calm,1802,1.8500,0.6587,1.0000,0.5610,0.8501,0.3299,Failing,1
fix_failing_calm,1803,1.8667,0.6629,1.0000,0.5627,0.8514,0.3299,Failing,1
fix_failing_calm,1804,1.8833,0.6667,1.0000,0.5644,0.8526,0.3299,Failing,1
fix_failing_calm,1805,1.9000,0.6699,1.0000,0.5662,0.8538,0.3299,Failing,1
fix_failing_calm,1806,1.9167,0.6727,1.0000,0.5679,0.8551,0.3299,Failing,1
fix_failing_calm,1807,1.9333,0.6749,1.0000,0.5697,0.8563,0.3299,Failing,1
fix_failing_calm,1808,1.9500,0.6765,1.0000,0.5715,0.8575,0.3299,Failing,1
fix_failing_calm,1809,1.9667,0.6776,1.0000,0.5732,0.8586,0.3299,Failing,1
fix_failing_calm,1810,1.9833,0.6782,1.0000,0.5750,0.8598,0.3299,Failing,1
fix_failing_calm,1811,2.0000,0.6782,1.0000,0.5767,0.8610,0.3299,Failing,1
fix_failing_calm,1812,2.0167,0.6776,1.0000,0.5783,0.8621,0.3299,Failing,1
fix_failing_calm,1813,2.0333,0.6764,1.0000,0.5799,0.8633,0.3299,Failing,1
fix_failing_calm,1814,2.0500,0.6746,1.0000,0.5815,0.8644,0.3299,Failing,1
fix_failing_calm,1815,2.0667,0.6723,1.0000,0.5830,0.8655,0.3299,Failing,1
fix_failing_calm,1816,2.0833,0.6694,1.0000,0.5844,0.8666,0.3299,Failing,1
fix_failing_calm,1817,2.1000,0.6659,1.0000,0.5858,0.8678,0.3299,Failing,1
fix_failing_calm,1818,2.1167,0.6618,1.0000,0.5870,0.8688,0.3299,Failing,1
fix_failing_calm,1819,2.1333,0.6572,1.0000,0.5882,0.8699,0.3299,Failing,1
fix_failing_calm,1820,2.1500,0.6520,1.0000,0.5893,0.8710,0.3299,Failing,1
fix_failing_calm,1821,2.1667,0.6463,1.0000,0.5902,0.8721,0.3215,Failing,1
fix_failing_calm,1822,2.1833,0.6400,1.0000,0.5910,0.8731,0.3132,Failing,1
fix_failing_calm,1823,2.2000,0.6333,1.0000,0.5917,0.8742,0.3087,Failing,1
fix_failing_calm,1824,2.2167,0.6260,1.0000,0.5923,0.8752,0.3085,Failing,1
fix_failing_calm,1825,2.2333,0.6183,1.0000,0.5927,0.8763,0.3083,Failing,1
fix_failing_calm,1826,2.2500,0.6101,1.0000,0.5930,0.8773,0.3081,Failing,1
fix_failing_calm,1827,2.2667,0.6015,0.9922,0.5931,0.8783,0.3079,Failing,1
fix_failing_calm,1828,2.2833,0.5925,0.9845,0.5931,0.8791,0.3077,Failing,1
fix_failing_calm,1829,2.3000,0.5831,0.9764,0.5930,0.8800,0.3075,Failing,1
fix_failing_calm,1830,2.3167,0.5734,0.9647,0.5926,0.8807,0.3073,Failing,1
fix_failing_calm,1831,2.3333,0.5633,0.9544,0.5922,0.8813,0.3071,Failing,1
fix_failing_calm,1832,2.3500,0.5529,0.9461,0.5915,0.8818,0.3068,Failing,1
fix_failing_calm,1833,2.3667,0.5423,0.9346,0.5907,0.8822,0.3066,Failing,1
fix_failing_calm,1834,2.3833,0.5314,0.9221,0.5897,0.8826,0.3064,Failing,1
fix_failing_calm,1835,2.4000,0.5204,0.9127,0.5886,0.8828,0.3062,Failing,1
fix_failing_calm,1836,2.4167,0.5091,0.9023,0.5873,0.8830,0.3060,Failing,1
fix_failing_calm,1837,2.4333,0.4978,0.8888,0.5858,0.8830,0.3057,Failing,1
fix_failing_calm,1838,2.4500,0.4863,0.8777,0.5841,0.8814,0.3055,Failing,1
fix_failing_calm,1839,2.4667,0.4748,0.8681,0.5823,0.8798,0.3053,Failing,1
fix_failing_calm,1840,2.4833,0.4632,0.8552,0.5804,0.8782,0.3050,Failing,1
fix_failing_calm,1841,2.5000,0.4517,0.8424,0.5782,0.8766,0.3048,Failing,1
fix_failing_calm,1842,2.5167,0.4401,0.8328,0.5760,0.8750,0.3046,Failing,1
fix_failing_calm,1843,2.5333,0.4287,0.8216,0.5735,0.8734,0.3043,Failing,1
fix_failing_calm,1844,2.5500,0.4174,0.8082,0.5709,0.8718,0.3041,Failing,1
fix_failing_calm,1845,2.5667,0.4062,0.7979,0.5682,0.8702,0.3039,Failing,1
fix_failing_calm,1846,2.5833,0.3952,0.7885,0.5654,0.8687,0.3036,Failing,1
fix_failing_calm,1847,2.6000,0.3844,0.7761,0.5624,0.8671,0.3034,Failing,1
fix_failing_calm,1848,2.6167,0.3739,0.7648,0.5592,0.8655,0.3031,Failing,1
fix_failing_calm,1849,2.6333,0.3637,0.7566,0.5560,0.8640,0.3029,Failing,1
fix_failing_calm,1850,2.6500,0.3537,0.7464,0.5527,0.8624,0.3026,Failing,1
fix_failing_calm,1851,2.6667,0.3441,0.7348,0.5492,0.8609,0.3024,Failing,1
fix_failing_calm,1852,2.6833,0.3349,0.7270,0.5457,0.8593,0.3021,Failing,1
fix_failing_calm,1853,2.7000,0.3261,0.7194,0.5421,0.8578,0.3019,Failing,1
fix_failing_calm,1854,2.7167,0.3177,0.7090,0.5383,0.8563,0.3016,Failing,1
fix_failing_calm,1855,2.7333,0.3098,0.7009,0.5346,0.8547,0.3014,Failing,1
fix_failing_calm,1856,2.7500,0.3023,0.6955,0.5307,0.8532,0.3011,Failing,1
fix_failing_calm,1857,2.7667,0.2954,0.6877,0.5268,0.8517,0.3009,Failing,1
fix_failing_calm,1858,2.7833,0.2889,0.6796,0.5229,0.8502,0.3006,Failing,1
fix_failing_calm,1859,2.8000,0.2830,0.6754,0.5189,0.8487,0.3004,Failing,1
fix_failing_calm,1860,2.8167,0.2777,0.6708,0.5150,0.8472,0.3001,Failing,1
fix_failing_calm,1861,2.8333,0.2729,0.6639,0.5110,0.8457,0.2999,Failing,1
fix_failing_calm,1862,2.8500,0.2687,0.6601,0.5069,0.8442,0.2997,Failing,1
fix_failing_calm,1863,2.8667,0.2651,0.6584,0.5030,0.8427,0.2996,Failing,1
fix_failing_calm,1864,2.8833,0.2621,0.6540,0.4990,0.8412,0.2995,Failing,1
fix_failing_calm,1865,2.9000,0.2597,0.6504,0.4950,0.8398,0.2995,Failing,1
fix_failing_calm,1866,2.9167,0.2579,0.6506,0.4911,0.8383,0.2995,Failing,1
fix_failing_calm,1867,2.9333,0.2567,0.6496,0.4872,0.8368,0.2995,Failing,1
fix_failing_calm,1868,2.9500,0.2562,0.6470,0.4834,0.8354,0.2996,Failing,1
fix_failing_calm,1869,2.9667,0.2563,0.6480,0.4796,0.8339,0.2997,Failing,1
fix_failing_calm,1870,2.9833,0.2569,0.6503,0.4760,0.8325,0.2999,Failing,1
fix_failing_calm,1871,3.0000,0.2582,0.6498,0.4724,0.8311,0.3000,Failing,1
fix_failing_calm,1872,3.0167,0.2601,0.6510,0.4689,0.8296,0.3002,Failing,1
fix_failing_calm,1873,3.0333,0.2626,0.6556,0.4655,0.8282,0.3004,Failing,1
fix_failing_calm,1874,3.0500,0.2657,0.6583,0.4622,0.8268,0.3007,Failing,1
fix_failing_calm,1875,3.0667,0.2693,0.6600,0.4590,0.8253,0.3010,Failing,1
fix_failing_calm,1876,3.0833,0.2735,0.6655,0.4559,0.8239,0.3013,Failing,1
fix_failing_calm,1877,3.1000,0.2782,0.6714,0.4530,0.8225,0.3016,Failing,1
fix_failing_calm,1878,3.1167,0.2834,0.6747,0.4502,0.8211,0.3019,Failing,1
fix_failing_calm,1879,3.1333,0.2891,0.6802,0.4475,0.8197,0.3022,Failing,1
fix_failing_calm,1880,3.1500,0.2953,0.6885,0.4450,0.8183,0.3025,Failing,1
fix_failing_calm,1881,3.1667,0.3020,0.6942,0.4426,0.8169,0.3029,Failing,1
fix_failing_calm,1882,3.1833,0.3090,0.6997,0.4404,0.8155,0.3032,Failing,1
fix_failing_calm,1883,3.2000,0.3165,0.7089,0.4384,0.8141,0.3036,Failing,1
fix_failing_calm,1884,3.2167,0.3244,0.7175,0.4365,0.8128,0.3039,Failing,1
fix_failing_calm,1885,3.2333,0.3326,0.7236,0.4348,0.8114,0.3043,Failing,1
fix_failing_calm,1886,3.2500,0.3411,0.7325,0.4332,0.8100,0.3046,Failing,1
fix_failing_calm,1887,3.2667,0.3499,0.7432,0.4318,0.8087,0.3050,Failing,1
fix_failing_calm,1888,3.2833,0.3590,0.7509,0.4306,0.8073,0.3053,Failing,1
fix_failing_calm,1889,3.3000,0.3683,0.7590,0.4296,0.8059,0.3057,Failing,1
fix_failing_calm,1890,3.3167,0.3778,0.7705,0.4287,0.8046,0.3060,Failing,1
fix_failing_calm,1891,3.3333,0.3875,0.7804,0.4281,0.8032,0.3064,Failing,1
fix_failing_calm,1892,3.3500,0.3973,0.7881,0.4276,0.8019,0.3067,Failing,1
fix_failing_calm,1893,3.3667,0.4072,0.7990,0.4272,0.8006,0.3071,Failing,1
fix_failing_calm,1894,3.3833,0.4172,0.8106,0.4271,0.8006,0.3074,Failing,1
fix_failing_calm,1895,3.4000,0.4273,0.8189,0.4271,0.8008,0.3077,Failing,1
fix_failing_calm,1896,3.4167,0.4373,0.8282,0.4272,0.8010,0.3081,Failing,1
fix_failing_calm,1897,3.4333,0.4474,0.8404,0.4276,0.8013,0.3084,Failing,1
fix_failing_calm,1898,3.4500,0.4574,0.8500,0.4281,0.8018,0.3087,Failing,1
fix_failing_calm,1899,3.4667,0.4673,0.8580,0.4287,0.8022,0.3091,Failing,1
fix_failing_calm,1900,3.4833,0.4771,0.8692,0.4295,0.8028,0.3094,Failing,1
fix_failing_calm,1901,3.5000,0.4868,0.8800,0.4304,0.8034,0.3097,Failing,1
fix_failing_calm,1902,3.5167,0.4963,0.8875,0.4315,0.8041,0.3101,Failing,1
fix_failing_calm,1903,3.5333,0.5056,0.8967,0.4328,0.8049,0.3104,Failing,1
fix_failing_calm,1904,3.5500,0.5147,0.9079,0.4341,0.8057,0.3107,Failing,1
fix_failing_calm,1905,3.5667,0.5235,0.9158,0.4356,0.8066,0.3110,Failing,1
fix_failing_calm,1906,3.5833,0.5321,0.9228,0.4372,0.8076,0.3113,Failing,1
fix_failing_calm,1907,3.6000,0.5404,0.9328,0.4389,0.8087,0.3116,Failing,1
fix_failing_calm,1908,3.6167,0.5484,0.9415,0.4407,0.8098,0.3119,Failing,1
fix_failing_calm,1909,3.6333,0.5561,0.9471,0.4426,0.8109,0.3122,Failing,1
fix_failing_calm,1910,3.6500,0.5634,0.9548,0.4446,0.8121,0.3125,Failing,1
fix_failing_calm,1911,3.6667,0.5703,0.9637,0.4467,0.8133,0.3128,Failing,1
fix_failing_calm,1912,3.6833,0.5769,0.9688,0.4488,0.8146,0.3131,Failing,1
fix_failing_calm,1913,3.7000,0.5831,0.9739,0.4511,0.8160,0.3134,Failing,1
fix_failing_calm,1914,3.7167,0.5889,0.9816,0.4533,0.8173,0.3137,Failing,1
fix_failing_calm,1915,3.7333,0.5943,0.9871,0.4557,0.8187,0.3140,Failing,1
fix_failing_calm,1916,3.7500,0.5992,0.9900,0.4580,0.8202,0.3142,Failing,1
fix_failing_calm,1917,3.7667,0.6037,0.9955,0.4604,0.8216,0.3145,Failing,1
fix_failing_calm,1918,3.7833,0.6078,1.0000,0.4629,0.8231,0.3148,Failing,1
fix_failing_calm,1919,3.8000,0.6114,1.0000,0.4653,0.8246,0.3150,Failing,1
fix_failing_calm,1920,3.8167,0.6146,1.0000,0.4678,0.8260,0.3153,Failing,1
fix_failing_calm,1921,3.8333,0.6173,1.0000,0.4703,0.8275,0.3155,Failing,1
fix_failing_calm,1922,3.8500,0.6196,1.0000,0.4727,0.8289,0.3157,Failing,1
fix_failing_calm,1923,3.8667,0.6215,1.0000,0.4752,0.8303,0.3160,Failing,1
fix_failing_calm,1924,3.8833,0.6228,1.0000,0.4776,0.8317,0.3162,Failing,1
fix_failing_calm,1925,3.9000,0.6238,1.0000,0.4801,0.8331,0.3164,Failing,1
fix_failing_calm,1926,3.9167,0.6243,1.0000,0.4824,0.8345,0.3167,Failing,1
fix_failing_calm,1927,3.9333,0.6244,1.0000,0.4848,0.8359,0.3169,Failing,1
fix_failing_calm,1928,3.9500,0.6241,1.0000,0.4871,0.8372,0.3171,Failing,1
fix_failing_calm,1929,3.9667,0.6233,1.0000,0.4893,0.8386,0.3173,Failing,1
fix_failing_calm,1930,3.9833,0.6222,1.0000,0.4915,0.8399,0.3175,Failing,1
fix_failing_calm,1931,4.0000,0.6207,1.0000,0.4937,0.8413,0.3177,Failing,1
fix_failing_calm,1932,4.0167,0.6188,1.0000,0.4957,0.8426,0.3179,Failing,1
fix_failing_calm,1933,4.0333,0.6165,1.0000,0.4977,0.8439,0.3180,Failing,1
fix_failing_calm,1934,4.0500,0.6139,1.0000,0.4997,0.8452,0.3182,Failing,1
fix_failing_calm,1935,4.0667,0.6109,1.0000,0.5015,0.8465,0.3184,Failing,1
fix_failing_calm,1936,4.0833,0.6076,0.9995,0.5032,0.8477,0.3186,Failing,1
fix_failing_calm,1937,4.1000,0.6040,0.9948,0.5049,0.8490,0.3187,Failing,1
fix_failing_calm,1938,4.1167,0.6002,0.9929,0.5065,0.8502,0.3189,Failing,1
fix_failing_calm,1939,4.1333,0.5960,0.9889,0.5080,0.8513,0.3190,Failing,1
fix_failing_calm,1940,4.1500,0.5916,0.9824,0.5093,0.8524,0.3192,Failing,1
fix_failing_calm,1941,4.1667,0.5870,0.9788,0.5106,0.8534,0.3193,Failing,1
fix_failing_calm,1942,4.1833,0.5822,0.9755,0.5118,0.8545,0.3195,Failing,1
fix_failing_calm,1943,4.2000,0.5771,0.9687,0.5129,0.8554,0.3196,Failing,1
fix_failing_calm,1944,4.2167,0.5719,0.9628,0.5139,0.8563,0.3197,Failing,1
fix_failing_calm,1945,4.2333,0.5665,0.9595,0.5147,0.8571,0.3199,Failing,1
fix_failing_calm,1946,4.2500,0.5610,0.9535,0.5155,0.8579,0.3200,Failing,1
fix_failing_calm,1947,4.2667,0.5553,0.9460,0.5162,0.8587,0.3201,Failing,1
fix_failing_calm,1948,4.2833,0.5496,0.9417,0.5167,0.8594,0.3202,Failing,1
fix_failing_calm,1949,4.3000,0.5437,0.9370,0.5172,0.8600,0.3203,Failing,1
fix_failing_calm,1950,4.3167,0.5378,0.9290,0.5175,0.8606,0.3204,Failing,1
fix_failing_calm,1951,4.3333,0.5318,0.9230,0.5177,0.8611,0.3205,Failing,1
fix_failing_calm,1952,4.3500,0.5258,0.9190,0.5179,0.8616,0.3206,Failing,1
fix_failing_calm,1953,4.3667,0.5198,0.9120,0.5179,0.8620,0.3207,Failing,1
fix_failing_calm,1954,4.3833,0.5138,0.9044,0.5178,0.8624,0.3208,Failing,1
fix_failing_calm,1955,4.4000,0.5077,0.9002,0.5177,0.8627,0.3209,Failing,1
fix_failing_calm,1956,4.4167,0.5018,0.8948,0.5174,0.8629,0.3209,Failing,1
fix_failing_calm,1957,4.4333,0.4958,0.8868,0.5171,0.8631,0.3210,Failing,1
fix_failing_calm,1958,4.4500,0.4899,0.8814,0.5166,0.8633,0.3211,Failing,1
fix_failing_calm,1959,4.4667,0.4841,0.8774,0.5161,0.8634,0.3211,Failing,1
fix_failing_calm,1960,4.4833,0.4784,0.8702,0.5154,0.8635,0.3212,Failing,1
fix_failing_calm,1961,4.5000,0.4727,0.8635,0.5147,0.8635,0.3212,Failing,1
fix_failing_calm,1962,4.5167,0.4672,0.8600,0.5139,0.8619,0.3213,Failing,1
fix_failing_calm,1963,4.5333,0.4618,0.8546,0.5131,0.8604,0.3213,Failing,1
fix_failing_calm,1964,4.5500,0.4565,0.8472,0.5122,0.8588,0.3214,Failing,1
fix_failing_calm,1965,4.5667,0.4513,0.8431,0.5111,0.8573,0.3214,Failing,1
fix_failing_calm,1966,4.5833,0.4463,0.8396,0.5101,0.8558,0.3215,Failing,1
fix_failing_calm,1967,4.6000,0.4415,0.8330,0.5089,0.8542,0.3215,Failing,1
fix_failing_calm,1968,4.6167,0.4368,0.8277,0.5077,0.8527,0.3215,Failing,1
fix_failing_calm,1969,4.6333,0.4323,0.8253,0.5065,0.8512,0.3215,Failing,1
fix_failing_calm,1970,4.6500,0.4280,0.8205,0.5052,0.8497,0.3216,Failing,1
fix_failing_calm,1971,4.6667,0.4238,0.8145,0.5039,0.8482,0.3216,Failing,1
fix_failing_calm,1972,4.6833,0.4198,0.8120,0.5025,0.8467,0.3216,Failing,1
fix_failing_calm,1973,4.7000,0.4161,0.8093,0.5010,0.8452,0.3216,Failing,1
fix_failing_calm,1974,4.7167,0.4125,0.8037,0.4996,0.8437,0.3216,Failing,1
fix_failing_calm,1975,4.7333,0.4092,0.8003,0.4981,0.8422,0.3216,Failing,1
fix_failing_calm,1976,4.7500,0.4060,0.7992,0.4966,0.8408,0.3216,Failing,1
fix_failing_calm,1977,4.7667,0.4031,0.7953,0.4950,0.8393,0.3216,Failing,1
fix_failing_calm,1978,4.7833,0.4003,0.7910,0.4935,0.8378,0.3216,Failing,1
fix_failing_calm,1979,4.8000,0.3978,0.7903,0.4919,0.8364,0.3216,Failing,1
fix_failing_calm,1980,4.8167,0.3955,0.7886,0.4903,0.8349,0.3216,Failing,1
fix_failing_calm,1981,4.8333,0.3934,0.7844,0.4887,0.8335,0.3216,Failing,1
fix_failing_calm,1982,4.8500,0.3915,0.7830,0.4871,0.8320,0.3216,Failing,1
fix_failing_calm,1983,4.8667,0.3899,0.7832,0.4855,0.8306,0.3216,Failing,1
fix_failing_calm,1984,4.8833,0.3884,0.7803,0.4839,0.8292,0.3216,Failing,1
fix_failing_calm,1985,4.9000,0.3872,0.7780,0.4823,0.8277,0.3216,Failing,1
fix_failing_calm,1986,4.9167,0.3862,0.7790,0.4807,0.8263,0.3216,Failing,1
fix_failing_calm,1987,4.9333,0.3854,0.7783,0.4791,0.8249,0.3216,Failing,1
fix_failing_calm,1988,4.9500,0.3849,0.7756,0.4775,0.8235,0.3216,Failing,1
fix_failing_calm,1989,4.9667,0.3845,0.7763,0.4760,0.8221,0.3216,Failing,1
fix_failing_calm,1990,4.9833,0.3844,0.7777,0.4745,0.8206,0.3216,Failing,1
fix_failing_calm,1991,5.0000,0.3845,0.7760,0.4730,0.8192,0.3216,Failing,1
fix_failing_calm,1992,5.0167,0.3847,0.7757,0.4715,0.8179,0.3216,Failing,1
fix_failing_calm,1993,5.0333,0.3852,0.7783,0.4701,0.8165,0.3216,Failing,1
fix_failing_calm,1994,5.0500,0.3860,0.7785,0.4687,0.8151,0.3216,Failing,1
fix_failing_calm,1995,5.0667,0.3869,0.7775,0.4674,0.8137,0.3216,Failing,1
fix_failing_calm,1996,5.0833,0.3880,0.7802,0.4661,0.8123,0.3216,Failing,1
fix_failing_calm,1997,5.1000,0.3893,0.7825,0.4648,0.8109,0.3216,Failing,1
fix_failing_calm,1998,5.1167,0.3908,0.7820,0.4636,0.8096,0.3216,Failing,1
fix_failing_calm,1999,5.1333,0.3925,0.7837,0.4624,0.8082,0.3216,Failing,1
fix_failing_calm,2000,5.1500,0.3944,0.7877,0.4613,0.8069,0.3216,Failing,1
fix_failing_calm,2001,5.1667,0.3965,0.7887,0.4602,0.8055,0.3216,Failing,1
fix_failing_calm,2002,5.1833,0.3988,0.7895,0.4592,0.8041,0.3216,Failing,1
fix_failing_calm,2003,5.2000,0.4013,0.7938,0.4582,0.8028,0.3216,Failing,1
fix_failing_calm,2004,5.2167,0.4040,0.7970,0.4573,0.8015,0.3216,Failing,1
fix_failing_calm,2005,5.2333,0.4068,0.7978,0.4565,0.8001,0.3216,Failing,1
fix_failing_calm,2006,5.2500,0.4098,0.8013,0.4557,0.8001,0.3216,Failing,1
fix_failing_calm,2007,5.2667,0.4130,0.8064,0.4550,0.8002,0.3216,Failing,1
fix_failing_calm,2008,5.2833,0.4164,0.8082,0.4544,0.8003,0.3216,Failing,1
fix_failing_calm,2009,5.3000,0.4199,0.8107,0.4538,0.8003,0.3216,Failing,1
fix_failing_calm,2010,5.3167,0.4236,0.8164,0.4533,0.8005,0.3216,Failing,1
fix_failing_calm,2011,5.3333,0.4274,0.8202,0.4529,0.8006,0.3216,Failing,1
fix_failing_calm,2012,5.3500,0.4314,0.8222,0.4525,0.8008,0.3216,Failing,1
fix_failing_calm,2013,5.3667,0.4355,0.8274,0.4523,0.8010,0.3216,Failing,1
fix_failing_calm,2014,5.3833,0.4398,0.8331,0.4520,0.8013,0.3216,Failing,1
fix_failing_calm,2015,5.4000,0.4442,0.8357,0.4519,0.8016,0.3216,Failing,1
fix_failing_calm,2016,5.4167,0.4487,0.8397,0.4519,0.8019,0.3216,Failing,1
fix_failing_calm,2017,5.4333,0.4534,0.8465,0.4519,0.8023,0.3216,Failing,1
fix_failing_calm,2018,5.4500,0.4581,0.8506,0.4520,0.8027,0.3216,Failing,1
fix_failing_calm,2019,5.4667,0.4630,0.8537,0.4522,0.8031,0.3216,Failing,1
fix_failing_calm,2020,5.4833,0.4679,0.8601,0.4524,0.8036,0.3216,Failing,1
fix_failing_calm,2021,5.5000,0.4730,0.8662,0.4528,0.8041,0.3216,Failing,1
fix_failing_calm,2022,5.5167,0.4781,0.8693,0.4532,0.8046,0.3216,Failing,1
fix_failing_calm,2023,5.5333,0.4833,0.8745,0.4537,0.8052,0.3216,Failing,1
fix_failing_calm,2024,5.5500,0.4885,0.8817,0.4543,0.8058,0.3216,Failing,1
fix_failing_calm,2025,5.5667,0.4938,0.8859,0.4549,0.8065,0.3216,Failing,1
fix_failing_calm,2026,5.5833,0.4991,0.8898,0.4556,0.8072,0.3216,Failing,1
fix_failing_calm,2027,5.6000,0.5044,0.8970,0.4565,0.8080,0.3216,Failing,1
fix_failing_calm,2028,5.6167,0.5098,0.9028,0.4573,0.8087,0.3216,Failing,1
fix_failing_calm,2029,5.6333,0.5152,0.9061,0.4583,0.8095,0.3216,Failing,1
fix_failing_calm,2030,5.6500,0.5205,0.9120,0.4593,0.8104,0.3216,Failing,1
fix_failing_calm,2031,5.6667,0.5258,0.9191,0.4604,0.8113,0.3216,Failing,1
fix_failing_calm,2032,5.6833,0.5311,0.9229,0.4616,0.8122,0.3216,Failing,1
fix_failing_calm,2033,5.7000,0.5363,0.9271,0.4628,0.8132,0.3216,Failing,1
fix_failing_calm,2034,5.7167,0.5415,0.9343,0.4641,0.8142,0.3216,Failing,1
fix_failing_calm,2035,5.7333,0.5466,0.9393,0.4655,0.8152,0.3216,Failing,1
fix_failing_calm,2036,5.7500,0.5515,0.9423,0.4669,0.8163,0.3216,Failing,1
fix_failing_calm,2037,5.7667,0.5564,0.9483,0.4684,0.8174,0.3216,Failing,1
fix_failing_calm,2038,5.7833,0.5611,0.9545,0.4699,0.8185,0.3216,Failing,1
fix_failing_calm,2039,5.8000,0.5657,0.9572,0.4715,0.8197,0.3216,Failing,1
fix_failing_calm,2040,5.8167,0.5702,0.9612,0.4731,0.8208,0.3216,Failing,1
fix_failing_calm,2041,5.8333,0.5745,0.9675,0.4748,0.8221,0.3216,Failing,1
fix_failing_calm,2042,5.8500,0.5785,0.9710,0.4765,0.8233,0.3216,Failing,1
fix_failing_calm,2043,5.8667,0.5824,0.9731,0.4783,0.8245,0.3216,Failing,1
fix_failing_calm,2044,5.8833,0.5861,0.9783,0.4801,0.8258,0.3216,Failing,1
fix_failing_calm,2045,5.9000,0.5895,0.9827,0.4819,0.8271,0.3216,Failing,1
fix_failing_calm,2046,5.9167,0.5927,0.9838,0.4837,0.8284,0.3216,Failing,1
fix_failing_calm,2047,5.9333,0.5956,0.9868,0.4855,0.8297,0.3216,Failing,1
fix_failing_calm,2048,5.9500,0.5983,0.9915,0.4874,0.8311,0.3216,Failing,1
fix_failing_calm,2049,5.9667,0.6006,0.9927,0.4893,0.8324,0.3216,Failing,1
fix_failing_calm,2050,5.9833,0.6027,0.9934,0.4912,0.8337,0.3216,Failing,1
fix_failing_calm,2051,6.0000,0.6044,0.9970,0.4930,0.8351,0.3216,Failing,1
fix_failing_calm,2052,6.0167,0.6058,0.9988,0.4949,0.8365,0.3216,Failing,1
fix_failing_calm,2053,6.0333,0.6069,0.9978,0.4967,0.8378,0.3216,Failing,1
fix_failing_calm,2054,6.0500,0.6076,0.9992,0.4986,0.8391,0.3216,Failing,1
fix_failing_calm,2055,6.0667,0.6080,1.0000,0.5004,0.8405,0.3216,Failing,1
fix_failing_calm,2056,6.0833,0.6080,0.9997,0.5022,0.8418,0.3216,Failing,1
fix_failing_calm,2057,6.1000,0.6076,0.9984,0.5039,0.8431,0.3216,Failing,1
fix_failing_calm,2058,6.1167,0.6068,0.9997,0.5056,0.8444,0.3216,Failing,1
fix_failing_calm,2059,6.1333,0.6057,0.9984,0.5073,0.8457,0.3216,Failing,1
fix_failing_calm,2060,6.1500,0.6041,0.9949,0.5089,0.8469,0.3216,Failing,1
fix_failing_calm,2061,6.1667,0.6022,0.9941,0.5104,0.8481,0.3216,Failing,1
fix_failing_calm,2062,6.1833,0.5999,0.9932,0.5119,0.8493,0.3216,Failing,1
fix_failing_calm,2063,6.2000,0.5971,0.9885,0.5133,0.8505,0.3216,Failing,1
fix_failing_calm,2064,6.2167,0.5940,0.9850,0.5146,0.8516,0.3216,Failing,1
fix_failing_calm,2065,6.2333,0.5904,0.9835,0.5159,0.8527,0.3216,Failing,1
fix_failing_calm,2066,6.2500,0.5865,0.9789,0.5170,0.8537,0.3216,Failing,1
fix_failing_calm,2067,6.2667,0.5822,0.9728,0.5181,0.8547,0.3146,Failing,1
fix_failing_calm,2068,6.2833,0.5774,0.9697,0.5191,0.8557,0.3145,Failing,1
fix_failing_calm,2069,6.3000,0.5723,0.9655,0.5200,0.8566,0.3143,Failing,1
fix_failing_calm,2070,6.3167,0.5669,0.9580,0.5208,0.8574,0.3141,Failing,1
fix_failing_calm,2071,6.3333,0.5610,0.9523,0.5214,0.8582,0.3139,Failing,1
fix_failing_calm,2072,6.3500,0.5548,0.9481,0.5220,0.8590,0.3138,Failing,1
fix_failing_calm,2073,6.3667,0.5483,0.9404,0.5224,0.8597,0.3136,Failing,1
fix_failing_calm,2074,6.3833,0.5414,0.9321,0.5227,0.8603,0.3134,Failing,1
fix_failing_calm,2075,6.4000,0.5343,0.9268,0.5229,0.8608,0.3132,Failing,1
fix_failing_calm,2076,6.4167,0.5268,0.9198,0.5230,0.8613,0.3130,Failing,1
fix_failing_calm,2077,6.4333,0.5190,0.9099,0.5229,0.8617,0.3128,Failing,1
fix_failing_calm,2078,6.4500,0.5110,0.9026,0.5227,0.8620,0.3126,Failing,1
fix_failing_calm,2079,6.4667,0.5028,0.8961,0.5224,0.8623,0.3124,Failing,1
fix_failing_calm,2080,6.4833,0.4943,0.8861,0.5219,0.8625,0.3122,Failing,1
fix_failing_calm,2081,6.5000,0.4857,0.8765,0.5213,0.8626,0.3120,Failing,1
fix_failing_calm,2082,6.5167,0.4768,0.8697,0.5206,0.8627,0.3118,Failing,1
fix_failing_calm,2083,6.5333,0.4678,0.8606,0.5197,0.8611,0.3116,Failing,1
fix_failing_calm,2084,6.5500,0.4587,0.8495,0.5187,0.8596,0.3114,Failing,1
fix_failing_calm,2085,6.5667,0.4495,0.8414,0.5176,0.8581,0.3112,Failing,1
fix_failing_calm,2086,6.5833,0.4403,0.8336,0.5163,0.8565,0.3110,Failing,1
fix_failing_calm,2087,6.6000,0.4309,0.8223,0.5149,0.8550,0.3108,Failing,1
fix_failing_calm,2088,6.6167,0.4216,0.8126,0.5133,0.8535,0.3106,Failing,1
fix_failing_calm,2089,6.6333,0.4123,0.8054,0.5117,0.8520,0.3104,Failing,1
fix_failing_calm,2090,6.6500,0.4030,0.7954,0.5099,0.8505,0.3102,Failing,1
fix_failing_calm,2091,6.6667,0.3938,0.7845,0.5079,0.8490,0.3100,Failing,1
fix_failing_calm,2092,6.6833,0.3847,0.7770,0.5059,0.8475,0.3097,Failing,1
fix_failing_calm,2093,6.7000,0.3757,0.7689,0.5038,0.8460,0.3095,Failing,1
fix_failing_calm,2094,6.7167,0.3669,0.7580,0.5015,0.8445,0.3093,Failing,1
fix_failing_calm,2095,6.7333,0.3583,0.7495,0.4991,0.8430,0.3091,Failing,1
fix_failing_calm,2096,6.7500,0.3499,0.7431,0.4967,0.8415,0.3088,Failing,1
fix_failing_calm,2097,6.7667,0.3417,0.7338,0.4941,0.8400,0.3086,Failing,1
fix_failing_calm,2098,6.7833,0.3338,0.7245,0.4915,0.8386,0.3084,Failing,1
fix_failing_calm,2099,6.8000,0.3263,0.7189,0.4887,0.8371,0.3082,Failing,1
fix_failing_calm,2100,6.8167,0.3190,0.7120,0.4859,0.8357,0.3079,Failing,1
fix_failing_calm,2101,6.8333,0.3121,0.7030,0.4830,0.8342,0.3077,Failing,1
fix_failing_calm,2102,6.8500,0.3056,0.6972,0.4801,0.8328,0.3075,Failing,1
fix_failing_calm,2103,6.8667,0.2995,0.6928,0.4771,0.8313,0.3073,Failing,1
fix_failing_calm,2104,6.8833,0.2938,0.6855,0.4741,0.8299,0.3070,Failing,1
fix_failing_calm,2105,6.9000,0.2886,0.6794,0.4710,0.8284,0.3068,Failing,1
fix_failing_calm,2106,6.9167,0.2839,0.6767,0.4679,0.8270,0.3067,Failing,1
fix_failing_calm,2107,6.9333,0.2796,0.6723,0.4648,0.8256,0.3065,Failing,1
fix_failing_calm,2108,6.9500,0.2758,0.6666,0.4617,0.8242,0.3064,Failing,1
fix_failing_calm,2109,6.9667,0.2726,0.6646,0.4586,0.8228,0.3064,Failing,1
fix_failing_calm,2110,6.9833,0.2700,0.6633,0.4555,0.8214,0.3064,Failing,1
fix_failing_calm,2111,7.0000,0.2678,0.6592,0.4524,0.8200,0.3064,Failing,1
fix_failing_calm,2112,7.0167,0.2663,0.6573,0.4493,0.8186,0.3064,Failing,1
fix_failing_calm,2113,7.0333,0.2653,0.6584,0.4462,0.8172,0.3065,Failing,1
fix_failing_calm,2114,7.0500,0.2649,0.6573,0.4432,0.8158,0.3066,Failing,1
fix_failing_calm,2115,7.0667,0.2651,0.6558,0.4403,0.8144,0.3067,Failing,1
fix_failing_calm,2116,7.0833,0.2659,0.6582,0.4374,0.8130,0.3069,Failing,1
fix_failing_calm,2117,7.1000,0.2673,0.6605,0.4346,0.8116,0.3071,Failing,1
fix_failing_calm,2118,7.1167,0.2693,0.6604,0.4319,0.8103,0.3073,Failing,1
fix_failing_calm,2119,7.1333,0.2719,0.6632,0.4292,0.8089,0.3075,Failing,1
fix_failing_calm,2120,7.1500,0.2751,0.6683,0.4267,0.8075,0.3077,Failing,1
fix_failing_calm,2121,7.1667,0.2788,0.6709,0.4242,0.8062,0.3080,Failing,1
fix_failing_calm,2122,7.1833,0.2832,0.6739,0.4219,0.8048,0.3083,Failing,1
fix_failing_calm,2123,7.2000,0.2881,0.6807,0.4197,0.8035,0.3086,Failing,1
fix_failing_calm,2124,7.2167,0.2935,0.6865,0.4176,0.8021,0.3089,Failing,1
fix_failing_calm,2125,7.2333,0.2995,0.6904,0.4157,0.8008,0.3092,Failing,1
fix_failing_calm,2126,7.2500,0.3061,0.6977,0.4138,0.7995,0.3095,Failing,1
fix_failing_calm,2127,7.2667,0.3131,0.7064,0.4122,0.7981,0.3098,Failing,1
fix_failing_calm,2128,7.2833,0.3207,0.7124,0.4107,0.7968,0.3101,Failing,1
fix_failing_calm,2129,7.3000,0.3287,0.7195,0.4093,0.7955,0.3104,Failing,1
fix_failing_calm,2130,7.3167,0.3371,0.7300,0.4081,0.7942,0.3107,Failing,1
fix_failing_calm,2131,7.3333,0.3460,0.7387,0.4071,0.7929,0.3111,Failing,1
fix_failing_calm,2132,7.3500,0.3553,0.7460,0.4062,0.7916,0.3114,Failing,1
fix_failing_calm,2133,7.3667,0.3649,0.7569,0.4056,0.7903,0.3117,Failing,1
fix_failing_calm,2134,7.3833,0.3749,0.7682,0.4050,0.7890,0.3120,Failing,1
fix_failing_calm,2135,7.4000,0.3852,0.7765,0.4047,0.7877,0.3123,Failing,1
fix_failing_calm,2136,7.4167,0.3958,0.7868,0.4046,0.7864,0.3126,Failing,1
fix_failing_calm,2137,7.4333,0.4066,0.7997,0.4046,0.7865,0.3129,Failing,1
fix_failing_calm,2138,7.4500,0.4176,0.8100,0.4048,0.7867,0.3132,Failing,1
fix_failing_calm,2139,7.4667,0.4288,0.8195,0.4052,0.7869,0.3135,Failing,1
fix_failing_calm,2140,7.4833,0.4402,0.8325,0.4058,0.7873,0.3138,Failing,1
fix_failing_calm,2141,7.5000,0.4517,0.8449,0.4066,0.7878,0.3141,Failing,1
fix_failing_calm,2142,7.5167,0.4633,0.8544,0.4075,0.7884,0.3144,Failing,1
fix_failing_calm,2143,7.5333,0.4749,0.8662,0.4086,0.7890,0.3147,Failing,1
fix_failing_calm,2144,7.5500,0.4865,0.8798,0.4099,0.7898,0.3150,Failing,1
fix_failing_calm,2145,7.5667,0.4981,0.8901,0.4113,0.7906,0.3153,Failing,1
fix_failing_calm,2146,7.5833,0.5096,0.9003,0.4130,0.7915,0.3156,Failing,1
fix_failing_calm,2147,7.6000,0.5211,0.9137,0.4148,0.7925,0.3159,Failing,1
fix_failing_calm,2148,7.6167,0.5323,0.9253,0.4167,0.7936,0.3162,Failing,1
fix_failing_calm,2149,7.6333,0.5435,0.9343,0.4188,0.7948,0.3165,Failing,1
fix_failing_calm,2150,7.6500,0.5544,0.9460,0.4210,0.7960,0.3167,Failing,1
fix_failing_calm,2151,7.6667,0.5651,0.9584,0.4234,0.7974,0.3170,Failing,1
fix_failing_calm,2152,7.6833,0.5755,0.9672,0.4259,0.7988,0.3173,Failing,1
fix_failing_calm,2153,7.7000,0.5856,0.9765,0.4286,0.8003,0.3175,Failing,1
fix_failing_calm,2154,7.7167,0.5954,0.9883,0.4313,0.8018,0.3178,Failing,1
fix_failing_calm,2155,7.7333,0.6048,0.9975,0.4342,0.8035,0.3181,Failing,1
fix_failing_calm,2156,7.7500,0.6139,1.0000,0.4372,0.8051,0.3183,Failing,1
fix_failing_calm,2157,7.7667,0.6225,1.0000,0.4402,0.8067,0.3186,Failing,1
fix_failing_calm,2158,7.7833,0.6307,1.0000,0.4434,0.8083,0.3188,Failing,1
fix_failing_calm,2159,7.8000,0.6384,1.0000,0.4466,0.8099,0.3191,Failing,1
fix_failing_calm,2160,7.8167,0.6456,1.0000,0.4499,0.8115,0.3193,Failing,1
fix_failing_calm,2161,7.8333,0.6524,1.0000,0.4532,0.8130,0.3195,Failing,1
fix_failing_calm,2162,7.8500,0.6586,1.0000,0.4566,0.8146,0.3197,Failing,1
fix_failing_calm,2163,7.8667,0.6642,1.0000,0.4601,0.8161,0.3200,Failing,1
fix_failing_calm,2164,7.8833,0.6693,1.0000,0.4635,0.8177,0.3202,Failing,1
fix_failing_calm,2165,7.9000,0.6739,1.0000,0.4670,0.8192,0.3204,Failing,1
fix_failing_calm,2166,7.9167,0.6778,1.0000,0.4705,0.8207,0.3206,Failing,1
fix_failing_calm,2167,7.9333,0.6812,1.0000,0.4740,0.8222,0.3208,Failing,1
fix_failing_calm,2168,7.9500,0.6840,1.0000,0.4774,0.8236,0.3210,Failing,1
fix_failing_calm,2169,7.9667,0.6861,1.0000,0.4809,0.8251,0.3212,Failing,1
fix_failing_calm,2170,7.9833,0.6877,1.0000,0.4843,0.8265,0.3214,Failing,1
fix_failing_calm,2171,8.0000,0.6887,1.0000,0.4877,0.8280,0.3215,Failing,1
fix_failing_calm,2172,8.0167,0.6890,1.0000,0.4910,0.8294,0.3217,Failing,1
fix_failing_calm,2173,8.0333,0.6888,1.0000,0.4943,0.8308,0.3219,Failing,1
fix_failing_calm,2174,8.0500,0.6879,1.0000,0.4975,0.8322,0.3220,Failing,1
fix_failing_calm,2175,8.0667,0.6865,1.0000,0.5006,0.8336,0.3222,Failing,1
fix_failing_calm,2176,8.0833,0.6844,1.0000,0.5036,0.8350,0.3224,Failing,1
fix_failing_calm,2177,8.1000,0.6819,1.0000,0.5066,0.8364,0.3225,Failing,1
fix_failing_calm,2178,8.1167,0.6787,1.0000,0.5094,0.8377,0.3227,Failing,1
fix_failing_calm,2179,8.1333,0.6750,1.0000,0.5122,0.8391,0.3228,Failing,1
fix_failing_calm,2180,8.1500,0.6708,1.0000,0.5148,0.8404,0.3229,Failing,1
fix_failing_calm,2181,8.1667,0.6660,1.0000,0.5173,0.8417,0.3231,Failing,1
fix_failing_calm,2182,8.1833,0.6608,1.0000,0.5197,0.8431,0.3232,Failing,1
fix_failing_calm,2183,8.2000,0.6551,1.0000,0.5219,0.8444,0.3233,Failing,1
fix_failing_calm,2184,8.2167,0.6490,1.0000,0.5240,0.8457,0.3234,Failing,1
fix_failing_calm,2185,8.2333,0.6424,1.0000,0.5260,0.8469,0.3235,Failing,1
fix_failing_calm,2186,8.2500,0.6354,1.0000,0.5278,0.8482,0.3236,Failing,1
fix_failing_calm,2187,8.2667,0.6281,1.0000,0.5294,0.8495,0.3237,Failing,1
fix_failing_calm,2188,8.2833,0.6204,1.0000,0.5309,0.8507,0.3238,Failing,1
fix_failing_calm,2189,8.3000,0.6124,1.0000,0.5323,0.8519,0.3239,Failing,1
fix_failing_calm,2190,8.3167,0.6040,0.9951,0.5335,0.8531,0.3240,Failing,1
fix_failing_calm,2191,8.3333,0.5955,0.9868,0.5345,0.8542,0.3241,Failing,1
fix_failing_calm,2192,8.3500,0.5866,0.9799,0.5354,0.8553,0.3242,Failing,1
fix_failing_calm,2193,8.3667,0.5776,0.9696,0.5360,0.8562,0.3243,Failing,1
fix_failing_calm,2194,8.3833,0.5684,0.9591,0.5366,0.8571,0.3243,Failing,1
fix_failing_calm,2195,8.4000,0.5591,0.9517,0.5370,0.8579,0.3244,Failing,1
fix_failing_calm,2196,8.4167,0.5496,0.9425,0.5372,0.8586,0.3245,Failing,1
fix_failing_calm,2197,8.4333,0.5400,0.9309,0.5372,0.8592,0.3245,Failing,1
fix_failing_calm,2198,8.4500,0.5304,0.9221,0.5371,0.8597,0.3246,Failing,1
fix_failing_calm,2199,8.4667,0.5208,0.9141,0.5368,0.8602,0.3246,Failing,1
fix_failing_calm,2200,8.4833,0.5112,0.9028,0.5364,0.8605,0.3247,Failing,1
fix_failing_calm,2201,8.5000,0.5016,0.8924,0.5358,0.8608,0.3247,Failing,1
fix_failing_calm,2202,8.5167,0.4921,0.8850,0.5351,0.8610,0.3247,Failing,1
fix_failing_calm,2203,8.5333,0.4826,0.8753,0.5342,0.8611,0.3248,Failing,1
fix_failing_calm,2204,8.5500,0.4733,0.8640,0.5332,0.8611,0.3248,Failing,1
fix_failing_calm,2205,8.5667,0.4641,0.8561,0.5321,0.8596,0.3248,Failing,1
fix_failing_calm,2206,8.5833,0.4551,0.8484,0.5308,0.8580,0.3249,Failing,1
fix_failing_calm,2207,8.6000,0.4463,0.8376,0.5294,0.8565,0.3249,Failing,1
fix_failing_calm,2208,8.6167,0.4377,0.8288,0.5279,0.8550,0.3249,Failing,1
fix_failing_calm,2209,8.6333,0.4293,0.8225,0.5263,0.8535,0.3249,Failing,1
fix_failing_calm,2210,8.6500,0.4212,0.8136,0.5245,0.8519,0.3249,Failing,1
fix_failing_calm,2211,8.6667,0.4134,0.8041,0.5227,0.8504,0.3249,Failing,1
fix_failing_calm,2212,8.6833,0.4059,0.7983,0.5208,0.8489,0.3249,Failing,1
fix_failing_calm,2213,8.7000,0.3987,0.7919,0.5188,0.8474,0.3249,Failing,1
fix_failing_calm,2214,8.7167,0.3919,0.7829,0.5167,0.8459,0.3249,Failing,1
fix_failing_calm,2215,8.7333,0.3854,0.7767,0.5145,0.8445,0.3249,Failing,1
fix_failing_calm,2216,8.7500,0.3792,0.7725,0.5123,0.8430,0.3249,Failing,1
fix_failing_calm,2217,8.7667,0.3735,0.7654,0.5100,0.8415,0.3249,Failing,1
fix_failing_calm,2218,8.7833,0.3681,0.7588,0.5076,0.8400,0.3249,Failing,1
fix_failing_calm,2219,8.8000,0.3631,0.7558,0.5052,0.8386,0.3249,Failing,1
fix_failing_calm,2220,8.8167,0.3585,0.7514,0.5028,0.8371,0.3249,Failing,1
fix_failing_calm,2221,8.8333,0.3544,0.7452,0.5003,0.8356,0.3249,Failing,1
fix_failing_calm,2222,8.8500,0.3506,0.7423,0.4979,0.8342,0.3249,Failing,1
fix_failing_calm,2223,8.8667,0.3473,0.7406,0.4954,0.8327,0.3249,Failing,1
fix_failing_calm,2224,8.8833,0.3443,0.7360,0.4929,0.8313,0.3249,Failing,1
fix_failing_calm,2225,8.9000,0.3419,0.7327,0.4904,0.8299,0.3249,Failing,1
fix_failing_calm,2226,8.9167,0.3398,0.7327,0.4879,0.8284,0.3249,Failing,1
fix_failing_calm,2227,8.9333,0.3381,0.7307,0.4854,0.8270,0.3249,Failing,1
fix_failing_calm,2228,8.9500,0.3369,0.7276,0.4830,0.8256,0.3249,Failing,1
fix_failing_calm,2229,8.9667,0.3360,0.7281,0.4805,0.8242,0.3249,Failing,1
fix_failing_calm,2230,8.9833,0.3356,0.7289,0.4781,0.8227,0.3249,Failing,1
fix_failing_calm,2231,9.0000,0.3356,0.7268,0.4758,0.8213,0.3249,Failing,1
fix_failing_calm,2232,9.0167,0.3359,0.7270,0.4735,0.8199,0.3249,Failing,1
fix_failing_calm,2233,9.0333,0.3366,0.7298,0.4712,0.8185,0.3249,Failing,1
fix_failing_calm,2234,9.0500,0.3377,0.7300,0.4690,0.8171,0.3249,Failing,1
fix_failing_calm,2235,9.0667,0.3392,0.7299,0.4669,0.8157,0.3249,Failing,1
fix_failing_calm,2236,9.0833,0.3410,0.7334,0.4648,0.8144,0.3249,Failing,1
fix_failing_calm,2237,9.1000,0.3432,0.7363,0.4628,0.8130,0.3249,Failing,1
fix_failing_calm,2238,9.1167,0.3456,0.7366,0.4608,0.8116,0.3249,Failing,1
fix_failing_calm,2239,9.1333,0.3484,0.7398,0.4590,0.8102,0.3249,Failing,1
fix_failing_calm,2240,9.1500,0.3515,0.7448,0.4572,0.8089,0.3249,Failing,1
fix_failing_calm,2241,9.1667,0.3548,0.7467,0.4555,0.8075,0.3249,Failing,1
fix_failing_calm,2242,9.1833,0.3584,0.7491,0.4539,0.8062,0.3249,Failing,1
fix_failing_calm,2243,9.2000,0.3623,0.7550,0.4524,0.8048,0.3249,Failing,1
fix_failing_calm,2244,9.2167,0.3663,0.7592,0.4510,0.8035,0.3249,Failing,1
fix_failing_calm,2245,9.2333,0.2594,0.6503,0.4478,0.8021,0.3249,Failing,1
fix_failing_calm,2246,9.2500,0.2626,0.6543,0.4447,0.8008,0.3249,Failing,1
fix_failing_calm,2247,9.2667,0.2659,0.6592,0.4418,0.7994,0.3249,Failing,1
fix_failing_calm,2248,9.2833,0.2693,0.6608,0.4389,0.7981,0.3249,Failing,1
fix_failing_calm,2249,9.3000,0.2728,0.6636,0.4362,0.7968,0.3249,Failing,1
fix_failing_calm,2250,9.3167,0.2763,0.6693,0.4335,0.7955,0.3249,Failing,1
fix_failing_calm,2251,9.3333,0.2800,0.6726,0.4310,0.7942,0.3249,Failing,1
fix_failing_calm,2252,9.3500,0.2837,0.6744,0.4286,0.7928,0.3249,Failing,1
fix_failing_calm,2253,9.3667,0.2875,0.6796,0.4262,0.7915,0.3249,Failing,1
fix_failing_calm,2254,9.3833,0.2914,0.6846,0.4240,0.7902,0.3249,Failing,1
fix_failing_calm,2255,9.4000,0.2953,0.6865,0.4219,0.7889,0.3249,Failing,1
fix_failing_calm,2256,9.4167,0.2992,0.6903,0.4199,0.7876,0.3249,Failing,1
fix_failing_calm,2257,9.4333,0.3031,0.6963,0.4179,0.7863,0.3250,Failing,1
fix_failing_calm,2258,9.4500,0.3070,0.6993,0.4161,0.7851,0.3252,Failing,1
fix_failing_calm,2259,9.4667,0.3109,0.7016,0.4144,0.7838,0.3254,Failing,1
fix_failing_calm,2260,9.4833,0.3149,0.7073,0.4127,0.7825,0.3256,Failing,1
fix_failing_calm,2261,9.5000,0.3187,0.7119,0.4112,0.7812,0.3259,Failing,1
fix_failing_calm,2262,9.5167,0.4609,0.8519,0.4120,0.7818,0.3261,Failing,1
fix_failing_calm,2263,9.5333,0.4663,0.8577,0.4129,0.7824,0.3263,Failing,1
fix_failing_calm,2264,9.5500,0.4717,0.8650,0.4138,0.7831,0.3265,Failing,1
fix_failing_calm,2265,9.5667,0.4770,0.8689,0.4149,0.7838,0.3268,Failing,1
fix_failing_calm,2266,9.5833,0.4822,0.8730,0.4160,0.7846,0.3270,Failing,1
fix_failing_calm,2267,9.6000,0.4873,0.8801,0.4172,0.7854,0.3272,Failing,1
fix_failing_calm,2268,9.6167,0.4923,0.8852,0.4184,0.7862,0.3274,Failing,1
fix_failing_calm,2269,9.6333,0.4972,0.8880,0.4197,0.7870,0.3276,Failing,1
fix_failing_calm,2270,9.6500,0.5020,0.8937,0.4211,0.7879,0.3278,Failing,1
fix_failing_calm,2271,9.6667,0.5066,0.9000,0.4225,0.7889,0.3280,Failing,1
fix_failing_calm,2272,9.6833,0.5111,0.9027,0.4240,0.7898,0.3282,Failing,1
fix_failing_calm,2273,9.7000,0.5155,0.9064,0.4255,0.7908,0.3284,Failing,1
fix_failing_calm,2274,9.7167,0.5197,0.9127,0.4270,0.7918,0.3287,Failing,1
fix_failing_calm,2275,9.7333,0.5237,0.9163,0.4286,0.7928,0.3288,Failing,1
fix_failing_calm,2276,9.7500,0.5275,0.9182,0.4303,0.7939,0.3290,Failing,1
fix_failing_calm,2277,9.7667,0.5312,0.9233,0.4319,0.7949,0.3292,Failing,1
fix_failing_calm,2278,9.7833,0.5348,0.9280,0.4336,0.7960,0.3294,Failing,1
fix_failing_calm,2279,9.8000,0.5381,0.9294,0.4354,0.7971,0.3296,Failing,1
fix_failing_calm,2280,9.8167,0.5413,0.9324,0.4371,0.7983,0.3298,Failing,1
fix_failing_calm,2281,9.8333,0.5442,0.9374,0.4389,0.7994,0.3300,Failing,1
fix_failing_calm,2282,9.8500,0.5470,0.9393,0.4407,0.8006,0.3301,Failing,1
fix_failing_calm,2283,9.8667,0.5496,0.9403,0.4425,0.8017,0.3303,Failing,1
fix_failing_calm,2284,9.8833,0.5520,0.9445,0.4443,0.8029,0.3305,Failing,1
fix_failing_calm,2285,9.9000,0.5542,0.9473,0.4461,0.8041,0.3306,Failing,1
fix_failing_calm,2286,9.9167,0.5562,0.9472,0.4479,0.8053,0.3308,Failing,1
fix_failing_calm,2287,9.9333,0.5580,0.9494,0.4497,0.8065,0.3310,Failing,1
fix_failing_calm,2288,9.9500,0.5596,0.9529,0.4516,0.8077,0.3311,Failing,1
fix_failing_calm,2289,9.9667,0.5610,0.9529,0.4534,0.8089,0.3313,Failing,1
fix_failing_calm,2290,9.9833,0.5622,0.9529,0.4552,0.8101,0.3314,Failing,1
fix_failing_calm,2291,10.0000,0.5632,0.9559,0.4569,0.8113,0.3315,Failing,1
fix_failing_calm,2292,10.0167,0.5640,0.9568,0.4587,0.8125,0.3317,Failing,1
fix_failing_calm,2293,10.0333,0.5645,0.9553,0.4605,0.8137,0.3318,Failing,1
fix_failing_calm,2294,10.0500,0.5649,0.9566,0.4622,0.8149,0.3319,Failing,1
fix_failing_calm,2295,10.0667,0.5650,0.9583,0.4639,0.8161,0.3320,Failing,1
fix_failing_calm,2296,10.0833,0.5650,0.9565,0.4656,0.8173,0.3322,Failing,1
fix_failing_calm,2297,10.1000,0.5647,0.9556,0.4672,0.8184,0.3323,Failing,1
fix_failing_calm,2298,10.1167,0.5642,0.9572,0.4688,0.8196,0.3324,Failing,1
fix_failing_calm,2299,10.1333,0.5635,0.9561,0.4704,0.8207,0.3325,Failing,1
fix_failing_calm,2300,10.1500,0.5626,0.9533,0.4719,0.8218,0.3326,Failing,1
fix_failing_calm,2301,10.1667,0.5615,0.9536,0.4734,0.8229,0.3327,Failing,1
fix_failing_calm,2302,10.1833,0.5602,0.9534,0.4748,0.8240,0.3328,Failing,1
fix_failing_calm,2303,10.2000,0.5586,0.9499,0.4762,0.8250,0.3328,Failing,1
fix_failing_calm,2304,10.2167,0.5569,0.9480,0.4775,0.8260,0.3329,Failing,1
fix_failing_calm,2305,10.2333,0.5549,0.9482,0.4788,0.8271,0.3330,Failing,1
fix_failing_calm,2306,10.2500,0.5528,0.9450,0.4800,0.8280,0.3331,Failing,1
fix_failing_calm,2307,10.2667,0.5504,0.9411,0.4812,0.8290,0.3331,Failing,1
fix_failing_calm,2308,10.2833,0.5479,0.9403,0.4823,0.8299,0.3332,Failing,1
fix_failing_calm,2309,10.3000,0.5451,0.9382,0.4833,0.8308,0.3333,Failing,1
fix_failing_calm,2310,10.3167,0.5422,0.9332,0.4843,0.8316,0.3333,Failing,1
fix_failing_calm,2311,10.3333,0.5390,0.9305,0.4852,0.8325,0.3334,Failing,1
fix_failing_calm,2312,10.3500,0.5357,0.9290,0.4860,0.8333,0.3334,Failing,1
fix_failing_calm,2313,10.3667,0.5322,0.9241,0.4868,0.8340,0.3335,Failing,1
fix_failing_calm,2314,10.3833,0.5285,0.9192,0.4875,0.8347,0.3335,Failing,1
fix_failing_calm,2315,10.4000,0.5246,0.9174,0.4881,0.8354,0.3335,Failing,1
fix_failing_calm,2316,10.4167,0.5205,0.9134,0.4886,0.8361,0.3336,Failing,1
fix_failing_calm,2317,10.4333,0.5163,0.9071,0.4891,0.8367,0.3336,Failing,1
fix_failing_calm,2318,10.4500,0.5119,0.9037,0.4895,0.8372,0.3336,Failing,1
fix_failing_calm,2319,10.4667,0.5074,0.9007,0.4898,0.8377,0.3336,Failing,1
fix_failing_calm,2320,10.4833,0.5027,0.8942,0.4900,0.8382,0.3336,Failing,1
fix_failing_calm,2321,10.5000,0.4979,0.8888,0.4901,0.8386,0.3337,Failing,1
fix_failing_calm,2322,10.5167,0.4929,0.8859,0.4902,0.8390,0.3337,Failing,1
fix_failing_calm,2323,10.5333,0.4878,0.8804,0.4901,0.8394,0.3337,Failing,1
fix_failing_calm,2324,10.5500,0.4826,0.8733,0.4900,0.8396,0.3337,Failing,1
fix_failing_calm,2325,10.5667,0.4773,0.8694,0.4898,0.8399,0.3337,Failing,1
fix_failing_calm,2326,10.5833,0.4719,0.8651,0.4895,0.8401,0.3337,Failing,1
fix_failing_calm,2327,10.6000,0.4664,0.8576,0.4891,0.8402,0.3337,Failing,1
fix_failing_calm,2328,10.6167,0.4608,0.8520,0.4886,0.8403,0.3337,Failing,1
fix_failing_calm,2329,10.6333,0.4552,0.8484,0.4881,0.8404,0.3337,Failing,1
fix_failing_calm,2330,10.6500,0.4495,0.8417,0.4875,0.8404,0.3337,Failing,1
fix_failing_calm,2331,10.6667,0.4438,0.8345,0.4867,0.8389,0.3337,Failing,1
fix_failing_calm,2332,10.6833,0.4381,0.8306,0.4859,0.8375,0.3337,Failing,1
fix_failing_calm,2333,10.7000,0.4323,0.8254,0.4850,0.8360,0.3337,Failing,1
fix_failing_calm,2334,10.7167,0.4266,0.8175,0.4841,0.8346,0.3337,Failing,1
fix_failing_calm,2335,10.7333,0.4209,0.8123,0.4830,0.8331,0.3337,Failing,1
fix_failing_calm,2336,10.7500,0.4152,0.8085,0.4819,0.8317,0.3337,Failing,1
fix_failing_calm,2337,10.7667,0.4095,0.8014,0.4807,0.8302,0.3337,Failing,1
fix_failing_calm,2338,10.7833,0.4040,0.7947,0.4795,0.8288,0.3337,Failing,1
fix_failing_calm,2339,10.8000,0.3985,0.7913,0.4781,0.8274,0.3337,Failing,1
fix_failing_calm,2340,10.8167,0.3931,0.7859,0.4767,0.8260,0.3337,Failing,1
fix_failing_calm,2341,10.8333,0.3879,0.7786,0.4752,0.8245,0.3337,Failing,1
fix_failing_calm,2342,10.8500,0.3827,0.7745,0.4737,0.8231,0.3337,Failing,1
fix_failing_calm,2343,10.8667,0.3778,0.7711,0.4721,0.8217,0.3337,Failing,1
fix_failing_calm,2344,10.8833,0.3729,0.7645,0.4705,0.8203,0.3337,Failing,1
fix_failing_calm,2345,10.9000,0.3683,0.7593,0.4688,0.8189,0.3337,Failing,1
fix_failing_calm,2346,10.9167,0.3639,0.7570,0.4671,0.8175,0.3337,Failing,1
fix_failing_calm,2347,10.9333,0.3597,0.7522,0.4653,0.8161,0.3337,Failing,1
fix_failing_calm,2348,10.9500,0.3558,0.7464,0.4635,0.8147,0.3337,Failing,1
fix_failing_calm,2349,10.9667,0.3520,0.7442,0.4616,0.8134,0.3337,Failing,1
fix_failing_calm,2350,10.9833,0.3486,0.7418,0.4598,0.8120,0.3337,Failing,1
fix_failing_calm,2351,11.0000,0.3455,0.7367,0.4579,0.8106,0.3337,Failing,1
fix_failing_calm,2352,11.0167,0.3426,0.7338,0.4560,0.8092,0.3337,Failing,1
fix_failing_calm,2353,11.0333,0.3401,0.7333,0.4541,0.8079,0.3337,Failing,1
fix_failing_calm,2354,11.0500,0.3379,0.7301,0.4521,0.8065,0.3337,Failing,1
fix_failing_calm,2355,11.0667,0.3360,0.7267,0.4502,0.8052,0.3337,Failing,1
fix_failing_calm,2356,11.0833,0.3345,0.7270,0.4483,0.8038,0.3337,Failing,1
fix_failing_calm,2357,11.1000,0.3334,0.7264,0.4464,0.8025,0.3337,Failing,1
fix_failing_calm,2358,11.1167,0.3326,0.7236,0.4445,0.8011,0.3337,Failing,1
fix_failing_calm,2359,11.1333,0.3323,0.7238,0.4427,0.7998,0.3337,Failing,1
fix_failing_calm,2360,11.1500,0.3323,0.7256,0.4408,0.7985,0.3337,Failing,1
fix_failing_calm,2361,11.1667,0.3327,0.7246,0.4391,0.7972,0.3337,Failing,1
fix_failing_calm,2362,11.1833,0.3336,0.7244,0.4373,0.7958,0.3337,Failing,1
fix_failing_calm,2363,11.2000,0.3349,0.7277,0.4356,0.7945,0.3337,Failing,1
fix_failing_calm,2364,11.2167,0.3366,0.7294,0.4340,0.7932,0.3337,Failing,1
fix_failing_calm,2365,11.2333,0.3387,0.7295,0.4324,0.7919,0.3337,Failing,1
fix_failing_calm,2366,11.2500,0.3413,0.7331,0.4309,0.7906,0.3337,Failing,1
fix_failing_calm,2367,11.2667,0.3443,0.7376,0.4295,0.7893,0.3337,Failing,1
fix_failing_calm,2368,11.2833,0.3477,0.7391,0.4281,0.7880,0.3337,Failing,1
fix_failing_calm,2369,11.3000,0.3515,0.7425,0.4269,0.7867,0.3337,Failing,1
fix_failing_calm,2370,11.3167,0.3558,0.7488,0.4257,0.7854,0.3337,Failing,1
fix_failing_calm,2371,11.3333,0.3605,0.7530,0.4246,0.7841,0.3337,Failing,1
fix_failing_calm,2372,11.3500,0.3655,0.7562,0.4236,0.7829,0.3337,Failing,1
fix_failing_calm,2373,11.3667,0.3710,0.7632,0.4228,0.7816,0.3337,Failing,1
fix_failing_calm,2374,11.3833,0.3769,0.7702,0.4220,0.7803,0.3337,Failing,1
fix_failing_calm,2375,11.4000,0.3832,0.7744,0.4214,0.7790,0.3337,Failing,1
fix_failing_calm,2376,11.4167,0.3898,0.7810,0.4208,0.7791,0.3337,Failing,1
fix_failing_calm,2377,11.4333,0.3968,0.7901,0.4204,0.7791,0.3337,Failing,1
fix_failing_calm,2378,11.4500,0.4042,0.7963,0.4202,0.7793,0.3337,Failing,1
fix_failing_calm,2379,11.4667,0.4118,0.8025,0.4200,0.7795,0.3337,Failing,1
fix_failing_calm,2380,11.4833,0.4198,0.8123,0.4200,0.7798,0.3337,Failing,1
fix_failing_calm,2381,11.5000,0.4280,0.8211,0.4202,0.7801,0.3337,Failing,1
fix_failing_calm,2382,11.5167,0.4366,0.8275,0.4204,0.7805,0.3337,Failing,1
fix_failing_calm,2383,11.5333,0.4453,0.8368,0.4208,0.7810,0.3337,Failing,1
fix_failing_calm,2384,11.5500,0.4543,0.8476,0.4214,0.7815,0.3337,Failing,1
fix_failing_calm,2385,11.5667,0.4635,0.8553,0.4221,0.7821,0.3337,Failing,1
fix_failing_calm,2386,11.5833,0.4728,0.8636,0.4229,0.7828,0.3337,Failing,1
fix_failing_calm,2387,11.6000,0.4823,0.8751,0.4239,0.7836,0.3337,Failing,1
fix_failing_calm,2388,11.6167,0.4919,0.8847,0.4250,0.7844,0.3337,Failing,1
fix_failing_calm,2389,11.6333,0.5016,0.8923,0.4263,0.7853,0.3337,Failing,1
fix_failing_calm,2390,11.6500,0.5113,0.9032,0.4277,0.7863,0.3337,Failing,1
fix_failing_calm,2391,11.6667,0.5211,0.9144,0.4292,0.7873,0.3337,Failing,1
fix_failing_calm,2392,11.6833,0.5309,0.9223,0.4309,0.7885,0.3337,Failing,1
fix_failing_calm,2393,11.7000,0.5406,0.9316,0.4327,0.7896,0.3337,Failing,1
fix_failing_calm,2394,11.7167,0.5503,0.9434,0.4347,0.7909,0.3337,Failing,1
fix_failing_calm,2395,11.7333,0.5599,0.9524,0.4368,0.7923,0.3337,Failing,1
fix_failing_calm,2396,11.7500,0.5693,0.9600,0.4389,0.7937,0.3337,Failing,1
fix_failing_calm,2397,11.7667,0.5787,0.9709,0.4413,0.7951,0.3337,Failing,1
fix_failing_calm,2398,11.7833,0.5878,0.9810,0.4437,0.7967,0.3337,Failing,1
fix_failing_calm,2399,11.8000,0.5967,0.9879,0.4462,0.7983,0.3337,Failing,1
fix_failing_calm,2400,11.8167,0.6054,0.9966,0.4488,0.7999,0.3337,Failing,1
fix_failing_calm,2401,11.8333,0.6138,1.0000,0.4516,0.8016,0.3337,Failing,1
fix_failing_calm,2402,11.8500,0.6219,1.0000,0.4544,0.8032,0.3337,Failing,1
fix_failing_calm,2403,11.8667,0.6297,1.0000,0.4573,0.8048,0.3337,Failing,1
fix_failing_calm,2404,11.8833,0.6371,1.0000,0.4602,0.8065,0.3337,Failing,1
fix_failing_calm,2405,11.9000,0.6441,1.0000,0.4633,0.8081,0.3337,Failing,1
fix_failing_calm,2406,11.9167,0.6507,1.0000,0.4664,0.8097,0.3337,Failing,1
fix_failing_calm,2407,11.9333,0.6569,1.0000,0.4695,0.8112,0.3337,Failing,1
fix_failing_calm,2408,11.9500,0.6627,1.0000,0.4727,0.8128,0.3337,Failing,1
fix_failing_calm,2409,11.9667,0.6679,1.0000,0.4760,0.8144,0.3337,Failing,1
fix_failing_calm,2410,11.9833,0.6727,1.0000,0.4792,0.8159,0.3337,Failing,1
fix_failing_calm,2411,12.0000,0.6769,1.0000,0.4825,0.8174,0.3337,Failing,1
fix_failing_calm,2412,12.0167,0.6806,1.0000,0.4857,0.8189,0.3337,Failing,1
fix_failing_calm,2413,12.0333,0.6837,1.0000,0.4890,0.8204,0.3337,Failing,1
fix_failing_calm,2414,12.0500,0.6863,1.0000,0.4923,0.8219,0.3294,Failing,1
fix_failing_calm,2415,12.0667,0.6883,1.0000,0.4955,0.8234,0.3293,Failing,1
fix_failing_calm,2416,12.0833,0.6897,1.0000,0.4987,0.8249,0.3292,Failing,1
fix_failing_calm,2417,12.1000,0.6905,1.0000,0.5019,0.8263,0.3291,Failing,1
fix_failing_calm,2418,12.1167,0.6908,1.0000,0.5050,0.8278,0.3290,Failing,1
fix_failing_calm,2419,12.1333,0.6904,1.0000,0.5081,0.8292,0.3289,Failing,1
fix_failing_calm,2420,12.1500,0.6894,1.0000,0.5111,0.8306,0.3288,Failing,1
fix_failing_calm,2421,12.1667,0.6878,1.0000,0.5140,0.8320,0.3287,Failing,1
fix_failing_calm,2422,12.1833,0.6855,1.0000,0.5168,0.8334,0.3286,Failing,1
fix_failing_calm,2423,12.2000,0.6827,1.0000,0.5196,0.8348,0.3284,Failing,1
fix_failing_calm,2424,12.2167,0.6793,1.0000,0.5222,0.8362,0.3283,Failing,1
fix_failing_calm,2425,12.2333,0.6753,1.0000,0.5247,0.8375,0.3282,Failing,1
fix_failing_calm,2426,12.2500,0.6707,1.0000,0.5272,0.8389,0.3281,Failing,1
fix_failing_calm,2427,12.2667,0.6655,1.0000,0.5294,0.8402,0.3279,Failing,1
fix_failing_calm,2428,12.2833,0.6598,1.0000,0.5316,0.8415,0.3278,Failing,1
fix_failing_calm,2429,12.3000,0.6535,1.0000,0.5336,0.8429,0.3277,Failing,1
fix_failing_calm,2430,12.3167,0.6467,1.0000,0.5355,0.8442,0.3275,Failing,1
fix_failing_calm,2431,12.3333,0.6394,1.0000,0.5372,0.8455,0.3274,Failing,1
fix_failing_calm,2432,12.3500,0.6317,1.0000,0.5388,0.8467,0.3273,Failing,1
fix_failing_calm,2433,12.3667,0.6234,1.0000,0.5402,0.8480,0.3271,Failing,1
fix_failing_calm,2434,12.3833,0.6147,1.0000,0.5414,0.8493,0.3270,Failing,1
fix_failing_calm,2435,12.4000,0.6056,0.9985,0.5425,0.8505,0.3268,Failing,1
fix_failing_calm,2436,12.4167,0.5962,0.9889,0.5433,0.8517,0.3266,Failing,1
fix_failing_calm,2437,12.4333,0.5863,0.9771,0.5441,0.8527,0.3265,Failing,1
fix_failing_calm,2438,12.4500,0.5762,0.9681,0.5446,0.8537,0.3263,Failing,1
fix_failing_calm,2439,12.4667,0.5657,0.9590,0.5449,0.8545,0.3262,Failing,1
fix_failing_calm,2440,12.4833,0.5550,0.9464,0.5451,0.8553,0.3260,Failing,1
fix_failing_calm,2441,12.5000,0.5441,0.9351,0.5451,0.8560,0.3258,Failing,1
fix_failing_calm,2442,12.5167,0.5329,0.9260,0.5449,0.8565,0.3257,Failing,1
fix_failing_calm,2443,12.5333,0.5216,0.9141,0.5445,0.8570,0.3255,Failing,1
fix_failing_calm,2444,12.5500,0.5102,0.9009,0.5439,0.8574,0.3253,Failing,1
fix_failing_calm,2445,12.5667,0.4987,0.8909,0.5432,0.8577,0.3251,Failing,1
fix_failing_calm,2446,12.5833,0.4871,0.8803,0.5423,0.8578,0.3250,Failing,1
fix_failing_calm,2447,12.6000,0.4755,0.8666,0.5412,0.8579,0.3248,Failing,1
fix_failing_calm,2448,12.6167,0.4639,0.8551,0.5399,0.8564,0.3246,Failing,1
fix_failing_calm,2449,12.6333,0.4523,0.8456,0.5384,0.8549,0.3244,Failing,1
fix_failing_calm,2450,12.6500,0.4409,0.8329,0.5368,0.8533,0.3242,Failing,1
fix_failing_calm,2451,12.6667,0.4295,0.8202,0.5350,0.8518,0.3240,Failing,1
fix_failing_calm,2452,12.6833,0.4183,0.8109,0.5331,0.8503,0.3238,Failing,1
fix_failing_calm,2453,12.7000,0.4073,0.8003,0.5310,0.8488,0.3236,Failing,1
fix_failing_calm,2454,12.7167,0.3965,0.7874,0.5288,0.8473,0.3234,Failing,1
fix_failing_calm,2455,12.7333,0.3860,0.7776,0.5265,0.8458,0.3232,Failing,1
fix_failing_calm,2456,12.7500,0.3758,0.7691,0.5240,0.8443,0.3230,Failing,1
fix_failing_calm,2457,12.7667,0.3659,0.7576,0.5213,0.8429,0.3228,Failing,1
fix_failing_calm,2458,12.7833,0.3563,0.7471,0.5186,0.8414,0.3226,Failing,1
fix_failing_calm,2459,12.8000,0.3471,0.7400,0.5158,0.8399,0.3224,Failing,1
fix_failing_calm,2460,12.8167,0.3383,0.7310,0.5129,0.8384,0.3222,Failing,1
fix_failing_calm,2461,12.8333,0.3299,0.7206,0.5098,0.8370,0.3220,Failing,1
fix_failing_calm,2462,12.8500,0.3220,0.7139,0.5067,0.8355,0.3218,Failing,1
fix_failing_calm,2463,12.8667,0.3145,0.7078,0.5035,0.8341,0.3216,Failing,1
fix_failing_calm,2464,12.8833,0.3075,0.6989,0.5003,0.8326,0.3214,Failing,1
fix_failing_calm,2465,12.9000,0.3011,0.6921,0.4970,0.8312,0.3211,Failing,1
fix_failing_calm,2466,12.9167,0.2951,0.6882,0.4937,0.8297,0.3209,Failing,1
fix_failing_calm,2467,12.9333,0.2897,0.6821,0.4903,0.8283,0.3207,Failing,1
fix_failing_calm,2468,12.9500,0.2849,0.6756,0.4869,0.8269,0.3205,Failing,1
fix_failing_calm,2469,12.9667,0.2806,0.6729,0.4835,0.8255,0.3203,Failing,1
fix_failing_calm,2470,12.9833,0.2769,0.6701,0.4801,0.8240,0.3201,Failing,1
fix_failing_calm,2471,13.0000,0.2738,0.6649,0.4767,0.8226,0.3199,Failing,1
fix_failing_calm,2472,13.0167,0.2713,0.6625,0.4733,0.8212,0.3197,Failing,1
fix_failing_calm,2473,13.0333,0.2693,0.6626,0.4699,0.8198,0.3196,Failing,1
fix_failing_calm,2474,13.0500,0.2680,0.6601,0.4666,0.8184,0.3195,Failing,1
fix_failing_calm,2475,13.0667,0.2672,0.6579,0.4633,0.8170,0.3194,Failing,1
fix_failing_calm,2476,13.0833,0.2671,0.6597,0.4600,0.8156,0.3194,Failing,1
fix_failing_calm,2477,13.1000,0.2675,0.6605,0.4569,0.8143,0.3194,Failing,1
fix_failing_calm,2478,13.1167,0.2685,0.6594,0.4537,0.8129,0.3195,Failing,1
fix_failing_calm,2479,13.1333,0.2701,0.6617,0.4507,0.8115,0.3195,Failing,1
fix_failing_calm,2480,13.1500,0.2722,0.6655,0.4478,0.8101,0.3196,Failing,1
fix_failing_calm,2481,13.1667,0.2749,0.6666,0.4449,0.8088,0.3197,Failing,1
fix_failing_calm,2482,13.1833,0.2781,0.6689,0.4421,0.8074,0.3199,Failing,1
fix_failing_calm,2483,13.2000,0.2818,0.6747,0.4395,0.8061,0.3200,Failing,1
fix_failing_calm,2484,13.2167,0.2861,0.6788,0.4370,0.8047,0.3202,Failing,1
fix_failing_calm,2485,13.2333,0.2908,0.6815,0.4345,0.8034,0.3204,Failing,1
fix_failing_calm,2486,13.2500,0.2960,0.6879,0.4322,0.8020,0.3206,Failing,1
fix_failing_calm,2487,13.2667,0.3016,0.6949,0.4301,0.8007,0.3208,Failing,1
fix_failing_calm,2488,13.2833,0.3077,0.6990,0.4281,0.7993,0.3211,Failing,1
fix_failing_calm,2489,13.3000,0.3141,0.7051,0.4262,0.7980,0.3213,Failing,1
fix_failing_calm,2490,13.3167,0.3209,0.7141,0.4244,0.7967,0.3215,Failing,1
fix_failing_calm,2491,13.3333,0.3281,0.7205,0.4228,0.7954,0.3218,Failing,1
fix_failing_calm,2492,13.3500,0.3356,0.7263,0.4214,0.7941,0.3220,Failing,1
fix_failing_calm,2493,13.3667,0.3434,0.7357,0.4201,0.7927,0.3222,Failing,1
fix_failing_calm,2494,13.3833,0.3514,0.7446,0.4190,0.7914,0.3225,Failing,1
fix_failing_calm,2495,13.4000,0.3597,0.7508,0.4180,0.7901,0.3227,Failing,1
fix_failing_calm,2496,13.4167,0.3682,0.7595,0.4172,0.7888,0.3229,Failing,1
fix_failing_calm,2497,13.4333,0.3769,0.7702,0.4165,0.7875,0.3232,Failing,1
fix_failing_calm,2498,13.4500,0.3858,0.7778,0.4160,0.7862,0.3234,Failing,1
fix_failing_calm,2499,13.4667,0.3947,0.7854,0.4157,0.7850,0.3236,Failing,1
fix_failing_calm,2500,13.4833,0.4038,0.7964,0.4155,0.7851,0.3239,Failing,1
fix_failing_calm,2501,13.5000,0.4129,0.8059,0.4154,0.7852,0.3241,Failing,1
fix_failing_calm,2502,13.5167,0.4221,0.8130,0.4155,0.7855,0.3243,Failing,1
fix_failing_calm,2503,13.5333,0.4313,0.8229,0.4158,0.7858,0.3245,Failing,1
fix_failing_calm,2504,13.5500,0.4404,0.8338,0.4162,0.7862,0.3248,Failing,1
fix_failing_calm,2505,13.5667,0.4496,0.8412,0.4167,0.7866,0.3250,Failing,1
fix_failing_calm,2506,13.5833,0.4586,0.8494,0.4174,0.7871,0.3252,Failing,1
fix_failing_calm,2507,13.6000,0.4675,0.8605,0.4183,0.7878,0.3254,Failing,1
fix_failing_calm,2508,13.6167,0.4764,0.8691,0.4192,0.7884,0.3256,Failing,1
fix_failing_calm,2509,13.6333,0.4850,0.8757,0.4203,0.7892,0.3259,Failing,1
fix_failing_calm,2510,13.6500,0.4935,0.8855,0.4215,0.7900,0.3261,Failing,1
fix_failing_calm,2511,13.6667,0.5018,0.8951,0.4229,0.7908,0.3263,Failing,1
fix_failing_calm,2512,13.6833,0.5099,0.9013,0.4243,0.7917,0.3265,Failing,1
fix_failing_calm,2513,13.7000,0.5178,0.9088,0.4258,0.7927,0.3267,Failing,1
fix_failing_calm,2514,13.7167,0.5253,0.9185,0.4275,0.7938,0.3269,Failing,1
fix_failing_calm,2515,13.7333,0.5327,0.9250,0.4292,0.7948,0.3271,Failing,1
fix_failing_calm,2516,13.7500,0.5397,0.9303,0.4310,0.7960,0.3273,Failing,1
fix_failing_calm,2517,13.7667,0.5464,0.9387,0.4330,0.7972,0.3275,Failing,1
fix_failing_calm,2518,13.7833,0.5528,0.9460,0.4349,0.7984,0.3277,Failing,1
fix_failing_calm,2519,13.8000,0.5589,0.9499,0.4370,0.7997,0.3279,Failing,1
fix_failing_calm,2520,13.8167,0.5646,0.9559,0.4391,0.8009,0.3281,Failing,1
fix_failing_calm,2521,13.8333,0.5699,0.9632,0.4413,0.8023,0.3282,Failing,1
fix_failing_calm,2522,13.8500,0.5749,0.9669,0.4435,0.8037,0.3284,Failing,1
fix_failing_calm,2523,13.8667,0.5795,0.9702,0.4457,0.8050,0.3286,Failing,1
fix_failing_calm,2524,13.8833,0.5838,0.9764,0.4480,0.8065,0.3288,Failing,1
fix_failing_calm,2525,13.9000,0.5876,0.9806,0.4503,0.8079,0.3289,Failing,1
fix_failing_calm,2526,13.9167,0.5911,0.9819,0.4526,0.8094,0.3291,Failing,1
fix_failing_calm,2527,13.9333,0.5942,0.9858,0.4550,0.8108,0.3292,Failing,1
fix_failing_calm,2528,13.9500,0.5968,0.9902,0.4573,0.8123,0.3294,Failing,1
fix_failing_calm,2529,13.9667,0.5991,0.9908,0.4597,0.8138,0.3295,Failing,1
fix_failing_calm,2530,13.9833,0.6010,0.9919,0.4620,0.8153,0.3297,Failing,1
fix_failing_calm,2531,14.0000,0.6026,0.9955,0.4643,0.8168,0.3298,Failing,1
fix_failing_calm,2532,14.0167,0.6037,0.9964,0.4666,0.8183,0.3299,Failing,1
fix_failing_calm,2533,14.0333,0.6044,0.9952,0.4689,0.8197,0.3301,Failing,1
fix_failing_calm,2534,14.0500,0.6048,0.9968,0.4711,0.8212,0.3302,Failing,1
fix_failing_calm,2535,14.0667,0.6048,0.9981,0.4734,0.8227,0.3303,Failing,1
fix_failing_calm,2536,14.0833,0.6045,0.9958,0.4755,0.8241,0.3304,Failing,1
fix_failing_calm,2537,14.1000,0.6038,0.9949,0.4776,0.8255,0.3305,Failing,1
fix_failing_calm,2538,14.1167,0.6028,0.9959,0.4797,0.8269,0.3306,Failing,1
fix_failing_calm,2539,14.1333,0.6014,0.9938,0.4817,0.8283,0.3307,Failing,1
fix_failing_calm,2540,14.1500,0.5997,0.9904,0.4837,0.8297,0.3308,Failing,1
fix_failing_calm,2541,14.1667,0.5977,0.9901,0.4856,0.8310,0.3309,Failing,1
fix_failing_calm,2542,14.1833,0.5955,0.9886,0.4874,0.8323,0.3310,Failing,1
fix_failing_calm,2543,14.2000,0.5929,0.9840,0.4891,0.8336,0.3311,Failing,1
fix_failing_calm,2544,14.2167,0.4131,0.8044,0.4879,0.8321,0.3312,Failing,1
fix_failing_calm,2545,14.2333,0.4109,0.8042,0.4866,0.8307,0.3312,Failing,1
fix_failing_calm,2546,14.2500,0.4086,0.8006,0.4853,0.8292,0.3313,Failing,1
fix_failing_calm,2547,14.2667,0.4061,0.7968,0.4840,0.8278,0.3314,Failing,1
fix_failing_calm,2548,14.2833,0.4034,0.7961,0.4827,0.8264,0.3314,Failing,1
fix_failing_calm,2549,14.3000,0.4007,0.7936,0.4813,0.8250,0.3315,Failing,1
fix_failing_calm,2550,14.3167,0.3978,0.7886,0.4799,0.8235,0.3315,Failing,1
fix_failing_calm,2551,14.3333,0.3947,0.7864,0.4785,0.8221,0.3316,Failing,1
fix_failing_calm,2552,14.3500,0.3916,0.7849,0.4771,0.8207,0.3316,Failing,1
fix_failing_calm,2553,14.3667,0.3884,0.7800,0.4756,0.8193,0.3317,Failing,1
fix_failing_calm,2554,14.3833,0.3851,0.7759,0.4741,0.8179,0.3317,Failing,1
fix_failing_calm,2555,14.4000,0.3817,0.7746,0.4726,0.8165,0.3317,Failing,1
fix_failing_calm,2556,14.4167,0.3782,0.7709,0.4710,0.8152,0.3318,Failing,1
fix_failing_calm,2557,14.4333,0.3747,0.7654,0.4694,0.8138,0.3318,Failing,1
fix_failing_calm,2558,14.4500,0.3711,0.7631,0.4678,0.8124,0.3318,Failing,1
fix_failing_calm,2559,14.4667,0.3675,0.7608,0.4662,0.8110,0.3318,Failing,1
fix_failing_calm,2560,14.4833,0.3639,0.7552,0.4645,0.8097,0.3319,Failing,1
fix_failing_calm,2561,14.5000,0.3602,0.7513,0.4627,0.8083,0.3319,Failing,1
fix_failing_calm,2562,14.5167,0.3566,0.7497,0.4610,0.8069,0.3319,Failing,1
fix_failing_calm,2563,14.5333,0.3529,0.7452,0.4592,0.8056,0.3319,Failing,1
fix_failing_calm,2564,14.5500,0.3492,0.7399,0.4574,0.8042,0.3319,Failing,1
fix_failing_calm,2565,14.5667,0.4937,0.8861,0.4580,0.8049,0.3319,Failing,1
fix_failing_calm,2566,14.5833,0.4885,0.8817,0.4585,0.8055,0.3319,Failing,1
fix_failing_calm,2567,14.6000,0.4834,0.8744,0.4589,0.8061,0.3319,Failing,1
fix_failing_calm,2568,14.6167,0.4783,0.8696,0.4592,0.8066,0.3319,Failing,1
fix_failing_calm,2569,14.6333,0.4733,0.8665,0.4594,0.8071,0.3319,Failing,1
fix_failing_calm,2570,14.6500,0.4683,0.8603,0.4596,0.8076,0.3319,Failing,1
fix_failing_calm,2571,14.6667,0.4634,0.8541,0.4597,0.8080,0.3319,Failing,1
fix_failing_calm,2572,14.6833,0.4586,0.8513,0.4596,0.8083,0.3319,Failing,1
fix_failing_calm,2573,14.7000,0.4539,0.8468,0.4595,0.8086,0.3319,Failing,1
fix_failing_calm,2574,14.7167,0.4493,0.8401,0.4594,0.8089,0.3319,Failing,1
fix_failing_calm,2575,14.7333,0.4448,0.8365,0.4591,0.8091,0.3319,Failing,1
fix_failing_calm,2576,14.7500,0.4404,0.8338,0.4588,0.8093,0.3319,Failing,1
fix_failing_calm,2577,14.7667,0.4362,0.8278,0.4585,0.8095,0.3319,Failing,1
fix_failing_calm,2578,14.7833,0.4321,0.8229,0.4580,0.8096,0.3319,Failing,1
fix_failing_calm,2579,14.8000,0.4281,0.8211,0.4575,0.8097,0.3319,Failing,1
fix_failing_calm,2580,14.8167,0.4243,0.8169,0.4570,0.8098,0.3319,Failing,1
fix_failing_calm,2581,14.8333,0.4206,0.8113,0.4564,0.8098,0.3319,Failing,1
fix_failing_calm,2582,14.8500,0.4170,0.8090,0.4557,0.8084,0.3319,Failing,1
fix_failing_calm,2583,14.8667,0.4136,0.8069,0.4550,0.8070,0.3319,Failing,1
fix_failing_calm,2584,14.8833,0.4104,0.8017,0.4543,0.8057,0.3319,Failing,1
fix_failing_calm,2585,14.9000,0.4073,0.7984,0.4535,0.8043,0.3319,Failing,1
fix_failing_calm,2586,14.9167,0.4044,0.7976,0.4527,0.8030,0.3319,Failing,1
fix_failing_calm,2587,14.9333,0.4017,0.7940,0.4519,0.8017,0.3319,Failing,1
fix_failing_calm,2588,14.9500,0.3992,0.7899,0.4510,0.8003,0.3319,Failing,1
fix_failing_calm,2589,14.9667,0.3968,0.7892,0.4501,0.7990,0.3319,Failing,1
fix_failing_calm,2590,14.9833,0.3947,0.7878,0.4492,0.7977,0.3319,Failing,1
fix_failing_calm,2591,15.0000,0.3927,0.7837,0.4482,0.7963,0.3319,Failing,1
fix_failing_calm,2592,15.0167,0.3909,0.7823,0.4473,0.7950,0.3319,Failing,1
fix_failing_calm,2593,15.0333,0.3893,0.7826,0.4463,0.7937,0.3319,Failing,1
fix_failing_calm,2594,15.0500,0.3879,0.7798,0.4454,0.7924,0.3319,Failing,1
fix_failing_calm,2595,15.0667,0.3867,0.7774,0.4444,0.7911,0.3319,Failing,1
fix_failing_calm,2596,15.0833,0.3857,0.7784,0.4434,0.7898,0.3319,Failing,1
fix_failing_calm,2597,15.1000,0.3849,0.7778,0.4425,0.7885,0.3319,Failing,1
fix_failing_calm,2598,15.1167,0.3843,0.7751,0.4415,0.7872,0.3319,Failing,1
fix_failing_calm,2599,15.1333,0.3840,0.7757,0.4405,0.7859,0.3319,Failing,1
fix_failing_calm,2600,15.1500,0.3838,0.7771,0.4396,0.7846,0.3319,Failing,1
fix_failing_calm,2601,15.1667,0.3839,0.7755,0.4387,0.7833,0.3319,Failing,1
fix_failing_calm,2602,15.1833,0.3841,0.7750,0.4378,0.7821,0.3319,Failing,1
fix_failing_calm,2603,15.2000,0.3846,0.7776,0.4369,0.7808,0.3319,Failing,1
fix_failing_calm,2604,15.2167,0.3853,0.7780,0.4361,0.7795,0.3319,Failing,1
fix_failing_calm,2605,15.2333,0.3863,0.7770,0.4352,0.7783,0.3319,Failing,1
fix_failing_calm,2606,15.2500,0.3874,0.7795,0.4344,0.7783,0.3319,Failing,1
fix_failing_calm,2607,15.2667,0.3888,0.7821,0.4337,0.7783,0.3319,Failing,1
fix_failing_calm,2608,15.2833,0.3904,0.7817,0.4330,0.7783,0.3319,Failing,1
fix_failing_calm,2609,15.3000,0.3923,0.7834,0.4323,0.7784,0.3319,Failing,1
fix_failing_calm,2610,15.3167,0.3943,0.7875,0.4317,0.7784,0.3319,Failing,1
fix_failing_calm,2611,15.3333,0.3966,0.7889,0.4311,0.7785,0.3319,Failing,1
fix_failing_calm,2612,15.3500,0.3991,0.7898,0.4306,0.7786,0.3319,Failing,1
fix_failing_calm,2613,15.3667,0.4018,0.7942,0.4301,0.7788,0.3319,Failing,1
fix_failing_calm,2614,15.3833,0.4048,0.7979,0.4297,0.7789,0.3319,Failing,1
fix_failing_calm,2615,15.4000,0.4079,0.7989,0.4293,0.7791,0.3319,Failing,1
fix_failing_calm,2616,15.4167,0.4113,0.8027,0.4290,0.7793,0.3319,Failing,1
fix_failing_calm,2617,15.4333,0.4149,0.8082,0.4288,0.7795,0.3319,Failing,1
fix_failing_calm,2618,15.4500,0.4187,0.8106,0.4286,0.7798,0.3319,Failing,1
fix_failing_calm,2619,15.4667,0.4227,0.8134,0.4285,0.7801,0.3319,Failing,1
fix_failing_calm,2620,15.4833,0.4268,0.8196,0.4285,0.7804,0.3319,Failing,1
fix_failing_calm,2621,15.5000,0.4312,0.8241,0.4285,0.7807,0.3319,Failing,1
fix_failing_calm,2622,15.5167,0.4358,0.8266,0.4287,0.7811,0.3319,Failing,1
fix_failing_calm,2623,15.5333,0.4406,0.8323,0.4288,0.7816,0.3319,Failing,1
fix_failing_calm,2624,15.5500,0.4455,0.8388,0.4291,0.7820,0.3319,Failing,1
fix_failing_calm,2625,15.5667,0.4506,0.8422,0.4295,0.7825,0.3319,Failing,1
fix_failing_calm,2626,15.5833,0.4558,0.8467,0.4299,0.7831,0.3319,Failing,1
fix_failing_calm,2627,15.6000,0.4612,0.8542,0.4304,0.7836,0.3319,Failing,1
fix_failing_calm,2628,15.6167,0.4667,0.8593,0.4310,0.7843,0.3319,Failing,1
fix_failing_calm,2629,15.6333,0.4724,0.8631,0.4317,0.7849,0.3319,Failing,1
fix_failing_calm,2630,15.6500,0.4781,0.8702,0.4325,0.7856,0.3319,Failing,1
fix_failing_calm,2631,15.6667,0.4840,0.8773,0.4333,0.7864,0.3319,Failing,1
fix_failing_calm,2632,15.6833,0.4900,0.8812,0.4343,0.7872,0.3319,Failing,1
fix_failing_calm,2633,15.7000,0.4960,0.8871,0.4353,0.7880,0.3319,Failing,1
fix_failing_calm,2634,15.7167,0.5021,0.8953,0.4364,0.7889,0.3319,Failing,1
fix_failing_calm,2635,15.7333,0.5082,0.9005,0.4376,0.7898,0.3319,Failing,1
fix_failing_calm,2636,15.7500,0.5144,0.9050,0.4388,0.7908,0.3319,Failing,1
fix_failing_calm,2637,15.7667,0.5206,0.9130,0.4402,0.7918,0.3319,Failing,1
fix_failing_calm,2638,15.7833,0.5267,0.9198,0.4416,0.7929,0.3319,Failing,1
fix_failing_calm,2639,15.8000,0.5329,0.9239,0.4431,0.7940,0.3319,Failing,1
fix_failing_calm,2640,15.8167,0.5390,0.9304,0.4447,0.7951,0.3319,Failing,1
fix_failing_calm,2641,15.8333,0.5451,0.9384,0.4464,0.7963,0.3319,Failing,1
fix_failing_calm,2642,15.8500,0.5511,0.9430,0.4481,0.7975,0.3319,Failing,1
fix_failing_calm,2643,15.8667,0.5570,0.9477,0.4499,0.7987,0.3319,Failing,1
fix_failing_calm,2644,15.8833,0.5628,0.9555,0.4518,0.8000,0.3319,Failing,1
fix_failing_calm,2645,15.9000,0.5685,0.9613,0.4537,0.8014,0.3319,Failing,1
fix_failing_calm,2646,15.9167,0.5740,0.9648,0.4557,0.8027,0.3319,Failing,1
fix_failing_calm,2647,15.9333,0.5794,0.9711,0.4577,0.8041,0.3319,Failing,1
fix_failing_calm,2648,15.9500,0.5845,0.9779,0.4598,0.8056,0.3319,Failing,1
fix_failing_calm,2649,15.9667,0.5895,0.9811,0.4620,0.8070,0.3319,Failing,1
fix_failing_calm,2650,15.9833,0.5942,0.9851,0.4642,0.8085,0.3319,Failing,1
fix_failing_calm,2651,16.0000,0.5987,0.9917,0.4664,0.8100,0.3319,Failing,1
fix_failing_calm,2652,16.0167,0.6030,0.9956,0.4686,0.8116,0.3319,Failing,1
fix_failing_calm,2653,16.0333,0.6069,0.9976,0.4709,0.8131,0.3319,Failing,1
fix_failing_calm,2654,16.0500,0.6106,1.0000,0.4732,0.8147,0.3319,Failing,1
fix_failing_calm,2655,16.0667,0.6140,1.0000,0.4756,0.8162,0.3319,Failing,1
fix_failing_calm,2656,16.0833,0.6170,1.0000,0.4779,0.8177,0.3319,Failing,1
fix_failing_calm,2657,16.1000,0.6197,1.0000,0.4802,0.8192,0.3319,Failing,1
fix_failing_calm,2658,16.1167,0.6220,1.0000,0.4826,0.8207,0.3319,Failing,1
fix_failing_calm,2659,16.1333,0.6240,1.0000,0.4849,0.8222,0.3257,Failing,1
fix_failing_calm,2660,16.1500,0.6255,1.0000,0.4873,0.8237,0.3256,Failing,1
fix_failing_calm,2661,16.1667,0.6267,1.0000,0.4896,0.8252,0.3254,Failing,1
fix_failing_calm,2662,16.1833,0.6274,1.0000,0.4918,0.8266,0.3253,Failing,1
fix_failing_calm,2663,16.2000,0.6278,1.0000,0.4941,0.8281,0.3251,Failing,1
fix_failing_calm,2664,16.2167,0.6277,1.0000,0.4963,0.8295,0.3250,Failing,1
fix_failing_calm,2665,16.2333,0.6271,1.0000,0.4985,0.8309,0.3248,Failing,1
fix_failing_calm,2666,16.2500,0.6262,1.0000,0.5006,0.8323,0.3247,Failing,1
fix_failing_calm,2667,16.2667,0.6247,1.0000,0.5026,0.8337,0.3245,Failing,1
fix_failing_calm,2668,16.2833,0.6228,1.0000,0.5046,0.8351,0.3243,Failing,1
fix_failing_calm,2669,16.3000,0.6205,1.0000,0.5065,0.8364,0.3242,Failing,1
fix_failing_calm,2670,16.3167,0.6177,1.0000,0.5084,0.8378,0.3240,Failing,1
fix_failing_calm,2671,16.3333,0.6144,1.0000,0.5101,0.8391,0.3238,Failing,1
fix_failing_calm,2672,16.3500,0.6107,1.0000,0.5118,0.8405,0.3237,Failing,1
fix_failing_calm,2673,16.3667,0.6066,0.9981,0.5133,0.8418,0.3235,Failing,1
fix_failing_calm,2674,16.3833,0.6019,0.9929,0.5148,0.8430,0.3233,Failing,1
fix_failing_calm,2675,16.4000,0.5969,0.9899,0.5162,0.8443,0.3231,Failing,1
fix_failing_calm,2676,16.4167,0.5914,0.9840,0.5174,0.8454,0.3229,Failing,1
fix_failing_calm,2677,16.4333,0.5855,0.9762,0.5185,0.8465,0.3228,Failing,1
fix_failing_calm,2678,16.4500,0.5792,0.9713,0.5195,0.8475,0.3226,Failing,1
fix_failing_calm,2679,16.4667,0.5725,0.9657,0.5204,0.8485,0.3224,Failing,1
fix_failing_calm,2680,16.4833,0.5654,0.9566,0.5212,0.8494,0.3222,Failing,1
fix_failing_calm,2681,16.5000,0.5579,0.9491,0.5218,0.8502,0.3220,Failing,1
fix_failing_calm,2682,16.5167,0.5501,0.9433,0.5222,0.8510,0.3218,Failing,1
fix_failing_calm,2683,16.5333,0.5420,0.9342,0.5226,0.8517,0.3216,Failing,1
fix_failing_calm,2684,16.5500,0.5335,0.9242,0.5227,0.8523,0.3214,Failing,1
fix_failing_calm,2685,16.5667,0.5248,0.9173,0.5228,0.8528,0.3212,Failing,1
fix_failing_calm,2686,16.5833,0.5158,0.9089,0.5227,0.8533,0.3210,Failing,1
fix_failing_calm,2687,16.6000,0.5065,0.8975,0.5224,0.8537,0.3208,Failing,1
fix_failing_calm,2688,16.6167,0.4971,0.8885,0.5220,0.8540,0.3206,Failing,1
fix_failing_calm,2689,16.6333,0.4874,0.8807,0.5214,0.8542,0.3203,Failing,1
fix_failing_calm,2690,16.6500,0.4776,0.8695,0.5207,0.8543,0.3201,Failing,1
fix_failing_calm,2691,16.6667,0.4677,0.8584,0.5198,0.8544,0.3199,Failing,1
fix_failing_calm,2692,16.6833,0.4576,0.8504,0.5188,0.8528,0.3197,Failing,1
fix_failing_calm,2693,16.7000,0.4475,0.8403,0.5176,0.8513,0.3195,Failing,1
fix_failing_calm,2694,16.7167,0.4373,0.8281,0.5163,0.8498,0.3193,Failing,1
fix_failing_calm,2695,16.7333,0.4271,0.8189,0.5148,0.8483,0.3190,Failing,1
fix_failing_calm,2696,16.7500,0.4169,0.8103,0.5132,0.8468,0.3188,Failing,1
fix_failing_calm,2697,16.7667,0.4068,0.7983,0.5114,0.8453,0.3186,Failing,1
fix_failing_calm,2698,16.7833,0.3968,0.7877,0.5095,0.8438,0.3183,Failing,1
fix_failing_calm,2699,16.8000,0.3868,0.7799,0.5075,0.8424,0.3181,Failing,1
fix_failing_calm,2700,16.8167,0.3770,0.7696,0.5053,0.8409,0.3179,Failing,1
fix_failing_calm,2701,16.8333,0.3674,0.7581,0.5031,0.8394,0.3176,Failing,1
fix_failing_calm,2702,16.8500,0.3580,0.7502,0.5007,0.8379,0.3174,Failing,1
fix_failing_calm,2703,16.8667,0.3489,0.7421,0.4982,0.8365,0.3172,Failing,1
fix_failing_calm,2704,16.8833,0.3400,0.7312,0.4955,0.8350,0.3169,Failing,1
fix_failing_calm,2705,16.9000,0.3314,0.7225,0.4928,0.8336,0.3167,Failing,1
fix_failing_calm,2706,16.9167,0.3231,0.7163,0.4900,0.8321,0.3165,Failing,1
fix_failing_calm,2707,16.9333,0.3152,0.7074,0.4871,0.8307,0.3162,Failing,1
fix_failing_calm,2708,16.9500,0.3077,0.6983,0.4842,0.8293,0.3160,Failing,1
fix_failing_calm,2709,16.9667,0.3006,0.6930,0.4811,0.8278,0.3157,Failing,1
fix_failing_calm,2710,16.9833,0.2939,0.6869,0.4780,0.8264,0.3155,Failing,1
fix_failing_calm,2711,17.0000,0.2877,0.6786,0.4749,0.8250,0.3153,Failing,1
fix_failing_calm,2712,17.0167,0.2819,0.6734,0.4717,0.8236,0.3150,Failing,1
fix_failing_calm,2713,17.0333,0.2767,0.6700,0.4685,0.8222,0.3148,Failing,1
fix_failing_calm,2714,17.0500,0.2720,0.6638,0.4652,0.8208,0.3146,Failing,1
fix_failing_calm,2715,17.0667,0.2678,0.6586,0.4620,0.8194,0.3145,Failing,1
fix_failing_calm,2716,17.0833,0.1849,0.5777,0.4574,0.8180,0.3144,Failing,1
fix_failing_calm,2717,17.1000,0.1828,0.5756,0.4528,0.8166,0.3144,Failing,1
fix_failing_calm,2718,17.1167,0.1811,0.5719,0.4484,0.8152,0.3145,Failing,1
fix_failing_calm,2719,17.1333,0.1798,0.5716,0.4439,0.8138,0.3146,Failing,1
fix_failing_calm,2720,17.1500,0.1789,0.5722,0.4395,0.8124,0.3147,Failing,1
fix_failing_calm,2721,17.1667,0.1784,0.5699,0.4352,0.8110,0.3149,Failing,1
fix_failing_calm,2722,17.1833,0.1784,0.5694,0.4310,0.8097,0.3152,Failing,1
fix_failing_calm,2723,17.2000,0.1788,0.5719,0.4268,0.8083,0.3155,Failing,1
fix_failing_calm,2724,17.2167,0.1797,0.5722,0.4227,0.8070,0.3158,Failing,1
fix_failing_calm,2725,17.2333,0.1810,0.5717,0.4187,0.8056,0.3162,Failing,1
fix_failing_calm,2726,17.2500,0.1827,0.5748,0.4148,0.8042,0.3166,Failing,1
fix_failing_calm,2727,17.2667,0.1848,0.5780,0.4110,0.8029,0.3171,Failing,1
fix_failing_calm,2728,17.2833,0.1874,0.5786,0.4073,0.8016,0.3175,Failing,1
fix_failing_calm,2729,17.3000,0.1904,0.5815,0.4037,0.8002,0.3181,Failing,1
fix_failing_calm,2730,17.3167,0.1937,0.5870,0.4003,0.7989,0.3186,Failing,1
fix_failing_calm,2731,17.3333,0.1975,0.5897,0.3969,0.7976,0.3191,Failing,1
fix_failing_calm,2732,17.3500,0.2017,0.5924,0.3937,0.7962,0.3197,Failing,1
fix_failing_calm,2733,17.3667,0.2062,0.5987,0.3906,0.7949,0.3203,Failing,1
fix_failing_calm,2734,17.3833,0.2111,0.6042,0.3876,0.7936,0.3209,Failing,1
fix_failing_calm,2735,17.4000,0.2164,0.6073,0.3848,0.7923,0.3215,Failing,1
fix_failing_calm,2736,17.4167,0.2220,0.6135,0.3821,0.7910,0.3221,Failing,1
fix_failing_calm,2737,17.4333,0.3255,0.7188,0.3812,0.7897,0.3227,Failing,1
fix_failing_calm,2738,17.4500,0.3344,0.7262,0.3804,0.7884,0.3233,Failing,1
fix_failing_calm,2739,17.4667,0.3436,0.7344,0.3798,0.7871,0.3240,Failing,1
fix_failing_calm,2740,17.4833,0.3532,0.7460,0.3793,0.7858,0.3246,Failing,1
fix_failing_calm,2741,17.5000,0.3632,0.7560,0.3791,0.7845,0.3252,Failing,1
fix_failing_calm,2742,17.5167,0.3734,0.7642,0.3790,0.7833,0.3258,Failing,1
fix_failing_calm,2743,17.5333,0.3840,0.7758,0.3791,0.7820,0.3264,Failing,1
fix_failing_calm,2744,17.5500,0.3948,0.7881,0.3793,0.7820,0.3270,Failing,1
fix_failing_calm,2745,17.5667,0.4058,0.7972,0.3798,0.7822,0.3276,Failing,1
fix_failing_calm,2746,17.5833,0.4169,0.8079,0.3804,0.7824,0.3282,Failing,1
fix_failing_calm,2747,17.6000,0.4282,0.8213,0.3812,0.7827,0.3288,Failing,1
fix_failing_calm,2748,17.6167,0.4397,0.8322,0.3821,0.7831,0.3294,Failing,1
fix_failing_calm,2749,17.6333,0.4512,0.8418,0.3833,0.7836,0.3300,Failing,1
fix_failing_calm,2750,17.6500,0.4627,0.8549,0.3846,0.7842,0.3306,Failing,1
fix_failing_calm,2751,17.6667,0.4742,0.8674,0.3861,0.7849,0.3312,Failing,1
fix_failing_calm,2752,17.6833,0.4857,0.8769,0.3877,0.7856,0.3317,Failing,1
fix_failing_calm,2753,17.7000,0.4971,0.8883,0.3895,0.7865,0.3323,Failing,1
fix_failing_calm,2754,17.7167,0.5084,0.9017,0.3915,0.7874,0.3329,Failing,1
fix_failing_calm,2755,17.7333,0.5196,0.9118,0.3936,0.7885,0.3335,Failing,1
fix_failing_calm,2756,17.7500,0.5306,0.9213,0.3959,0.7896,0.3340,Failing,1
fix_failing_calm,2757,17.7667,0.5414,0.9340,0.3983,0.7908,0.3346,Failing,1
fix_failing_calm,2758,17.7833,0.5520,0.9450,0.4008,0.7921,0.3351,Failing,1
fix_failing_calm,2759,17.8000,0.5623,0.9532,0.4035,0.7934,0.3357,Failing,1
fix_failing_calm,2760,17.8167,0.5723,0.9638,0.4063,0.7948,0.3362,Failing,1
fix_failing_calm,2761,17.8333,0.5819,0.9753,0.4092,0.7963,0.3368,Failing,1
fix_failing_calm,2762,17.8500,0.5913,0.9831,0.4122,0.7979,0.3373,Failing,1
fix_failing_calm,2763,17.8667,0.6002,0.9910,0.4153,0.7995,0.3378,Failing,1
fix_failing_calm,2764,17.8833,0.6087,1.0000,0.4185,0.8011,0.3383,Failing,1
fix_failing_calm,2765,17.9000,0.6168,1.0000,0.4218,0.8028,0.3389,Failing,1
fix_failing_calm,2766,17.9167,0.6244,1.0000,0.4251,0.8044,0.3394,Failing,1
fix_failing_calm,2767,17.9333,0.6316,1.0000,0.4285,0.8060,0.3399,Failing,1
fix_failing_calm,2768,17.9500,0.6383,1.0000,0.4320,0.8076,0.3404,Failing,1
fix_failing_calm,2769,17.9667,0.6444,1.0000,0.4355,0.8092,0.3408,Failing,1
fix_failing_calm,2770,17.9833,0.6501,1.0000,0.4391,0.8108,0.3413,Failing,1
fix_failing_calm,2771,18.0000,0.6552,1.0000,0.4426,0.8124,0.3418,Failing,1
fix_failing_calm,2772,18.0167,0.6597,1.0000,0.4462,0.8139,0.3423,Failing,1
fix_failing_calm,2773,18.0333,0.6637,1.0000,0.4498,0.8155,0.3427,Failing,1
fix_failing_calm,2774,18.0500,0.6671,1.0000,0.4534,0.8170,0.3432,Failing,1
fix_failing_calm,2775,18.0667,0.6700,1.0000,0.4570,0.8185,0.3436,Failing,1
fix_failing_calm,2776,18.0833,0.6723,1.0000,0.4605,0.8200,0.3441,Failing,1
fix_failing_calm,2777,18.1000,0.6740,1.0000,0.4641,0.8215,0.3445,Failing,1
fix_failing_calm,2778,18.1167,0.6751,1.0000,0.4676,0.8230,0.3449,Failing,1
fix_failing_calm,2779,18.1333,0.6757,1.0000,0.4710,0.8245,0.3453,Failing,1
fix_failing_calm,2780,18.1500,0.6757,1.0000,0.4744,0.8259,0.3457,Failing,1
fix_failing_calm,2781,18.1667,0.6751,1.0000,0.4777,0.8274,0.3461,Failing,1
fix_failing_calm,2782,18.1833,0.6740,1.0000,0.4809,0.8288,0.3465,Failing,1
fix_failing_calm,2783,18.2000,0.6723,1.0000,0.4841,0.8302,0.3469,Failing,1
fix_failing_calm,2784,18.2167,0.6701,1.0000,0.4872,0.8317,0.3473,Failing,1
fix_failing_calm,2785,18.2333,0.6673,1.0000,0.4902,0.8330,0.3477,Failing,1
fix_failing_calm,2786,18.2500,0.6641,1.0000,0.4930,0.8344,0.3480,Failing,1
fix_failing_calm,2787,18.2667,0.6604,1.0000,0.4958,0.8358,0.3484,Failing,1
fix_failing_calm,2788,18.2833,0.6561,1.0000,0.4985,0.8372,0.3487,Failing,1
fix_failing_calm,2789,18.3000,0.6515,1.0000,0.5010,0.8385,0.3491,Failing,1
fix_failing_calm,2790,18.3167,0.6464,1.0000,0.5034,0.8399,0.3494,Failing,1
fix_failing_calm,2791,18.3333,0.6409,1.0000,0.5057,0.8412,0.3498,Failing,1
fix_failing_calm,2792,18.3500,0.6349,1.0000,0.5078,0.8425,0.3501,Failing,1
fix_failing_calm,2793,18.3667,0.6287,1.0000,0.5098,0.8438,0.3504,Failing,1
fix_failing_calm,2794,18.3833,0.6220,1.0000,0.5116,0.8451,0.3507,Failing,1
fix_failing_calm,2795,18.4000,0.6151,1.0000,0.5134,0.8464,0.3510,Failing,1
fix_failing_calm,2796,18.4167,0.6079,1.0000,0.5149,0.8477,0.3513,Failing,1
fix_failing_calm,2797,18.4333,0.6004,0.9910,0.5163,0.8489,0.3516,Failing,1
fix_failing_calm,2798,18.4500,0.5926,0.9848,0.5176,0.8500,0.3519,Failing,1
fix_failing_calm,2799,18.4667,0.5846,0.9778,0.5187,0.8511,0.3522,Failing,1
fix_failing_calm,2800,18.4833,0.5765,0.9676,0.5197,0.8520,0.3525,Failing,1
fix_failing_calm,2801,18.5000,0.5682,0.9594,0.5205,0.8529,0.3527,Failing,1
fix_failing_calm,2802,18.5167,0.5597,0.9530,0.5211,0.8537,0.3530,Failing,1
fix_failing_calm,2803,18.5333,0.5512,0.9433,0.5216,0.8545,0.3532,Failing,1
fix_failing_calm,2804,18.5500,0.5426,0.9332,0.5219,0.8551,0.3535,Failing,1
fix_failing_calm,2805,18.5667,0.5339,0.9265,0.5221,0.8557,0.3537,Failing,1
fix_failing_calm,2806,18.5833,0.5252,0.9182,0.5222,0.8562,0.3540,Failing,1
fix_failing_calm,2807,18.6000,0.5165,0.9074,0.5221,0.8567,0.3542,Failing,1
fix_failing_calm,2808,18.6167,0.5078,0.8994,0.5219,0.8570,0.3544,Failing,1
fix_failing_calm,2809,18.6333,0.4992,0.8925,0.5215,0.8573,0.3547,Failing,1
fix_failing_calm,2810,18.6500,0.4907,0.8824,0.5210,0.8575,0.3549,Failing,1
fix_failing_calm,2811,18.6667,0.4823,0.8731,0.5203,0.8577,0.3551,Failing,1
fix_failing_calm,2812,18.6833,0.4740,0.8668,0.5196,0.8577,0.3553,Failing,1
fix_failing_calm,2813,18.7000,0.4658,0.8586,0.5187,0.8577,0.3555,Failing,1
fix_failing_calm,2814,18.7167,0.4579,0.8486,0.5177,0.8562,0.3557,Failing,1
fix_failing_calm,2815,18.7333,0.4501,0.8420,0.5166,0.8547,0.3559,Failing,1
fix_failing_calm,2816,18.7500,0.4425,0.8358,0.5153,0.8532,0.3561,Failing,1
fix_failing_calm,2817,18.7667,0.4352,0.8266,0.5140,0.8517,0.3562,Failing,1
fix_failing_calm,2818,18.7833,0.4281,0.8191,0.5126,0.8501,0.3564,Failing,1
fix_failing_calm,2819,18.8000,0.4212,0.8143,0.5111,0.8486,0.3566,Failing,1
fix_failing_calm,2820,18.8167,0.4147,0.8071,0.5095,0.8471,0.3567,Failing,1
fix_failing_calm,2821,18.8333,0.4084,0.7991,0.5078,0.8457,0.3569,Failing,1
fix_failing_calm,2822,18.8500,0.4025,0.7947,0.5061,0.8442,0.3570,Failing,1
fix_failing_calm,2823,18.8667,0.3968,0.7900,0.5043,0.8427,0.3572,Failing,1
fix_failing_calm,2824,18.8833,0.3915,0.7827,0.5024,0.8412,0.3573,Failing,1
fix_failing_calm,2825,18.9000,0.3866,0.7778,0.5005,0.8397,0.3574,Failing,1
fix_failing_calm,2826,18.9167,0.3819,0.7752,0.4985,0.8383,0.3576,Failing,1
fix_failing_calm,2827,18.9333,0.3777,0.7697,0.4965,0.8368,0.3577,Failing,1
fix_failing_calm,2828,18.9500,0.3737,0.7644,0.4945,0.8354,0.3578,Failing,1
fix_failing_calm,2829,18.9667,0.3702,0.7628,0.4925,0.8339,0.3579,Failing,1
fix_failing_calm,2830,18.9833,0.3669,0.7599,0.4904,0.8325,0.3581,Failing,1
fix_failing_calm,2831,19.0000,0.3641,0.7550,0.4883,0.8310,0.3582,Failing,1
fix_failing_calm,2832,19.0167,0.3616,0.7532,0.4862,0.8296,0.3583,Failing,1
fix_failing_calm,2833,19.0333,0.3595,0.7528,0.4841,0.8281,0.3584,Failing,1
fix_failing_calm,2834,19.0500,0.3577,0.7495,0.4820,0.8267,0.3585,Failing,1
fix_failing_calm,2835,19.0667,0.3563,0.7471,0.4799,0.8253,0.3586,Failing,1
fix_failing_calm,2836,19.0833,0.3553,0.7482,0.4779,0.8239,0.3587,Failing,1
fix_failing_calm,2837,19.1000,0.3546,0.7473,0.4758,0.8225,0.3588,Failing,1
fix_failing_calm,2838,19.1167,0.3542,0.7449,0.4738,0.8211,0.3588,Failing,1
fix_failing_calm,2839,19.1333,0.3542,0.7461,0.4719,0.8197,0.3589,Failing,1
fix_failing_calm,2840,19.1500,0.3545,0.7478,0.4699,0.8183,0.3590,Failing,1
fix_failing_calm,2841,19.1667,0.3551,0.7465,0.4680,0.8169,0.3591,Failing,1
fix_failing_calm,2842,19.1833,0.3560,0.7470,0.4662,0.8155,0.3592,Failing,1
fix_failing_calm,2843,19.2000,0.3573,0.7504,0.4644,0.8141,0.3592,Failing,1
fix_failing_calm,2844,19.2167,0.3588,0.7512,0.4626,0.8127,0.3593,Failing,1
fix_failing_calm,2845,19.2333,0.3606,0.7513,0.4609,0.8113,0.3594,Failing,1
fix_failing_calm,2846,19.2500,0.3627,0.7550,0.4593,0.8100,0.3594,Failing,1
fix_failing_calm,2847,19.2667,0.3650,0.7582,0.4577,0.8086,0.3595,Failing,1
fix_failing_calm,2848,19.2833,0.3676,0.7587,0.4563,0.8073,0.3596,Failing,1
fix_failing_calm,2849,19.3000,0.3704,0.7617,0.4548,0.8059,0.3596,Failing,1
fix_failing_calm,2850,19.3167,0.3735,0.7667,0.4535,0.8045,0.3597,Failing,1
fix_failing_calm,2851,19.3333,0.3767,0.7688,0.4522,0.8032,0.3597,Failing,1
fix_failing_calm,2852,19.3500,0.3802,0.7709,0.4510,0.8019,0.3598,Failing,1
fix_failing_calm,2853,19.3667,0.3838,0.7764,0.4499,0.8005,0.3599,Failing,1
fix_failing_calm,2854,19.3833,0.3876,0.7806,0.4489,0.7992,0.3599,Failing,1
fix_failing_calm,2855,19.4000,0.3916,0.7825,0.4479,0.7979,0.3600,Failing,1
fix_failing_calm,2856,19.4167,0.3957,0.7873,0.4471,0.7965,0.3600,Failing,1
fix_failing_calm,2857,19.4333,0.3999,0.7933,0.4463,0.7952,0.3601,Failing,1
fix_failing_calm,2858,19.4500,0.4043,0.7960,0.4456,0.7952,0.3601,Failing,1
fix_failing_calm,2859,19.4667,0.4088,0.7996,0.4450,0.7953,0.3602,Failing,1
fix_failing_calm,2860,19.4833,0.4134,0.8063,0.4445,0.7954,0.3602,Failing,1
fix_failing_calm,2861,19.5000,0.4180,0.8108,0.4440,0.7955,0.3602,Failing,1
fix_failing_calm,2862,19.5167,0.4228,0.8135,0.4437,0.7956,0.3603,Failing,1
fix_failing_calm,2863,19.5333,0.4276,0.8195,0.4434,0.7958,0.3603,Failing,1
fix_failing_calm,2864,19.5500,0.4324,0.8257,0.4432,0.7961,0.3604,Failing,1
fix_failing_calm,2865,19.5667,0.4373,0.8287,0.4431,0.7963,0.3604,Failing,1
fix_failing_calm,2866,19.5833,0.4422,0.8332,0.4431,0.7967,0.3604,Failing,1
fix_failing_calm,2867,19.6000,0.4471,0.8403,0.4432,0.7970,0.3605,Failing,1
fix_failing_calm,2868,19.6167,0.4521,0.8445,0.4433,0.7974,0.3605,Failing,1
fix_failing_calm,2869,19.6333,0.4570,0.8477,0.4436,0.7978,0.3605,Failing,1
fix_failing_calm,2870,19.6500,0.4619,0.8542,0.4439,0.7983,0.3605,Failing,1
fix_failing_calm,2871,19.6667,0.4668,0.8600,0.4443,0.7988,0.3606,Failing,1
fix_failing_calm,2872,19.6833,0.4717,0.8628,0.4447,0.7993,0.3606,Failing,1
fix_failing_calm,2873,19.7000,0.4765,0.8678,0.4452,0.7999,0.3606,Failing,1
fix_failing_calm,2874,19.7167,0.4813,0.8746,0.4458,0.8005,0.3606,Failing,1
fix_failing_calm,2875,19.7333,0.4860,0.8781,0.4465,0.8012,0.3606,Failing,1
fix_failing_calm,2876,19.7500,0.4907,0.8814,0.4472,0.8018,0.3606,Failing,1
fix_failing_calm,2877,19.7667,0.4953,0.8879,0.4480,0.8025,0.3607,Failing,1
fix_failing_calm,2878,19.7833,0.4998,0.8928,0.4489,0.8033,0.3607,Failing,1
fix_failing_calm,2879,19.8000,0.5042,0.8951,0.4498,0.8041,0.3607,Failing,1
fix_failing_calm,2880,19.8167,0.5085,0.9002,0.4508,0.8049,0.3607,Failing,1
fix_failing_calm,2881,19.8333,0.5128,0.9061,0.4518,0.8057,0.3607,Failing,1
fix_failing_calm,2882,19.8500,0.5169,0.9086,0.4529,0.8066,0.3607,Failing,1
fix_failing_calm,2883,19.8667,0.5209,0.9117,0.4540,0.8074,0.3607,Failing,1
fix_failing_calm,2884,19.8833,0.5248,0.9177,0.4552,0.8083,0.3607,Failing,1
fix_failing_calm,2885,19.9000,0.5285,0.9212,0.4564,0.8093,0.3607,Failing,1
fix_failing_calm,2886,19.9167,0.5322,0.9229,0.4576,0.8102,0.3607,Failing,1
fix_failing_calm,2887,19.9333,0.5357,0.9276,0.4589,0.8112,0.3607,Failing,1
fix_failing_calm,2888,19.9500,0.5390,0.9323,0.4602,0.8122,0.3607,Failing,1
fix_failing_calm,2889,19.9667,0.5422,0.9336,0.4616,0.8132,0.3607,Failing,1
fix_failing_calm,2890,19.9833,0.5453,0.9363,0.4630,0.8142,0.3607,Failing,1
fix_failing_calm,2891,20.0000,0.5482,0.9413,0.4644,0.8153,0.3607,Failing,1
fix_failing_calm,2892,20.0167,0.5509,0.9433,0.4658,0.8163,0.3607,Failing,1
fix_failing_calm,2893,20.0333,0.5535,0.9441,0.4673,0.8174,0.3607,Failing,1
fix_failing_calm,2894,20.0500,0.5558,0.9482,0.4687,0.8185,0.3607,Failing,1
fix_failing_calm,2895,20.0667,0.5580,0.9512,0.4702,0.8196,0.3607,Failing,1
fix_failing_calm,2896,20.0833,0.5601,0.9511,0.4717,0.8207,0.3607,Failing,1
fix_failing_calm,2897,20.1000,0.5619,0.9532,0.4732,0.8218,0.3607,Failing,1
fix_failing_calm,2898,20.1167,0.5635,0.9568,0.4747,0.8229,0.3607,Failing,1
fix_failing_calm,2899,20.1333,0.5649,0.9570,0.4762,0.8240,0.3607,Failing,1
fix_failing_calm,2900,20.1500,0.5662,0.9569,0.4776,0.8251,0.3607,Failing,1
fix_failing_calm,2901,20.1667,0.5672,0.9598,0.4791,0.8262,0.3607,Failing,1
fix_failing_calm,2902,20.1833,0.5680,0.9609,0.4806,0.8274,0.3607,Failing,1
fix_failing_calm,2903,20.2000,0.5686,0.9594,0.4821,0.8284,0.3607,Failing,1
fix_failing_calm,2904,20.2167,0.5690,0.9606,0.4835,0.8295,0.3607,Failing,1
fix_failing_calm,2905,20.2333,0.5691,0.9624,0.4849,0.8306,0.3607,Failing,1
fix_failing_calm,2906,20.2500,0.5690,0.9607,0.4863,0.8317,0.3607,Failing,1
fix_failing_calm,2907,20.2667,0.5687,0.9595,0.4877,0.8328,0.3607,Failing,1
fix_failing_calm,2908,20.2833,0.5682,0.9611,0.4890,0.8339,0.3607,Failing,1
fix_failing_calm,2909,20.3000,0.5674,0.9600,0.4903,0.8349,0.3607,Failing,1
fix_failing_calm,2910,20.3167,0.5663,0.9571,0.4915,0.8359,0.3607,Failing,1
fix_failing_calm,2911,20.3333,0.5651,0.9571,0.4928,0.8369,0.3607,Failing,1
fix_failing_calm,2912,20.3500,0.5636,0.9568,0.4939,0.8379,0.3607,Failing,1
fix_failing_calm,2913,20.3667,0.5618,0.9531,0.4950,0.8389,0.3607,Failing,1
fix_failing_calm,2914,20.3833,0.5598,0.9508,0.4961,0.8398,0.3607,Failing,1
fix_failing_calm,2915,20.4000,0.5575,0.9507,0.4971,0.8407,0.3607,Failing,1
fix_failing_calm,2916,20.4167,0.5550,0.9474,0.4981,0.8416,0.3607,Failing,1
fix_failing_calm,2917,20.4333,0.5523,0.9430,0.4990,0.8424,0.3607,Failing,1
fix_failing_calm,2918,20.4500,0.5493,0.9417,0.4998,0.8433,0.3607,Failing,1
fix_failing_calm,2919,20.4667,0.5461,0.9392,0.5006,0.8441,0.3607,Failing,1
fix_failing_calm,2920,20.4833,0.5426,0.9337,0.5013,0.8448,0.3607,Failing,1
fix_failing_calm,2921,20.5000,0.5389,0.9302,0.5019,0.8455,0.3607,Failing,1
fix_failing_calm,2922,20.5167,0.5349,0.9282,0.5024,0.8462,0.3607,Failing,1
fix_failing_calm,2923,20.5333,0.5308,0.9228,0.5029,0.8468,0.3607,Failing,1
fix_failing_calm,2924,20.5500,0.5264,0.9171,0.5033,0.8474,0.3607,Failing,1
fix_failing_calm,2925,20.5667,0.5218,0.9144,0.5036,0.8480,0.3607,Failing,1
fix_failing_calm,2926,20.5833,0.5169,0.9099,0.5038,0.8485,0.3607,Failing,1
fix_failing_calm,2927,20.6000,0.5119,0.9028,0.5040,0.8489,0.3607,Failing,1
fix_failing_calm,2928,20.6167,0.5067,0.8984,0.5040,0.8494,0.3607,Failing,1
fix_failing_calm,2929,20.6333,0.5013,0.8946,0.5040,0.8497,0.3607,Failing,1
fix_failing_calm,2930,20.6500,0.4957,0.8873,0.5038,0.8500,0.3607,Failing,1
fix_failing_calm,2931,20.6667,0.4899,0.8808,0.5036,0.8503,0.3607,Failing,1
fix_failing_calm,2932,20.6833,0.4840,0.8770,0.5033,0.8505,0.3607,Failing,1
fix_failing_calm,2933,20.7000,0.4780,0.8706,0.5029,0.8507,0.3607,Failing,1
fix_failing_calm,2934,20.7167,0.4718,0.8625,0.5023,0.8508,0.3607,Failing,1
fix_failing_calm,2935,20.7333,0.4655,0.8575,0.5017,0.8508,0.3607,Failing,1
fix_failing_calm,2936,20.7500,0.4591,0.8524,0.5010,0.8509,0.3607,Failing,1
fix_failing_calm,2937,20.7667,0.4527,0.8440,0.5002,0.8493,0.3607,Failing,1
fix_failing_calm,2938,20.7833,0.4461,0.8372,0.4993,0.8478,0.3607,Failing,1
fix_failing_calm,2939,20.8000,0.4395,0.8327,0.4983,0.8464,0.3607,Failing,1
fix_failing_calm,2940,20.8167,0.4329,0.8252,0.4973,0.8449,0.3607,Failing,1
fix_failing_calm,2941,20.8333,0.4262,0.8169,0.4961,0.8434,0.3607,Failing,1
fix_failing_calm,2942,20.8500,0.4196,0.8120,0.4948,0.8419,0.3607,Failing,1
fix_failing_calm,2943,20.8667,0.4130,0.8061,0.4935,0.8404,0.3607,Failing,1
fix_failing_calm,2944,20.8833,0.4064,0.7974,0.4920,0.8390,0.3607,Failing,1
fix_failing_calm,2945,20.9000,0.3999,0.7912,0.4905,0.8375,0.3607,Failing,1
fix_failing_calm,2946,20.9167,0.3934,0.7867,0.4889,0.8360,0.3607,Failing,1
fix_failing_calm,2947,20.9333,0.3871,0.7790,0.4872,0.8346,0.3607,Failing,1
fix_failing_calm,2948,20.9500,0.3808,0.7716,0.4855,0.8331,0.3607,Failing,1
fix_failing_calm,2949,20.9667,0.3748,0.7675,0.4836,0.8317,0.3607,Failing,1
fix_failing_calm,2950,20.9833,0.3688,0.7618,0.4817,0.8302,0.3607,Failing,1
fix_failing_calm,2951,21.0000,0.3631,0.7539,0.4798,0.8288,0.3607,Failing,1
fix_failing_calm,2952,21.0167,0.3576,0.7493,0.4778,0.8274,0.3607,Failing,1
fix_failing_calm,2953,21.0333,0.3523,0.7456,0.4757,0.8260,0.3607,Failing,1
fix_failing_calm,2954,21.0500,0.3472,0.7388,0.4736,0.8245,0.3607,Failing,1
fix_failing_calm,2955,21.0667,0.3424,0.7333,0.4714,0.8231,0.3607,Failing,1
fix_failing_calm,2956,21.0833,0.3379,0.7309,0.4692,0.8217,0.3607,Failing,1
fix_failing_calm,2957,21.1000,0.3337,0.7263,0.4669,0.8203,0.3607,Failing,1
fix_failing_calm,2958,21.1167,0.3298,0.7205,0.4647,0.8189,0.3607,Failing,1
fix_failing_calm,2959,21.1333,0.3263,0.7183,0.4624,0.8175,0.3607,Failing,1
fix_failing_calm,2960,21.1500,0.3231,0.7164,0.4601,0.8161,0.3607,Failing,1
fix_failing_calm,2961,21.1667,0.3203,0.7116,0.4578,0.8147,0.3607,Failing,1
fix_failing_calm,2962,21.1833,0.3179,0.7090,0.4555,0.8134,0.3607,Failing,1
fix_failing_calm,2963,21.2000,0.3159,0.7090,0.4532,0.8120,0.3607,Failing,1
fix_failing_calm,2964,21.2167,0.3143,0.7066,0.4509,0.8106,0.3607,Failing,1
fix_failing_calm,2965,21.2333,0.3131,0.7038,0.4486,0.8093,0.3607,Failing,1
fix_failing_calm,2966,21.2500,0.3124,0.7048,0.4463,0.8079,0.3607,Failing,1
fix_failing_calm,2967,21.2667,0.3121,0.7052,0.4441,0.8065,0.3607,Failing,1
fix_failing_calm,2968,21.2833,0.3123,0.7033,0.4419,0.8052,0.3607,Failing,1
fix_failing_calm,2969,21.3000,0.3130,0.7044,0.4398,0.8038,0.3607,Failing,1
fix_failing_calm,2970,21.3167,0.3141,0.7074,0.4377,0.8025,0.3607,Failing,1
fix_failing_calm,2971,21.3333,0.3157,0.7077,0.4357,0.8011,0.3607,Failing,1
fix_failing_calm,2972,21.3500,0.3178,0.7086,0.4338,0.7998,0.3523,Failing,1
fix_failing_calm,2973,21.3667,0.3204,0.7131,0.4319,0.7985,0.3494,Failing,1
fix_failing_calm,2974,21.3833,0.3235,0.7164,0.4301,0.7972,0.3494,Failing,1
fix_failing_calm,2975,21.4000,0.3270,0.7179,0.4284,0.7958,0.3494,Failing,1
fix_failing_calm,2976,21.4167,0.3311,0.7228,0.4268,0.7945,0.3495,Failing,1
fix_failing_calm,2977,21.4333,0.3356,0.7289,0.4253,0.7932,0.3495,Failing,1
fix_failing_calm,2978,21.4500,0.3405,0.7321,0.4239,0.7919,0.3495,Failing,1
fix_failing_calm,2979,21.4667,0.3460,0.7368,0.4226,0.7906,0.3495,Failing,1
fix_failing_calm,2980,21.4833,0.3518,0.7448,0.4214,0.7893,0.3496,Failing,1
fix_failing_calm,2981,21.5000,0.3582,0.7508,0.4204,0.7880,0.3496,Failing,1
fix_failing_calm,2982,21.5167,0.3649,0.7556,0.4195,0.7867,0.3496,Failing,1
fix_failing_calm,2983,21.5333,0.3721,0.7641,0.4187,0.7854,0.3496,Failing,1
fix_failing_calm,2984,21.5500,0.3796,0.7729,0.4180,0.7841,0.3497,Failing,1
fix_failing_calm,2985,21.5667,0.3875,0.7788,0.4175,0.7829,0.3497,Failing,1
fix_failing_calm,2986,21.5833,0.3958,0.7869,0.4172,0.7829,0.3497,Failing,1
fix_failing_calm,2987,21.6000,0.4044,0.7976,0.4170,0.7830,0.3498,Failing,1
fix_failing_calm,2988,21.6167,0.4133,0.8056,0.4169,0.7832,0.3498,Failing,1
fix_failing_calm,2989,21.6333,0.4225,0.8132,0.4170,0.7834,0.3498,Failing,1
fix_failing_calm,2990,21.6500,0.4320,0.8244,0.4172,0.7838,0.3498,Failing,1
fix_failing_calm,2991,21.6667,0.4417,0.8348,0.4176,0.7842,0.3499,Failing,1
fix_failing_calm,2992,21.6833,0.4516,0.8426,0.4182,0.7847,0.3499,Failing,1
fix_failing_calm,2993,21.7000,0.4617,0.8531,0.4189,0.7853,0.3499,Failing,1
fix_failing_calm,2994,21.7167,0.4720,0.8653,0.4198,0.7859,0.3500,Failing,1
fix_failing_calm,2995,21.7333,0.4823,0.8743,0.4208,0.7867,0.3500,Failing,1
fix_failing_calm,2996,21.7500,0.4928,0.8835,0.4220,0.7875,0.3500,Failing,1
fix_failing_calm,2997,21.7667,0.5033,0.8961,0.4234,0.7884,0.3500,Failing,1
fix_failing_calm,2998,21.7833,0.5139,0.9068,0.4249,0.7893,0.3500,Failing,1
fix_failing_calm,2999,21.8000,0.5245,0.9153,0.4265,0.7904,0.3501,Failing,1
fix_failing_calm,3000,21.8167,0.5350,0.9267,0.4283,0.7915,0.3501,Failing,1
fix_failing_calm,3001,21.8333,0.5454,0.9388,0.4302,0.7927,0.3501,Failing,1
fix_failing_calm,3002,21.8500,0.5558,0.9473,0.4323,0.7940,0.3501,Failing,1
fix_failing_calm,3003,21.8667,0.5660,0.9569,0.4345,0.7954,0.3501,Failing,1
fix_failing_calm,3004,21.8833,0.5760,0.9690,0.4369,0.7968,0.3501,Failing,1
fix_failing_calm,3005,21.9000,0.5859,0.9785,0.4393,0.7983,0.3501,Failing,1
fix_failing_calm,3006,21.9167,0.5955,0.9862,0.4419,0.7999,0.3501,Failing,1
fix_failing_calm,3007,21.9333,0.6048,0.9969,0.4446,0.8015,0.3501,Failing,1
fix_failing_calm,3008,21.9500,0.6139,1.0000,0.4474,0.8032,0.3501,Failing,1
fix_failing_calm,3009,21.9667,0.6226,1.0000,0.4503,0.8048,0.3501,Failing,1
fix_failing_calm,3010,21.9833,0.6310,1.0000,0.4533,0.8064,0.3501,Failing,1
fix_failing_calm,3011,22.0000,0.6390,1.0000,0.4563,0.8080,0.3501,Failing,1
fix_failing_calm,3012,22.0167,0.6466,1.0000,0.4595,0.8096,0.3501,Failing,1
fix_failing_calm,3013,22.0333,0.4576,0.8483,0.4595,0.8099,0.3501,Failing,1
fix_failing_calm,3014,22.0500,0.4623,0.8547,0.4595,0.8103,0.3501,Failing,1
fix_failing_calm,3015,22.0667,0.4666,0.8597,0.4596,0.8107,0.3501,Failing,1
fix_failing_calm,3016,22.0833,0.4706,0.8616,0.4598,0.8111,0.3501,Failing,1
fix_failing_calm,3017,22.1000,0.4743,0.8657,0.4600,0.8116,0.3501,Failing,1
fix_failing_calm,3018,22.1167,0.4775,0.8708,0.4603,0.8121,0.3501,Failing,1
fix_failing_calm,3019,22.1333,0.4804,0.8723,0.4607,0.8126,0.3501,Failing,1
fix_failing_calm,3020,22.1500,0.4828,0.8735,0.4610,0.8131,0.3501,Failing,1
fix_failing_calm,3021,22.1667,0.4848,0.8776,0.4614,0.8136,0.3501,Failing,1
fix_failing_calm,3022,22.1833,0.4865,0.8793,0.4618,0.8142,0.3501,Failing,1
fix_failing_calm,3023,22.2000,0.4876,0.8784,0.4623,0.8147,0.3501,Failing,1
fix_failing_calm,3024,22.2167,0.4884,0.8802,0.4627,0.8153,0.3501,Failing,1
fix_failing_calm,3025,22.2333,0.4887,0.8820,0.4631,0.8158,0.3501,Failing,1
fix_failing_calm,3026,22.2500,0.4886,0.8802,0.4635,0.8163,0.3501,Failing,1
fix_failing_calm,3027,22.2667,0.4880,0.8790,0.4640,0.8169,0.3501,Failing,1
fix_failing_calm,3028,22.2833,0.4871,0.8801,0.4643,0.8174,0.3501,Failing,1
fix_failing_calm,3029,22.3000,0.4856,0.8782,0.4647,0.8179,0.3501,Failing,1
fix_failing_calm,3030,22.3167,0.4838,0.8745,0.4650,0.8184,0.3501,Failing,1
fix_failing_calm,3031,22.3333,0.4815,0.8736,0.4653,0.8188,0.3501,Failing,1
fix_failing_calm,3032,22.3500,0.4788,0.8720,0.4655,0.8193,0.3501,Failing,1
fix_failing_calm,3033,22.3667,0.6795,1.0000,0.4690,0.8208,0.3501,Failing,1
fix_failing_calm,3034,22.3833,0.6745,1.0000,0.4724,0.8222,0.3501,Failing,1
fix_failing_calm,3035,22.4000,0.6689,1.0000,0.4757,0.8237,0.3501,Failing,1
fix_failing_calm,3036,22.4167,0.6627,1.0000,0.4788,0.8252,0.3501,Failing,1
fix_failing_calm,3037,22.4333,0.6560,1.0000,0.4817,0.8266,0.3501,Failing,1
fix_failing_calm,3038,22.4500,0.6489,1.0000,0.4845,0.8281,0.3501,Failing,1
fix_failing_calm,3039,22.4667,0.6412,1.0000,0.4871,0.8295,0.3501,Failing,1
fix_failing_calm,3040,22.4833,0.6331,1.0000,0.4895,0.8309,0.3501,Failing,1
fix_failing_calm,3041,22.5000,0.6245,1.0000,0.4917,0.8323,0.3501,Failing,1
fix_failing_calm,3042,22.5167,0.6156,1.0000,0.4937,0.8337,0.3501,Failing,1
fix_failing_calm,3043,22.5333,0.6062,0.9981,0.4956,0.8351,0.3501,Failing,1
fix_failing_calm,3044,22.5500,0.5965,0.9873,0.4973,0.8363,0.3501,Failing,1
fix_failing_calm,3045,22.5667,0.5865,0.9793,0.4987,0.8375,0.3501,Failing,1
fix_failing_calm,3046,22.5833,0.5762,0.9691,0.5000,0.8386,0.3501,Failing,1
fix_failing_calm,3047,22.6000,0.5657,0.9565,0.5011,0.8396,0.3501,Failing,1
fix_failing_calm,3048,22.6167,0.5549,0.9467,0.5020,0.8405,0.3501,Failing,1
fix_failing_calm,3049,22.6333,0.5439,0.9373,0.5027,0.8413,0.3501,Failing,1
fix_failing_calm,3050,22.6500,0.5328,0.9244,0.5032,0.8420,0.3501,Failing,1
fix_failing_calm,3051,22.6667,0.5216,0.9125,0.5035,0.8426,0.3501,Failing,1
fix_failing_calm,3052,22.6833,0.5103,0.9033,0.5036,0.8431,0.3501,Failing,1
fix_failing_calm,3053,22.7000,0.4989,0.8914,0.5035,0.8435,0.3501,Failing,1
fix_failing_calm,3054,22.7167,0.4875,0.8782,0.5033,0.8438,0.3501,Failing,1
fix_failing_calm,3055,22.7333,0.4761,0.8683,0.5028,0.8440,0.3501,Failing,1
fix_failing_calm,3056,22.7500,0.4648,0.8581,0.5022,0.8441,0.3501,Failing,1
fix_failing_calm,3057,22.7667,0.4536,0.8448,0.5014,0.8441,0.3501,Failing,1
fix_failing_calm,3058,22.7833,0.4425,0.8336,0.5004,0.8426,0.3501,Failing,1
fix_failing_calm,3059,22.8000,0.4315,0.8248,0.4993,0.8411,0.3501,Failing,1
fix_failing_calm,3060,22.8167,0.4208,0.8130,0.4980,0.8397,0.3501,Failing,1
fix_failing_calm,3061,22.8333,0.4102,0.8009,0.4965,0.8382,0.3501,Failing,1
fix_failing_calm,3062,22.8500,0.4000,0.7924,0.4949,0.8367,0.3501,Failing,1
fix_failing_calm,3063,22.8667,0.3900,0.7830,0.4932,0.8353,0.3501,Failing,1
fix_failing_calm,3064,22.8833,0.3803,0.7712,0.4913,0.8338,0.3501,Failing,1
fix_failing_calm,3065,22.9000,0.3709,0.7624,0.4893,0.8324,0.3501,Failing,1
fix_failing_calm,3066,22.9167,0.3619,0.7552,0.4872,0.8309,0.3501,Failing,1
fix_failing_calm,3067,22.9333,0.3533,0.7452,0.4850,0.8295,0.3501,Failing,1
fix_failing_calm,3068,22.9500,0.3451,0.7359,0.4827,0.8281,0.3501,Failing,1
fix_failing_calm,3069,22.9667,0.3374,0.7302,0.4803,0.8266,0.3501,Failing,1
fix_failing_calm,3070,22.9833,0.3301,0.7229,0.4778,0.8252,0.3501,Failing,1
fix_failing_calm,3071,23.0000,0.3232,0.7140,0.4753,0.8238,0.3501,Failing,1
fix_failing_calm,3072,23.0167,0.3169,0.7087,0.4726,0.8224,0.3501,Failing,1
fix_failing_calm,3073,23.0333,0.3111,0.7044,0.4700,0.8210,0.3501,Failing,1
fix_failing_calm,3074,23.0500,0.3058,0.6973,0.4673,0.8196,0.3501,Failing,1
fix_failing_calm,3075,23.0667,0.3010,0.6919,0.4645,0.8182,0.3501,Failing,1
fix_failing_calm,3076,23.0833,0.2967,0.6898,0.4617,0.8168,0.3501,Failing,1
fix_failing_calm,3077,23.1000,0.2930,0.6855,0.4590,0.8154,0.3501,Failing,1
fix_failing_calm,3078,23.1167,0.2899,0.6805,0.4562,0.8140,0.3501,Failing,1
fix_failing_calm,3079,23.1333,0.2873,0.6794,0.4534,0.8126,0.3501,Failing,1
fix_failing_calm,3080,23.1500,0.2852,0.6785,0.4506,0.8113,0.3501,Failing,1
fix_failing_calm,3081,23.1667,0.2837,0.6749,0.4478,0.8099,0.3501,Failing,1
fix_failing_calm,3082,23.1833,0.2828,0.6740,0.4451,0.8085,0.3501,Failing,1
fix_failing_calm,3083,23.2000,0.2824,0.6756,0.4424,0.8072,0.3501,Failing,1
fix_failing_calm,3084,23.2167,0.2826,0.6748,0.4398,0.8058,0.3501,Failing,1
fix_failing_calm,3085,23.2333,0.2833,0.6740,0.4372,0.8045,0.3501,Failing,1
fix_failing_calm,3086,23.2500,0.2845,0.6770,0.4347,0.8031,0.3501,Failing,1
fix_failing_calm,3087,23.2667,0.2863,0.6794,0.4322,0.8018,0.3501,Failing,1
fix_failing_calm,3088,23.2833,0.2886,0.6795,0.4298,0.8004,0.3501,Failing,1
fix_failing_calm,3089,23.3000,0.2913,0.6828,0.4275,0.7991,0.3501,Failing,1
fix_failing_calm,3090,23.3167,0.2945,0.6879,0.4253,0.7978,0.3501,Failing,1
fix_failing_calm,3091,23.3333,0.2982,0.6901,0.4232,0.7965,0.3501,Failing,1
fix_failing_calm,3092,23.3500,0.3024,0.6932,0.4212,0.7951,0.3501,Failing,1
fix_failing_calm,3093,23.3667,0.3070,0.6998,0.4194,0.7938,0.3501,Failing,1
fix_failing_calm,3094,23.3833,0.3119,0.7048,0.4176,0.7925,0.3501,Failing,1
fix_failing_calm,3095,23.4000,0.3173,0.7081,0.4159,0.7912,0.3501,Failing,1
fix_failing_calm,3096,23.4167,0.3230,0.7149,0.4144,0.7899,0.3501,Failing,1
fix_failing_calm,3097,23.4333,0.3291,0.7224,0.4130,0.7886,0.3424,Failing,1
fix_failing_calm,3098,23.4500,0.3355,0.7270,0.4117,0.7873,0.3426,Failing,1
fix_failing_calm,3099,23.4667,0.3422,0.7331,0.4106,0.7860,0.3427,Failing,1
fix_failing_calm,3100,23.4833,0.3491,0.7422,0.4095,0.7847,0.3428,Failing,1
fix_failing_calm,3101,23.5000,0.3563,0.7488,0.4087,0.7835,0.3430,Failing,1
fix_failing_calm,3102,23.5167,0.3637,0.7544,0.4079,0.7822,0.3431,Failing,1
fix_failing_calm,3103,23.5333,0.3713,0.7635,0.4073,0.7809,0.3433,Failing,1
fix_failing_calm,3104,23.5500,0.3791,0.7723,0.4068,0.7796,0.3434,Failing,1
fix_failing_calm,3105,23.5667,0.3870,0.7781,0.4065,0.7784,0.3435,Failing,1
fix_failing_calm,3106,23.5833,0.3950,0.7862,0.4063,0.7784,0.3437,Failing,1
fix_failing_calm,3107,23.6000,0.4031,0.7963,0.4063,0.7786,0.3438,Failing,1
fix_failing_calm,3108,23.6167,0.4112,0.8034,0.4063,0.7788,0.3439,Failing,1
fix_failing_calm,3109,23.6333,0.4194,0.8101,0.4066,0.7791,0.3441,Failing,1
fix_failing_calm,3110,23.6500,0.4276,0.8201,0.4069,0.7794,0.3442,Failing,1
fix_failing_calm,3111,23.6667,0.4358,0.8289,0.4074,0.7798,0.3443,Failing,1
fix_failing_calm,3112,23.6833,0.4440,0.8349,0.4080,0.7803,0.3445,Failing,1
fix_failing_calm,3113,23.7000,0.4521,0.8436,0.4087,0.7808,0.3446,Failing,1
fix_failing_calm,3114,23.7167,0.4601,0.8534,0.4096,0.7814,0.3447,Failing,1
fix_failing_calm,3115,23.7333,0.4680,0.8598,0.4105,0.7820,0.3449,Failing,1
fix_failing_calm,3116,23.7500,0.4757,0.8665,0.4116,0.7827,0.3450,Failing,1
fix_failing_calm,3117,23.7667,0.4834,0.8762,0.4128,0.7835,0.3451,Failing,1
fix_failing_calm,3118,23.7833,0.4908,0.8836,0.4141,0.7844,0.3452,Failing,1
fix_failing_calm,3119,23.8000,0.4981,0.8888,0.4155,0.7852,0.3454,Failing,1
fix_failing_calm,3120,23.8167,0.5051,0.8970,0.4170,0.7861,0.3455,Failing,1
fix_failing_calm,3121,23.8333,0.5120,0.9053,0.4185,0.7871,0.3456,Failing,1
fix_failing_calm,3122,23.8500,0.5186,0.9101,0.4202,0.7882,0.3457,Failing,1
fix_failing_calm,3123,23.8667,0.5250,0.9159,0.4219,0.7892,0.3458,Failing,1
fix_failing_calm,3124,23.8833,0.5311,0.9241,0.4237,0.7903,0.3459,Failing,1
fix_failing_calm,3125,23.9000,0.5369,0.9294,0.4256,0.7915,0.3460,Failing,1
fix_failing_calm,3126,23.9167,0.5424,0.9331,0.4275,0.7927,0.3461,Failing,1
fix_failing_calm,3127,23.9333,0.5476,0.9398,0.4295,0.7939,0.3462,Failing,1
fix_failing_calm,3128,23.9500,0.5526,0.9458,0.4315,0.7951,0.3463,Failing,1
fix_failing_calm,3129,23.9667,0.5572,0.9484,0.4336,0.7964,0.3464,Failing,1
fix_failing_calm,3130,23.9833,0.5615,0.9527,0.4357,0.7977,0.3465,Failing,1
fix_failing_calm,3131,24.0000,0.5655,0.9587,0.4379,0.7991,0.3466,Failing,1
fix_failing_calm,3132,24.0167,0.5691,0.9613,0.4400,0.8004,0.3467,Failing,1
fix_failing_calm,3133,24.0333,0.5725,0.9632,0.4422,0.8017,0.3468,Failing,1
fix_failing_calm,3134,24.0500,0.5755,0.9680,0.4444,0.8031,0.3468,Failing,1
fix_failing_calm,3135,24.0667,0.5781,0.9712,0.4466,0.8045,0.3469,Failing,1
fix_failing_calm,3136,24.0833,0.5804,0.9714,0.4489,0.8059,0.3470,Failing,1
fix_failing_calm,3137,24.1000,0.5824,0.9740,0.4511,0.8073,0.3470,Failing,1
fix_failing_calm,3138,24.1167,0.5841,0.9774,0.4533,0.8087,0.3471,Failing,1
fix_failing_calm,3139,24.1333,0.5854,0.9772,0.4554,0.8101,0.3471,Failing,1
fix_failing_calm,3140,24.1500,0.5865,0.9772,0.4576,0.8115,0.3472,Failing,1
fix_failing_calm,3141,24.1667,0.5871,0.9800,0.4598,0.8129,0.3472,Failing,1
fix_failing_calm,3142,24.1833,0.5875,0.9803,0.4619,0.8143,0.3473,Failing,1
fix_failing_calm,3143,24.2000,0.5876,0.9784,0.4639,0.8156,0.3473,Failing,1
fix_failing_calm,3144,24.2167,0.5874,0.9792,0.4660,0.8170,0.3474,Failing,1
fix_failing_calm,3145,24.2333,0.5869,0.9802,0.4680,0.8184,0.3474,Failing,1
fix_failing_calm,3146,24.2500,0.5861,0.9775,0.4699,0.8197,0.3474,Failing,1
fix_failing_calm,3147,24.2667,0.5850,0.9759,0.4718,0.8210,0.3474,Failing,1
fix_failing_calm,3148,24.2833,0.5836,0.9767,0.4737,0.8223,0.3474,Failing,1
fix_failing_calm,3149,24.3000,0.5820,0.9745,0.4755,0.8235,0.3475,Failing,1
fix_failing_calm,3150,24.3167,0.5801,0.9708,0.4772,0.8248,0.3475,Failing,1
fix_failing_calm,3151,24.3333,0.5780,0.9703,0.4789,0.8260,0.3475,Failing,1
fix_failing_calm,3152,24.3500,0.5757,0.9689,0.4805,0.8271,0.3475,Failing,1
fix_failing_calm,3153,24.3667,0.5732,0.9643,0.4820,0.8283,0.3475,Failing,1
fix_failing_calm,3154,24.3833,0.5704,0.9616,0.4835,0.8294,0.3475,Failing,1
fix_failing_calm,3155,24.4000,0.5675,0.9607,0.4849,0.8305,0.3475,Failing,1
fix_failing_calm,3156,24.4167,0.5643,0.9564,0.4862,0.8315,0.3475,Failing,1
fix_failing_calm,3157,24.4333,0.5610,0.9517,0.4874,0.8325,0.3475,Failing,1
fix_failing_calm,3158,24.4500,0.5575,0.9501,0.4886,0.8335,0.3475,Failing,1
fix_failing_calm,3159,24.4667,0.5539,0.9469,0.4896,0.8344,0.3475,Failing,1
fix_failing_calm,3160,24.4833,0.5501,0.9410,0.4906,0.8353,0.3475,Failing,1
fix_failing_calm,3161,24.5000,0.5462,0.9377,0.4916,0.8362,0.3475,Failing,1
fix_failing_calm,3162,24.5167,0.5421,0.9355,0.4924,0.8370,0.3475,Failing,1
fix_failing_calm,3163,24.5333,0.5380,0.9297,0.4931,0.8378,0.3475,Failing,1
fix_failing_calm,3164,24.5500,0.5337,0.9245,0.4938,0.8385,0.3475,Failing,1
fix_failing_calm,3165,24.5667,0.5294,0.9222,0.4944,0.8392,0.3475,Failing,1
fix_failing_calm,3166,24.5833,0.5250,0.9177,0.4949,0.8398,0.3475,Failing,1
fix_failing_calm,3167,24.6000,0.5205,0.9112,0.4953,0.8404,0.3475,Failing,1
fix_failing_calm,3168,24.6167,0.5159,0.9078,0.4957,0.8410,0.3475,Failing,1
fix_failing_calm,3169,24.6333,0.5113,0.9046,0.4959,0.8415,0.3475,Failing,1
fix_failing_calm,3170,24.6500,0.5066,0.8981,0.4961,0.8420,0.3475,Failing,1
fix_failing_calm,3171,24.6667,0.5020,0.8929,0.4962,0.8424,0.3475,Failing,1
fix_failing_calm,3172,24.6833,0.4972,0.8903,0.4962,0.8428,0.3475,Failing,1
fix_failing_calm,3173,24.7000,0.4925,0.8850,0.4962,0.8432,0.3475,Failing,1
fix_failing_calm,3174,24.7167,0.4878,0.8785,0.4960,0.8434,0.3475,Failing,1
fix_failing_calm,3175,24.7333,0.4831,0.8753,0.4958,0.8437,0.3475,Failing,1
fix_failing_calm,3176,24.7500,0.4783,0.8715,0.4955,0.8439,0.3475,Failing,1
fix_failing_calm,3177,24.7667,0.4736,0.8648,0.4952,0.8441,0.3475,Failing,1
fix_failing_calm,3178,24.7833,0.4690,0.8602,0.4947,0.8442,0.3475,Failing,1
fix_failing_calm,3179,24.8000,0.4643,0.8576,0.4942,0.8444,0.3475,Failing,1
fix_failing_calm,3180,24.8167,0.4597,0.8518,0.4937,0.8444,0.3475,Failing,1
fix_failing_calm,3181,24.8333,0.4552,0.8459,0.4930,0.8444,0.3475,Failing,1
fix_failing_calm,3182,24.8500,0.4507,0.8433,0.4923,0.8430,0.3475,Failing,1
fix_failing_calm,3183,24.8667,0.4463,0.8393,0.4916,0.8415,0.3475,Failing,1
fix_failing_calm,3184,24.8833,0.4419,0.8328,0.4907,0.8400,0.3475,Failing,1
fix_failing_calm,3185,24.9000,0.4376,0.8292,0.4899,0.8385,0.3475,Failing,1
fix_failing_calm,3186,24.9167,0.4334,0.8268,0.4889,0.8371,0.3475,Failing,1
fix_failing_calm,3187,24.9333,0.4293,0.8211,0.4879,0.8356,0.3475,Failing,1
fix_failing_calm,3188,24.9500,0.4253,0.8161,0.4869,0.8342,0.3475,Failing,1
fix_failing_calm,3189,24.9667,0.4214,0.8143,0.4858,0.8327,0.3475,Failing,1
fix_failing_calm,3190,24.9833,0.4176,0.8104,0.4847,0.8313,0.3475,Failing,1
fix_failing_calm,3191,25.0000,0.4140,0.8047,0.4835,0.8298,0.3475,Failing,1
fix_failing_calm,3192,25.0167,0.4104,0.8024,0.4823,0.8284,0.3475,Failing,1
fix_failing_calm,3193,25.0333,0.4070,0.8004,0.4811,0.8270,0.3475,Failing,1
fix_failing_calm,3194,25.0500,0.4038,0.7952,0.4798,0.8256,0.3475,Failing,1
fix_failing_calm,3195,25.0667,0.4007,0.7917,0.4785,0.8241,0.3475,Failing,1
fix_failing_calm,3196,25.0833,0.3977,0.7908,0.4772,0.8227,0.3475,Failing,1
fix_failing_calm,3197,25.1000,0.3949,0.7874,0.4758,0.8213,0.3475,Failing,1
fix_failing_calm,3198,25.1167,0.3923,0.7830,0.4744,0.8199,0.3475,Failing,1
fix_failing_calm,3199,25.1333,0.3899,0.7821,0.4730,0.8185,0.3475,Failing,1
fix_failing_calm,3200,25.1500,0.3876,0.7808,0.4716,0.8171,0.3475,Failing,1
fix_failing_calm,3201,25.1667,0.3855,0.7766,0.4702,0.8157,0.3475,Failing,1
fix_failing_calm,3202,25.1833,0.3836,0.7749,0.4688,0.8143,0.3475,Failing,1
fix_failing_calm,3203,25.2000,0.3820,0.7752,0.4673,0.8130,0.3475,Failing,1
fix_failing_calm,3204,25.2167,0.3805,0.7726,0.4659,0.8116,0.3475,Failing,1
fix_failing_calm,3205,25.2333,0.3792,0.7699,0.4645,0.8102,0.3475,Failing,1
fix_failing_calm,3206,25.2500,0.3782,0.7708,0.4630,0.8089,0.3475,Failing,1
fix_failing_calm,3207,25.2667,0.3774,0.7704,0.4616,0.8075,0.3475,Failing,1
fix_failing_calm,3208,25.2833,0.3768,0.7677,0.4602,0.8061,0.3475,Failing,1
fix_failing_calm,3209,25.3000,0.3765,0.7681,0.4588,0.8048,0.3475,Failing,1
fix_failing_calm,3210,25.3167,0.3764,0.7697,0.4575,0.8034,0.3475,Failing,1
fix_failing_calm,3211,25.3333,0.3766,0.7683,0.4561,0.8021,0.3475,Failing,1
fix_failing_calm,3212,25.3500,0.3770,0.7678,0.4548,0.8008,0.3475,Failing,1
fix_failing_calm,3213,25.3667,0.3777,0.7706,0.4535,0.7994,0.3475,Failing,1
fix_failing_calm,3214,25.3833,0.3786,0.7713,0.4523,0.7981,0.3475,Failing,1
fix_failing_calm,3215,25.4000,0.3798,0.7705,0.4511,0.7968,0.3475,Failing,1
fix_failing_calm,3216,25.4167,0.3813,0.7732,0.4500,0.7955,0.3475,Failing,1
fix_failing_calm,3217,25.4333,0.3830,0.7763,0.4488,0.7941,0.3475,Failing,1
fix_failing_calm,3218,25.4500,0.3850,0.7764,0.4478,0.7928,0.3475,Failing,1
fix_failing_calm,3219,25.4667,0.3873,0.7783,0.4468,0.7915,0.3475,Failing,1
fix_failing_calm,3220,25.4833,0.3898,0.7830,0.4458,0.7902,0.3475,Failing,1
fix_failing_calm,3221,25.5000,0.3927,0.7851,0.4450,0.7889,0.3475,Failing,1
fix_failing_calm,3222,25.5167,0.3957,0.7864,0.4442,0.7876,0.3475,Failing,1
fix_failing_calm,3223,25.5333,0.3991,0.7914,0.4434,0.7877,0.3475,Failing,1
fix_failing_calm,3224,25.5500,0.4027,0.7959,0.4427,0.7877,0.3475,Failing,1
fix_failing_calm,3225,25.5667,0.4066,0.7977,0.4421,0.7878,0.3475,Failing,1
fix_failing_calm,3226,25.5833,0.4108,0.8021,0.4416,0.7879,0.3475,Failing,1
fix_failing_calm,3227,25.6000,0.4152,0.8085,0.4412,0.7881,0.3475,Failing,1
fix_failing_calm,3228,25.6167,0.4199,0.8119,0.4408,0.7883,0.3475,Failing,1
fix_failing_calm,3229,25.6333,0.4248,0.8155,0.4406,0.7885,0.3475,Failing,1
fix_failing_calm,3230,25.6500,0.4299,0.8225,0.4404,0.7888,0.3475,Failing,1
fix_failing_calm,3231,25.6667,0.4353,0.8282,0.4403,0.7891,0.3475,Failing,1
fix_failing_calm,3232,25.6833,0.4408,0.8317,0.4403,0.7895,0.3475,Failing,1
fix_failing_calm,3233,25.7000,0.4466,0.8382,0.4404,0.7899,0.3475,Failing,1
fix_failing_calm,3234,25.7167,0.4526,0.8459,0.4406,0.7904,0.3475,Failing,1
fix_failing_calm,3235,25.7333,0.4588,0.8505,0.4409,0.7908,0.3475,Failing,1
fix_failing_calm,3236,25.7500,0.4651,0.8559,0.4413,0.7914,0.3475,Failing,1
fix_failing_calm,3237,25.7667,0.4716,0.8645,0.4418,0.7920,0.3475,Failing,1
fix_failing_calm,3238,25.7833,0.4782,0.8709,0.4424,0.7927,0.3475,Failing,1
fix_failing_calm,3239,25.8000,0.4850,0.8757,0.4431,0.7933,0.3475,Failing,1
fix_failing_calm,3240,25.8167,0.4918,0.8838,0.4439,0.7941,0.3475,Failing,1
fix_failing_calm,3241,25.8333,0.4988,0.8921,0.4448,0.7949,0.3475,Failing,1
fix_failing_calm,3242,25.8500,0.5058,0.8972,0.4458,0.7958,0.3475,Failing,1
fix_failing_calm,3243,25.8667,0.5129,0.9039,0.4470,0.7967,0.3391,Failing,1
fix_failing_calm,3244,25.8833,0.5200,0.9132,0.4482,0.7976,0.3366,Failing,1
fix_failing_calm,3245,25.9000,0.5272,0.9196,0.4495,0.7986,0.3364,Failing,1
fix_failing_calm,3246,25.9167,0.5343,0.9250,0.4509,0.7997,0.3363,Failing,1
fix_failing_calm,3247,25.9333,0.5414,0.9337,0.4524,0.8008,0.3361,Failing,1
fix_failing_calm,3248,25.9500,0.5485,0.9416,0.4540,0.8020,0.3359,Failing,1
fix_failing_calm,3249,25.9667,0.5555,0.9465,0.4556,0.8032,0.3358,Failing,1
fix_failing_calm,3250,25.9833,0.5624,0.9537,0.4574,0.8044,0.3356,Failing,1
fix_failing_calm,3251,26.0000,0.5691,0.9624,0.4592,0.8057,0.3354,Failing,1
fix_failing_calm,3252,26.0167,0.5758,0.9678,0.4612,0.8071,0.3352,Failing,1
fix_failing_calm,3253,26.0333,0.5823,0.9730,0.4632,0.8084,0.3351,Failing,1
fix_failing_calm,3254,26.0500,0.5886,0.9812,0.4652,0.8099,0.3349,Failing,1
fix_failing_calm,3255,26.0667,0.5947,0.9876,0.4674,0.8114,0.3347,Failing,1
fix_failing_calm,3256,26.0833,0.6006,0.9914,0.4696,0.8128,0.3345,Failing,1
fix_failing_calm,3257,26.1000,0.6062,0.9978,0.4718,0.8144,0.3343,Failing,1
fix_failing_calm,3258,26.1167,0.6115,1.0000,0.4742,0.8159,0.3341,Failing,1
fix_failing_calm,3259,26.1333,0.6166,1.0000,0.4765,0.8174,0.3339,Failing,1
fix_failing_calm,3260,26.1500,0.6214,1.0000,0.4789,0.8190,0.3337,Failing,1
fix_failing_calm,3261,26.1667,0.6258,1.0000,0.4813,0.8205,0.3335,Failing,1
fix_failing_calm,3262,26.1833,0.6298,1.0000,0.4838,0.8220,0.3333,Failing,1
fix_failing_calm,3263,26.2000,0.6335,1.0000,0.4863,0.8234,0.3331,Failing,1
fix_failing_calm,3264,26.2167,0.6368,1.0000,0.4887,0.8249,0.3329,Failing,1
fix_failing_calm,3265,26.2333,0.6397,1.0000,0.4912,0.8264,0.3327,Failing,1
fix_failing_calm,3266,26.2500,0.6422,1.0000,0.4937,0.8278,0.3325,Failing,1
fix_failing_calm,3267,26.2667,0.6443,1.0000,0.4962,0.8292,0.3323,Failing,1
fix_failing_calm,3268,26.2833,0.6459,1.0000,0.4987,0.8306,0.3321,Failing,1
fix_failing_calm,3269,26.3000,0.6470,1.0000,0.5012,0.8320,0.3319,Failing,1
fix_failing_calm,3270,26.3167,0.6477,1.0000,0.5036,0.8334,0.3317,Failing,1
fix_failing_calm,3271,26.3333,0.6478,1.0000,0.5060,0.8348,0.3315,Failing,1
fix_failing_calm,3272,26.3500,0.6475,1.0000,0.5083,0.8362,0.3312,Failing,1
fix_failing_calm,3273,26.3667,0.6467,1.0000,0.5106,0.8376,0.3310,Failing,1
fix_failing_calm,3274,26.3833,0.6454,1.0000,0.5128,0.8389,0.3308,Failing,1
fix_failing_calm,3275,26.4000,0.6435,1.0000,0.5150,0.8402,0.3306,Failing,1
fix_failing_calm,3276,26.4167,0.6412,1.0000,0.5171,0.8416,0.3303,Failing,1
fix_failing_calm,3277,26.4333,0.6384,1.0000,0.5191,0.8429,0.3301,Failing,1
fix_failing_calm,3278,26.4500,0.6350,1.0000,0.5210,0.8442,0.3299,Failing,1
fix_failing_calm,3279,26.4667,0.6312,1.0000,0.5228,0.8455,0.3296,Failing,1
fix_failing_calm,3280,26.4833,0.6268,1.0000,0.5245,0.8468,0.3294,Failing,1
fix_failing_calm,3281,26.5000,0.6219,1.0000,0.5261,0.8480,0.3292,Failing,1
fix_failing_calm,3282,26.5167,0.6166,1.0000,0.5276,0.8493,0.3289,Failing,1
fix_failing_calm,3283,26.5333,0.6108,1.0000,0.5290,0.8505,0.3287,Failing,1
fix_failing_calm,3284,26.5500,0.6045,0.9954,0.5302,0.8517,0.3284,Failing,1
fix_failing_calm,3285,26.5667,0.5978,0.9907,0.5314,0.8529,0.3282,Failing,1
fix_failing_calm,3286,26.5833,0.5906,0.9833,0.5323,0.8540,0.3279,Failing,1
fix_failing_calm,3287,26.6000,0.5831,0.9738,0.5332,0.8550,0.3277,Failing,1
fix_failing_calm,3288,26.6167,0.5751,0.9671,0.5339,0.8559,0.3274,Failing,1
fix_failing_calm,3289,26.6333,0.5667,0.9600,0.5344,0.8568,0.3272,Failing,1
fix_failing_calm,3290,26.6500,0.5580,0.9494,0.5348,0.8575,0.3269,Failing,1
fix_failing_calm,3291,26.6667,0.5490,0.9400,0.5350,0.8582,0.3267,Failing,1
fix_failing_calm,3292,26.6833,0.5396,0.9328,0.5351,0.8588,0.3264,Failing,1
fix_failing_calm,3293,26.7000,0.5300,0.9223,0.5350,0.8594,0.3261,Failing,1
fix_failing_calm,3294,26.7167,0.5201,0.9107,0.5348,0.8598,0.3259,Failing,1
fix_failing_calm,3295,26.7333,0.5099,0.9023,0.5344,0.8601,0.3256,Failing,1
fix_failing_calm,3296,26.7500,0.4996,0.8928,0.5338,0.8604,0.3253,Failing,1
fix_failing_calm,3297,26.7667,0.4891,0.8802,0.5331,0.8606,0.3251,Failing,1
fix_failing_calm,3298,26.7833,0.4785,0.8698,0.5322,0.8607,0.3248,Failing,1
fix_failing_calm,3299,26.8000,0.4677,0.8610,0.5311,0.8607,0.3245,Failing,1
fix_failing_calm,3300,26.8167,0.4569,0.8489,0.5299,0.8591,0.3243,Failing,1
fix_failing_calm,3301,26.8333,0.4460,0.8367,0.5285,0.8576,0.3240,Failing,1
fix_failing_calm,3302,26.8500,0.4351,0.8278,0.5269,0.8561,0.3237,Failing,1
fix_failing_calm,3303,26.8667,0.4243,0.8172,0.5252,0.8545,0.3234,Failing,1
fix_failing_calm,3304,26.8833,0.4135,0.8043,0.5234,0.8530,0.3232,Failing,1
fix_failing_calm,3305,26.9000,0.4027,0.7944,0.5214,0.8515,0.3229,Failing,1
fix_failing_calm,3306,26.9167,0.3922,0.7855,0.5193,0.8500,0.3226,Failing,1
fix_failing_calm,3307,26.9333,0.3817,0.7734,0.5170,0.8485,0.3223,Failing,1
fix_failing_calm,3308,26.9500,0.3715,0.7623,0.5146,0.8470,0.3220,Failing,1
fix_failing_calm,3309,26.9667,0.3615,0.7544,0.5121,0.8455,0.3217,Failing,1
fix_failing_calm,3310,26.9833,0.3517,0.7444,0.5094,0.8440,0.3214,Failing,1
fix_failing_calm,3311,27.0000,0.3422,0.7329,0.5066,0.8425,0.3212,Failing,1
fix_failing_calm,3312,27.0167,0.3331,0.7251,0.5038,0.8411,0.3209,Failing,1
fix_failing_calm,3313,27.0333,0.3243,0.7176,0.5008,0.8396,0.3206,Failing,1
fix_failing_calm,3314,27.0500,0.3159,0.7072,0.4977,0.8381,0.3203,Failing,1
fix_failing_calm,3315,27.0667,0.3078,0.6989,0.4946,0.8367,0.3200,Failing,1
fix_failing_calm,3316,27.0833,0.3002,0.6934,0.4914,0.8352,0.3197,Failing,1
fix_failing_calm,3317,27.1000,0.2931,0.6854,0.4881,0.8337,0.3194,Failing,1
fix_failing_calm,3318,27.1167,0.2865,0.6771,0.4848,0.8323,0.3191,Failing,1
fix_failing_calm,3319,27.1333,0.2803,0.6727,0.4814,0.8309,0.3188,Failing,1
fix_failing_calm,3320,27.1500,0.2747,0.6678,0.4780,0.8294,0.3186,Failing,1
fix_failing_calm,3321,27.1667,0.2696,0.6606,0.4745,0.8280,0.3184,Failing,1
fix_failing_calm,3322,27.1833,0.2651,0.6565,0.4711,0.8266,0.3182,Failing,1
fix_failing_calm,3323,27.2000,0.2612,0.6545,0.4676,0.8251,0.3181,Failing,1
fix_failing_calm,3324,27.2167,0.2578,0.6498,0.4641,0.8237,0.3180,Failing,1
fix_failing_calm,3325,27.2333,0.2551,0.6458,0.4607,0.8223,0.3179,Failing,1
fix_failing_calm,3326,27.2500,0.2529,0.6456,0.4573,0.8209,0.3179,Failing,1
fix_failing_calm,3327,27.2667,0.2514,0.6443,0.4539,0.8195,0.3180,Failing,1
fix_failing_calm,3328,27.2833,0.2505,0.6413,0.4505,0.8181,0.3180,Failing,1
fix_failing_calm,3329,27.3000,0.2502,0.6419,0.4472,0.8167,0.3181,Failing,1
fix_failing_calm,3330,27.3167,0.2506,0.6439,0.4439,0.8153,0.3182,Failing,1
fix_failing_calm,3331,27.3333,0.2516,0.6432,0.4408,0.8140,0.3184,Failing,1
fix_failing_calm,3332,27.3500,0.2532,0.6441,0.4377,0.8126,0.3186,Failing,1
fix_failing_calm,3333,27.3667,0.2555,0.6484,0.4346,0.8112,0.3188,Failing,1
fix_failing_calm,3334,27.3833,0.2583,0.6509,0.4317,0.8098,0.3190,Failing,1
fix_failing_calm,3335,27.4000,0.2618,0.6525,0.4289,0.8085,0.3193,Failing,1
fix_failing_calm,3336,27.4167,0.2658,0.6579,0.4262,0.8071,0.3196,Failing,1
fix_failing_calm,3337,27.4333,0.2705,0.6638,0.4237,0.8058,0.3199,Failing,1
fix_failing_calm,3338,27.4500,0.2757,0.6670,0.4212,0.8044,0.3202,Failing,1
fix_failing_calm,3339,27.4667,0.2815,0.6726,0.4189,0.8031,0.3205,Failing,1
fix_failing_calm,3340,27.4833,0.2878,0.6809,0.4167,0.8017,0.3208,Failing,1
fix_failing_calm,3341,27.5000,0.2946,0.6869,0.4147,0.8004,0.3211,Failing,1
fix_failing_calm,3342,27.5167,0.3019,0.6925,0.4128,0.7990,0.3215,Failing,1
fix_failing_calm,3343,27.5333,0.3096,0.7020,0.4111,0.7977,0.3218,Failing,1
fix_failing_calm,3344,27.5500,0.3178,0.7110,0.4096,0.7964,0.3222,Failing,1
fix_failing_calm,3345,27.5667,0.3265,0.7175,0.4082,0.7951,0.3225,Failing,1
fix_failing_calm,3346,27.5833,0.3355,0.7268,0.4070,0.7938,0.3228,Failing,1
fix_failing_calm,3347,27.6000,0.3448,0.7381,0.4060,0.7925,0.3232,Failing,1
fix_failing_calm,3348,27.6167,0.3545,0.7465,0.4051,0.7911,0.3235,Failing,1
fix_failing_calm,3349,27.6333,0.3645,0.7553,0.4045,0.7898,0.3238,Failing,1
fix_failing_calm,3350,27.6500,0.3748,0.7675,0.4040,0.7885,0.3241,Failing,1
fix_failing_calm,3351,27.6667,0.3853,0.7782,0.4037,0.7873,0.3245,Failing,1
fix_failing_calm,3352,27.6833,0.3960,0.7868,0.4035,0.7860,0.3248,Failing,1
fix_failing_calm,3353,27.7000,0.4068,0.7986,0.4036,0.7861,0.3251,Failing,1
fix_failing_calm,3354,27.7167,0.4178,0.8112,0.4038,0.7863,0.3255,Failing,1
fix_failing_calm,3355,27.7333,0.4289,0.8205,0.4042,0.7866,0.3258,Failing,1
fix_failing_calm,3356,27.7500,0.4401,0.8309,0.4048,0.7869,0.3261,Failing,1
fix_failing_calm,3357,27.7667,0.4513,0.8442,0.4056,0.7874,0.3264,Failing,1
fix_failing_calm,3358,27.7833,0.4624,0.8550,0.4065,0.7880,0.3267,Failing,1
fix_failing_calm,3359,27.8000,0.4736,0.8643,0.4077,0.7886,0.3271,Failing,1
fix_failing_calm,3360,27.8167,0.4846,0.8767,0.4089,0.7893,0.3274,Failing,1
fix_failing_calm,3361,27.8333,0.4956,0.8889,0.4104,0.7902,0.3277,Failing,1
fix_failing_calm,3362,27.8500,0.5064,0.8977,0.4119,0.7911,0.3280,Failing,1
fix_failing_calm,3363,27.8667,0.5171,0.9082,0.4137,0.7920,0.3283,Failing,1
fix_failing_calm,3364,27.8833,0.5275,0.9207,0.4156,0.7931,0.3286,Failing,1
fix_failing_calm,3365,27.9000,0.5377,0.9300,0.4176,0.7942,0.3289,Failing,1
fix_failing_calm,3366,27.9167,0.5476,0.9383,0.4197,0.7954,0.3292,Failing,1
fix_failing_calm,3367,27.9333,0.5573,0.9497,0.4220,0.7967,0.3295,Failing,1
fix_failing_calm,3368,27.9500,0.5666,0.9598,0.4244,0.7981,0.3298,Failing,1
fix_failing_calm,3369,27.9667,0.5756,0.9666,0.4269,0.7995,0.3301,Failing,1
fix_failing_calm,3370,27.9833,0.5843,0.9757,0.4295,0.8009,0.3304,Failing,1
fix_failing_calm,3371,28.0000,0.5925,0.9858,0.4322,0.8025,0.3306,Failing,1
fix_failing_calm,3372,28.0167,0.6003,0.9922,0.4350,0.8040,0.3309,Failing,1
fix_failing_calm,3373,28.0333,0.6077,0.9984,0.4378,0.8056,0.3312,Failing,1
fix_failing_calm,3374,28.0500,0.6146,1.0000,0.4407,0.8073,0.3314,Failing,1
fix_failing_calm,3375,28.0667,0.6211,1.0000,0.4437,0.8089,0.3317,Failing,1
fix_failing_calm,3376,28.0833,0.6271,1.0000,0.4468,0.8104,0.3319,Failing,1
fix_failing_calm,3377,28.1000,0.6326,1.0000,0.4498,0.8120,0.3322,Failing,1
fix_failing_calm,3378,28.1167,0.6376,1.0000,0.4529,0.8136,0.3324,Failing,1
fix_failing_calm,3379,28.1333,0.6420,1.0000,0.4561,0.8151,0.3327,Failing,1
fix_failing_calm,3380,28.1500,0.6460,1.0000,0.4592,0.8167,0.3329,Failing,1
fix_failing_calm,3381,28.1667,0.6494,1.0000,0.4623,0.8182,0.3331,Failing,1
fix_failing_calm,3382,28.1833,0.6523,1.0000,0.4655,0.8197,0.3334,Failing,1
fix_failing_calm,3383,28.2000,0.6546,1.0000,0.4686,0.8212,0.3336,Failing,1
fix_failing_calm,3384,28.2167,0.6564,1.0000,0.4717,0.8227,0.3338,Failing,1
fix_failing_calm,3385,28.2333,0.6577,1.0000,0.4748,0.8241,0.3340,Failing,1
fix_failing_calm,3386,28.2500,0.6584,1.0000,0.4778,0.8256,0.3342,Failing,1
fix_failing_calm,3387,28.2667,0.6587,1.0000,0.4808,0.8270,0.3344,Failing,1
fix_failing_calm,3388,28.2833,0.6584,1.0000,0.4837,0.8285,0.3346,Failing,1
fix_failing_calm,3389,28.3000,0.6575,1.0000,0.4866,0.8299,0.3347,Failing,1
fix_failing_calm,3390,28.3167,0.6562,1.0000,0.4894,0.8313,0.3349,Failing,1
fix_failing_calm,3391,28.3333,0.6544,1.0000,0.4921,0.8327,0.3351,Failing,1
fix_failing_calm,3392,28.3500,0.6521,1.0000,0.4948,0.8341,0.3353,Failing,1
fix_failing_calm,3393,28.3667,0.6494,1.0000,0.4973,0.8355,0.3354,Failing,1
fix_failing_calm,3394,28.3833,0.6462,1.0000,0.4998,0.8368,0.3356,Failing,1
fix_failing_calm,3395,28.4000,0.6426,1.0000,0.5022,0.8382,0.3357,Failing,1
fix_failing_calm,3396,28.4167,0.6385,1.0000,0.5044,0.8395,0.3359,Failing,1
fix_failing_calm,3397,28.4333,0.6341,1.0000,0.5066,0.8409,0.3360,Failing,1
fix_failing_calm,3398,28.4500,0.6293,1.0000,0.5086,0.8422,0.3362,Failing,1
fix_failing_calm,3399,28.4667,0.6241,1.0000,0.5105,0.8435,0.3363,Failing,1
fix_failing_calm,3400,28.4833,0.6186,1.0000,0.5123,0.8448,0.3364,Failing,1
fix_failing_calm,3401,28.5000,0.6128,1.0000,0.5139,0.8461,0.3365,Failing,1
fix_failing_calm,3402,28.5167,0.6066,1.0000,0.5155,0.8474,0.3367,Failing,1
fix_failing_calm,3403,28.5333,0.6003,0.9918,0.5169,0.8486,0.3368,Failing,1
fix_failing_calm,3404,28.5500,0.5937,0.9846,0.5181,0.8497,0.3369,Failing,1
fix_failing_calm,3405,28.5667,0.5868,0.9798,0.5193,0.8508,0.3370,Failing,1
fix_failing_calm,3406,28.5833,0.5798,0.9724,0.5203,0.8518,0.3371,Failing,1
fix_failing_calm,3407,28.6000,0.5726,0.9633,0.5211,0.8527,0.3372,Failing,1
fix_failing_calm,3408,28.6167,0.5653,0.9574,0.5219,0.8536,0.3373,Failing,1
fix_failing_calm,3409,28.6333,0.5578,0.9510,0.5225,0.8544,0.3374,Failing,1
fix_failing_calm,3410,28.6500,0.5502,0.9415,0.5229,0.8551,0.3374,Failing,1
fix_failing_calm,3411,28.6667,0.5426,0.9338,0.5233,0.8558,0.3375,Failing,1
fix_failing_calm,3412,28.6833,0.5349,0.9281,0.5234,0.8564,0.3376,Failing,1
fix_failing_calm,3413,28.7000,0.5272,0.9195,0.5235,0.8569,0.3377,Failing,1
fix_failing_calm,3414,28.7167,0.5195,0.9102,0.5234,0.8573,0.3377,Failing,1
fix_failing_calm,3415,28.7333,0.5119,0.9043,0.5233,0.8577,0.3378,Failing,1
fix_failing_calm,3416,28.7500,0.5042,0.8973,0.5229,0.8580,0.3378,Failing,1
fix_failing_calm,3417,28.7667,0.4966,0.8876,0.5225,0.8583,0.3379,Failing,1
fix_failing_calm,3418,28.7833,0.4892,0.8806,0.5220,0.8585,0.3379,Failing,1
fix_failing_calm,3419,28.8000,0.4818,0.8751,0.5213,0.8586,0.3380,Failing,1
fix_failing_calm,3420,28.8167,0.4745,0.8664,0.5205,0.8587,0.3380,Failing,1
fix_failing_calm,3421,28.8333,0.4674,0.8582,0.5196,0.8571,0.3380,Failing,1
fix_failing_calm,3422,28.8500,0.4605,0.8532,0.5187,0.8556,0.3381,Failing,1
fix_failing_calm,3423,28.8667,0.4537,0.8465,0.5176,0.8541,0.3381,Failing,1
fix_failing_calm,3424,28.8833,0.4471,0.8379,0.5164,0.8526,0.3381,Failing,1
fix_failing_calm,3425,28.9000,0.4407,0.8325,0.5152,0.8511,0.3381,Failing,1
fix_failing_calm,3426,28.9167,0.4346,0.8279,0.5138,0.8496,0.3381,Failing,1
fix_failing_calm,3427,28.9333,0.4287,0.8202,0.5124,0.8481,0.3381,Failing,1
fix_failing_calm,3428,28.9500,0.4230,0.8139,0.5110,0.8466,0.3382,Failing,1
fix_failing_calm,3429,28.9667,0.4176,0.8106,0.5094,0.8451,0.3382,Failing,1
fix_failing_calm,3430,28.9833,0.4124,0.8050,0.5078,0.8436,0.3382,Failing,1
fix_failing_calm,3431,29.0000,0.4075,0.7982,0.5061,0.8421,0.3382,Failing,1
fix_failing_calm,3432,29.0167,0.4029,0.7951,0.5044,0.8406,0.3382,Failing,1
fix_failing_calm,3433,29.0333,0.3986,0.7919,0.5027,0.8392,0.3382,Failing,1
fix_failing_calm,3434,29.0500,0.3946,0.7858,0.5009,0.8377,0.3382,Failing,1
fix_failing_calm,3435,29.0667,0.3909,0.7820,0.4991,0.8362,0.3382,Failing,1
fix_failing_calm,3436,29.0833,0.3875,0.7807,0.4972,0.8348,0.3382,Failing,1
fix_failing_calm,3437,29.1000,0.3843,0.7765,0.4954,0.8333,0.3382,Failing,1
fix_failing_calm,3438,29.1167,0.3815,0.7722,0.4935,0.8319,0.3382,Failing,1
fix_failing_calm,3439,29.1333,0.3790,0.7715,0.4916,0.8305,0.3382,Failing,1
fix_failing_calm,3440,29.1500,0.3768,0.7699,0.4897,0.8290,0.3382,Failing,1
fix_failing_calm,3441,29.1667,0.3749,0.7658,0.4878,0.8276,0.3382,Failing,1
fix_failing_calm,3442,29.1833,0.2613,0.6528,0.4841,0.8262,0.3382,Failing,1
fix_failing_calm,3443,29.2000,0.2604,0.6537,0.4804,0.8247,0.3382,Failing,1
fix_failing_calm,3444,29.2167,0.2597,0.6515,0.4767,0.8233,0.3382,Failing,1
fix_failing_calm,3445,29.2333,0.2592,0.6499,0.4731,0.8219,0.3382,Failing,1
fix_failing_calm,3446,29.2500,0.2589,0.6516,0.4696,0.8205,0.3382,Failing,1
fix_failing_calm,3447,29.2667,0.2587,0.6516,0.4661,0.8191,0.3382,Failing,1
fix_failing_calm,3448,29.2833,0.2588,0.6496,0.4627,0.8177,0.3382,Failing,1
fix_failing_calm,3449,29.3000,0.2591,0.6509,0.4593,0.8163,0.3382,Failing,1
fix_failing_calm,3450,29.3167,0.2596,0.6529,0.4560,0.8149,0.3382,Failing,1
fix_failing_calm,3451,29.3333,0.2602,0.6517,0.4528,0.8136,0.3382,Failing,1
fix_failing_calm,3452,29.3500,0.2610,0.6519,0.4496,0.8122,0.3382,Failing,1
fix_failing_calm,3453,29.3667,0.2620,0.6550,0.4465,0.8108,0.3382,Failing,1
fix_failing_calm,3454,29.3833,0.2631,0.6557,0.4435,0.8094,0.3382,Failing,1
fix_failing_calm,3455,29.4000,0.2644,0.6551,0.4405,0.8081,0.3382,Failing,1
fix_failing_calm,3456,29.4167,0.2659,0.6580,0.4376,0.8067,0.3382,Failing,1
fix_failing_calm,3457,29.4333,0.2675,0.6607,0.4348,0.8054,0.3382,Failing,1
fix_failing_calm,3458,29.4500,0.2692,0.6604,0.4321,0.8040,0.3382,Failing,1
fix_failing_calm,3459,29.4667,0.2711,0.6623,0.4294,0.8027,0.3382,Failing,1
fix_failing_calm,3460,29.4833,0.2731,0.6663,0.4268,0.8013,0.3382,Failing,1
fix_failing_calm,3461,29.5000,0.3931,0.7853,0.4263,0.8000,0.3383,Failing,1
fix_failing_calm,3462,29.5167,0.3963,0.7870,0.4258,0.7987,0.3385,Failing,1
fix_failing_calm,3463,29.5333,0.3996,0.7922,0.4253,0.7973,0.3387,Failing,1
fix_failing_calm,3464,29.5500,0.4031,0.7962,0.4250,0.7960,0.3388,Failing,1
fix_failing_calm,3465,29.5667,0.4068,0.7977,0.4247,0.7960,0.3390,Failing,1
fix_failing_calm,3466,29.5833,0.4105,0.8020,0.4244,0.7961,0.3392,Failing,1
fix_failing_calm,3467,29.6000,0.4144,0.8077,0.4243,0.7962,0.3393,Failing,1
fix_failing_calm,3468,29.6167,0.4183,0.8102,0.4242,0.7963,0.3395,Failing,1
fix_failing_calm,3469,29.6333,0.4224,0.8132,0.4241,0.7964,0.3397,Failing,1
fix_failing_calm,3470,29.6500,0.4266,0.8194,0.4242,0.7966,0.3398,Failing,1
fix_failing_calm,3471,29.6667,0.4308,0.8236,0.4243,0.7969,0.3400,Failing,1
fix_failing_calm,3472,29.6833,0.4352,0.8259,0.4245,0.7971,0.3402,Failing,1
fix_failing_calm,3473,29.7000,0.4396,0.8314,0.4247,0.7974,0.3403,Failing,1
fix_failing_calm,3474,29.7167,0.4440,0.8373,0.4250,0.7977,0.3405,Failing,1
fix_failing_calm,3475,29.7333,0.4485,0.8400,0.4254,0.7981,0.3406,Failing,1
fix_failing_calm,3476,29.7500,0.4531,0.8440,0.4259,0.7984,0.3408,Failing,1
fix_failing_calm,3477,29.7667,0.4577,0.8507,0.4264,0.7989,0.3409,Failing,1
fix_failing_calm,3478,29.7833,0.4623,0.8548,0.4270,0.7993,0.3411,Failing,1
fix_failing_calm,3479,29.8000,0.4669,0.8576,0.4277,0.7998,0.3412,Failing,1
fix_failing_calm,3480,29.8167,0.4716,0.8637,0.4284,0.8004,0.3414,Failing,1
fix_failing_calm,3481,29.8333,0.4762,0.8694,0.4292,0.8009,0.3415,Failing,1
fix_failing_calm,3482,29.8500,0.4809,0.8720,0.4300,0.8015,0.3417,Failing,1
fix_failing_calm,3483,29.8667,0.4855,0.8767,0.4310,0.8021,0.3418,Failing,1
fix_failing_calm,3484,29.8833,0.4901,0.8833,0.4319,0.8028,0.3419,Failing,1
fix_failing_calm,3485,29.9000,0.4947,0.8869,0.4330,0.8035,0.3421,Failing,1
fix_failing_calm,3486,29.9167,0.4992,0.8899,0.4341,0.8042,0.3422,Failing,1
fix_failing_calm,3487,29.9333,0.5038,0.8963,0.4352,0.8050,0.3423,Failing,1
fix_failing_calm,3488,29.9500,0.5082,0.9013,0.4364,0.8058,0.3425,Failing,1
fix_failing_calm,3489,29.9667,0.5126,0.9036,0.4377,0.8066,0.3426,Failing,1
fix_failing_calm,3490,29.9833,0.5170,0.9085,0.4390,0.8074,0.3427,Failing,1
fix_failing_calm,3491,30.0000,0.5212,0.9146,0.4404,0.8083,0.3428,Failing,1
fix_failing_calm,3492,30.0167,0.5254,0.9172,0.4418,0.8092,0.3429,Failing,1
fix_failing_calm,3493,30.0333,0.5295,0.9203,0.4432,0.8102,0.3430,Failing,1
fix_failing_calm,3494,30.0500,0.5335,0.9263,0.4447,0.8111,0.3432,Failing,1
fix_failing_calm,3495,30.0667,0.5374,0.9302,0.4462,0.8121,0.3433,Failing,1
fix_failing_calm,3496,30.0833,0.5412,0.9319,0.4478,0.8131,0.3434,Failing,1
fix_failing_calm,3497,30.1000,0.5448,0.9367,0.4494,0.8141,0.3434,Failing,1
fix_failing_calm,3498,30.1167,0.5483,0.9416,0.4510,0.8152,0.3435,Failing,1
fix_failing_calm,3499,30.1333,0.5517,0.9431,0.4527,0.8163,0.3436,Failing,1
fix_failing_calm,3500,30.1500,0.5549,0.9459,0.4544,0.8173,0.3437,Failing,1
fix_failing_calm,3501,30.1667,0.5580,0.9510,0.4561,0.8184,0.3438,Failing,1
fix_failing_calm,3502,30.1833,0.5609,0.9533,0.4578,0.8196,0.3439,Failing,1
fix_failing_calm,3503,30.2000,0.5636,0.9543,0.4596,0.8207,0.3439,Failing,1
fix_failing_calm,3504,30.2167,0.5661,0.9583,0.4613,0.8218,0.3440,Failing,1
fix_failing_calm,3505,30.2333,0.5685,0.9617,0.4631,0.8230,0.3441,Failing,1
fix_failing_calm,3506,30.2500,0.5706,0.9618,0.4649,0.8241,0.3441,Failing,1
fix_failing_calm,3507,30.2667,0.5725,0.9637,0.4667,0.8253,0.3442,Failing,1
fix_failing_calm,3508,30.2833,0.5742,0.9675,0.4684,0.8265,0.3442,Failing,1
fix_failing_calm,3509,30.3000,0.5757,0.9679,0.4702,0.8276,0.3443,Failing,1
fix_failing_calm,3510,30.3167,0.5770,0.9676,0.4720,0.8288,0.3443,Failing,1
fix_failing_calm,3511,30.3333,0.5780,0.9705,0.4737,0.8300,0.3444,Failing,1
fix_failing_calm,3512,30.3500,0.5787,0.9718,0.4755,0.8312,0.3444,Failing,1
fix_failing_calm,3513,30.3667,0.5792,0.9701,0.4772,0.8323,0.3444,Failing,1
fix_failing_calm,3514,30.3833,0.5795,0.9710,0.4789,0.8335,0.3445,Failing,1
fix_failing_calm,3515,30.4000,0.5794,0.9727,0.4805,0.8346,0.3445,Failing,1
fix_failing_calm,3516,30.4167,0.5791,0.9709,0.4822,0.8357,0.3445,Failing,1
fix_failing_calm,3517,30.4333,0.5785,0.9693,0.4838,0.8369,0.3445,Failing,1
fix_failing_calm,3518,30.4500,0.5776,0.9705,0.4853,0.8380,0.3445,Failing,1
fix_failing_calm,3519,30.4667,0.5765,0.9693,0.4868,0.8391,0.3446,Failing,1
fix_failing_calm,3520,30.4833,0.5750,0.9658,0.4883,0.8401,0.3446,Failing,1
fix_failing_calm,3521,30.5000,0.5733,0.9651,0.4897,0.8411,0.3446,Failing,1
fix_failing_calm,3522,30.5167,0.5712,0.9645,0.4910,0.8422,0.3446,Failing,1
fix_failing_calm,3523,30.5333,0.5689,0.9603,0.4923,0.8431,0.3446,Failing,1
fix_failing_calm,3524,30.5500,0.5662,0.9572,0.4935,0.8441,0.3446,Failing,1
fix_failing_calm,3525,30.5667,0.5633,0.9563,0.4947,0.8450,0.3446,Failing,1
fix_failing_calm,3526,30.5833,0.5600,0.9525,0.4958,0.8459,0.3446,Failing,1
fix_failing_calm,3527,30.6000,0.5564,0.9471,0.4968,0.8468,0.3446,Failing,1
fix_failing_calm,3528,30.6167,0.5526,0.9448,0.4977,0.8476,0.3446,Failing,1
fix_failing_calm,3529,30.6333,0.5485,0.9417,0.4985,0.8484,0.3446,Failing,1
fix_failing_calm,3530,30.6500,0.5440,0.9352,0.4993,0.8491,0.3446,Failing,1
fix_failing_calm,3531,30.6667,0.5393,0.9306,0.4999,0.8498,0.3446,Failing,1
fix_failing_calm,3532,30.6833,0.5344,0.9276,0.5005,0.8504,0.3446,Failing,1
fix_failing_calm,3533,30.7000,0.5291,0.9212,0.5010,0.8510,0.3446,Failing,1
fix_failing_calm,3534,30.7167,0.5236,0.9143,0.5014,0.8515,0.3446,Failing,1
fix_failing_calm,3535,30.7333,0.5179,0.9104,0.5016,0.8520,0.3446,Failing,1
fix_failing_calm,3536,30.7500,0.5119,0.9049,0.5018,0.8524,0.3446,Failing,1
fix_failing_calm,3537,30.7667,0.5057,0.8966,0.5019,0.8528,0.3446,Failing,1
fix_failing_calm,3538,30.7833,0.4993,0.8908,0.5018,0.8531,0.3446,Failing,1
fix_failing_calm,3539,30.8000,0.4926,0.8860,0.5017,0.8534,0.3446,Failing,1
fix_failing_calm,3540,30.8167,0.4858,0.8776,0.5014,0.8536,0.3446,Failing,1
fix_failing_calm,3541,30.8333,0.4789,0.8697,0.5010,0.8537,0.3446,Failing,1
fix_failing_calm,3542,30.8500,0.4718,0.8646,0.5006,0.8538,0.3446,Failing,1
fix_failing_calm,3543,30.8667,0.4645,0.8573,0.5000,0.8538,0.3446,Failing,1
fix_failing_calm,3544,30.8833,0.4571,0.8479,0.4993,0.8523,0.3446,Failing,1
fix_failing_calm,3545,30.9000,0.4497,0.8416,0.4984,0.8508,0.3446,Failing,1
fix_failing_calm,3546,30.9167,0.4421,0.8354,0.4975,0.8493,0.3446,Failing,1
fix_failing_calm,3547,30.9333,0.4345,0.8260,0.4965,0.8478,0.3446,Failing,1
fix_failing_calm,3548,30.9500,0.4269,0.8179,0.4953,0.8463,0.3446,Failing,1
fix_failing_calm,3549,30.9667,0.4193,0.8124,0.4941,0.8448,0.3446,Failing,1
fix_failing_calm,3550,30.9833,0.4117,0.8041,0.4927,0.8433,0.3446,Failing,1
fix_failing_calm,3551,31.0000,0.4041,0.7947,0.4912,0.8419,0.3446,Failing,1
fix_failing_calm,3552,31.0167,0.3965,0.7888,0.4897,0.8404,0.3446,Failing,1
fix_failing_calm,3553,31.0333,0.3891,0.7823,0.4880,0.8389,0.3446,Failing,1
fix_failing_calm,3554,31.0500,0.3817,0.7729,0.4862,0.8375,0.3446,Failing,1
fix_failing_calm,3555,31.0667,0.3745,0.7658,0.4844,0.8360,0.3446,Failing,1
fix_failing_calm,3556,31.0833,0.3675,0.7607,0.4825,0.8345,0.3446,Failing,1
fix_failing_calm,3557,31.1000,0.3606,0.7527,0.4805,0.8331,0.3446,Failing,1
fix_failing_calm,3558,31.1167,0.3539,0.7446,0.4784,0.8317,0.3446,Failing,1
fix_failing_calm,3559,31.1333,0.3475,0.7400,0.4762,0.8302,0.3446,Failing,1
fix_failing_calm,3560,31.1500,0.3413,0.7343,0.4740,0.8288,0.3446,Failing,1
fix_failing_calm,3561,31.1667,0.3353,0.7262,0.4717,0.8274,0.3446,Failing,1
fix_failing_calm,3562,31.1833,0.3297,0.7213,0.4693,0.8259,0.3446,Failing,1
fix_failing_calm,3563,31.2000,0.3244,0.7177,0.4669,0.8245,0.3446,Failing,1
fix_failing_calm,3564,31.2167,0.3194,0.7112,0.4645,0.8231,0.3446,Failing,1
fix_failing_calm,3565,31.2333,0.3148,0.7056,0.4620,0.8217,0.3446,Failing,1
fix_failing_calm,3566,31.2500,0.3106,0.7035,0.4595,0.8203,0.3446,Failing,1
fix_failing_calm,3567,31.2667,0.3068,0.6995,0.4570,0.8189,0.3446,Failing,1
fix_failing_calm,3568,31.2833,0.3034,0.6941,0.4545,0.8175,0.3446,Failing,1
fix_failing_calm,3569,31.3000,0.3004,0.6923,0.4519,0.8161,0.3446,Failing,1
fix_failing_calm,3570,31.3167,0.2979,0.6912,0.4494,0.8147,0.3446,Failing,1
fix_failing_calm,3571,31.3333,0.2959,0.6873,0.4468,0.8133,0.3446,Failing,1
fix_failing_calm,3572,31.3500,0.2943,0.6853,0.4443,0.8120,0.3446,Failing,1
fix_failing_calm,3573,31.3667,0.2932,0.6864,0.4418,0.8106,0.3446,Failing,1
fix_failing_calm,3574,31.3833,0.2049,0.5973,0.4379,0.8092,0.3446,Failing,1
fix_failing_calm,3575,31.4000,0.2048,0.5955,0.4340,0.8079,0.3446,Failing,1
fix_failing_calm,3576,31.4167,0.2052,0.5974,0.4303,0.8065,0.3446,Failing,1
fix_failing_calm,3577,31.4333,0.2059,0.5990,0.4265,0.8051,0.3446,Failing,1
fix_failing_calm,3578,31.4500,0.2069,0.5980,0.4229,0.8038,0.3446,Failing,1
fix_failing_calm,3579,31.4667,0.2084,0.5996,0.4194,0.8025,0.3446,Failing,1
fix_failing_calm,3580,31.4833,0.3002,0.6935,0.4174,0.8011,0.3446,Failing,1
fix_failing_calm,3581,31.5000,0.3034,0.6954,0.4155,0.7998,0.3446,Failing,1
fix_failing_calm,3582,31.5167,0.3070,0.6977,0.4137,0.7985,0.3446,Failing,1
fix_failing_calm,3583,31.5333,0.3112,0.7038,0.4120,0.7971,0.3446,Failing,1
fix_failing_calm,3584,31.5500,0.3159,0.7089,0.4104,0.7958,0.3446,Failing,1
fix_failing_calm,3585,31.5667,0.3211,0.7120,0.4090,0.7945,0.3446,Failing,1
fix_failing_calm,3586,31.5833,0.3268,0.7184,0.4076,0.7932,0.3446,Failing,1
fix_failing_calm,3587,31.6000,0.3330,0.7263,0.4064,0.7919,0.3446,Failing,1
fix_failing_calm,3588,31.6167,0.3396,0.7313,0.4053,0.7906,0.3446,Failing,1
fix_failing_calm,3589,31.6333,0.3467,0.7376,0.4043,0.7893,0.3446,Failing,1
fix_failing_calm,3590,31.6500,0.3543,0.7472,0.4035,0.7880,0.3446,Failing,1
fix_failing_calm,3591,31.6667,0.3623,0.7550,0.4028,0.7867,0.3446,Failing,1
fix_failing_calm,3592,31.6833,0.3707,0.7614,0.4023,0.7854,0.3446,Failing,1
fix_failing_calm,3593,31.7000,0.3794,0.7714,0.4019,0.7841,0.3446,Failing,1
fix_failing_calm,3594,31.7167,0.3885,0.7818,0.4017,0.7828,0.3446,Failing,1
fix_failing_calm,3595,31.7333,0.3980,0.7894,0.4016,0.7829,0.3446,Failing,1
fix_failing_calm,3596,31.7500,0.4078,0.7988,0.4017,0.7830,0.3446,Failing,1
fix_failing_calm,3597,31.7667,0.4178,0.8109,0.4020,0.7832,0.3447,Failing,1
fix_failing_calm,3598,31.7833,0.4281,0.8205,0.4024,0.7836,0.3449,Failing,1
fix_failing_calm,3599,31.8000,0.4386,0.8293,0.4030,0.7839,0.3451,Failing,1
fix_failing_calm,3600,31.8167,0.4493,0.8416,0.4038,0.7844,0.3453,Failing,1
fix_failing_calm,3601,31.8333,0.4601,0.8533,0.4047,0.7850,0.3455,Failing,1
fix_failing_calm,3602,31.8500,0.4711,0.8622,0.4058,0.7856,0.3457,Failing,1
fix_failing_calm,3603,31.8667,0.4822,0.8735,0.4071,0.7864,0.3459,Failing,1
fix_failing_calm,3604,31.8833,0.4933,0.8866,0.4085,0.7872,0.3461,Failing,1
fix_failing_calm,3605,31.9000,0.5045,0.8965,0.4101,0.7881,0.3463,Failing,1
fix_failing_calm,3606,31.9167,0.5156,0.9063,0.4118,0.7891,0.3465,Failing,1
fix_failing_calm,3607,31.9333,0.5267,0.9193,0.4137,0.7902,0.3467,Failing,1
fix_failing_calm,3608,31.9500,0.5377,0.9307,0.4158,0.7913,0.3469,Failing,1
fix_failing_calm,3609,31.9667,0.5486,0.9395,0.4180,0.7925,0.3471,Failing,1
fix_failing_calm,3610,31.9833,0.5594,0.9510,0.4203,0.7939,0.3473,Failing,1
fix_failing_calm,3611,32.0000,0.5700,0.9633,0.4228,0.7953,0.3475,Failing,1
fix_failing_calm,3612,32.0167,0.5803,0.9720,0.4254,0.7967,0.3477,Failing,1
fix_failing_calm,3613,32.0333,0.5905,0.9813,0.4281,0.7983,0.3479,Failing,1
fix_failing_calm,3614,32.0500,0.6003,0.9932,0.4310,0.7999,0.3480,Failing,1
fix_failing_calm,3615,32.0667,0.6098,1.0000,0.4339,0.8015,0.3482,Failing,1
fix_failing_calm,3616,32.0833,0.6190,1.0000,0.4370,0.8032,0.3484,Failing,1
fix_failing_calm,3617,32.1000,0.6278,1.0000,0.4401,0.8048,0.3485,Failing,1
fix_failing_calm,3618,32.1167,0.6362,1.0000,0.4434,0.8064,0.3487,Failing,1
fix_failing_calm,3619,32.1333,0.6442,1.0000,0.4467,0.8081,0.3488,Failing,1
fix_failing_calm,3620,32.1500,0.6518,1.0000,0.4501,0.8096,0.3490,Failing,1
fix_failing_calm,3621,32.1667,0.6588,1.0000,0.4535,0.8112,0.3491,Failing,1
fix_failing_calm,3622,32.1833,0.6654,1.0000,0.4570,0.8128,0.3493,Failing,1
fix_failing_calm,3623,32.2000,0.6714,1.0000,0.4606,0.8143,0.3494,Failing,1
fix_failing_calm,3624,32.2167,0.6769,1.0000,0.4641,0.8159,0.3495,Failing,1
fix_failing_calm,3625,32.2333,0.6819,1.0000,0.4677,0.8174,0.3496,Failing,1
fix_failing_calm,3626,32.2500,0.6862,1.0000,0.4714,0.8189,0.3498,Failing,1
fix_failing_calm,3627,32.2667,0.6900,1.0000,0.4750,0.8204,0.3499,Failing,1
fix_failing_calm,3628,32.2833,0.6932,1.0000,0.4786,0.8219,0.3500,Failing,1
fix_failing_calm,3629,32.3000,0.6958,1.0000,0.4822,0.8234,0.3501,Failing,1
fix_failing_calm,3630,32.3167,0.6977,1.0000,0.4857,0.8249,0.3502,Failing,1
fix_failing_calm,3631,32.3333,0.6990,1.0000,0.4893,0.8263,0.3503,Failing,1
fix_failing_calm,3632,32.3500,0.6997,1.0000,0.4927,0.8278,0.3504,Failing,1
fix_failing_calm,3633,32.3667,0.6998,1.0000,0.4962,0.8292,0.3505,Failing,1
fix_failing_calm,3634,32.3833,0.6992,1.0000,0.4995,0.8306,0.3505,Failing,1
fix_failing_calm,3635,32.4000,0.6981,1.0000,0.5028,0.8320,0.3506,Failing,1
fix_failing_calm,3636,32.4167,0.6962,1.0000,0.5060,0.8334,0.3507,Failing,1
fix_failing_calm,3637,32.4333,0.6938,1.0000,0.5091,0.8348,0.3507,Failing,1
fix_failing_calm,3638,32.4500,0.6908,1.0000,0.5121,0.8362,0.3508,Failing,1
fix_failing_calm,3639,32.4667,0.6871,1.0000,0.5150,0.8375,0.3509,Failing,1
fix_failing_calm,3640,32.4833,0.6829,1.0000,0.5178,0.8389,0.3509,Failing,1
fix_failing_calm,3641,32.5000,0.6781,1.0000,0.5204,0.8402,0.3510,Failing,1
fix_failing_calm,3642,32.5167,0.6728,1.0000,0.5229,0.8415,0.3510,Failing,1
fix_failing_calm,3643,32.5333,0.6669,1.0000,0.5253,0.8428,0.3510,Failing,1
fix_failing_calm,3644,32.5500,0.6605,1.0000,0.5276,0.8442,0.3511,Failing,1
fix_failing_calm,3645,32.5667,0.6536,1.0000,0.5296,0.8454,0.3511,Failing,1
fix_failing_calm,3646,32.5833,0.6462,1.0000,0.5316,0.8467,0.3511,Failing,1
fix_failing_calm,3647,32.6000,0.6384,1.0000,0.5333,0.8480,0.3512,Failing,1
fix_failing_calm,3648,32.6167,0.6302,1.0000,0.5349,0.8493,0.3512,Failing,1
fix_failing_calm,3649,32.6333,0.6216,1.0000,0.5364,0.8505,0.3512,Failing,1
fix_failing_calm,3650,32.6500,0.6126,1.0000,0.5376,0.8518,0.3512,Failing,1
fix_failing_calm,3651,32.6667,0.6032,0.9946,0.5387,0.8529,0.3512,Failing,1
fix_failing_calm,3652,32.6833,0.5936,0.9869,0.5396,0.8540,0.3512,Failing,1
fix_failing_calm,3653,32.7000,0.5837,0.9757,0.5403,0.8551,0.3512,Failing,1
fix_failing_calm,3654,32.7167,0.5735,0.9643,0.5409,0.8560,0.3512,Failing,1
fix_failing_calm,3655,32.7333,0.5632,0.9558,0.5413,0.8568,0.3512,Failing,1
fix_failing_calm,3656,32.7500,0.5526,0.9456,0.5414,0.8575,0.3512,Failing,1
fix_failing_calm,3657,32.7667,0.5419,0.9328,0.5415,0.8582,0.3512,Failing,1
fix_failing_calm,3658,32.7833,0.5312,0.9228,0.5413,0.8587,0.3512,Failing,1
fix_failing_calm,3659,32.8000,0.5203,0.9136,0.5409,0.8591,0.3512,Failing,1
fix_failing_calm,3660,32.8167,0.5094,0.9010,0.5404,0.8595,0.3512,Failing,1
fix_failing_calm,3661,32.8333,0.4984,0.8893,0.5397,0.8597,0.3512,Failing,1
fix_failing_calm,3662,32.8500,0.4875,0.8805,0.5389,0.8599,0.3512,Failing,1
fix_failing_calm,3663,32.8667,0.4767,0.8694,0.5378,0.8600,0.3512,Failing,1
fix_failing_calm,3664,32.8833,0.4660,0.8567,0.5366,0.8585,0.3512,Failing,1
fix_failing_calm,3665,32.9000,0.4553,0.8473,0.5353,0.8569,0.3512,Failing,1
fix_failing_calm,3666,32.9167,0.4449,0.8381,0.5338,0.8554,0.3512,Failing,1
fix_failing_calm,3667,32.9333,0.4346,0.8259,0.5322,0.8539,0.3512,Failing,1
fix_failing_calm,3668,32.9500,0.4245,0.8156,0.5304,0.8524,0.3512,Failing,1
fix_failing_calm,3669,32.9667,0.4147,0.8078,0.5285,0.8508,0.3512,Failing,1
fix_failing_calm,3670,32.9833,0.4051,0.7975,0.5264,0.8493,0.3512,Failing,1
fix_failing_calm,3671,33.0000,0.3959,0.7865,0.5243,0.8478,0.3512,Failing,1
fix_failing_calm,3672,33.0167,0.3869,0.7793,0.5220,0.8463,0.3512,Failing,1
fix_failing_calm,3673,33.0333,0.3784,0.7715,0.5196,0.8449,0.3512,Failing,1
fix_failing_calm,3674,33.0500,0.3701,0.7612,0.5172,0.8434,0.3512,Failing,1
fix_failing_calm,3675,33.0667,0.3623,0.7537,0.5146,0.8419,0.3512,Failing,1
fix_failing_calm,3676,33.0833,0.3549,0.7482,0.5120,0.8404,0.3512,Failing,1
fix_failing_calm,3677,33.1000,0.3479,0.7399,0.5093,0.8389,0.3512,Failing,1
fix_failing_calm,3678,33.1167,0.3414,0.7321,0.5065,0.8375,0.3512,Failing,1
fix_failing_calm,3679,33.1333,0.3353,0.7279,0.5036,0.8360,0.3512,Failing,1
fix_failing_calm,3680,33.1500,0.3296,0.7226,0.5008,0.8346,0.3512,Failing,1
fix_failing_calm,3681,33.1667,0.3245,0.7153,0.4979,0.8331,0.3512,Failing,1
fix_failing_calm,3682,33.1833,0.3199,0.7115,0.4949,0.8317,0.3512,Failing,1
fix_failing_calm,3683,33.2000,0.3157,0.7091,0.4920,0.8302,0.3512,Failing,1
fix_failing_calm,3684,33.2167,0.3121,0.7037,0.4890,0.8288,0.3512,Failing,1
fix_failing_calm,3685,33.2333,0.3090,0.6998,0.4860,0.8274,0.3512,Failing,1
fix_failing_calm,3686,33.2500,0.3063,0.6993,0.4830,0.8260,0.3512,Failing,1
fix_failing_calm,3687,33.2667,0.3042,0.6969,0.4801,0.8245,0.3512,Failing,1
fix_failing_calm,3688,33.2833,0.3026,0.6933,0.4771,0.8231,0.3512,Failing,1
fix_failing_calm,3689,33.3000,0.3016,0.6936,0.4742,0.8217,0.3512,Failing,1
fix_failing_calm,3690,33.3167,0.3010,0.6943,0.4714,0.8203,0.3512,Failing,1
fix_failing_calm,3691,33.3333,0.3009,0.6922,0.4686,0.8189,0.3512,Failing,1
fix_failing_calm,3692,33.3500,0.3013,0.6924,0.4658,0.8175,0.3512,Failing,1
fix_failing_calm,3693,33.3667,0.3022,0.6954,0.4631,0.8161,0.3512,Failing,1
fix_failing_calm,3694,33.3833,0.3036,0.6959,0.4605,0.8147,0.3512,Failing,1
fix_failing_calm,3695,33.4000,0.3054,0.6961,0.4579,0.8134,0.3512,Failing,1
fix_failing_calm,3696,33.4167,0.3077,0.7001,0.4554,0.8120,0.3512,Failing,1
fix_failing_calm,3697,33.4333,0.3104,0.7035,0.4530,0.8106,0.3512,Failing,1
fix_failing_calm,3698,33.4500,0.3135,0.7045,0.4507,0.8092,0.3512,Failing,1
fix_failing_calm,3699,33.4667,0.3170,0.7084,0.4485,0.8079,0.3512,Failing,1
fix_failing_calm,3700,33.4833,0.3209,0.7142,0.4464,0.8065,0.3512,Failing,1
fix_failing_calm,3701,33.5000,0.3252,0.7172,0.4444,0.8052,0.3512,Failing,1
fix_failing_calm,3702,33.5167,0.3298,0.7206,0.4425,0.8038,0.3512,Failing,1
fix_failing_calm,3703,33.5333,0.3348,0.7275,0.4407,0.8025,0.3512,Failing,1
fix_failing_calm,3704,33.5500,0.3400,0.7329,0.4390,0.8011,0.3512,Failing,1
fix_failing_calm,3705,33.5667,0.3456,0.7364,0.4375,0.7998,0.3512,Failing,1
fix_failing_calm,3706,33.5833,0.3514,0.7431,0.4361,0.7985,0.3512,Failing,1
fix_failing_calm,3707,33.6000,0.3574,0.7507,0.4348,0.7972,0.3512,Failing,1
fix_failing_calm,3708,33.6167,0.3637,0.7553,0.4336,0.7958,0.3512,Failing,1
fix_failing_calm,3709,33.6333,0.3701,0.7610,0.4326,0.7945,0.3512,Failing,1
fix_failing_calm,3710,33.6500,0.3768,0.7697,0.4316,0.7932,0.3512,Failing,1
fix_failing_calm,3711,33.6667,0.3835,0.7761,0.4308,0.7919,0.3512,Failing,1
fix_failing_calm,3712,33.6833,0.3904,0.7811,0.4302,0.7906,0.3512,Failing,1
fix_failing_calm,3713,33.7000,0.3974,0.7895,0.4296,0.7893,0.3512,Failing,1
fix_failing_calm,3714,33.7167,0.4045,0.7978,0.4292,0.7894,0.3512,Failing,1
fix_failing_calm,3715,33.7333,0.4117,0.8030,0.4289,0.7895,0.3512,Failing,1
fix_failing_calm,3716,33.7500,0.4189,0.8100,0.4288,0.7896,0.3512,Failing,1
fix_failing_calm,3717,33.7667,0.4261,0.8193,0.4287,0.7899,0.3512,Failing,1
fix_failing_calm,3718,33.7833,0.4333,0.8256,0.4288,0.7902,0.3512,Failing,1
fix_failing_calm,3719,33.8000,0.4404,0.8311,0.4290,0.7905,0.3512,Failing,1
fix_failing_calm,3720,33.8167,0.4476,0.8400,0.4293,0.7909,0.3512,Failing,1
fix_failing_calm,3721,33.8333,0.4546,0.8477,0.4297,0.7914,0.3512,Failing,1
fix_failing_calm,3722,33.8500,0.4616,0.8526,0.4302,0.7919,0.3512,Failing,1
fix_failing_calm,3723,33.8667,0.4685,0.8599,0.4309,0.7925,0.3512,Failing,1
fix_failing_calm,3724,33.8833,0.4752,0.8685,0.4316,0.7931,0.3512,Failing,1
fix_failing_calm,3725,33.9000,0.4819,0.8738,0.4324,0.7938,0.3512,Failing,1
fix_failing_calm,3726,33.9167,0.4883,0.8791,0.4334,0.7945,0.3512,Failing,1
fix_failing_calm,3727,33.9333,0.4946,0.8874,0.4344,0.7953,0.3512,Failing,1
fix_failing_calm,3728,33.9500,0.5008,0.8937,0.4355,0.7961,0.3512,Failing,1
fix_failing_calm,3729,33.9667,0.5067,0.8975,0.4366,0.7969,0.3512,Failing,1
fix_failing_calm,3730,33.9833,0.5124,0.9042,0.4379,0.7978,0.3512,Failing,1
fix_failing_calm,3731,34.0000,0.5180,0.9113,0.4392,0.7987,0.3512,Failing,1
fix_failing_calm_back,3732,0.0167,0.9601,1.0000,0.4478,0.8004,0.3512,Failing,1
fix_failing_calm_back,3733,0.0333,0.9830,1.0000,0.4567,0.8021,0.3512,Failing,1
fix_failing_calm_back,3734,0.0500,0.9983,1.0000,0.4656,0.8037,0.3512,Failing,1
fix_failing_calm_back,3735,0.0667,0.9675,1.0000,0.4739,0.8053,0.3512,Failing,1
fix_failing_calm_back,3736,0.0833,0.9681,1.0000,0.4821,0.8070,0.3512,Failing,1
fix_failing_calm_back,3737,0.1000,0.9986,1.0000,0.4906,0.8086,0.3512,Failing,1
fix_failing_calm_back,3738,0.1167,0.9822,1.0000,0.4988,0.8101,0.3512,Failing,1
fix_failing_calm_back,3739,0.1333,0.9602,1.0000,0.5064,0.8117,0.3512,Failing,1
fix_failing_calm_back,3740,0.1500,0.9881,1.0000,0.5143,0.8133,0.3512,Failing,1
fix_failing_calm_back,3741,0.1667,0.9956,1.0000,0.5223,0.8148,0.3512,Failing,1
fix_failing_calm_back,3742,0.1833,0.9638,1.0000,0.5296,0.8164,0.3512,Failing,1
fix_failing_calm_back,3743,0.2000,0.9728,1.0000,0.5369,0.8179,0.3429,Steady,1
fix_failing_calm_back,3744,0.2167,0.9999,1.0000,0.5446,0.8194,0.3345,Steady,1
fix_failing_calm_back,3745,0.2333,0.9769,1.0000,0.5517,0.8209,0.3262,Steady,1
fix_failing_calm_back,3746,0.2500,0.9617,1.0000,0.5585,0.8224,0.3179,Steady,1
fix_failing_calm_back,3747,0.2667,0.9926,1.0000,0.5657,0.8239,0.3095,Steady,1
fix_failing_calm_back,3748,0.2833,0.9917,1.0000,0.5727,0.8253,0.3012,Steady,1
fix_failing_calm_back,3749,0.3000,0.9613,1.0000,0.5791,0.8268,0.2929,Steady,1
fix_failing_calm_back,3750,0.3167,0.9780,1.0000,0.5857,0.8282,0.2845,Steady,1
fix_failing_calm_back,3751,0.3333,0.9997,1.0000,0.5926,0.8296,0.2762,Steady,1
fix_failing_calm_back,3752,0.3500,0.9718,1.0000,0.5988,0.8311,0.2679,Steady,1
fix_failing_calm_back,3753,0.3667,0.9645,1.0000,0.6049,0.8325,0.2595,Steady,1
fix_failing_calm_back,3754,0.3833,0.9962,1.0000,0.6114,0.8338,0.2512,Steady,1
fix_failing_calm_back,3755,0.4000,0.9871,1.0000,0.6176,0.8352,0.2429,Steady,1
fix_failing_calm_back,3756,0.4167,0.9601,1.0000,0.6232,0.8366,0.2345,Steady,1
fix_failing_calm_back,3757,0.4333,0.9833,1.0000,0.6292,0.8380,0.2262,Steady,1
fix_failing_calm_back,3758,0.4500,0.9982,1.0000,0.6353,0.8393,0.2179,Steady,1
fix_failing_calm_back,3759,0.4667,0.9673,1.0000,0.6408,0.8406,0.2095,Steady,1
fix_failing_calm_back,3760,0.4833,0.9684,1.0000,0.6462,0.8420,0.2012,Steady,1
fix_failing_calm_back,3761,0.5000,0.9988,1.0000,0.6520,0.8433,0.1929,Steady,1
fix_failing_calm_back,3762,0.5167,0.9819,1.0000,0.6575,0.8446,0.1845,Steady,1
fix_failing_calm_back,3763,0.5333,0.9603,1.0000,0.6625,0.8459,0.1762,Steady,1
fix_failing_calm_back,3764,0.5500,0.9884,1.0000,0.6678,0.8471,0.1679,Steady,1
fix_failing_calm_back,3765,0.5667,0.9954,1.0000,0.6733,0.8484,0.1595,Steady,1
fix_failing_calm_back,3766,0.5833,0.9637,1.0000,0.6781,0.8497,0.1512,Steady,1
fix_failing_calm_back,3767,0.6000,0.9731,1.0000,0.6829,0.8509,0.1429,Steady,1
fix_failing_calm_back,3768,0.6167,0.9999,1.0000,0.6882,0.8521,0.1345,Steady,1
fix_failing_calm_back,3769,0.6333,0.9765,1.0000,0.6929,0.8534,0.1262,Steady,1
fix_failing_calm_back,3770,0.6500,0.9619,1.0000,0.6974,0.8546,0.1179,Steady,1
fix_failing_calm_back,3771,0.6667,0.9929,1.0000,0.7023,0.8558,0.1095,Steady,1
fix_failing_calm_back,3772,0.6833,0.9914,1.0000,0.7071,0.8570,0.1012,Steady,1
fix_failing_calm_back,3773,0.7000,0.9612,1.0000,0.7113,0.8582,0.0929,Steady,1
fix_failing_calm_back,3774,0.7167,0.9783,1.0000,0.7157,0.8594,0.0845,Steady,1
fix_failing_calm_back,3775,0.7333,0.9997,1.0000,0.7204,0.8605,0.0762,Steady,1
fix_failing_calm_back,3776,0.7500,0.9715,1.0000,0.7245,0.8617,0.0679,Steady,1
fix_failing_calm_back,3777,0.7667,0.9647,1.0000,0.7285,0.8628,0.0595,Steady,1
fix_failing_calm_back,3778,0.7833,0.9964,1.0000,0.7329,0.8640,0.0512,Steady,1
fix_failing_calm_back,3779,0.8000,0.9867,1.0000,0.7371,0.8651,0.0429,Steady,1
fix_failing_calm_back,3780,0.8167,0.9601,1.0000,0.7408,0.8662,0.0345,Steady,1
fix_failing_calm_back,3781,0.8333,0.9836,1.0000,0.7448,0.8673,0.0262,Steady,1
fix_failing_calm_back,3782,0.8500,0.9981,1.0000,0.7490,0.8684,0.0179,Steady,1
fix_failing_calm_back,3783,0.8667,0.9670,1.0000,0.7526,0.8695,0.0095,Steady,1
fix_failing_calm_back,3784,0.8833,0.9687,1.0000,0.7562,0.8706,0.0012,Steady,1
fix_failing_calm_back,3785,0.9000,0.9989,1.0000,0.7602,0.8717,0.0000,Steady,1
fix_failing_calm_back,3786,0.9167,0.9815,1.0000,0.7638,0.8727,0.0000,Steady,1
fix_failing_calm_back,3787,0.9333,0.9603,1.0000,0.7671,0.8738,0.0000,Steady,1
fix_failing_calm_back,3788,0.9500,0.9887,1.0000,0.7707,0.8748,0.0000,Steady,1
fix_failing_calm_back,3789,0.9667,0.9951,1.0000,0.7745,0.8759,0.0000,Steady,1
fix_failing_calm_back,3790,0.9833,0.9635,1.0000,0.7776,0.8769,0.0000,Steady,1
fix_failing_calm_back,3791,1.0000,0.9734,1.0000,0.7808,0.8779,0.0000,Steady,1
fix_failing_calm_back,3792,1.0167,0.9999,1.0000,0.7844,0.8789,0.0000,Steady,1
fix_failing_calm_back,3793,1.0333,0.9762,1.0000,0.7876,0.8800,0.0000,Steady,1
fix_failing_calm_back,3794,1.0500,0.9620,1.0000,0.7905,0.8809,0.0000,Steady,1
fix_failing_calm_back,3795,1.0667,0.9931,1.0000,0.7938,0.8819,0.0000,Steady,1
fix_failing_calm_back,3796,1.0833,0.9912,1.0000,0.7971,0.8829,0.0000,Steady,1
fix_failing_calm_back,3797,1.1000,0.9611,1.0000,0.7998,0.8839,0.0000,Steady,1
fix_failing_calm_back,3798,1.1167,0.9787,1.0000,0.8028,0.8848,0.0000,Steady,1
fix_failing_calm_back,3799,1.1333,0.9996,1.0000,0.8060,0.8858,0.0000,Steady,1
fix_failing_calm_back,3800,1.1500,0.9712,1.0000,0.8088,0.8868,0.0000,Steady,1
fix_failing_calm_back,3801,1.1667,0.9650,1.0000,0.8113,0.8877,0.0000,Steady,1
fix_failing_calm_back,3802,1.1833,0.9966,1.0000,0.8144,0.8886,0.0000,Steady,1
fix_failing_calm_back,3803,1.2000,0.9864,1.0000,0.8172,0.8895,0.0000,Steady,1
fix_failing_calm_back,3804,1.2167,0.9600,1.0000,0.8196,0.8905,0.0000,Steady,1
fix_failing_calm_back,3805,1.2333,0.9840,1.0000,0.8223,0.8914,0.0000,Steady,1
fix_failing_calm_back,3806,1.2500,0.9979,1.0000,0.8252,0.8923,0.0000,Steady,1
fix_failing_calm_back,3807,1.2667,0.9668,1.0000,0.8276,0.8932,0.0000,Steady,1
fix_failing_calm_back,3808,1.2833,0.9690,1.0000,0.8299,0.8941,0.0000,Steady,1
fix_failing_calm_back,3809,1.3000,0.9990,1.0000,0.8327,0.8949,0.0000,Steady,1
fix_failing_calm_back,3810,1.3167,0.9812,1.0000,0.8351,0.8958,0.0000,Steady,1
fix_failing_calm_back,3811,1.3333,0.9604,1.0000,0.8372,0.8967,0.0000,Steady,1
fix_failing_calm_back,3812,1.3500,0.9890,1.0000,0.8397,0.8975,0.0000,Steady,1
fix_failing_calm_back,3813,1.3667,0.9949,1.0000,0.8423,0.8984,0.0000,Steady,1
fix_failing_calm_back,3814,1.3833,0.9633,1.0000,0.8443,0.8992,0.0000,Steady,1
fix_failing_calm_back,3815,1.4000,0.9737,1.0000,0.8464,0.9001,0.0000,Steady,1
fix_failing_calm_back,3816,1.4167,1.0000,1.0000,0.8490,0.9009,0.0000,Steady,1
fix_failing_calm_back,3817,1.4333,0.9759,1.0000,0.8511,0.9017,0.0000,Steady,1
fix_failing_calm_back,3818,1.4500,0.9622,1.0000,0.8529,0.9025,0.0000,Steady,1
fix_failing_calm_back,3819,1.4667,0.9934,1.0000,0.8552,0.9033,0.0000,Steady,1
fix_failing_calm_back,3820,1.4833,0.9909,1.0000,0.8575,0.9041,0.0000,Steady,1
fix_failing_calm_back,3821,1.5000,0.9610,1.0000,0.8592,0.9049,0.0000,Steady,1
fix_failing_calm_back,3822,1.5167,0.9790,1.0000,0.8612,0.9057,0.0000,Steady,1
fix_failing_calm_back,3823,1.5333,0.9996,1.0000,0.8634,0.9065,0.0000,Steady,1
fix_failing_calm_back,3824,1.5500,0.9709,1.0000,0.8652,0.9073,0.0000,Steady,1
fix_failing_calm_back,3825,1.5667,0.9652,1.0000,0.8669,0.9081,0.0000,Steady,1
fix_failing_calm_back,3826,1.5833,0.9968,1.0000,0.8690,0.9088,0.0000,Steady,1
fix_failing_calm_back,3827,1.6000,0.9861,1.0000,0.8710,0.9096,0.0000,Steady,1
fix_failing_calm_back,3828,1.6167,0.9600,1.0000,0.8724,0.9103,0.0000,Steady,1
fix_failing_calm_back,3829,1.6333,0.9843,1.0000,0.8743,0.9111,0.0000,Steady,1
fix_failing_calm_back,3830,1.6500,0.9978,1.0000,0.8763,0.9118,0.0000,Steady,1
fix_failing_calm_back,3831,1.6667,0.9665,1.0000,0.8778,0.9125,0.0000,Steady,1
fix_failing_calm_back,3832,1.6833,0.9693,1.0000,0.8793,0.9133,0.0000,Steady,1
fix_failing_calm_back,3833,1.7000,0.9991,1.0000,0.8813,0.9140,0.0000,Steady,1
fix_failing_calm_back,3834,1.7167,0.9808,1.0000,0.8829,0.9147,0.0000,Steady,1
fix_failing_calm_back,3835,1.7333,0.9605,1.0000,0.8842,0.9154,0.0000,Steady,1
fix_failing_calm_back,3836,1.7500,0.9893,1.0000,0.8860,0.9161,0.0000,Steady,1
fix_failing_calm_back,3837,1.7667,0.9947,1.0000,0.8878,0.9168,0.0000,Steady,1
fix_failing_calm_back,3838,1.7833,0.9631,1.0000,0.8890,0.9175,0.0000,Steady,1
fix_failing_calm_back,3839,1.8000,0.9741,1.0000,0.8904,0.9182,0.0000,Steady,1
fix_failing_calm_back,3840,1.8167,1.0000,1.0000,0.8922,0.9189,0.0000,Steady,1
fix_failing_calm_back,3841,1.8333,0.9755,1.0000,0.8936,0.9195,0.0000,Steady,1
fix_failing_calm_back,3842,1.8500,0.9623,1.0000,0.8947,0.9202,0.0000,Steady,1
fix_failing_calm_back,3843,1.8667,0.9936,1.0000,0.8964,0.9209,0.0000,Steady,1
fix_failing_calm_back,3844,1.8833,0.9906,1.0000,0.8979,0.9215,0.0000,Steady,1
fix_failing_calm_back,3845,1.9000,0.9609,1.0000,0.8990,0.9222,0.0000,Steady,1
fix_failing_calm_back,3846,1.9167,0.9793,1.0000,0.9003,0.9228,0.0000,Steady,1
fix_failing_calm_back,3847,1.9333,0.9995,1.0000,0.9019,0.9235,0.0000,Steady,1
fix_failing_calm_back,3848,1.9500,0.9706,1.0000,0.9031,0.9241,0.0000,Steady,1
fix_failing_calm_back,3849,1.9667,0.9654,1.0000,0.9041,0.9247,0.0000,Steady,1
fix_failing_calm_back,3850,1.9833,0.9970,1.0000,0.9056,0.9253,0.0000,Steady,1
fix_failing_calm_back,3851,2.0000,0.9858,1.0000,0.9070,0.9260,0.0000,Steady,1
fix_failing_calm_back,3852,2.0167,0.9600,1.0000,0.9078,0.9266,0.0000,Steady,1
fix_failing_calm_back,3853,2.0333,0.9846,1.0000,0.9091,0.9272,0.0000,Steady,1
fix_failing_calm_back,3854,2.0500,0.9976,1.0000,0.9106,0.9278,0.0000,Steady,1
fix_failing_calm_back,3855,2.0667,0.9662,1.0000,0.9115,0.9284,0.0000,Steady,1
fix_failing_calm_back,3856,2.0833,0.9695,1.0000,0.9124,0.9290,0.0000,Steady,1
fix_failing_calm_back,3857,2.1000,0.9992,1.0000,0.9139,0.9296,0.0000,Steady,1
fix_failing_calm_back,3858,2.1167,0.9805,1.0000,0.9150,0.9302,0.0000,Steady,1
fix_failing_calm_back,3859,2.1333,0.9606,1.0000,0.9157,0.9307,0.0000,Steady,1
fix_failing_calm_back,3860,2.1500,0.9896,1.0000,0.9170,0.9313,0.0000,Steady,1
fix_failing_calm_back,3861,2.1667,0.9945,1.0000,0.9182,0.9319,0.0000,Steady,1
fix_failing_calm_back,3862,2.1833,0.9629,1.0000,0.9190,0.9324,0.0000,Steady,1
fix_failing_calm_back,3863,2.2000,0.9744,1.0000,0.9199,0.9330,0.0000,Steady,1
fix_failing_calm_back,3864,2.2167,1.0000,1.0000,0.9212,0.9336,0.0000,Steady,1
fix_failing_calm_back,3865,2.2333,0.9752,1.0000,0.9221,0.9341,0.0000,Steady,1
fix_failing_calm_back,3866,2.2500,0.9625,1.0000,0.9228,0.9347,0.0000,Steady,1
fix_failing_calm_back,3867,2.2667,0.9939,1.0000,0.9240,0.9352,0.0000,Steady,1
fix_failing_calm_back,3868,2.2833,0.9903,1.0000,0.9250,0.9357,0.0000,Steady,1
fix_failing_calm_back,3869,2.3000,0.9608,1.0000,0.9256,0.9363,0.0000,Steady,1
fix_failing_calm_back,3870,2.3167,0.9797,1.0000,0.9265,0.9368,0.0000,Steady,1
fix_failing_calm_back,3871,2.3333,0.9994,1.0000,0.9277,0.9373,0.0000,Steady,1
fix_failing_calm_back,3872,2.3500,0.9703,1.0000,0.9284,0.9378,0.0000,Steady,1
fix_failing_calm_back,3873,2.3667,0.9657,1.0000,0.9291,0.9384,0.0000,Steady,1
fix_failing_calm_back,3874,2.3833,0.9972,1.0000,0.9302,0.9389,0.0000,Steady,1
fix_failing_calm_back,3875,2.4000,0.9854,1.0000,0.9311,0.9394,0.0000,Steady,1
fix_failing_calm_back,3876,2.4167,0.9600,1.0000,0.9316,0.9399,0.0000,Steady,1
fix_failing_calm_back,3877,2.4333,0.9850,1.0000,0.9325,0.9404,0.0000,Steady,1
fix_failing_calm_back,3878,2.4500,0.9974,1.0000,0.9335,0.9409,0.0000,Steady,1
fix_failing_calm_back,3879,2.4667,0.9660,1.0000,0.9341,0.9414,0.0000,Steady,1
fix_failing_calm_back,3880,2.4833,0.9698,1.0000,0.9347,0.9419,0.0000,Steady,1
fix_failing_calm_back,3881,2.5000,0.9993,1.0000,0.9357,0.9423,0.0000,Steady,1
fix_failing_calm_back,3882,2.5167,0.9802,1.0000,0.9365,0.9428,0.0000,Steady,1
fix_failing_calm_back,3883,2.5333,0.9606,1.0000,0.9369,0.9433,0.0000,Steady,1
fix_failing_calm_back,3884,2.5500,0.9899,1.0000,0.9377,0.9438,0.0000,Steady,1
fix_failing_calm_back,3885,2.5667,0.9942,1.0000,0.9387,0.9442,0.0000,Steady,1
fix_failing_calm_back,3886,2.5833,0.9627,1.0000,0.9391,0.9447,0.0000,Steady,1
fix_failing_calm_back,3887,2.6000,0.9747,1.0000,0.9397,0.9452,0.0000,Steady,1
fix_failing_calm_back,3888,2.6167,1.0000,1.0000,0.9407,0.9456,0.0000,Steady,1
fix_failing_calm_back,3889,2.6333,0.9749,1.0000,0.9412,0.9461,0.0000,Steady,1
fix_failing_calm_back,3890,2.6500,0.9627,1.0000,0.9416,0.9465,0.0000,Steady,1
fix_failing_calm_back,3891,2.6667,0.9941,1.0000,0.9424,0.9469,0.0000,Steady,1
fix_failing_calm_back,3892,2.6833,0.9900,1.0000,0.9432,0.9474,0.0000,Steady,1
fix_failing_calm_back,3893,2.7000,0.9607,1.0000,0.9435,0.9478,0.0000,Steady,1
fix_failing_calm_back,3894,2.7167,0.9800,1.0000,0.9441,0.9483,0.0000,Steady,1
fix_failing_calm_back,3895,2.7333,0.9993,1.0000,0.9450,0.9487,0.0000,Steady,1
fix_failing_calm_back,3896,2.7500,0.9700,1.0000,0.9454,0.9491,0.0000,Steady,1
fix_failing_calm_back,3897,2.7667,0.9659,1.0000,0.9458,0.9495,0.0000,Steady,1
fix_failing_calm_back,3898,2.7833,0.9974,1.0000,0.9466,0.9500,0.0000,Steady,1
fix_failing_calm_back,3899,2.8000,0.9851,1.0000,0.9473,0.9504,0.0000,Steady,1
fix_failing_calm_back,3900,2.8167,0.9600,1.0000,0.9475,0.9508,0.0000,Steady,1
fix_failing_calm_back,3901,2.8333,0.9853,1.0000,0.9481,0.9512,0.0000,Steady,1
fix_failing_calm_back,3902,2.8500,0.9973,1.0000,0.9489,0.9516,0.0000,Steady,1
fix_failing_calm_back,3903,2.8667,0.9658,1.0000,0.9492,0.9520,0.0000,Steady,1
fix_failing_calm_back,3904,2.8833,0.9701,1.0000,0.9495,0.9524,0.0000,Steady,1
fix_failing_calm_back,3905,2.9000,0.9994,1.0000,0.9504,0.9528,0.0000,Steady,1
fix_failing_calm_back,3906,2.9167,0.9798,1.0000,0.9509,0.9532,0.0000,Steady,1
fix_failing_calm_back,3907,2.9333,0.9607,1.0000,0.9510,0.9536,0.0000,Steady,1
fix_failing_calm_back,3908,2.9500,0.9902,1.0000,0.9517,0.9540,0.0000,Steady,1
fix_failing_calm_back,3909,2.9667,0.9940,1.0000,0.9524,0.9543,0.0000,Steady,1
fix_failing_calm_back,3910,2.9833,0.9626,1.0000,0.9525,0.9547,0.0000,Steady,1
fix_failing_calm_back,3911,3.0000,0.9751,1.0000,0.9529,0.9551,0.0000,Steady,1
fix_failing_calm_back,3912,3.0167,1.0000,1.0000,0.9537,0.9555,0.0000,Steady,1
fix_failing_calm_back,3913,3.0333,0.9745,1.0000,0.9540,0.9558,0.0000,Steady,1
fix_failing_calm_back,3914,3.0500,0.9628,1.0000,0.9542,0.9562,0.0000,Steady,1
fix_failing_calm_back,3915,3.0667,0.9944,1.0000,0.9548,0.9566,0.0000,Steady,1
fix_failing_calm_back,3916,3.0833,0.9897,1.0000,0.9554,0.9569,0.0000,Steady,1
fix_failing_calm_back,3917,3.1000,0.9606,1.0000,0.9555,0.9573,0.0000,Steady,1
fix_failing_calm_back,3918,3.1167,0.9804,1.0000,0.9559,0.9576,0.0000,Steady,1
fix_failing_calm_back,3919,3.1333,0.9992,1.0000,0.9566,0.9580,0.0000,Steady,1
fix_failing_calm_back,3920,3.1500,0.9696,1.0000,0.9568,0.9583,0.0000,Steady,1
fix_failing_calm_back,3921,3.1667,0.9662,1.0000,0.9570,0.9587,0.0000,Steady,1
fix_failing_calm_back,3922,3.1833,0.9976,1.0000,0.9577,0.9590,0.0000,Steady,1
fix_failing_calm_back,3923,3.2000,0.9847,1.0000,0.9581,0.9594,0.0000,Steady,1
fix_failing_calm_back,3924,3.2167,0.9600,1.0000,0.9581,0.9597,0.0000,Steady,1
fix_failing_calm_back,3925,3.2333,0.9857,1.0000,0.9586,0.9600,0.0000,Steady,1
fix_failing_calm_back,3926,3.2500,0.9970,1.0000,0.9592,0.9604,0.0000,Steady,1
fix_failing_calm_back,3927,3.2667,0.9654,1.0000,0.9593,0.9607,0.0000,Steady,1
fix_failing_calm_back,3928,3.2833,0.9706,1.0000,0.9595,0.9610,0.0000,Steady,1
fix_failing_calm_back,3929,3.3000,0.9995,1.0000,0.9602,0.9613,0.0000,Steady,1
fix_failing_calm_back,3930,3.3167,0.9793,1.0000,0.9605,0.9617,0.0000,Steady,1
fix_failing_calm_back,3931,3.3333,0.9609,1.0000,0.9605,0.9620,0.0000,Steady,1
fix_failing_calm_back,3932,3.3500,0.9906,1.0000,0.9610,0.9623,0.0000,Steady,1
fix_failing_calm_back,3933,3.3667,0.9936,1.0000,0.9615,0.9626,0.0000,Steady,1
fix_failing_calm_back,3934,3.3833,0.9623,1.0000,0.9616,0.9629,0.0000,Steady,1
fix_failing_calm_back,3935,3.4000,0.9756,1.0000,0.9618,0.9632,0.0000,Steady,1
fix_failing_calm_back,3936,3.4167,1.0000,1.0000,0.9624,0.9635,0.0000,Steady,1
fix_failing_calm_back,3937,3.4333,0.9740,1.0000,0.9626,0.9638,0.0000,Steady,1
fix_failing_calm_back,3938,3.4500,0.9631,1.0000,0.9626,0.9641,0.0000,Steady,1
fix_failing_calm_back,3939,3.4667,0.9948,1.0000,0.9631,0.9644,0.0000,Steady,1
fix_failing_calm_back,3940,3.4833,0.9892,1.0000,0.9636,0.9647,0.0000,Steady,1
fix_failing_calm_back,3941,3.5000,0.9605,1.0000,0.9635,0.9650,0.0000,Steady,1
fix_failing_calm_back,3942,3.5167,0.9810,1.0000,0.9638,0.9653,0.0000,Steady,1
fix_failing_calm_back,3943,3.5333,0.9990,1.0000,0.9644,0.9656,0.0000,Steady,1
fix_failing_calm_back,3944,3.5500,0.9691,1.0000,0.9645,0.9659,0.0000,Steady,1
fix_failing_calm_back,3945,3.5667,0.9666,1.0000,0.9645,0.9662,0.0000,Steady,1
fix_failing_calm_back,3946,3.5833,0.9978,1.0000,0.9651,0.9665,0.0000,Steady,1
fix_failing_calm_back,3947,3.6000,0.9841,1.0000,0.9654,0.9667,0.0000,Steady,1
fix_failing_calm_back,3948,3.6167,0.9600,1.0000,0.9653,0.9670,0.0000,Steady,1
fix_failing_calm_back,3949,3.6333,0.9862,1.0000,0.9656,0.9673,0.0000,Steady,1
fix_failing_calm_back,3950,3.6500,0.9967,1.0000,0.9661,0.9676,0.0000,Steady,1
fix_failing_calm_back,3951,3.6667,0.9651,1.0000,0.9661,0.9678,0.0000,Steady,1
fix_failing_calm_back,3952,3.6833,0.9710,1.0000,0.9662,0.9681,0.0000,Steady,1
fix_failing_calm_back,3953,3.7000,0.9996,1.0000,0.9668,0.9684,0.0000,Steady,1
fix_failing_calm_back,3954,3.7167,0.9788,1.0000,0.9670,0.9686,0.0000,Steady,1
fix_failing_calm_back,3955,3.7333,0.9610,1.0000,0.9669,0.9689,0.0000,Steady,1
fix_failing_calm_back,3956,3.7500,0.9911,1.0000,0.9673,0.9691,0.0000,Steady,1
fix_failing_calm_back,3957,3.7667,0.9932,1.0000,0.9677,0.9694,0.0000,Steady,1
fix_failing_calm_back,3958,3.7833,0.9621,1.0000,0.9676,0.9696,0.0000,Steady,1
fix_failing_calm_back,3959,3.8000,0.9761,1.0000,0.9677,0.9699,0.0000,Steady,1
fix_failing_calm_back,3960,3.8167,1.0000,1.0000,0.9683,0.9701,0.0000,Steady,1
fix_failing_calm_back,3961,3.8333,0.9735,1.0000,0.9684,0.9704,0.0000,Steady,1
fix_failing_calm_back,3962,3.8500,0.9634,1.0000,0.9683,0.9706,0.0000,Steady,1
fix_failing_calm_back,3963,3.8667,0.9951,1.0000,0.9687,0.9709,0.0000,Steady,1
fix_failing_calm_back,3964,3.8833,0.9887,1.0000,0.9691,0.9711,0.0000,Steady,1
fix_failing_calm_back,3965,3.9000,0.9604,1.0000,0.9689,0.9714,0.0000,Steady,1
fix_failing_calm_back,3966,3.9167,0.9815,1.0000,0.9691,0.9716,0.0000,Steady,1
fix_failing_calm_back,3967,3.9333,0.9989,1.0000,0.9696,0.9718,0.0000,Steady,1
fix_failing_calm_back,3968,3.9500,0.9687,1.0000,0.9696,0.9721,0.0000,Steady,1
fix_failing_calm_back,3969,3.9667,0.9670,1.0000,0.9696,0.9723,0.0000,Steady,1
fix_failing_calm_back,3970,3.9833,0.9981,1.0000,0.9700,0.9725,0.0000,Steady,1
fix_failing_calm_back,3971,4.0000,0.9836,1.0000,0.9702,0.9728,0.0000,Steady,1
fix_failing_calm_back,3972,4.0167,0.9601,1.0000,0.9701,0.9730,0.0000,Steady,1
fix_failing_calm_back,3973,4.0333,0.9868,1.0000,0.9704,0.9732,0.0000,Steady,1
fix_failing_calm_back,3974,4.0500,0.9964,1.0000,0.9708,0.9734,0.0000,Steady,1
fix_failing_calm_back,3975,4.0667,0.9647,1.0000,0.9707,0.9737,0.0000,Steady,1
fix_failing_calm_back,3976,4.0833,0.9715,1.0000,0.9707,0.9739,0.0000,Steady,1
fix_failing_calm_back,3977,4.1000,0.9997,1.0000,0.9712,0.9741,0.0000,Steady,1
fix_failing_calm_back,3978,4.1167,0.9782,1.0000,0.9713,0.9743,0.0000,Steady,1
fix_failing_calm_back,3979,4.1333,0.9612,1.0000,0.9711,0.9745,0.0000,Steady,1
fix_failing_calm_back,3980,4.1500,0.9915,1.0000,0.9715,0.9747,0.0000,Steady,1
fix_failing_calm_back,3981,4.1667,0.9928,1.0000,0.9718,0.9749,0.0000,Steady,1
fix_failing_calm_back,3982,4.1833,0.9618,1.0000,0.9717,0.9751,0.0000,Steady,1
fix_failing_calm_back,3983,4.2000,0.9767,1.0000,0.9717,0.9754,0.0000,Steady,1
fix_failing_calm_back,3984,4.2167,0.9999,1.0000,0.9722,0.9756,0.0000,Steady,1
fix_failing_calm_back,3985,4.2333,0.9730,1.0000,0.9722,0.9758,0.0000,Steady,1
fix_failing_calm_back,3986,4.2500,0.9637,1.0000,0.9721,0.9760,0.0000,Steady,1
fix_failing_calm_back,3987,4.2667,0.9955,1.0000,0.9725,0.9762,0.0000,Steady,1
fix_failing_calm_back,3988,4.2833,0.9882,1.0000,0.9727,0.9764,0.0000,Steady,1
fix_failing_calm_back,3989,4.3000,0.9603,1.0000,0.9725,0.9766,0.0000,Steady,1
fix_failing_calm_back,3990,4.3167,0.9820,1.0000,0.9727,0.9768,0.0000,Steady,1
fix_failing_calm_back,3991,4.3333,0.9987,1.0000,0.9731,0.9769,0.0000,Steady,1
fix_failing_calm_back,3992,4.3500,0.9683,1.0000,0.9730,0.9771,0.0000,Steady,1
fix_failing_calm_back,3993,4.3667,0.9674,1.0000,0.9729,0.9773,0.0000,Steady,1
fix_failing_calm_back,3994,4.3833,0.9983,1.0000,0.9733,0.9775,0.0000,Steady,1
fix_failing_calm_back,3995,4.4000,0.9831,1.0000,0.9735,0.9777,0.0000,Steady,1
fix_failing_calm_back,3996,4.4167,0.9601,1.0000,0.9733,0.9779,0.0000,Steady,1
fix_failing_calm_back,3997,4.4333,0.9873,1.0000,0.9735,0.9781,0.0000,Steady,1
fix_failing_calm_back,3998,4.4500,0.9961,1.0000,0.9739,0.9783,0.0000,Steady,1
fix_failing_calm_back,3999,4.4667,0.9644,1.0000,0.9737,0.9784,0.0000,Steady,1
fix_failing_calm_back,4000,4.4833,0.9720,1.0000,0.9737,0.9786,0.0000,Steady,1
fix_failing_calm_back,4001,4.5000,0.9998,1.0000,0.9741,0.9788,0.0000,Steady,1
fix_failing_calm_back,4002,4.5167,0.9777,1.0000,0.9742,0.9790,0.0000,Steady,1
fix_failing_calm_back,4003,4.5333,0.9614,1.0000,0.9740,0.9791,0.0000,Steady,1
fix_failing_calm_back,4004,4.5500,0.9920,1.0000,0.9743,0.9793,0.0000,Steady,1
fix_failing_calm_back,4005,4.5667,0.9924,1.0000,0.9746,0.9795,0.0000,Steady,1
fix_failing_calm_back,4006,4.5833,0.9616,1.0000,0.9744,0.9797,0.0000,Steady,1
fix_failing_calm_back,4007,4.6000,0.9772,1.0000,0.9744,0.9798,0.0000,Steady,1
fix_failing_calm_back,4008,4.6167,0.9998,1.0000,0.9748,0.9800,0.0000,Steady,1
fix_failing_calm_back,4009,4.6333,0.9725,1.0000,0.9748,0.9802,0.0000,Steady,1
fix_failing_calm_back,4010,4.6500,0.9641,1.0000,0.9746,0.9803,0.0000,Steady,1
fix_failing_calm_back,4011,4.6667,0.9958,1.0000,0.9750,0.9805,0.0000,Steady,1
fix_failing_calm_back,4012,4.6833,0.9877,1.0000,0.9752,0.9806,0.0000,Steady,1
fix_failing_calm_back,4013,4.7000,0.9602,1.0000,0.9749,0.9808,0.0000,Steady,1
fix_failing_calm_back,4014,4.7167,0.9826,1.0000,0.9751,0.9810,0.0000,Steady,1
fix_failing_calm_back,4015,4.7333,0.9985,1.0000,0.9754,0.9811,0.0000,Steady,1
fix_failing_calm_back,4016,4.7500,0.9678,1.0000,0.9753,0.9813,0.0000,Steady,1
fix_failing_calm_back,4017,4.7667,0.9678,1.0000,0.9752,0.9814,0.0000,Steady,1
fix_failing_calm_back,4018,4.7833,0.9985,1.0000,0.9756,0.9816,0.0000,Steady,1
fix_failing_calm_back,4019,4.8000,0.9825,1.0000,0.9757,0.9817,0.0000,Steady,1
fix_failing_calm_back,4020,4.8167,0.9602,1.0000,0.9754,0.9819,0.0000,Steady,1
fix_failing_calm_back,4021,4.8333,0.9878,1.0000,0.9756,0.9820,0.0000,Steady,1
fix_failing_calm_back,4022,4.8500,0.9958,1.0000,0.9760,0.9822,0.0000,Steady,1
fix_failing_calm_back,4023,4.8667,0.9640,1.0000,0.9758,0.9823,0.0000,Steady,1
fix_failing_calm_back,4024,4.8833,0.9725,1.0000,0.9757,0.9825,0.0000,Steady,1
fix_failing_calm_back,4025,4.9000,0.9999,1.0000,0.9761,0.9826,0.0000,Steady,1
fix_failing_calm_back,4026,4.9167,0.9772,1.0000,0.9761,0.9828,0.0000,Steady,1
fix_failing_calm_back,4027,4.9333,0.9616,1.0000,0.9759,0.9829,0.0000,Steady,1
fix_failing_calm_back,4028,4.9500,0.9924,1.0000,0.9762,0.9831,0.0000,Steady,1
fix_failing_calm_back,4029,4.9667,0.9919,1.0000,0.9764,0.9832,0.0000,Steady,1
fix_failing_calm_back,4030,4.9833,0.9614,1.0000,0.9762,0.9833,0.0000,Steady,1
fix_failing_calm_back,4031,5.0000,0.9777,1.0000,0.9762,0.9835,0.0000,Steady,1
fix_failing_calm_back,4032,5.0167,0.9998,1.0000,0.9766,0.9836,0.0000,Steady,1
fix_failing_calm_back,4033,5.0333,0.9720,1.0000,0.9765,0.9838,0.0000,Steady,1
fix_failing_calm_back,4034,5.0500,0.9644,1.0000,0.9763,0.9839,0.0000,Steady,1
fix_failing_calm_back,4035,5.0667,0.9961,1.0000,0.9767,0.9840,0.0000,Steady,1
fix_failing_calm_back,4036,5.0833,0.9872,1.0000,0.9768,0.9842,0.0000,Steady,1
fix_failing_calm_back,4037,5.1000,0.9601,1.0000,0.9765,0.9843,0.0000,Steady,1
fix_failing_calm_back,4038,5.1167,0.9831,1.0000,0.9767,0.9844,0.0000,Steady,1
fix_failing_calm_back,4039,5.1333,0.9983,1.0000,0.9770,0.9845,0.0000,Steady,1
fix_failing_calm_back,4040,5.1500,0.9674,1.0000,0.9769,0.9847,0.0000,Steady,1
fix_failing_calm_back,4041,5.1667,0.9683,1.0000,0.9767,0.9848,0.0000,Steady,1
fix_failing_calm_back,4042,5.1833,0.9987,1.0000,0.9771,0.9849,0.0000,Steady,1
fix_failing_calm_back,4043,5.2000,0.9820,1.0000,0.9772,0.9851,0.0000,Steady,1
fix_failing_calm_back,4044,5.2167,0.9603,1.0000,0.9769,0.9852,0.0000,Steady,1
fix_failing_calm_back,4045,5.2333,0.9883,1.0000,0.9771,0.9853,0.0000,Steady,1
fix_failing_calm_back,4046,5.2500,0.9954,1.0000,0.9774,0.9854,0.0000,Steady,1
fix_failing_calm_back,4047,5.2667,0.9637,1.0000,0.9771,0.9855,0.0000,Steady,1
fix_failing_calm_back,4048,5.2833,0.9730,1.0000,0.9771,0.9857,0.0000,Steady,1
fix_failing_calm_back,4049,5.3000,0.9999,1.0000,0.9775,0.9858,0.0000,Steady,1
fix_failing_calm_back,4050,5.3167,0.9766,1.0000,0.9774,0.9859,0.0000,Steady,1
fix_failing_calm_back,4051,5.3333,0.9618,1.0000,0.9772,0.9860,0.0000,Steady,1
fix_failing_calm_back,4052,5.3500,0.9928,1.0000,0.9774,0.9861,0.0000,Steady,1
fix_failing_calm_back,4053,5.3667,0.9915,1.0000,0.9777,0.9862,0.0000,Steady,1
fix_failing_calm_back,4054,5.3833,0.9612,1.0000,0.9774,0.9864,0.0000,Steady,1
fix_failing_calm_back,4055,5.4000,0.9783,1.0000,0.9774,0.9865,0.0000,Steady,1
fix_failing_calm_back,4056,5.4167,0.9997,1.0000,0.9778,0.9866,0.0000,Steady,1
fix_failing_calm_back,4057,5.4333,0.9715,1.0000,0.9777,0.9867,0.0000,Steady,1
fix_failing_calm_back,4058,5.4500,0.9647,1.0000,0.9775,0.9868,0.0000,Steady,1
fix_failing_calm_back,4059,5.4667,0.9964,1.0000,0.9778,0.9869,0.0000,Steady,1
fix_failing_calm_back,4060,5.4833,0.9867,1.0000,0.9779,0.9870,0.0000,Steady,1
fix_failing_calm_back,4061,5.5000,0.9601,1.0000,0.9776,0.9871,0.0000,Steady,1
fix_failing_calm_back,4062,5.5167,0.9836,1.0000,0.9777,0.9872,0.0000,Steady,1
fix_failing_calm_back,4063,5.5333,0.9980,1.0000,0.9781,0.9873,0.0000,Steady,1
fix_failing_calm_back,4064,5.5500,0.9670,1.0000,0.9779,0.9875,0.0000,Steady,1
fix_failing_calm_back,4065,5.5667,0.9687,1.0000,0.9777,0.9876,0.0000,Steady,1
fix_failing_calm_back,4066,5.5833,0.9989,1.0000,0.9781,0.9877,0.0000,Steady,1
fix_failing_calm_back,4067,5.6000,0.9815,1.0000,0.9781,0.9878,0.0000,Steady,1
fix_failing_calm_back,4068,5.6167,0.9604,1.0000,0.9778,0.9879,0.0000,Steady,1
fix_failing_calm_back,4069,5.6333,0.9888,1.0000,0.9780,0.9880,0.0000,Steady,1
fix_failing_calm_back,4070,5.6500,0.9951,1.0000,0.9783,0.9881,0.0000,Steady,1
fix_failing_calm_back,4071,5.6667,0.9634,1.0000,0.9781,0.9882,0.0000,Steady,1
fix_failing_calm_back,4072,5.6833,0.9735,1.0000,0.9780,0.9883,0.0000,Steady,1
fix_failing_calm_back,4073,5.7000,1.0000,1.0000,0.9783,0.9884,0.0000,Steady,1
fix_failing_calm_back,4074,5.7167,0.9761,1.0000,0.9783,0.9885,0.0000,Steady,1
fix_failing_calm_back,4075,5.7333,0.9621,1.0000,0.9780,0.9886,0.0000,Steady,1
fix_failing_calm_back,4076,5.7500,0.9932,1.0000,0.9783,0.9886,0.0000,Steady,1
fix_failing_calm_back,4077,5.7667,0.9911,1.0000,0.9785,0.9887,0.0000,Steady,1
fix_failing_calm_back,4078,5.7833,0.9610,1.0000,0.9782,0.9888,0.0000,Steady,1
fix_failing_calm_back,4079,5.8000,0.9788,1.0000,0.9782,0.9889,0.0000,Steady,1
fix_failing_calm_back,4080,5.8167,0.9996,1.0000,0.9786,0.9890,0.0000,Steady,1
fix_failing_calm_back,4081,5.8333,0.9710,1.0000,0.9785,0.9891,0.0000,Steady,1
fix_failing_calm_back,4082,5.8500,0.9651,1.0000,0.9782,0.9892,0.0000,Steady,1
fix_failing_calm_back,4083,5.8667,0.9967,1.0000,0.9785,0.9893,0.0000,Steady,1
fix_failing_calm_back,4084,5.8833,0.9862,1.0000,0.9787,0.9894,0.0000,Steady,1
fix_failing_calm_back,4085,5.9000,0.9600,1.0000,0.9784,0.9895,0.0000,Steady,1
fix_failing_calm_back,4086,5.9167,0.9842,1.0000,0.9785,0.9896,0.0000,Steady,1
fix_failing_calm_back,4087,5.9333,0.9978,1.0000,0.9788,0.9896,0.0000,Steady,1
fix_failing_calm_back,4088,5.9500,0.9666,1.0000,0.9786,0.9897,0.0000,Steady,1
fix_failing_calm_back,4089,5.9667,0.9692,1.0000,0.9784,0.9898,0.0000,Steady,1
fix_failing_calm_back,4090,5.9833,0.9991,1.0000,0.9788,0.9899,0.0000,Steady,1
fix_failing_calm_back,4091,6.0000,0.9809,1.0000,0.9788,0.9900,0.0000,Steady,1
fix_failing_normal,4092,0.0167,0.4907,0.8819,0.9561,0.9879,0.0000,Steady,0
fix_failing_normal,4093,0.0333,0.4956,0.8868,0.9347,0.9859,0.0000,Steady,0
fix_failing_normal,4094,0.0500,0.5005,0.8938,0.9145,0.9839,0.0000,Steady,0
fix_failing_normal,4095,0.0667,0.5054,0.8976,0.8955,0.9819,0.0000,Steady,0
fix_failing_normal,4096,0.0833,0.5103,0.9010,0.8776,0.9799,0.0000,Steady,0
fix_failing_normal,4097,0.1000,0.5152,0.9077,0.8607,0.9779,0.0000,Steady,0
fix_failing_normal,4098,0.1167,0.5200,0.9131,0.8449,0.9759,0.0000,Steady,0
fix_failing_normal,4099,0.1333,0.5248,0.9157,0.8300,0.9739,0.0000,Steady,0
fix_failing_normal,4100,0.1500,0.5295,0.9210,0.8160,0.9719,0.0000,Steady,0
fix_failing_normal,4101,0.1667,0.5342,0.9275,0.8029,0.9700,0.0000,Steady,0
fix_failing_normal,4102,0.1833,0.5387,0.9306,0.7906,0.9680,0.0000,Steady,0
fix_failing_normal,4103,0.2000,0.5432,0.9340,0.7791,0.9661,0.0000,Steady,0
fix_failing_normal,4104,0.2167,0.5476,0.9404,0.7683,0.9641,0.0000,Steady,0
fix_failing_normal,4105,0.2333,0.5518,0.9447,0.7583,0.9622,0.0000,Steady,0
fix_failing_normal,4106,0.2500,0.5560,0.9467,0.7489,0.9603,0.0000,Steady,0
fix_failing_normal,4107,0.2667,0.5600,0.9518,0.7401,0.9584,0.0000,Steady,0
fix_failing_normal,4108,0.2833,0.5638,0.9571,0.7319,0.9564,0.0000,Steady,0
fix_failing_normal,4109,0.3000,0.5675,0.9590,0.7242,0.9565,0.0000,Failing,0
fix_failing_normal,4110,0.3167,0.5710,0.9619,0.7171,0.9565,0.0000,Failing,0
fix_failing_normal,4111,0.3333,0.5743,0.9673,0.7105,0.9566,0.0000,Failing,0
fix_failing_normal,4112,0.3500,0.5774,0.9699,0.7043,0.9567,0.0000,Failing,0
fix_failing_normal,4113,0.3667,0.5803,0.9709,0.6985,0.9568,0.0000,Failing,0
fix_failing_normal,4114,0.3833,0.5829,0.9751,0.6931,0.9570,0.0000,Failing,0
fix_failing_normal,4115,0.4000,0.5853,0.9786,0.6881,0.9572,0.0000,Failing,0
fix_failing_normal,4116,0.4167,0.5875,0.9787,0.6834,0.9573,0.0000,Failing,0
fix_failing_normal,4117,0.4333,0.5894,0.9806,0.6791,0.9575,0.0000,Failing,0
fix_failing_normal,4118,0.4500,0.5910,0.9843,0.6750,0.9578,0.0000,Failing,0
fix_failing_normal,4119,0.4667,0.5924,0.9845,0.6711,0.9580,0.0000,Failing,0
fix_failing_normal,4120,0.4833,0.5934,0.9841,0.6675,0.9582,0.0000,Failing,0
fix_failing_normal,4121,0.5000,0.5942,0.9867,0.6641,0.9584,0.0000,Failing,0
fix_failing_normal,4122,0.5167,0.5946,0.9876,0.6609,0.9587,0.0000,Failing,0
fix_failing_normal,4123,0.5333,0.5947,0.9856,0.6578,0.9589,0.0000,Failing,0
fix_failing_normal,4124,0.5500,0.5945,0.9860,0.6549,0.9591,0.0000,Failing,0
fix_failing_normal,4125,0.5667,0.5939,0.9873,0.6520,0.9594,0.0000,Failing,0
fix_failing_normal,4126,0.5833,0.5930,0.9848,0.6493,0.9596,0.0000,Failing,0
fix_failing_normal,4127,0.6000,0.5918,0.9826,0.6466,0.9598,0.0000,Failing,0
fix_failing_normal,4128,0.6167,0.5902,0.9830,0.6440,0.9599,0.0000,Failing,0
fix_failing_normal,4129,0.6333,0.5882,0.9810,0.6414,0.9601,0.0000,Failing,0
fix_failing_normal,4130,0.6500,0.5859,0.9767,0.6388,0.9603,0.0000,Failing,0
fix_failing_normal,4131,0.6667,0.5833,0.9752,0.6362,0.9604,0.0000,Failing,0
fix_failing_normal,4132,0.6833,0.5803,0.9736,0.6336,0.9605,0.0000,Failing,0
fix_failing_normal,4133,0.7000,0.5769,0.9683,0.6310,0.9606,0.0000,Failing,0
fix_failing_normal,4134,0.7167,0.5731,0.9641,0.6283,0.9606,0.0000,Failing,0
fix_failing_normal,4135,0.7333,0.5691,0.9621,0.6255,0.9606,0.0000,Failing,0
fix_failing_normal,4136,0.7500,0.5646,0.9571,0.6227,0.9587,0.0000,Failing,0
fix_failing_normal,4137,0.7667,0.5598,0.9505,0.6198,0.9568,0.0000,Failing,0
fix_failing_normal,4138,0.7833,0.5547,0.9470,0.6168,0.9549,0.0000,Failing,0
fix_failing_normal,4139,0.8000,0.5493,0.9425,0.6136,0.9530,0.0000,Failing,0
fix_failing_normal,4140,0.8167,0.5435,0.9347,0.6104,0.9511,0.0000,Failing,0
fix_failing_normal,4141,0.8333,0.5374,0.9287,0.6070,0.9492,0.0000,Failing,0
fix_failing_normal,4142,0.8500,0.5311,0.9243,0.6034,0.9473,0.0000,Failing,0
fix_failing_normal,4143,0.8667,0.5244,0.9165,0.5998,0.9455,0.0000,Failing,0
fix_failing_normal,4144,0.8833,0.5175,0.9082,0.5959,0.9436,0.0000,Failing,0
fix_failing_normal,4145,0.9000,0.5103,0.9029,0.5920,0.9418,0.0000,Failing,0
fix_failing_normal,4146,0.9167,0.5029,0.8960,0.5878,0.9399,0.0000,Failing,0
fix_failing_normal,4147,0.9333,0.4953,0.8862,0.5835,0.9381,0.0000,Failing,0
fix_failing_normal,4148,0.9500,0.4875,0.8791,0.5791,0.9362,0.0000,Failing,0
fix_failing_normal,4149,0.9667,0.4795,0.8728,0.5744,0.9344,0.0000,Failing,0
fix_failing_normal,4150,0.9833,0.4713,0.8631,0.5696,0.9326,0.0000,Failing,0
fix_failing_normal,4151,1.0000,0.4630,0.8538,0.5647,0.9308,0.0000,Failing,0
fix_failing_normal,4152,1.0167,0.4546,0.8475,0.5596,0.9290,0.0000,Failing,0
fix_failing_normal,4153,1.0333,0.4461,0.8388,0.5543,0.9272,0.0000,Failing,0
fix_failing_normal,4154,1.0500,0.4375,0.8282,0.5488,0.9254,0.0000,Failing,0
fix_failing_normal,4155,1.0667,0.4289,0.8208,0.5433,0.9236,0.0008,Failing,0
fix_failing_normal,4156,1.0833,0.4203,0.8136,0.5375,0.9219,0.0026,Failing,0
fix_failing_normal,4157,1.1000,0.4116,0.8030,0.5317,0.9201,0.0056,Failing,0
fix_failing_normal,4158,1.1167,0.4030,0.7940,0.5257,0.9183,0.0097,Failing,0
fix_failing_normal,4159,1.1333,0.3945,0.7876,0.5196,0.9166,0.0151,Failing,0
fix_failing_normal,4160,1.1500,0.3861,0.7785,0.5134,0.9148,0.0216,Failing,0
fix_failing_normal,4161,1.1667,0.3778,0.7684,0.5071,0.9131,0.0293,Failing,0
fix_failing_normal,4162,1.1833,0.3696,0.7619,0.5007,0.9114,0.0381,Failing,0
fix_failing_normal,4163,1.2000,0.3616,0.7548,0.4942,0.9096,0.0481,Failing,0
fix_failing_normal,4164,1.2167,0.3538,0.7449,0.4877,0.9079,0.0592,Failing,0
fix_failing_normal,4165,1.2333,0.3462,0.7375,0.4811,0.9062,0.0714,Failing,0
fix_failing_normal,4166,1.2500,0.3389,0.7321,0.4745,0.9045,0.0845,Failing,0
fix_failing_normal,4167,1.2667,0.3318,0.7239,0.4679,0.9028,0.0986,Failing,0
fix_failing_normal,4168,1.2833,0.3251,0.7158,0.4612,0.9011,0.1134,Failing,0
fix_failing_normal,4169,1.3000,0.3187,0.7113,0.4546,0.8994,0.1291,Failing,0
fix_failing_normal,4170,1.3167,0.3127,0.7056,0.4480,0.8977,0.1454,Failing,0
fix_failing_normal,4171,1.3333,0.3070,0.6979,0.4414,0.8960,0.1622,Failing,0
fix_failing_normal,4172,1.3500,0.3017,0.6933,0.4349,0.8944,0.1794,Failing,0
fix_failing_normal,4173,1.3667,0.2969,0.6902,0.4285,0.8927,0.1970,Failing,0
fix_failing_normal,4174,1.3833,0.2925,0.6842,0.4222,0.8911,0.2148,Failing,0
fix_failing_normal,4175,1.4000,0.2885,0.6794,0.4160,0.8894,0.2326,Failing,0
fix_failing_normal,4176,1.4167,0.2851,0.6780,0.4099,0.8878,0.2504,Failing,0
fix_failing_normal,4177,1.4333,0.2821,0.6748,0.4040,0.8861,0.2681,Failing,0
fix_failing_normal,4178,1.4500,0.2797,0.6704,0.3982,0.8845,0.2855,Failing,0
fix_failing_normal,4179,1.4667,0.2778,0.6697,0.3926,0.8829,0.3026,Failing,0
fix_failing_normal,4180,1.4833,0.2764,0.6697,0.3872,0.8812,0.3192,Failing,0
fix_failing_normal,4181,1.5000,0.2756,0.6669,0.3820,0.8796,0.3352,Failing,0
fix_failing_normal,4182,1.5167,0.2753,0.6663,0.3770,0.8780,0.3506,Failing,0
fix_failing_normal,4183,1.5333,0.2756,0.6687,0.3723,0.8764,0.3652,Failing,0
fix_failing_normal,4184,1.5500,0.2764,0.6688,0.3678,0.8748,0.3790,Failing,0
fix_failing_normal,4185,1.5667,0.2779,0.6685,0.3637,0.8732,0.3919,Failing,0
fix_failing_normal,4186,1.5833,0.2799,0.6722,0.3598,0.8716,0.4039,Failing,0
fix_failing_normal,4187,1.6000,0.2825,0.6756,0.3562,0.8701,0.4149,Failing,0
fix_failing_normal,4188,1.6167,0.2856,0.6767,0.3529,0.8685,0.4248,Failing,0
fix_failing_normal,4189,1.6333,0.2893,0.6806,0.3499,0.8669,0.4337,Failing,0
fix_failing_normal,4190,1.6500,0.2936,0.6869,0.3473,0.8654,0.4414,Failing,0
fix_failing_normal,4191,1.6667,0.2985,0.6905,0.3450,0.8638,0.4479,Failing,0
fix_failing_normal,4192,1.6833,0.3038,0.6945,0.3431,0.8622,0.4533,Failing,0
fix_failing_normal,4193,1.7000,0.3097,0.7024,0.3416,0.8607,0.4575,Failing,0
fix_failing_normal,4194,1.7167,0.3162,0.7091,0.3404,0.8592,0.4605,Failing,0
fix_failing_normal,4195,1.7333,0.3231,0.7139,0.3396,0.8576,0.4623,Failing,0
fix_failing_normal,4196,1.7500,0.3305,0.7221,0.3392,0.8561,0.4628,Failing,0
fix_failing_normal,4197,1.7667,0.3383,0.7317,0.3391,0.8546,0.4628,Failing,0
fix_failing_normal,4198,1.7833,0.3466,0.7383,0.3395,0.8531,0.4628,Failing,0
fix_failing_normal,4199,1.8000,0.3554,0.7462,0.3402,0.8515,0.4628,Failing,0
fix_failing_normal,4200,1.8167,0.3645,0.7574,0.3413,0.8500,0.4628,Failing,0
fix_failing_normal,4201,1.8333,0.3740,0.7666,0.3429,0.8485,0.4628,Failing,0
fix_failing_normal,4202,1.8500,0.3838,0.7745,0.3448,0.8470,0.4628,Failing,0
fix_failing_normal,4203,1.8667,0.3939,0.7859,0.3470,0.8455,0.4628,Failing,0
fix_failing_normal,4204,1.8833,0.4043,0.7976,0.3497,0.8440,0.4628,Failing,0
fix_failing_normal,4205,1.9000,0.4150,0.8064,0.3527,0.8426,0.4628,Failing,0
fix_failing_normal,4206,1.9167,0.4259,0.8170,0.3562,0.8411,0.4628,Failing,0
fix_failing_normal,4207,1.9333,0.4370,0.8302,0.3599,0.8396,0.4628,Failing,0
fix_failing_normal,4208,1.9500,0.4482,0.8406,0.3640,0.8396,0.4628,Failing,0
fix_failing_normal,4209,1.9667,0.4596,0.8503,0.3685,0.8397,0.4628,Failing,0
fix_failing_normal,4210,1.9833,0.4711,0.8634,0.3732,0.8399,0.4628,Failing,0
fix_failing_normal,4211,2.0000,0.4826,0.8757,0.3783,0.8402,0.4628,Failing,0
fix_failing_normal,4212,2.0167,0.0247,0.4158,0.3619,0.8387,0.4628,Failing,0
fix_failing_normal,4213,2.0333,0.0253,0.4166,0.3462,0.8373,0.4628,Failing,0
fix_failing_normal,4214,2.0500,0.0259,0.4191,0.3313,0.8358,0.4763,Failing,0
fix_failing_normal,4215,2.0667,0.0264,0.4184,0.3171,0.8344,0.5096,Failing,0
fix_failing_normal,4216,2.0833,0.0270,0.4177,0.3037,0.8329,0.5429,Failing,0
fix_failing_normal,4217,2.1000,0.0275,0.4202,0.2908,0.8315,0.5763,Failing,0
fix_failing_normal,4218,2.1167,0.0281,0.4210,0.2786,0.8300,0.6096,Failing,0
fix_failing_normal,4219,2.1333,0.0286,0.4194,0.2670,0.8286,0.6429,Failing,0
fix_failing_normal,4220,2.1500,0.0291,0.4208,0.2559,0.8272,0.6763,Failing,0
fix_failing_normal,4221,2.1667,0.0296,0.4230,0.2454,0.8258,0.7073,Failing,0
fix_failing_normal,4222,2.1833,0.0301,0.4218,0.2354,0.8243,0.7277,Failing,0
fix_failing_normal,4223,2.2000,0.0306,0.4214,0.2259,0.8229,0.7454,Failing,0
fix_failing_normal,4224,2.2167,0.0310,0.4240,0.2168,0.8215,0.7604,Failing,0
fix_failing_normal,4225,2.2333,0.0315,0.4241,0.2082,0.8201,0.7731,Failing,0
fix_failing_normal,4226,2.2500,0.0319,0.4226,0.2000,0.8187,0.7836,Failing,0
fix_failing_normal,4227,2.2667,0.0323,0.4243,0.1922,0.8173,0.7920,Failing,0
fix_failing_normal,4228,2.2833,0.0326,0.4259,0.1848,0.8159,0.7985,Failing,0
fix_failing_normal,4229,2.3000,0.0330,0.4243,0.1777,0.8145,0.8034,Failing,0
fix_failing_normal,4230,2.3167,0.0333,0.4244,0.1710,0.8132,0.8067,Failing,0
fix_failing_normal,4231,2.3333,0.0336,0.4267,0.1646,0.8118,0.8086,Failing,0
fix_failing_normal,4232,2.3500,0.0338,0.4261,0.1585,0.8104,0.8093,Failing,0
fix_failing_normal,4233,2.3667,0.0340,0.4247,0.1527,0.8091,0.8093,Failing,0
fix_failing_normal,4234,2.3833,0.0342,0.4266,0.1472,0.8077,0.8093,Failing,0
fix_failing_normal,4235,2.4000,0.0344,0.4275,0.1420,0.8063,0.8093,Failing,0
fix_failing_normal,4236,2.4167,0.0345,0.4256,0.1370,0.8050,0.8093,Failing,0
fix_failing_normal,4237,2.4333,0.6930,1.0000,0.1628,0.8066,0.8093,Failing,0
fix_failing_normal,4238,2.4500,0.6945,1.0000,0.1876,0.8082,0.8093,Failing,0
fix_failing_normal,4239,2.4667,0.6954,1.0000,0.2112,0.8098,0.8093,Failing,0
fix_failing_normal,4240,2.4833,0.6956,1.0000,0.2337,0.8114,0.8093,Failing,0
fix_failing_normal,4241,2.5000,0.6953,1.0000,0.2552,0.8129,0.8093,Failing,0
fix_failing_normal,4242,2.5167,0.6943,1.0000,0.2756,0.8145,0.8093,Failing,0
fix_failing_normal,4243,2.5333,0.6927,1.0000,0.2950,0.8160,0.8093,Failing,0
fix_failing_normal,4244,2.5500,0.6905,1.0000,0.3134,0.8176,0.8093,Failing,0
fix_failing_normal,4245,2.5667,0.6877,1.0000,0.3308,0.8191,0.8093,Failing,0
fix_failing_normal,4246,2.5833,0.6843,1.0000,0.3472,0.8206,0.8093,Failing,0
fix_failing_normal,4247,2.6000,0.6804,1.0000,0.3627,0.8221,0.8093,Failing,0
fix_failing_normal,4248,2.6167,0.6759,1.0000,0.3773,0.8235,0.8093,Failing,0
fix_failing_normal,4249,2.6333,0.6709,1.0000,0.3909,0.8250,0.8093,Failing,0
fix_failing_normal,4250,2.6500,0.6654,1.0000,0.4037,0.8265,0.8093,Failing,0
fix_failing_normal,4251,2.6667,0.6594,1.0000,0.4156,0.8279,0.8093,Failing,0
fix_failing_normal,4252,2.6833,0.6529,1.0000,0.4266,0.8293,0.8093,Failing,0
fix_failing_normal,4253,2.7000,0.6459,1.0000,0.4368,0.8307,0.8093,Failing,0
fix_failing_normal,4254,2.7167,0.6385,1.0000,0.4462,0.8321,0.8093,Failing,0
fix_failing_normal,4255,2.7333,0.6308,1.0000,0.4548,0.8335,0.8093,Failing,0
fix_failing_normal,4256,2.7500,0.6226,1.0000,0.4626,0.8349,0.8093,Failing,0
fix_failing_normal,4257,2.7667,0.6141,1.0000,0.4696,0.8363,0.8093,Failing,0
fix_failing_normal,4258,2.7833,0.6053,0.9977,0.4759,0.8376,0.8093,Failing,0
fix_failing_normal,4259,2.8000,0.5962,0.9893,0.4815,0.8389,0.8093,Failing,0
fix_failing_normal,4260,2.8167,0.5869,0.9779,0.4864,0.8400,0.8093,Failing,0
fix_failing_normal,4261,2.8333,0.5773,0.9687,0.4907,0.8411,0.8093,Failing,0
fix_failing_normal,4262,2.8500,0.5676,0.9609,0.4942,0.8421,0.8093,Failing,0
fix_failing_normal,4263,2.8667,0.5576,0.9496,0.4972,0.8430,0.8093,Failing,0
fix_failing_normal,4264,2.8833,0.5476,0.9383,0.4995,0.8438,0.8093,Failing,0
fix_failing_normal,4265,2.9000,0.5375,0.9302,0.5013,0.8445,0.8093,Failing,0
fix_failing_normal,4266,2.9167,0.5272,0.9201,0.5025,0.8451,0.8093,Failing,0
fix_failing_normal,4267,2.9333,0.5170,0.9078,0.5032,0.8457,0.8093,Failing,0
fix_failing_normal,4268,2.9500,0.5068,0.8985,0.5033,0.8461,0.7760,Failing,0
fix_failing_normal,4269,2.9667,0.4966,0.8899,0.5030,0.8465,0.7427,Failing,0
fix_failing_normal,4270,2.9833,0.4864,0.8780,0.5023,0.8467,0.7093,Failing,0
fix_failing_normal,4271,3.0000,0.4764,0.8672,0.5011,0.8469,0.6760,Failing,0
fix_failing_normal,4272,3.0167,0.4664,0.8594,0.4994,0.8470,0.6427,Failing,0
fix_failing_normal,4273,3.0333,0.4566,0.8492,0.4975,0.8470,0.6093,Failing,0
fix_failing_normal,4274,3.0500,0.4470,0.8377,0.4951,0.8455,0.5760,Failing,0
fix_failing_normal,4275,3.0667,0.4376,0.8297,0.4924,0.8440,0.5427,Failing,0
fix_failing_normal,4276,3.0833,0.4285,0.8217,0.4895,0.8425,0.5093,Failing,0
fix_failing_normal,4277,3.1000,0.4195,0.8108,0.4862,0.8411,0.4760,Failing,0
fix_failing_normal,4278,3.1167,0.4109,0.8020,0.4827,0.8396,0.4427,Failing,0
fix_failing_normal,4279,3.1333,0.4026,0.7958,0.4790,0.8381,0.4093,Failing,0
fix_failing_normal,4280,3.1500,0.3946,0.7868,0.4751,0.8367,0.3760,Failing,0
fix_failing_normal,4281,3.1667,0.3869,0.7776,0.4710,0.8352,0.3427,Failing,0
fix_failing_normal,4282,3.1833,0.3796,0.7720,0.4667,0.8338,0.3093,Failing,0
fix_failing_normal,4283,3.2000,0.3727,0.7658,0.4623,0.8323,0.2760,Failing,0
fix_failing_normal,4284,3.2167,0.3661,0.7571,0.4579,0.8309,0.2427,Failing,0
fix_failing_normal,4285,3.2333,0.3600,0.7514,0.4533,0.8294,0.2093,Failing,0
fix_failing_normal,4286,3.2500,0.3543,0.7476,0.4487,0.8280,0.1760,Failing,0
fix_failing_normal,4287,3.2667,0.3490,0.7409,0.4441,0.8266,0.1432,Failing,0
fix_failing_normal,4288,3.2833,0.3442,0.7349,0.4394,0.8252,0.1543,Failing,0
fix_failing_normal,4289,3.3000,0.3398,0.7326,0.4348,0.8238,0.1657,Failing,0
fix_failing_normal,4290,3.3167,0.3359,0.7287,0.4302,0.8223,0.1771,Failing,0
fix_failing_normal,4291,3.3333,0.3324,0.7232,0.4256,0.8209,0.1887,Failing,0
fix_failing_normal,4292,3.3500,0.3294,0.7211,0.4212,0.8195,0.2003,Failing,0
fix_failing_normal,4293,3.3667,0.3268,0.7201,0.4168,0.8181,0.2118,Failing,0
fix_failing_normal,4294,3.3833,0.3247,0.7162,0.4125,0.8167,0.2232,Failing,0
fix_failing_normal,4295,3.4000,0.3231,0.7140,0.4083,0.8154,0.2344,Failing,0
fix_failing_normal,4296,3.4167,0.3219,0.7149,0.4043,0.8140,0.2453,Failing,0
fix_failing_normal,4297,3.4333,0.3212,0.7137,0.4004,0.8126,0.2558,Failing,0
fix_failing_normal,4298,3.4500,0.3209,0.7116,0.3967,0.8112,0.2660,Failing,0
fix_failing_normal,4299,3.4667,0.3210,0.7132,0.3932,0.8099,0.2757,Failing,0
fix_failing_normal,4300,3.4833,0.3216,0.7148,0.3899,0.8085,0.2849,Failing,0
fix_failing_normal,4301,3.5000,0.3226,0.7138,0.3868,0.8071,0.2935,Failing,0
fix_failing_normal,4302,3.5167,0.3240,0.7152,0.3838,0.8058,0.3016,Failing,0
fix_failing_normal,4303,3.5333,0.3258,0.7190,0.3811,0.8044,0.3090,Failing,0
fix_failing_normal,4304,3.5500,0.3280,0.7202,0.3787,0.8031,0.3158,Failing,0
fix_failing_normal,4305,3.5667,0.3306,0.7212,0.3764,0.8017,0.3218,Failing,0
fix_failing_normal,4306,3.5833,0.3335,0.7260,0.3744,0.8004,0.3272,Failing,0
fix_failing_normal,4307,3.6000,0.3367,0.7298,0.3727,0.7991,0.3318,Failing,0
fix_failing_normal,4308,3.6167,0.3403,0.7313,0.3712,0.7977,0.3357,Failing,0
fix_failing_normal,4309,3.6333,0.3442,0.7357,0.3699,0.7964,0.3389,Failing,0
fix_failing_normal,4310,3.6500,0.3484,0.7417,0.3689,0.7951,0.3413,Failing,0
fix_failing_normal,4311,3.6667,0.3528,0.7447,0.3682,0.7938,0.3429,Failing,0
fix_failing_normal,4312,3.6833,0.3575,0.7483,0.3677,0.7925,0.3438,Failing,0
fix_failing_normal,4313,3.7000,0.3624,0.7552,0.3674,0.7912,0.3440,Failing,0
fix_failing_normal,4314,3.7167,0.3676,0.7604,0.3674,0.7899,0.3440,Failing,0
fix_failing_normal,4315,3.7333,0.3729,0.7637,0.3677,0.7886,0.3440,Failing,0
fix_failing_normal,4316,3.7500,0.3784,0.7703,0.3682,0.7873,0.3440,Failing,0
fix_failing_normal,4317,3.7667,0.3841,0.7774,0.3689,0.7860,0.3440,Failing,0
fix_failing_normal,4318,3.7833,0.3899,0.7814,0.3699,0.7847,0.3440,Failing,0
fix_failing_normal,4319,3.8000,0.3958,0.7868,0.3711,0.7847,0.3440,Failing,0
fix_failing_normal,4320,3.8167,0.4019,0.7949,0.3726,0.7848,0.3440,Failing,0
fix_failing_normal,4321,3.8333,0.4080,0.8005,0.3742,0.7849,0.3440,Failing,0
fix_failing_normal,4322,3.8500,0.4141,0.8048,0.3761,0.7851,0.3440,Failing,0
fix_failing_normal,4323,3.8667,0.4204,0.8125,0.3781,0.7853,0.3440,Failing,0
fix_failing_normal,4324,3.8833,0.4266,0.8198,0.3804,0.7856,0.3440,Failing,0
fix_failing_normal,4325,3.9000,0.4328,0.8240,0.3828,0.7859,0.3440,Failing,0
fix_failing_normal,4326,3.9167,0.4391,0.8303,0.3854,0.7863,0.3440,Failing,0
fix_failing_normal,4327,3.9333,0.4453,0.8385,0.3882,0.7867,0.3440,Failing,0
fix_failing_normal,4328,3.9500,0.4514,0.8436,0.3912,0.7872,0.3440,Failing,0
fix_failing_normal,4329,3.9667,0.4576,0.8482,0.3942,0.7877,0.3440,Failing,0
fix_failing_normal,4330,3.9833,0.4636,0.8561,0.3975,0.7883,0.3440,Failing,0
fix_failing_normal,4331,4.0000,0.4696,0.8626,0.4008,0.7889,0.3440,Failing,0
fix_failing_normal,4332,4.0167,0.4754,0.8664,0.4043,0.7895,0.3440,Failing,0
fix_failing_normal,4333,4.0333,0.4812,0.8727,0.4079,0.7902,0.3440,Failing,0
fix_failing_normal,4334,4.0500,0.4868,0.8801,0.4115,0.7910,0.3440,Failing,0
fix_failing_normal,4335,4.0667,0.4923,0.8841,0.4153,0.7917,0.3440,Failing,0
fix_failing_normal,4336,4.0833,0.4976,0.8884,0.4191,0.7925,0.3440,Failing,0
fix_failing_normal,4337,4.1000,0.5028,0.8956,0.4230,0.7934,0.3440,Failing,0
fix_failing_normal,4338,4.1167,0.5079,0.9007,0.4270,0.7943,0.3440,Failing,0
fix_failing_normal,4339,4.1333,0.5127,0.9035,0.4309,0.7952,0.3440,Failing,0
fix_failing_normal,4340,4.1500,0.5174,0.9092,0.4350,0.7961,0.3440,Failing,0
fix_failing_normal,4341,4.1667,0.5219,0.9152,0.4390,0.7971,0.3440,Failing,0
fix_failing_normal,4342,4.1833,0.5262,0.9176,0.4431,0.7981,0.3440,Failing,0
fix_failing_normal,4343,4.2000,0.5303,0.9212,0.4471,0.7992,0.3440,Failing,0
fix_failing_normal,4344,4.2167,0.5341,0.9272,0.4512,0.8002,0.3440,Failing,0
fix_failing_normal,4345,4.2333,0.5378,0.9303,0.4552,0.8013,0.3440,Failing,0
fix_failing_normal,4346,4.2500,0.5413,0.9320,0.4592,0.8024,0.3440,Failing,0
fix_failing_normal,4347,4.2667,0.5445,0.9367,0.4632,0.8035,0.3440,Failing,0
fix_failing_normal,4348,4.2833,0.5476,0.9408,0.4671,0.8046,0.3440,Failing,0
fix_failing_normal,4349,4.3000,0.5504,0.9415,0.4710,0.8058,0.3106,Failing,0
fix_failing_normal,4350,4.3167,0.5530,0.9442,0.4748,0.8069,0.2773,Failing,0
fix_failing_normal,4351,4.3333,0.5553,0.9486,0.4785,0.8081,0.2440,Failing,0
fix_failing_normal,4352,4.3500,0.5575,0.9496,0.4822,0.8093,0.2106,Failing,0
fix_failing_normal,4353,4.3667,0.5594,0.9500,0.4858,0.8104,0.1773,Failing,0
fix_failing_normal,4354,4.3833,0.5610,0.9536,0.4893,0.8116,0.1440,Failing,0
fix_failing_normal,4355,4.4000,0.5625,0.9555,0.4927,0.8128,0.1106,Failing,0
fix_failing_normal,4356,4.4167,0.5637,0.9546,0.4960,0.8140,0.0773,Failing,0
fix_failing_normal,4357,4.4333,0.5647,0.9562,0.4992,0.8152,0.0440,Failing,0
fix_failing_normal,4358,4.4500,0.5655,0.9588,0.5023,0.8164,0.0321,Failing,0
fix_failing_normal,4359,4.4667,0.5660,0.9578,0.5052,0.8175,0.0284,Failing,0
fix_failing_normal,4360,4.4833,0.5664,0.9572,0.5081,0.8187,0.0251,Failing,0
fix_failing_normal,4361,4.5000,0.5665,0.9593,0.5108,0.8199,0.0221,Failing,0
fix_failing_normal,4362,4.5167,0.5664,0.9592,0.5134,0.8210,0.0194,Failing,0
fix_failing_normal,4363,4.5333,0.5661,0.9568,0.5158,0.8222,0.0170,Failing,0
fix_failing_normal,4364,4.5500,0.5655,0.9574,0.5181,0.8233,0.0148,Failing,0
fix_failing_normal,4365,4.5667,0.5648,0.9581,0.5203,0.8244,0.0129,Failing,0
fix_failing_normal,4366,4.5833,0.5639,0.9553,0.5223,0.8255,0.0113,Failing,0
fix_failing_normal,4367,4.6000,0.5627,0.9537,0.5242,0.8265,0.0099,Failing,0
fix_failing_normal,4368,4.6167,0.5613,0.9544,0.5259,0.8276,0.0086,Failing,0
fix_failing_normal,4369,4.6333,0.5598,0.9523,0.5275,0.8286,0.0076,Failing,0
fix_failing_normal,4370,4.6500,0.5580,0.9487,0.5289,0.8296,0.0067,Failing,0
fix_failing_normal,4371,4.6667,0.5561,0.9483,0.5302,0.8306,0.0059,Failing,0
fix_failing_normal,4372,4.6833,0.5540,0.9472,0.5313,0.8316,0.0053,Failing,0
fix_failing_normal,4373,4.7000,0.5517,0.9428,0.5323,0.8325,0.0048,Failing,0
fix_failing_normal,4374,4.7167,0.5492,0.9404,0.5330,0.8334,0.0044,Failing,0
fix_failing_normal,4375,4.7333,0.5465,0.9398,0.5337,0.8343,0.0041,Failing,0
fix_failing_normal,4376,4.7500,0.5437,0.9358,0.5341,0.8351,0.0038,Failing,0
fix_failing_normal,4377,4.7667,0.5406,0.9313,0.5344,0.8359,0.0037,Failing,0
fix_failing_normal,4378,4.7833,0.5375,0.9300,0.5346,0.8367,0.0036,Failing,0
fix_failing_normal,4379,4.8000,0.5341,0.9271,0.5346,0.8375,0.0037,Failing,0
fix_failing_normal,4380,4.8167,0.5306,0.9215,0.5344,0.8382,0.0037,Failing,0
fix_failing_normal,4381,4.8333,0.5270,0.9185,0.5340,0.8388,0.0039,Failing,0
fix_failing_normal,4382,4.8500,0.5232,0.9165,0.5335,0.8395,0.0042,Failing,0
fix_failing_normal,4383,4.8667,0.5193,0.9110,0.5329,0.8401,0.0045,Failing,0
fix_failing_normal,4384,4.8833,0.5152,0.9060,0.5320,0.8406,0.0049,Failing,0
fix_failing_normal,4385,4.9000,0.5110,0.9039,0.5311,0.8411,0.0055,Failing,0
fix_failing_normal,4386,4.9167,0.5067,0.8994,0.5299,0.8416,0.0061,Failing,0
fix_failing_normal,4387,4.9333,0.5022,0.8930,0.5286,0.8420,0.0069,Failing,0
fix_failing_normal,4388,4.9500,0.4977,0.8896,0.5272,0.8424,0.0079,Failing,0
fix_failing_normal,4389,4.9667,0.4931,0.8864,0.5256,0.8428,0.0090,Failing,0
fix_failing_normal,4390,4.9833,0.4883,0.8797,0.5239,0.8431,0.0103,Failing,0
fix_failing_normal,4391,5.0000,0.4835,0.8745,0.5220,0.8434,0.0118,Failing,0
fix_failing_normal,4392,5.0167,0.4786,0.8717,0.5200,0.8436,0.0135,Failing,0
fix_failing_normal,4393,5.0333,0.4736,0.8660,0.5178,0.8438,0.0155,Failing,0
fix_failing_normal,4394,5.0500,0.4686,0.8592,0.5155,0.8439,0.0177,Failing,0
fix_failing_normal,4395,5.0667,0.4635,0.8557,0.5131,0.8440,0.0202,Failing,0
fix_failing_normal,4396,5.0833,0.4583,0.8515,0.5106,0.8441,0.0230,Failing,0
fix_failing_normal,4397,5.1000,0.4532,0.8443,0.5079,0.8441,0.0261,Failing,0
fix_failing_normal,4398,5.1167,0.4480,0.8393,0.5051,0.8426,0.0295,Failing,0
fix_failing_normal,4399,5.1333,0.4428,0.8361,0.5022,0.8411,0.0331,Failing,0
fix_failing_normal,4400,5.1500,0.4376,0.8297,0.4992,0.8397,0.0372,Failing,0
fix_failing_normal,4401,5.1667,0.4324,0.8231,0.4961,0.8382,0.0416,Failing,0
fix_failing_normal,4402,5.1833,0.4273,0.8199,0.4929,0.8367,0.0463,Failing,0
fix_failing_normal,4403,5.2000,0.4221,0.8151,0.4896,0.8353,0.0514,Failing,0
fix_failing_normal,4404,5.2167,0.4171,0.8080,0.4862,0.8338,0.0568,Failing,0
fix_failing_normal,4405,5.2333,0.4121,0.8037,0.4828,0.8324,0.0626,Failing,0
fix_failing_normal,4406,5.2500,0.4072,0.8005,0.4793,0.8309,0.0688,Failing,0
fix_failing_normal,4407,5.2667,0.4023,0.7940,0.4757,0.8295,0.0752,Failing,0
fix_failing_normal,4408,5.2833,0.3976,0.7884,0.4721,0.8281,0.0821,Failing,0
fix_failing_normal,4409,5.3000,0.3930,0.7859,0.4684,0.8266,0.0892,Failing,0
fix_failing_normal,4410,5.3167,0.3885,0.7812,0.4647,0.8252,0.0966,Failing,0
fix_failing_normal,4411,5.3333,0.3842,0.7749,0.4609,0.8238,0.1044,Failing,0
fix_failing_normal,4412,5.3500,0.3800,0.7720,0.4572,0.8224,0.1123,Failing,0
fix_failing_normal,4413,5.3667,0.3760,0.7693,0.4534,0.8210,0.1205,Failing,0
fix_failing_normal,4414,5.3833,0.3722,0.7636,0.4496,0.8196,0.1290,Failing,0
fix_failing_normal,4415,5.4000,0.3686,0.7596,0.4458,0.8182,0.1375,Failing,0
fix_failing_normal,4416,5.4167,0.3652,0.7584,0.4421,0.8168,0.1462,Failing,0
fix_failing_normal,4417,5.4333,0.3621,0.7545,0.4384,0.8154,0.1551,Failing,0
fix_failing_normal,4418,5.4500,0.3592,0.7499,0.4347,0.8140,0.1639,Failing,0
fix_failing_normal,4419,5.4667,0.3566,0.7489,0.4311,0.8126,0.1728,Failing,0
fix_failing_normal,4420,5.4833,0.3542,0.7474,0.4275,0.8113,0.1817,Failing,0
fix_failing_normal,4421,5.5000,0.3521,0.7432,0.4240,0.8099,0.1905,Failing,0
fix_failing_normal,4422,5.5167,0.3504,0.7417,0.4206,0.8085,0.1992,Failing,0
fix_failing_normal,4423,5.5333,0.3489,0.7422,0.4172,0.8072,0.2078,Failing,0
fix_failing_normal,4424,5.5500,0.3478,0.7398,0.4140,0.8058,0.2161,Failing,0
fix_failing_normal,4425,5.5667,0.3470,0.7377,0.4109,0.8045,0.2242,Failing,0
fix_failing_normal,4426,5.5833,0.3465,0.7391,0.4079,0.8031,0.2321,Failing,0
fix_failing_normal,4427,5.6000,0.3464,0.7393,0.4050,0.8018,0.2396,Failing,0
fix_failing_normal,4428,5.6167,0.3466,0.7375,0.4023,0.8004,0.2468,Failing,0
fix_failing_normal,4429,5.6333,0.3472,0.7389,0.3997,0.7991,0.2536,Failing,0
fix_failing_normal,4430,5.6500,0.3482,0.7415,0.3973,0.7978,0.2599,Failing,0
fix_failing_normal,4431,5.6667,0.3496,0.7412,0.3951,0.7965,0.2657,Failing,0
fix_failing_normal,4432,5.6833,0.3513,0.7421,0.3931,0.7951,0.2711,Failing,0
fix_failing_normal,4433,5.7000,0.3534,0.7464,0.3912,0.7938,0.2759,Failing,0
fix_failing_normal,4434,5.7167,0.3559,0.7486,0.3896,0.7925,0.2801,Failing,0
fix_failing_normal,4435,5.7333,0.3588,0.7496,0.3882,0.7912,0.2837,Failing,0
fix_failing_normal,4436,5.7500,0.3621,0.7541,0.3870,0.7899,0.2867,Failing,0
fix_failing_normal,4437,5.7667,0.3658,0.7591,0.3860,0.7886,0.2891,Failing,0
fix_failing_normal,4438,5.7833,0.3699,0.7612,0.3852,0.7873,0.2907,Failing,0
fix_failing_normal,4439,5.8000,0.3743,0.7654,0.3847,0.7860,0.2917,Failing,0
fix_failing_normal,4440,5.8167,0.3791,0.7723,0.3845,0.7847,0.2920,Failing,0
fix_failing_normal,4441,5.8333,0.3843,0.7766,0.3845,0.7835,0.2920,Failing,0
fix_failing_normal,4442,5.8500,0.3898,0.7805,0.3847,0.7822,0.2920,Failing,0
fix_failing_normal,4443,5.8667,0.3957,0.7880,0.3852,0.7822,0.2920,Failing,0
fix_failing_normal,4444,5.8833,0.4019,0.7951,0.3860,0.7823,0.2920,Failing,0
fix_failing_normal,4445,5.9000,0.4085,0.7995,0.3870,0.7825,0.2920,Failing,0
fix_failing_normal,4446,5.9167,0.4153,0.8066,0.3883,0.7827,0.2920,Failing,0
fix_failing_normal,4447,5.9333,0.4225,0.8157,0.3899,0.7830,0.2920,Failing,0
fix_failing_normal,4448,5.9500,0.4299,0.8219,0.3918,0.7833,0.2920,Failing,0
fix_failing_normal,4449,5.9667,0.4376,0.8283,0.3939,0.7837,0.2920,Failing,0
fix_failing_normal,4450,5.9833,0.4455,0.8382,0.3963,0.7841,0.2920,Failing,0
fix_failing_normal,4451,6.0000,0.4537,0.8466,0.3990,0.7846,0.2920,Failing,0
fix_failing_normal,4452,6.0167,0.4620,0.8529,0.4019,0.7852,0.2920,Failing,0
fix_failing_normal,4453,6.0333,0.4706,0.8622,0.4051,0.7858,0.2920,Failing,0
fix_failing_normal,4454,6.0500,0.4793,0.8726,0.4086,0.7866,0.2920,Failing,0
fix_failing_normal,4455,6.0667,0.4881,0.8797,0.4123,0.7873,0.2920,Failing,0
fix_failing_normal,4456,6.0833,0.4970,0.8879,0.4162,0.7882,0.2920,Failing,0
fix_failing_normal,4457,6.1000,0.5061,0.8990,0.4204,0.7891,0.2920,Failing,0
fix_failing_normal,4458,6.1167,0.5152,0.9078,0.4248,0.7901,0.2920,Failing,0
fix_failing_normal,4459,6.1333,0.5243,0.9150,0.4294,0.7911,0.2920,Failing,0
fix_failing_normal,4460,6.1500,0.5334,0.9254,0.4342,0.7922,0.2920,Failing,0
fix_failing_normal,4461,6.1667,0.5425,0.9358,0.4393,0.7934,0.2920,Failing,0
fix_failing_normal,4462,6.1833,0.5515,0.9428,0.4445,0.7946,0.2920,Failing,0
fix_failing_normal,4463,6.2000,0.5605,0.9515,0.4499,0.7960,0.2920,Failing,0
fix_failing_normal,4464,6.2167,0.5693,0.9625,0.4554,0.7973,0.2920,Failing,0
fix_failing_normal,4465,6.2333,0.5780,0.9703,0.4611,0.7988,0.2920,Failing,0
fix_failing_normal,4466,6.2500,0.5865,0.9772,0.4670,0.8002,0.2920,Failing,0
fix_failing_normal,4467,6.2667,0.5949,0.9872,0.4729,0.8018,0.2920,Failing,0
fix_failing_normal,4468,6.2833,0.6030,0.9961,0.4790,0.8034,0.2920,Failing,0
fix_failing_normal,4469,6.3000,0.6108,1.0000,0.4851,0.8050,0.2920,Failing,0
fix_failing_normal,4470,6.3167,0.6184,1.0000,0.4913,0.8067,0.2920,Failing,0
fix_failing_normal,4471,6.3333,0.6257,1.0000,0.4976,0.8083,0.2920,Failing,0
fix_failing_normal,4472,6.3500,0.6326,1.0000,0.5038,0.8099,0.2920,Failing,0
fix_failing_normal,4473,6.3667,0.6392,1.0000,0.5101,0.8114,0.2920,Failing,0
fix_failing_normal,4474,6.3833,0.6453,1.0000,0.5164,0.8130,0.2920,Failing,0
fix_failing_normal,4475,6.4000,0.6511,1.0000,0.5227,0.8146,0.2920,Failing,0
fix_failing_normal,4476,6.4167,0.6564,1.0000,0.5289,0.8161,0.2586,Failing,0
fix_failing_normal,4477,6.4333,0.6613,1.0000,0.5351,0.8176,0.2253,Failing,0
fix_failing_normal,4478,6.4500,0.6657,1.0000,0.5411,0.8191,0.1920,Failing,0
fix_failing_normal,4479,6.4667,0.6696,1.0000,0.5471,0.8206,0.1586,Failing,0
fix_failing_normal,4480,6.4833,0.6730,1.0000,0.5530,0.8221,0.1253,Failing,0
fix_failing_normal,4481,6.5000,0.6759,1.0000,0.5587,0.8236,0.0920,Failing,0
fix_failing_normal,4482,6.5167,0.6783,1.0000,0.5642,0.8251,0.0586,Failing,0
fix_failing_normal,4483,6.5333,0.6801,1.0000,0.5696,0.8265,0.0253,Failing,0
fix_failing_normal,4484,6.5500,0.6813,1.0000,0.5748,0.8280,0.0000,Failing,0
fix_failing_normal,4485,6.5667,0.6819,1.0000,0.5798,0.8294,0.0000,Failing,0
fix_failing_normal,4486,6.5833,0.6820,1.0000,0.5846,0.8308,0.0000,Failing,0
fix_failing_normal,4487,6.6000,0.6815,1.0000,0.5891,0.8322,0.0000,Failing,0
fix_failing_normal,4488,6.6167,0.6804,1.0000,0.5933,0.8336,0.0000,Failing,0
fix_failing_normal,4489,6.6333,0.6787,1.0000,0.5973,0.8350,0.0000,Failing,0
fix_failing_normal,4490,6.6500,0.6764,1.0000,0.6010,0.8363,0.0000,Failing,0
fix_failing_normal,4491,6.6667,0.6735,1.0000,0.6043,0.8377,0.0000,Failing,0
fix_failing_normal,4492,6.6833,0.6701,1.0000,0.6074,0.8390,0.0000,Failing,0
fix_failing_normal,4493,6.7000,0.6660,1.0000,0.6101,0.8404,0.0000,Failing,0
fix_failing_normal,4494,6.7167,0.6614,1.0000,0.6125,0.8417,0.0000,Failing,0
fix_failing_normal,4495,6.7333,0.6562,1.0000,0.6145,0.8430,0.0000,Failing,0
fix_failing_normal,4496,6.7500,0.6505,1.0000,0.6162,0.8443,0.0000,Failing,0
fix_failing_normal,4497,6.7667,0.6443,1.0000,0.6175,0.8456,0.0000,Failing,0
fix_failing_normal,4498,6.7833,0.6375,1.0000,0.6184,0.8469,0.0000,Failing,0
fix_failing_normal,4499,6.8000,0.6303,1.0000,0.6190,0.8482,0.0000,Failing,0
fix_failing_normal,4500,6.8167,0.6225,1.0000,0.6192,0.8494,0.0000,Failing,0
fix_failing_normal,4501,6.8333,0.6144,1.0000,0.6189,0.8507,0.0000,Failing,0
fix_failing_normal,4502,6.8500,0.6057,0.9990,0.6183,0.8519,0.0000,Failing,0
fix_failing_normal,4503,6.8667,0.5967,0.9883,0.6173,0.8530,0.0000,Failing,0
fix_failing_normal,4504,6.8833,0.5873,0.9782,0.6159,0.8541,0.0000,Failing,0
fix_failing_normal,4505,6.9000,0.5775,0.9705,0.6141,0.8550,0.0000,Failing,0
fix_failing_normal,4506,6.9167,0.5674,0.9600,0.6120,0.8559,0.0000,Failing,0
fix_failing_normal,4507,6.9333,0.5570,0.9477,0.6094,0.8567,0.0000,Failing,0
fix_failing_normal,4508,6.9500,0.5463,0.9384,0.6065,0.8574,0.0000,Failing,0
fix_failing_normal,4509,6.9667,0.5354,0.9287,0.6032,0.8579,0.0000,Failing,0
fix_failing_normal,4510,6.9833,0.5243,0.9155,0.5995,0.8584,0.0000,Failing,0
fix_failing_normal,4511,7.0000,0.5130,0.9041,0.5955,0.8588,0.0000,Failing,0
fix_failing_normal,4512,7.0167,0.5016,0.8948,0.5911,0.8591,0.0000,Failing,0
fix_failing_normal,4513,7.0333,0.4901,0.8823,0.5864,0.8593,0.0000,Failing,0
fix_failing_normal,4514,7.0500,0.4785,0.8692,0.5814,0.8594,0.0000,Failing,0
fix_failing_normal,4515,7.0667,0.4669,0.8594,0.5761,0.8578,0.0000,Failing,0
fix_failing_normal,4516,7.0833,0.4553,0.8484,0.5705,0.8563,0.0000,Failing,0
fix_failing_normal,4517,7.1000,0.4438,0.8348,0.5646,0.8548,0.0000,Failing,0
fix_failing_normal,4518,7.1167,0.4323,0.8237,0.5584,0.8533,0.0000,Failing,0
fix_failing_normal,4519,7.1333,0.4209,0.8142,0.5520,0.8518,0.0000,Failing,0
fix_failing_normal,4520,7.1500,0.4097,0.8016,0.5454,0.8502,0.0003,Failing,0
fix_failing_normal,4521,7.1667,0.3987,0.7894,0.5386,0.8487,0.0020,Failing,0
fix_failing_normal,4522,7.1833,0.3879,0.7806,0.5316,0.8472,0.0052,Failing,0
fix_failing_normal,4523,7.2000,0.3773,0.7702,0.5244,0.8458,0.0100,Failing,0
fix_failing_normal,4524,7.2167,0.3670,0.7578,0.5171,0.8443,0.0162,Failing,0
fix_failing_normal,4525,7.2333,0.3571,0.7488,0.5096,0.8428,0.0240,Failing,0
fix_failing_normal,4526,7.2500,0.3474,0.7408,0.5021,0.8413,0.0333,Failing,0
fix_failing_normal,4527,7.2667,0.3382,0.7297,0.4945,0.8398,0.0441,Failing,0
fix_failing_normal,4528,7.2833,0.3293,0.7202,0.4868,0.8384,0.0562,Failing,0
fix_failing_normal,4529,7.3000,0.3209,0.7139,0.4791,0.8369,0.0696,Failing,0
fix_failing_normal,4530,7.3167,0.3129,0.7055,0.4714,0.8354,0.0842,Failing,0
fix_failing_normal,4531,7.3333,0.3054,0.6961,0.4636,0.8340,0.0998,Failing,0
fix_failing_normal,4532,7.3500,0.2984,0.6906,0.4560,0.8325,0.1164,Failing,0
fix_failing_normal,4533,7.3667,0.2920,0.6852,0.4483,0.8311,0.1338,Failing,0
fix_failing_normal,4534,7.3833,0.2860,0.6772,0.4408,0.8297,0.1518,Failing,0
fix_failing_normal,4535,7.4000,0.2806,0.6718,0.4333,0.8282,0.1703,Failing,0
fix_failing_normal,4536,7.4167,0.2758,0.6690,0.4260,0.8268,0.1891,Failing,0
fix_failing_normal,4537,7.4333,0.2715,0.6638,0.4188,0.8254,0.2081,Failing,0
fix_failing_normal,4538,7.4500,0.2679,0.6586,0.4118,0.8240,0.2271,Failing,0
fix_failing_normal,4539,7.4667,0.2648,0.6573,0.4050,0.8226,0.2460,Failing,0
fix_failing_normal,4540,7.4833,0.2624,0.6554,0.3983,0.8212,0.2646,Failing,0
fix_failing_normal,4541,7.5000,0.2605,0.6515,0.3919,0.8198,0.2829,Failing,0
fix_failing_normal,4542,7.5167,0.2593,0.6507,0.3858,0.8184,0.3006,Failing,0
fix_failing_normal,4543,7.5333,0.2587,0.6520,0.3798,0.8170,0.3177,Failing,0
fix_failing_normal,4544,7.5500,0.2586,0.6505,0.3742,0.8156,0.3341,Failing,0
fix_failing_normal,4545,7.5667,0.2592,0.6500,0.3689,0.8142,0.3497,Failing,0
fix_failing_normal,4546,7.5833,0.2604,0.6532,0.3638,0.8128,0.3643,Failing,0
fix_failing_normal,4547,7.6000,0.2622,0.6550,0.3591,0.8114,0.3781,Failing,0
fix_failing_normal,4548,7.6167,0.2646,0.6554,0.3547,0.8101,0.3908,Failing,0
fix_failing_normal,4549,7.6333,0.2675,0.6593,0.3506,0.8087,0.4024,Failing,0
fix_failing_normal,4550,7.6500,0.2710,0.6643,0.3469,0.8073,0.4129,Failing,0
fix_failing_normal,4551,7.6667,0.2751,0.6666,0.3436,0.8060,0.4223,Failing,0
fix_failing_normal,4552,7.6833,0.2796,0.6706,0.3406,0.8046,0.4306,Failing,0
fix_failing_normal,4553,7.7000,0.2847,0.6778,0.3380,0.8033,0.4377,Failing,0
fix_failing_normal,4554,7.7167,0.2903,0.6828,0.3358,0.8019,0.4436,Failing,0
fix_failing_normal,4555,7.7333,0.2963,0.6870,0.3340,0.8006,0.4483,Failing,0
fix_failing_normal,4556,7.7500,0.3028,0.6950,0.3325,0.7993,0.4519,Failing,0
fix_failing_normal,4557,7.7667,0.3097,0.7030,0.3315,0.7979,0.4543,Failing,0
fix_failing_normal,4558,7.7833,0.3170,0.7082,0.3308,0.7966,0.4555,Failing,0
fix_failing_normal,4559,7.8000,0.3247,0.7159,0.3305,0.7953,0.4556,Failing,0
fix_failing_normal,4560,7.8167,0.3327,0.7260,0.3306,0.7940,0.4556,Failing,0
fix_failing_normal,4561,7.8333,0.3411,0.7333,0.3311,0.7927,0.4556,Failing,0
fix_failing_normal,4562,7.8500,0.3497,0.7404,0.3320,0.7914,0.4556,Failing,0
fix_failing_normal,4563,7.8667,0.3586,0.7511,0.3332,0.7901,0.4556,Failing,0
fix_failing_normal,4564,7.8833,0.3677,0.7607,0.3348,0.7888,0.4556,Failing,0
fix_failing_normal,4565,7.9000,0.3770,0.7679,0.3368,0.7875,0.4556,Failing,0
fix_failing_normal,4566,7.9167,0.3865,0.7780,0.3391,0.7862,0.4556,Failing,0
fix_failing_normal,4567,7.9333,0.3961,0.7894,0.3417,0.7862,0.4556,Failing,0
fix_failing_normal,4568,7.9500,0.4058,0.7976,0.3447,0.7863,0.4556,Failing,0
fix_failing_normal,4569,7.9667,0.4156,0.8063,0.3480,0.7865,0.4556,Failing,0
fix_failing_normal,4570,7.9833,0.4254,0.8182,0.3516,0.7867,0.4556,Failing,0
fix_failing_normal,4571,8.0000,0.4352,0.8280,0.3555,0.7871,0.4556,Failing,0
fix_failing_normal,4572,8.0167,0.4450,0.8358,0.3597,0.7875,0.4556,Failing,0
fix_failing_normal,4573,8.0333,0.4548,0.8466,0.3641,0.7880,0.4556,Failing,0
fix_failing_normal,4574,8.0500,0.4645,0.8578,0.3687,0.7886,0.4556,Failing,0
fix_failing_normal,4575,8.0667,0.4741,0.8656,0.3736,0.7892,0.4556,Failing,0
fix_failing_normal,4576,8.0833,0.4835,0.8745,0.3788,0.7899,0.4556,Failing,0
fix_failing_normal,4577,8.1000,0.4928,0.8859,0.3841,0.7907,0.4556,Failing,0
fix_failing_normal,4578,8.1167,0.5020,0.8944,0.3895,0.7916,0.4556,Failing,0
fix_failing_normal,4579,8.1333,0.5109,0.9015,0.3952,0.7925,0.4556,Failing,0
fix_failing_normal,4580,8.1500,0.5195,0.9117,0.4010,0.7935,0.4556,Failing,0
fix_failing_normal,4581,8.1667,0.5279,0.9211,0.4069,0.7945,0.4556,Failing,0
fix_failing_normal,4582,8.1833,0.5361,0.9272,0.4129,0.7956,0.4556,Failing,0
fix_failing_normal,4583,8.2000,0.5439,0.9351,0.4190,0.7968,0.4556,Failing,0
fix_failing_normal,4584,8.2167,0.5514,0.9446,0.4251,0.7980,0.4556,Failing,0
fix_failing_normal,4585,8.2333,0.5586,0.9507,0.4313,0.7993,0.4556,Failing,0
fix_failing_normal,4586,8.2500,0.5654,0.9561,0.4376,0.8006,0.4556,Failing,0
fix_failing_normal,4587,8.2667,0.5718,0.9644,0.4438,0.8019,0.4556,Failing,0
fix_failing_normal,4588,8.2833,0.5779,0.9710,0.4500,0.8033,0.4556,Failing,0
fix_failing_normal,4589,8.3000,0.5836,0.9745,0.4563,0.8048,0.4556,Failing,0
fix_failing_normal,4590,8.3167,0.5889,0.9804,0.4624,0.8062,0.4556,Failing,0
fix_failing_normal,4591,8.3333,0.5938,0.9871,0.4685,0.8077,0.4556,Failing,0
fix_failing_normal,4592,8.3500,0.5982,0.9900,0.4746,0.8092,0.4556,Failing,0
fix_failing_normal,4593,8.3667,0.6022,0.9930,0.4805,0.8108,0.4556,Failing,0
fix_failing_normal,4594,8.3833,0.6058,0.9987,0.4863,0.8123,0.4556,Failing,0
fix_failing_normal,4595,8.4000,0.6090,1.0000,0.4920,0.8139,0.4223,Failing,0
fix_failing_normal,4596,8.4167,0.6117,1.0000,0.4976,0.8154,0.3889,Failing,0
fix_failing_normal,4597,8.4333,0.6140,1.0000,0.5030,0.8169,0.3556,Failing,0
fix_failing_normal,4598,8.4500,0.6159,1.0000,0.5083,0.8185,0.3223,Failing,0
fix_failing_normal,4599,8.4667,0.6173,1.0000,0.5133,0.8200,0.2889,Failing,0
fix_failing_normal,4600,8.4833,0.6183,1.0000,0.5182,0.8215,0.2556,Failing,0
fix_failing_normal,4601,8.5000,0.6189,1.0000,0.5229,0.8229,0.2223,Failing,0
fix_failing_normal,4602,8.5167,0.6191,1.0000,0.5274,0.8244,0.1889,Failing,0
fix_failing_normal,4603,8.5333,0.6189,1.0000,0.5316,0.8259,0.1556,Failing,0
fix_failing_normal,4604,8.5500,0.6182,1.0000,0.5357,0.8273,0.1223,Failing,0
fix_failing_normal,4605,8.5667,0.6172,1.0000,0.5394,0.8288,0.0889,Failing,0
fix_failing_normal,4606,8.5833,0.6158,1.0000,0.5430,0.8302,0.0556,Failing,0
fix_failing_normal,4607,8.6000,0.6141,1.0000,0.5463,0.8316,0.0223,Failing,0
fix_failing_normal,4608,8.6167,0.6120,1.0000,0.5494,0.8330,0.0000,Failing,0
fix_failing_normal,4609,8.6333,0.6095,1.0000,0.5522,0.8344,0.0000,Failing,0
fix_failing_normal,4610,8.6500,0.6067,0.9974,0.5547,0.8357,0.0000,Failing,0
fix_failing_normal,4611,8.6667,0.6037,0.9962,0.5570,0.8371,0.0000,Failing,0
fix_failing_normal,4612,8.6833,0.6003,0.9933,0.5590,0.8383,0.0000,Failing,0
fix_failing_normal,4613,8.7000,0.5966,0.9875,0.5607,0.8396,0.0000,Failing,0
fix_failing_normal,4614,8.7167,0.5927,0.9843,0.5622,0.8408,0.0000,Failing,0
fix_failing_normal,4615,8.7333,0.5885,0.9819,0.5634,0.8420,0.0000,Failing,0
fix_failing_normal,4616,8.7500,0.5842,0.9759,0.5644,0.8431,0.0000,Failing,0
fix_failing_normal,4617,8.7667,0.5795,0.9704,0.5651,0.8441,0.0000,Failing,0
fix_failing_normal,4618,8.7833,0.5748,0.9676,0.5656,0.8452,0.0000,Failing,0
fix_failing_normal,4619,8.8000,0.5698,0.9625,0.5658,0.8461,0.0000,Failing,0
fix_failing_normal,4620,8.8167,0.5646,0.9554,0.5657,0.8470,0.0000,Failing,0
fix_failing_normal,4621,8.8333,0.5594,0.9513,0.5654,0.8479,0.0000,Failing,0
fix_failing_normal,4622,8.8500,0.5540,0.9473,0.5649,0.8487,0.0000,Failing,0
fix_failing_normal,4623,8.8667,0.5485,0.9399,0.5641,0.8495,0.0000,Failing,0
fix_failing_normal,4624,8.8833,0.5429,0.9339,0.5631,0.8502,0.0000,Failing,0
fix_failing_normal,4625,8.9000,0.5372,0.9303,0.5619,0.8508,0.0000,Failing,0
fix_failing_normal,4626,8.9167,0.5315,0.9239,0.5605,0.8514,0.0000,Failing,0
fix_failing_normal,4627,8.9333,0.5257,0.9164,0.5589,0.8520,0.0000,Failing,0
fix_failing_normal,4628,8.9500,0.5199,0.9122,0.5571,0.8525,0.0000,Failing,0
fix_failing_normal,4629,8.9667,0.5141,0.9073,0.5551,0.8529,0.0000,Failing,0
fix_failing_normal,4630,8.9833,0.5083,0.8994,0.5529,0.8533,0.0000,Failing,0
fix_failing_normal,4631,9.0000,0.5025,0.8938,0.5506,0.8537,0.0000,Failing,0
fix_failing_normal,4632,9.0167,0.4968,0.8900,0.5481,0.8540,0.0001,Failing,0
fix_failing_normal,4633,9.0333,0.4911,0.8831,0.5454,0.8542,0.0003,Failing,0
fix_failing_normal,4634,9.0500,0.4854,0.8761,0.5426,0.8544,0.0009,Failing,0
fix_failing_normal,4635,9.0667,0.4799,0.8725,0.5397,0.8545,0.0017,Failing,0
fix_failing_normal,4636,9.0833,0.4744,0.8674,0.5367,0.8546,0.0028,Failing,0
fix_failing_normal,4637,9.1000,0.4690,0.8599,0.5335,0.8547,0.0042,Failing,0
fix_failing_normal,4638,9.1167,0.4637,0.8553,0.5303,0.8547,0.0060,Failing,0
fix_failing_normal,4639,9.1333,0.4586,0.8519,0.5269,0.8532,0.0082,Failing,0
fix_failing_normal,4640,9.1500,0.4535,0.8452,0.5235,0.8517,0.0107,Failing,0
fix_failing_normal,4641,9.1667,0.4486,0.8394,0.5200,0.8502,0.0136,Failing,0
fix_failing_normal,4642,9.1833,0.4438,0.8367,0.5165,0.8486,0.0169,Failing,0
fix_failing_normal,4643,9.2000,0.4392,0.8319,0.5129,0.8472,0.0205,Failing,0
fix_failing_normal,4644,9.2167,0.4348,0.8255,0.5093,0.8457,0.0245,Failing,0
fix_failing_normal,4645,9.2333,0.4305,0.8224,0.5056,0.8442,0.0289,Failing,0
fix_failing_normal,4646,9.2500,0.4263,0.8196,0.5019,0.8427,0.0336,Failing,0
fix_failing_normal,4647,9.2667,0.4224,0.8138,0.4982,0.8412,0.0386,Failing,0
fix_failing_normal,4648,9.2833,0.4186,0.8097,0.4945,0.8397,0.0440,Failing,0
fix_failing_normal,4649,9.3000,0.4150,0.8082,0.4908,0.8383,0.0496,Failing,0
fix_failing_normal,4650,9.3167,0.4116,0.8040,0.4871,0.8368,0.0555,Failing,0
fix_failing_normal,4651,9.3333,0.4084,0.7991,0.4835,0.8354,0.0616,Failing,0
fix_failing_normal,4652,9.3500,0.4054,0.7977,0.4798,0.8339,0.0679,Failing,0
fix_failing_normal,4653,9.3667,0.4026,0.7958,0.4763,0.8325,0.0744,Failing,0
fix_failing_normal,4654,9.3833,0.4000,0.7911,0.4727,0.8310,0.0811,Failing,0
fix_failing_normal,4655,9.4000,0.3976,0.7889,0.4692,0.8296,0.0878,Failing,0
fix_failing_normal,4656,9.4167,0.3954,0.7887,0.4658,0.8282,0.0947,Failing,0
fix_failing_normal,4657,9.4333,0.3934,0.7854,0.4624,0.8267,0.1015,Failing,0
fix_failing_normal,4658,9.4500,0.3916,0.7823,0.4591,0.8253,0.1084,Failing,0
fix_failing_normal,4659,9.4667,0.3901,0.7827,0.4559,0.8239,0.1153,Failing,0
fix_failing_normal,4660,9.4833,0.3887,0.7816,0.4528,0.8225,0.1221,Failing,0
fix_failing_normal,4661,9.5000,0.3875,0.7784,0.4498,0.8211,0.1289,Failing,0
fix_failing_normal,4662,9.5167,0.3866,0.7782,0.4468,0.8197,0.1355,Failing,0
fix_failing_normal,4663,9.5333,0.3859,0.7792,0.4440,0.8183,0.1420,Failing,0
fix_failing_normal,4664,9.5500,0.3853,0.7770,0.4413,0.8169,0.1483,Failing,0
fix_failing_normal,4665,9.5667,0.3850,0.7759,0.4386,0.8155,0.1544,Failing,0
fix_failing_normal,4666,9.5833,0.3849,0.7779,0.4361,0.8141,0.1603,Failing,0
fix_failing_normal,4667,9.6000,0.3850,0.7777,0.4338,0.8127,0.1660,Failing,0
fix_failing_normal,4668,9.6167,0.3854,0.7761,0.4315,0.8114,0.1714,Failing,0
fix_failing_normal,4669,9.6333,0.3859,0.7779,0.4294,0.8100,0.1765,Failing,0
fix_failing_normal,4670,9.6500,0.3866,0.7799,0.4274,0.8086,0.1813,Failing,0
fix_failing_normal,4671,9.6667,0.3876,0.7789,0.4256,0.8073,0.1858,Failing,0
fix_failing_normal,4672,9.6833,0.3887,0.7798,0.4238,0.8059,0.1899,Failing,0
fix_failing_normal,4673,9.7000,0.3901,0.7832,0.4223,0.8046,0.1937,Failing,0
fix_failing_normal,4674,9.7167,0.3916,0.7840,0.4208,0.8032,0.1971,Failing,0
fix_failing_normal,4675,9.7333,0.3934,0.7841,0.4196,0.8019,0.2002,Failing,0
fix_failing_normal,4676,9.7500,0.3954,0.7877,0.4184,0.8005,0.2028,Failing,0
fix_failing_normal,4677,9.7667,0.3975,0.7907,0.4175,0.7992,0.2051,Failing,0
fix_failing_normal,4678,9.7833,0.3999,0.7909,0.4166,0.7979,0.2069,Failing,0
fix_failing_normal,4679,9.8000,0.4024,0.7937,0.4160,0.7965,0.2083,Failing,0
fix_failing_normal,4680,9.8167,0.4052,0.7984,0.4155,0.7966,0.2097,Failing,0
fix_failing_normal,4681,9.8333,0.4081,0.8001,0.4151,0.7966,0.2106,Failing,0
fix_failing_normal,4682,9.8500,0.4112,0.8019,0.4150,0.7966,0.2111,Failing,0
fix_failing_normal,4683,9.8667,0.4145,0.8072,0.4149,0.7967,0.2112,Failing,0
fix_failing_normal,4684,9.8833,0.4179,0.8109,0.4151,0.7968,0.2112,Failing,0
fix_failing_normal,4685,9.9000,0.4216,0.8124,0.4154,0.7970,0.2112,Failing,0
fix_failing_normal,4686,9.9167,0.4254,0.8171,0.4158,0.7971,0.2112,Failing,0
fix_failing_normal,4687,9.9333,0.4294,0.8227,0.4165,0.7973,0.2112,Failing,0
fix_failing_normal,4688,9.9500,0.0217,0.4133,0.3981,0.7960,0.2445,Failing,0
fix_failing_normal,4689,9.9667,0.0219,0.4127,0.3806,0.7947,0.2778,Failing,0
fix_failing_normal,4690,9.9833,0.0221,0.4151,0.3639,0.7934,0.3112,Failing,0
fix_failing_normal,4691,10.0000,0.0223,0.4150,0.3481,0.7921,0.3445,Failing,0
fix_failing_normal,4692,10.0167,0.0226,0.4133,0.3329,0.7908,0.3778,Failing,0
fix_failing_normal,4693,10.0333,0.0228,0.4148,0.3185,0.7895,0.4112,Failing,0
fix_failing_normal,4694,10.0500,0.0231,0.4163,0.3048,0.7882,0.4445,Failing,0
fix_failing_normal,4695,10.0667,0.0233,0.4146,0.2917,0.7869,0.4778,Failing,0
fix_failing_normal,4696,10.0833,0.0236,0.4147,0.2792,0.7856,0.5112,Failing,0
fix_failing_normal,4697,10.1000,0.0238,0.4170,0.2673,0.7843,0.5445,Failing,0
fix_failing_normal,4698,10.1167,0.0241,0.4164,0.2560,0.7830,0.5778,Failing,0
fix_failing_normal,4699,10.1333,0.0244,0.4150,0.2452,0.7818,0.6112,Failing,0
fix_failing_normal,4700,10.1500,0.0246,0.4170,0.2350,0.7805,0.6445,Failing,0
fix_failing_normal,4701,10.1667,0.0249,0.4181,0.2252,0.7792,0.6778,Failing,0
fix_failing_normal,4702,10.1833,0.0252,0.4162,0.2159,0.7780,0.7112,Failing,0
fix_failing_normal,4703,10.2000,0.0255,0.4168,0.2071,0.7767,0.7338,Failing,0
fix_failing_normal,4704,10.2167,0.0257,0.4190,0.1986,0.7754,0.7438,Failing,0
fix_failing_normal,4705,10.2333,0.0260,0.4180,0.1906,0.7742,0.7519,Failing,0
fix_failing_normal,4706,10.2500,0.0263,0.4170,0.1830,0.7729,0.7581,Failing,0
fix_failing_normal,4707,10.2667,0.0266,0.4193,0.1757,0.7717,0.7626,Failing,0
fix_failing_normal,4708,10.2833,0.5370,0.9299,0.1925,0.7730,0.7626,Failing,0
fix_failing_normal,4709,10.3000,0.5424,0.9332,0.2088,0.7743,0.7626,Failing,0
fix_failing_normal,4710,10.3167,0.5477,0.9394,0.2245,0.7757,0.7626,Failing,0
fix_failing_normal,4711,10.3333,0.5530,0.9463,0.2398,0.7771,0.7626,Failing,0
fix_failing_normal,4712,10.3500,0.5581,0.9497,0.2546,0.7786,0.7626,Failing,0
fix_failing_normal,4713,10.3667,0.5630,0.9539,0.2689,0.7800,0.7626,Failing,0
fix_failing_normal,4714,10.3833,0.5679,0.9609,0.2828,0.7815,0.7626,Failing,0
fix_failing_normal,4715,10.4000,0.5726,0.9652,0.2963,0.7830,0.7626,Failing,0
fix_failing_normal,4716,10.4167,0.5771,0.9678,0.3094,0.7846,0.7626,Failing,0
fix_failing_normal,4717,10.4333,0.5814,0.9735,0.3220,0.7861,0.7626,Failing,0
fix_failing_normal,4718,10.4500,0.5855,0.9788,0.3343,0.7877,0.7626,Failing,0
fix_failing_normal,4719,10.4667,0.5894,0.9807,0.3461,0.7893,0.7626,Failing,0
fix_failing_normal,4720,10.4833,0.5930,0.9841,0.3576,0.7910,0.7626,Failing,0
fix_failing_normal,4721,10.5000,0.5964,0.9896,0.3687,0.7926,0.7626,Failing,0
fix_failing_normal,4722,10.5167,0.5995,0.9918,0.3795,0.7943,0.7626,Failing,0
fix_failing_normal,4723,10.5333,0.6024,0.9930,0.3898,0.7959,0.7626,Failing,0
fix_failing_normal,4724,10.5500,0.6049,0.9973,0.3998,0.7976,0.7626,Failing,0
fix_failing_normal,4725,10.5667,0.6071,1.0000,0.4095,0.7993,0.7626,Failing,0
fix_failing_normal,4726,10.5833,0.6090,1.0000,0.4187,0.8009,0.7626,Failing,0
fix_failing_normal,4727,10.6000,0.6106,1.0000,0.4277,0.8026,0.7626,Failing,0
fix_failing_normal,4728,10.6167,0.6118,1.0000,0.4362,0.8042,0.7626,Failing,0
fix_failing_normal,4729,10.6333,0.6126,1.0000,0.4444,0.8058,0.7626,Failing,0
fix_failing_normal,4730,10.6500,0.6131,1.0000,0.4523,0.8075,0.7626,Failing,0
fix_failing_normal,4731,10.6667,0.6132,1.0000,0.4598,0.8091,0.7626,Failing,0
fix_failing_normal,4732,10.6833,0.6128,1.0000,0.4669,0.8106,0.7626,Failing,0
fix_failing_normal,4733,10.7000,0.6121,1.0000,0.4736,0.8122,0.7626,Failing,0
fix_failing_normal,4734,10.7167,0.6110,1.0000,0.4800,0.8138,0.7626,Failing,0
fix_failing_normal,4735,10.7333,0.6095,1.0000,0.4860,0.8153,0.7626,Failing,0
fix_failing_normal,4736,10.7500,0.6076,0.9992,0.4917,0.8168,0.7626,Failing,0
fix_failing_normal,4737,10.7667,0.6052,0.9961,0.4970,0.8183,0.7626,Failing,0
fix_failing_normal,4738,10.7833,0.6025,0.9955,0.5019,0.8198,0.7626,Failing,0
fix_failing_normal,4739,10.8000,0.5993,0.9919,0.5064,0.8212,0.7626,Failing,0
fix_failing_normal,4740,10.8167,0.5957,0.9864,0.5106,0.8226,0.7626,Failing,0
fix_failing_normal,4741,10.8333,0.5917,0.9838,0.5143,0.8239,0.7626,Failing,0
fix_failing_normal,4742,10.8500,0.5873,0.9805,0.5177,0.8252,0.7626,Failing,0
fix_failing_normal,4743,10.8667,0.5825,0.9737,0.5207,0.8265,0.7292,Failing,0
fix_failing_normal,4744,10.8833,0.5773,0.9684,0.5234,0.8276,0.6959,Failing,0
fix_failing_normal,4745,10.9000,0.5717,0.9649,0.5256,0.8288,0.6626,Failing,0
fix_failing_normal,4746,10.9167,0.5657,0.9579,0.5275,0.8299,0.6292,Failing,0
fix_failing_normal,4747,10.9333,0.5593,0.9500,0.5290,0.8309,0.5959,Failing,0
fix_failing_normal,4748,10.9500,0.5526,0.9451,0.5301,0.8318,0.5626,Failing,0
fix_failing_normal,4749,10.9667,0.5456,0.9387,0.5308,0.8327,0.5292,Failing,0
fix_failing_normal,4750,10.9833,0.5383,0.9292,0.5311,0.8335,0.4959,Failing,0
fix_failing_normal,4751,11.0000,0.5306,0.9220,0.5311,0.8342,0.4626,Failing,0
fix_failing_normal,4752,11.0167,0.5227,0.9160,0.5307,0.8349,0.4292,Failing,0
fix_failing_normal,4753,11.0333,0.5144,0.9063,0.5300,0.8355,0.3959,Failing,0
fix_failing_normal,4754,11.0500,0.5060,0.8967,0.5288,0.8360,0.3626,Failing,0
fix_failing_normal,4755,11.0667,0.4973,0.8901,0.5274,0.8365,0.3292,Failing,0
fix_failing_normal,4756,11.0833,0.4884,0.8813,0.5256,0.8368,0.2959,Failing,0
fix_failing_normal,4757,11.1000,0.4793,0.8701,0.5234,0.8371,0.2626,Failing,0
fix_failing_normal,4758,11.1167,0.4701,0.8619,0.5209,0.8373,0.2292,Failing,0
fix_failing_normal,4759,11.1333,0.4608,0.8541,0.5181,0.8374,0.1959,Failing,0
fix_failing_normal,4760,11.1500,0.4513,0.8429,0.5150,0.8375,0.1626,Failing,0
fix_failing_normal,4761,11.1667,0.4418,0.8327,0.5116,0.8360,0.1292,Failing,0
fix_failing_normal,4762,11.1833,0.4322,0.8253,0.5079,0.8346,0.0959,Failing,0
fix_failing_normal,4763,11.2000,0.4227,0.8152,0.5040,0.8331,0.0626,Failing,0
fix_failing_normal,4764,11.2167,0.4131,0.8038,0.4997,0.8317,0.0361,Failing,0
fix_failing_normal,4765,11.2333,0.4036,0.7957,0.4953,0.8302,0.0424,Failing,0
fix_failing_normal,4766,11.2500,0.3941,0.7874,0.4906,0.8288,0.0495,Failing,0
fix_failing_normal,4767,11.2667,0.3848,0.7760,0.4856,0.8274,0.0574,Failing,0
fix_failing_normal,4768,11.2833,0.3756,0.7668,0.4805,0.8260,0.0661,Failing,0
fix_failing_normal,4769,11.3000,0.3666,0.7598,0.4752,0.8245,0.0757,Failing,0
fix_failing_normal,4770,11.3167,0.3577,0.7499,0.4698,0.8231,0.0861,Failing,0
fix_failing_normal,4771,11.3333,0.3491,0.7398,0.4642,0.8217,0.0973,Failing,0
fix_failing_normal,4772,11.3500,0.3407,0.7332,0.4584,0.8203,0.1093,Failing,0
fix_failing_normal,4773,11.3667,0.3326,0.7257,0.4526,0.8189,0.1221,Failing,0
fix_failing_normal,4774,11.3833,0.3249,0.7158,0.4466,0.8175,0.1356,Failing,0
fix_failing_normal,4775,11.4000,0.0159,0.4073,0.4266,0.8161,0.1689,Failing,0
fix_failing_normal,4776,11.4167,0.0155,0.4088,0.4075,0.8147,0.2022,Failing,0
fix_failing_normal,4777,11.4333,0.0152,0.4070,0.3892,0.8134,0.2356,Failing,0
fix_failing_normal,4778,11.4500,0.0149,0.4056,0.3718,0.8120,0.2689,Failing,0
fix_failing_normal,4779,11.4667,0.0146,0.4074,0.3552,0.8106,0.3022,Failing,0
fix_failing_normal,4780,11.4833,0.0143,0.4071,0.3394,0.8093,0.3356,Failing,0
fix_failing_normal,4781,11.5000,0.0141,0.4048,0.3242,0.8079,0.3689,Failing,0
fix_failing_normal,4782,11.5167,0.0138,0.4057,0.3098,0.8065,0.4022,Failing,0
fix_failing_normal,4783,11.5333,0.0137,0.4070,0.2960,0.8052,0.4356,Failing,0
fix_failing_normal,4784,11.5500,0.0135,0.4050,0.2829,0.8038,0.4689,Failing,0
fix_failing_normal,4785,11.5667,0.0134,0.4043,0.2704,0.8025,0.5022,Failing,0
fix_failing_normal,4786,11.5833,0.2649,0.6579,0.2701,0.8011,0.5356,Failing,0
fix_failing_normal,4787,11.6000,0.2632,0.6557,0.2698,0.7998,0.5689,Failing,0
fix_failing_normal,4788,11.6167,0.2622,0.6529,0.2694,0.7985,0.6022,Failing,0
fix_failing_normal,4789,11.6333,0.2617,0.6539,0.2691,0.7972,0.6283,Failing,0
fix_failing_normal,4790,11.6500,0.2619,0.6551,0.2687,0.7958,0.6283,Failing,0
fix_failing_normal,4791,11.6667,0.2627,0.6538,0.2685,0.7945,0.6283,Failing,0
fix_failing_normal,4792,11.6833,0.2640,0.6552,0.2682,0.7932,0.6283,Failing,0
fix_failing_normal,4793,11.7000,0.2660,0.6592,0.2681,0.7919,0.6283,Failing,0
fix_failing_normal,4794,11.7167,0.2685,0.6607,0.2682,0.7906,0.6283,Failing,0
fix_failing_normal,4795,11.7333,0.2717,0.6624,0.2683,0.7893,0.6283,Failing,0
fix_failing_normal,4796,11.7500,0.2755,0.6680,0.2687,0.7880,0.6283,Failing,0
fix_failing_normal,4797,11.7667,0.2798,0.6729,0.2692,0.7867,0.6283,Failing,0
fix_failing_normal,4798,11.7833,0.2847,0.6757,0.2699,0.7854,0.6283,Failing,0
fix_failing_normal,4799,11.8000,0.2902,0.6817,0.2708,0.7841,0.6283,Failing,0
fix_failing_normal,4800,11.8167,0.2962,0.6895,0.2720,0.7829,0.6283,Failing,0
fix_failing_normal,4801,11.8333,0.3028,0.6946,0.2735,0.7816,0.6283,Failing,0
fix_failing_normal,4802,11.8500,0.3098,0.7006,0.2751,0.7803,0.6283,Failing,0
fix_failing_normal,4803,11.8667,0.3174,0.7102,0.2771,0.7790,0.6283,Failing,0
fix_failing_normal,4804,11.8833,0.3254,0.7182,0.2794,0.7778,0.6283,Failing,0
fix_failing_normal,4805,11.9000,0.3339,0.7247,0.2819,0.7765,0.6283,Failing,0
fix_failing_normal,4806,11.9167,0.3428,0.7347,0.2847,0.7753,0.6283,Failing,0
fix_failing_normal,4807,11.9333,0.3521,0.7454,0.2879,0.7740,0.6283,Failing,0
fix_failing_normal,4808,11.9500,0.3618,0.7532,0.2913,0.7728,0.6283,Failing,0
fix_failing_normal,4809,11.9667,0.3718,0.7627,0.2950,0.7715,0.6283,Failing,0
fix_failing_normal,4810,11.9833,0.3821,0.7752,0.2991,0.7716,0.6283,Failing,0
fix_failing_normal,4811,12.0000,0.3927,0.7852,0.3034,0.7717,0.6283,Failing,0
fix_failing_normal,4812,12.0167,0.4035,0.7942,0.3081,0.7719,0.6283,Failing,0
fix_failing_normal,4813,12.0333,0.4146,0.8068,0.3131,0.7721,0.6283,Failing,0
fix_failing_normal,4814,12.0500,0.4259,0.8191,0.3183,0.7725,0.6283,Failing,0
fix_failing_normal,4815,12.0667,0.4372,0.8284,0.3238,0.7730,0.6283,Failing,0
fix_failing_normal,4816,12.0833,0.4487,0.8400,0.3296,0.7736,0.6283,Failing,0
fix_failing_normal,4817,12.1000,0.4603,0.8536,0.3357,0.7742,0.6283,Failing,0
fix_failing_normal,4818,12.1167,0.4719,0.8641,0.3420,0.7750,0.6283,Failing,0
fix_failing_normal,4819,12.1333,0.4836,0.8742,0.3486,0.7758,0.6283,Failing,0
fix_failing_normal,4820,12.1500,0.4951,0.8877,0.3554,0.7767,0.6283,Failing,0
fix_failing_normal,4821,12.1667,0.5067,0.8997,0.3625,0.7777,0.5949,Failing,0
fix_failing_normal,4822,12.1833,0.5181,0.9090,0.3697,0.7788,0.5616,Failing,0
fix_failing_normal,4823,12.2000,0.5294,0.9209,0.3771,0.7800,0.5283,Failing,0
fix_failing_normal,4824,12.2167,0.5405,0.9338,0.3847,0.7813,0.4949,Failing,0
fix_failing_normal,4825,12.2333,0.5514,0.9432,0.3925,0.7826,0.4616,Failing,0
fix_failing_normal,4826,12.2500,0.5621,0.9529,0.4004,0.7840,0.4283,Failing,0
fix_failing_normal,4827,12.2667,0.5725,0.9653,0.4084,0.7855,0.3949,Failing,0
fix_failing_normal,4828,12.2833,0.5826,0.9754,0.4165,0.7871,0.3616,Failing,0
fix_failing_normal,4829,12.3000,0.5924,0.9831,0.4247,0.7887,0.3283,Failing,0
fix_failing_normal,4830,12.3167,0.6018,0.9936,0.4329,0.7904,0.2949,Failing,0
fix_failing_normal,4831,12.3333,0.6108,1.0000,0.4412,0.7922,0.2616,Failing,0
fix_failing_normal,4832,12.3500,0.6194,1.0000,0.4495,0.7939,0.2283,Failing,0
fix_failing_normal,4833,12.3667,0.6276,1.0000,0.4577,0.7956,0.1949,Failing,0
fix_failing_normal,4834,12.3833,0.6353,1.0000,0.4660,0.7973,0.1616,Failing,0
fix_failing_normal,4835,12.4000,0.6425,1.0000,0.4742,0.7990,0.1283,Failing,0
fix_failing_normal,4836,12.4167,0.6492,1.0000,0.4823,0.8007,0.0949,Failing,0
fix_failing_normal,4837,12.4333,0.6554,1.0000,0.4904,0.8023,0.0616,Failing,0
fix_failing_normal,4838,12.4500,0.6610,1.0000,0.4983,0.8040,0.0368,Failing,0
fix_failing_normal,4839,12.4667,0.6661,1.0000,0.5061,0.8056,0.0270,Failing,0
fix_failing_normal,4840,12.4833,0.6707,1.0000,0.5138,0.8072,0.0187,Failing,0
fix_failing_normal,4841,12.5000,0.6746,1.0000,0.5213,0.8088,0.0119,Failing,0
fix_failing_normal,4842,12.5167,0.6780,1.0000,0.5285,0.8104,0.0067,Failing,0
fix_failing_normal,4843,12.5333,0.6808,1.0000,0.5356,0.8120,0.0031,Failing,0
fix_failing_normal,4844,12.5500,0.6830,1.0000,0.5425,0.8135,0.0009,Failing,0
fix_failing_normal,4845,12.5667,0.6845,1.0000,0.5491,0.8151,0.0000,Failing,0
fix_failing_normal,4846,12.5833,0.6855,1.0000,0.5554,0.8166,0.0000,Failing,0
fix_failing_normal,4847,12.6000,0.6859,1.0000,0.5615,0.8181,0.0000,Failing,0
fix_failing_normal,4848,12.6167,0.6857,1.0000,0.5673,0.8196,0.0000,Failing,0
fix_failing_normal,4849,12.6333,0.6849,1.0000,0.5727,0.8211,0.0000,Failing,0
fix_failing_normal,4850,12.6500,0.6835,1.0000,0.5779,0.8226,0.0000,Failing,0
fix_failing_normal,4851,12.6667,0.6816,1.0000,0.5827,0.8241,0.0000,Failing,0
fix_failing_normal,4852,12.6833,0.6791,1.0000,0.5872,0.8256,0.0000,Failing,0
fix_failing_normal,4853,12.7000,0.6760,1.0000,0.5913,0.8270,0.0000,Failing,0
fix_failing_normal,4854,12.7167,0.6724,1.0000,0.5951,0.8284,0.0000,Failing,0
fix_failing_normal,4855,12.7333,0.6683,1.0000,0.5985,0.8299,0.0000,Failing,0
fix_failing_normal,4856,12.7500,0.6637,1.0000,0.6015,0.8313,0.0000,Failing,0
fix_failing_normal,4857,12.7667,0.6585,1.0000,0.6042,0.8327,0.0000,Failing,0
fix_failing_normal,4858,12.7833,0.6530,1.0000,0.6064,0.8341,0.0000,Failing,0
fix_failing_normal,4859,12.8000,0.6470,1.0000,0.6083,0.8354,0.0000,Failing,0
fix_failing_normal,4860,12.8167,0.6406,1.0000,0.6098,0.8368,0.0000,Failing,0
fix_failing_normal,4861,12.8333,0.6337,1.0000,0.6109,0.8382,0.0000,Failing,0
fix_failing_normal,4862,12.8500,0.6266,1.0000,0.6117,0.8395,0.0000,Failing,0
fix_failing_normal,4863,12.8667,0.6190,1.0000,0.6120,0.8408,0.0000,Failing,0
fix_failing_normal,4864,12.8833,0.6112,1.0000,0.6120,0.8422,0.0000,Failing,0
fix_failing_normal,4865,12.9000,0.6031,0.9963,0.6116,0.8434,0.0000,Failing,0
fix_failing_normal,4866,12.9167,0.5947,0.9868,0.6108,0.8446,0.0000,Failing,0
fix_failing_normal,4867,12.9333,0.5861,0.9768,0.6096,0.8457,0.0000,Failing,0
fix_failing_normal,4868,12.9500,0.5773,0.9699,0.6081,0.8467,0.0000,Failing,0
fix_failing_normal,4869,12.9667,0.5683,0.9613,0.6063,0.8477,0.0000,Failing,0
fix_failing_normal,4870,12.9833,0.5592,0.9500,0.6041,0.8485,0.0000,Failing,0
fix_failing_normal,4871,13.0000,0.5499,0.9415,0.6016,0.8493,0.0000,Failing,0
fix_failing_normal,4872,13.0167,0.5406,0.9339,0.5987,0.8500,0.0000,Failing,0
fix_failing_normal,4873,13.0333,0.5312,0.9229,0.5956,0.8506,0.0000,Failing,0
fix_failing_normal,4874,13.0500,0.5218,0.9127,0.5922,0.8511,0.0000,Failing,0
fix_failing_normal,4875,13.0667,0.5124,0.9053,0.5884,0.8516,0.0000,Failing,0
fix_failing_normal,4876,13.0833,0.5031,0.8958,0.5845,0.8520,0.0000,Failing,0
fix_failing_normal,4877,13.1000,0.4938,0.8845,0.5803,0.8522,0.0000,Failing,0
fix_failing_normal,4878,13.1167,0.4846,0.8765,0.5758,0.8524,0.0000,Failing,0
fix_failing_normal,4879,13.1333,0.4755,0.8688,0.5711,0.8526,0.0000,Failing,0
fix_failing_normal,4880,13.1500,0.4666,0.8579,0.5663,0.8526,0.0000,Failing,0
fix_failing_normal,4881,13.1667,0.4578,0.8488,0.5612,0.8511,0.0000,Failing,0
fix_failing_normal,4882,13.1833,0.4492,0.8423,0.5560,0.8496,0.0000,Failing,0
fix_failing_normal,4883,13.2000,0.4408,0.8332,0.5507,0.8481,0.0000,Failing,0
fix_failing_normal,4884,13.2167,0.4327,0.8233,0.5452,0.8466,0.0004,Failing,0
fix_failing_normal,4885,13.2333,0.4248,0.8171,0.5396,0.8451,0.0017,Failing,0
fix_failing_normal,4886,13.2500,0.4172,0.8103,0.5339,0.8436,0.0040,Failing,0
fix_failing_normal,4887,13.2667,0.4098,0.8009,0.5281,0.8421,0.0073,Failing,0
fix_failing_normal,4888,13.2833,0.4028,0.7941,0.5223,0.8407,0.0115,Failing,0
fix_failing_normal,4889,13.3000,0.3962,0.7894,0.5164,0.8392,0.0167,Failing,0
fix_failing_normal,4890,13.3167,0.3898,0.7818,0.5105,0.8377,0.0228,Failing,0
fix_failing_normal,4891,13.3333,0.3838,0.7745,0.5046,0.8363,0.0298,Failing,0
fix_failing_normal,4892,13.3500,0.3782,0.7708,0.4988,0.8348,0.0376,Failing,0
fix_failing_normal,4893,13.3667,0.3729,0.7659,0.4929,0.8334,0.0461,Failing,0
fix_failing_normal,4894,13.3833,0.3681,0.7589,0.4871,0.8319,0.0552,Failing,0
fix_failing_normal,4895,13.4000,0.3636,0.7552,0.4814,0.8305,0.0650,Failing,0
fix_failing_normal,4896,13.4167,0.3595,0.7528,0.4757,0.8290,0.0752,Failing,0
fix_failing_normal,4897,13.4333,0.3558,0.7475,0.4701,0.8276,0.0858,Failing,0
fix_failing_normal,4898,13.4500,0.3525,0.7434,0.4647,0.8262,0.0968,Failing,0
fix_failing_normal,4899,13.4667,0.3497,0.7426,0.4593,0.8248,0.1080,Failing,0
fix_failing_normal,4900,13.4833,0.3472,0.7399,0.4541,0.8234,0.1193,Failing,0
fix_failing_normal,4901,13.5000,0.3451,0.7358,0.4490,0.8219,0.1307,Failing,0
fix_failing_normal,4902,13.5167,0.3434,0.7354,0.4441,0.8205,0.1421,Failing,0
fix_failing_normal,4903,13.5333,0.3422,0.7355,0.4394,0.8191,0.1533,Failing,0
fix_failing_normal,4904,13.5500,0.3413,0.7326,0.4348,0.8177,0.1644,Failing,0
fix_failing_normal,4905,13.5667,0.3408,0.7319,0.4304,0.8164,0.1752,Failing,0
fix_failing_normal,4906,13.5833,0.3407,0.7339,0.4263,0.8150,0.1857,Failing,0
fix_failing_normal,4907,13.6000,0.3410,0.7333,0.4223,0.8136,0.1958,Failing,0
fix_failing_normal,4908,13.6167,0.3416,0.7323,0.4186,0.8122,0.2055,Failing,0
fix_failing_normal,4909,13.6333,0.3426,0.7350,0.4150,0.8108,0.2147,Failing,0
fix_failing_normal,4910,13.6500,0.3439,0.7371,0.4117,0.8095,0.2233,Failing,0
fix_failing_normal,4911,13.6667,0.3456,0.7367,0.4086,0.8081,0.2314,Failing,0
fix_failing_normal,4912,13.6833,0.3476,0.7390,0.4058,0.8068,0.2389,Failing,0
fix_failing_normal,4913,13.7000,0.3499,0.7432,0.4032,0.8054,0.2458,Failing,0
fix_failing_normal,4914,13.7167,0.3525,0.7445,0.4008,0.8041,0.2520,Failing,0
fix_failing_normal,4915,13.7333,0.3554,0.7461,0.3987,0.8027,0.2576,Failing,0
fix_failing_normal,4916,13.7500,0.3586,0.7512,0.3969,0.8014,0.2624,Failing,0
fix_failing_normal,4917,13.7667,0.3620,0.7549,0.3952,0.8000,0.2666,Failing,0
fix_failing_normal,4918,13.7833,0.3656,0.7564,0.3939,0.7987,0.2701,Failing,0
fix_failing_normal,4919,13.8000,0.3695,0.7611,0.3927,0.7974,0.2729,Failing,0
fix_failing_normal,4920,13.8167,0.3736,0.7669,0.3918,0.7960,0.2749,Failing,0
fix_failing_normal,4921,13.8333,0.3778,0.7695,0.3912,0.7947,0.2764,Failing,0
fix_failing_normal,4922,13.8500,0.3823,0.7731,0.3908,0.7934,0.2771,Failing,0
fix_failing_normal,4923,13.8667,0.3869,0.7799,0.3906,0.7921,0.2771,Failing,0
fix_failing_normal,4924,13.8833,0.3916,0.7843,0.3906,0.7908,0.2771,Failing,0
fix_failing_normal,4925,13.9000,0.3965,0.7872,0.3909,0.7895,0.2771,Failing,0
fix_failing_normal,4926,13.9167,0.4015,0.7936,0.3914,0.7895,0.2771,Failing,0
fix_failing_normal,4927,13.9333,0.4067,0.7999,0.3921,0.7896,0.2771,Failing,0
fix_failing_normal,4928,13.9500,0.4118,0.8031,0.3930,0.7897,0.2771,Failing,0
fix_failing_normal,4929,13.9667,0.4171,0.8082,0.3942,0.7899,0.2771,Failing,0
fix_failing_normal,4930,13.9833,0.4224,0.8156,0.3955,0.7901,0.2771,Failing,0
fix_failing_normal,4931,14.0000,0.4278,0.8201,0.3970,0.7904,0.2771,Failing,0
fix_failing_normal_back,4932,0.0167,0.9721,1.0000,0.4237,0.7921,0.2771,Failing,0
fix_failing_normal_back,4933,0.0333,0.9998,1.0000,0.4505,0.7938,0.2771,Failing,0
fix_failing_normal_back,4934,0.0500,0.9776,1.0000,0.4750,0.7955,0.2771,Failing,0
fix_failing_normal_back,4935,0.0667,0.9615,1.0000,0.4976,0.7972,0.2771,Failing,0
fix_failing_normal_back,4936,0.0833,0.9920,1.0000,0.5206,0.7989,0.2771,Failing,0
fix_failing_normal_back,4937,0.1000,0.9923,1.0000,0.5426,0.8006,0.2771,Failing,0
fix_failing_normal_back,4938,0.1167,0.9616,1.0000,0.5620,0.8022,0.2771,Failing,0
fix_failing_normal_back,4939,0.1333,0.9773,1.0000,0.5814,0.8039,0.2771,Failing,0
fix_failing_normal_back,4940,0.1500,0.9998,1.0000,0.6008,0.8055,0.2771,Failing,0
fix_failing_normal_back,4941,0.1667,0.9724,1.0000,0.6181,0.8071,0.2771,Failing,0
fix_failing_normal_back,4942,0.1833,0.9641,1.0000,0.6342,0.8087,0.2771,Failing,0
fix_failing_normal_back,4943,0.2000,0.9959,1.0000,0.6510,0.8103,0.2771,Failing,0
fix_failing_normal_back,4944,0.2167,0.9876,1.0000,0.6667,0.8119,0.2771,Failing,0
fix_failing_normal_back,4945,0.2333,0.9602,1.0000,0.6803,0.8134,0.2771,Failing,0
fix_failing_normal_back,4946,0.2500,0.9827,1.0000,0.6944,0.8150,0.2771,Failing,0
fix_failing_normal_back,4947,0.2667,0.9984,1.0000,0.7085,0.8165,0.2771,Failing,0
fix_failing_normal_back,4948,0.2833,0.9677,1.0000,0.7206,0.8180,0.2771,Failing,0
fix_failing_normal_back,4949,0.3000,0.9679,1.0000,0.7321,0.8196,0.2771,Failing,0
fix_failing_normal_back,4950,0.3167,0.9985,1.0000,0.7445,0.8211,0.2771,Failing,0
fix_failing_normal_back,4951,0.3333,0.9824,1.0000,0.7555,0.8225,0.2771,Failing,0
fix_failing_normal_back,4952,0.3500,0.9602,1.0000,0.7650,0.8240,0.2771,Failing,0
fix_failing_normal_back,4953,0.3667,0.9879,1.0000,0.7754,0.8255,0.2771,Failing,0
fix_failing_normal_back,4954,0.3833,0.9957,1.0000,0.7857,0.8269,0.2771,Failing,0
fix_failing_normal_back,4955,0.4000,0.9640,1.0000,0.7939,0.8284,0.2771,Failing,0
fix_failing_normal_back,4956,0.4167,0.9726,1.0000,0.8023,0.8298,0.2771,Failing,0
fix_failing_normal_back,4957,0.4333,0.9999,1.0000,0.8114,0.8312,0.2771,Failing,0
fix_failing_normal_back,4958,0.4500,0.9771,1.0000,0.8191,0.8326,0.2771,Failing,0
fix_failing_normal_back,4959,0.4667,0.9617,1.0000,0.8258,0.8340,0.2438,Failing,0
fix_failing_normal_back,4960,0.4833,0.9925,1.0000,0.8335,0.8354,0.2105,Failing,0
fix_failing_normal_back,4961,0.5000,0.9918,1.0000,0.8409,0.8367,0.1771,Failing,0
fix_failing_normal_back,4962,0.5167,0.9614,1.0000,0.8465,0.8381,0.1438,Failing,0
fix_failing_normal_back,4963,0.5333,0.9778,1.0000,0.8526,0.8394,0.1105,Steady,0
fix_failing_normal_back,4964,0.5500,0.9998,1.0000,0.8594,0.8408,0.0771,Steady,0
fix_failing_normal_back,4965,0.5667,0.9719,1.0000,0.8647,0.8421,0.0438,Steady,0
fix_failing_normal_back,4966,0.5833,0.9645,1.0000,0.8693,0.8434,0.0105,Steady,0
fix_failing_normal_back,4967,0.6000,0.9962,1.0000,0.8752,0.8447,0.0000,Steady,0
fix_failing_normal_back,4968,0.6167,0.9871,1.0000,0.8804,0.8460,0.0000,Steady,0
fix_failing_normal_back,4969,0.6333,0.9601,1.0000,0.8841,0.8473,0.0000,Steady,0
fix_failing_normal_back,4970,0.6500,0.9832,1.0000,0.8887,0.8485,0.0000,Steady,0
fix_failing_normal_back,4971,0.6667,0.9982,1.0000,0.8938,0.8498,0.0000,Steady,0
fix_failing_normal_back,4972,0.6833,0.9673,1.0000,0.8972,0.8510,0.0000,Steady,0
fix_failing_normal_back,4973,0.7000,0.9684,1.0000,0.9005,0.8523,0.0000,Steady,0
fix_failing_normal_back,4974,0.7167,0.9987,1.0000,0.9051,0.8535,0.0000,Steady,0
fix_failing_normal_back,4975,0.7333,0.9819,1.0000,0.9087,0.8547,0.0000,Steady,0
fix_failing_normal_back,4976,0.7500,0.9603,1.0000,0.9111,0.8559,0.0000,Steady,0
fix_failing_normal_back,4977,0.7667,0.9884,1.0000,0.9147,0.8571,0.0000,Steady,0
fix_failing_normal_back,4978,0.7833,0.9954,1.0000,0.9184,0.8583,0.0000,Steady,0
fix_failing_normal_back,4979,0.8000,0.9636,1.0000,0.9205,0.8595,0.0000,Steady,0
fix_failing_normal_back,4980,0.8167,0.9731,1.0000,0.9230,0.8606,0.0000,Steady,0
fix_failing_normal_back,4981,0.8333,0.9999,1.0000,0.9266,0.8618,0.0000,Steady,0
fix_failing_normal_back,4982,0.8500,0.9765,1.0000,0.9289,0.8629,0.0000,Steady,0
fix_failing_normal_back,4983,0.8667,0.9619,1.0000,0.9304,0.8641,0.0000,Steady,0
fix_failing_normal_back,4984,0.8833,0.9929,1.0000,0.9333,0.8652,0.0000,Steady,0
fix_failing_normal_back,4985,0.9000,0.9914,1.0000,0.9360,0.8663,0.0000,Steady,0
fix_failing_normal_back,4986,0.9167,0.9612,1.0000,0.9372,0.8674,0.0000,Steady,0
fix_failing_normal_back,4987,0.9333,0.9784,1.0000,0.9391,0.8685,0.0000,Steady,0
fix_failing_normal_back,4988,0.9500,0.9997,1.0000,0.9419,0.8696,0.0000,Steady,0
fix_failing_normal_back,4989,0.9667,0.9714,1.0000,0.9433,0.8707,0.0000,Steady,0
fix_failing_normal_back,4990,0.9833,0.9648,1.0000,0.9443,0.8718,0.0000,Steady,0
fix_failing_normal_back,4991,1.0000,0.9965,1.0000,0.9467,0.8728,0.0000,Steady,0
fix_failing_normal_back,4992,1.0167,0.9866,1.0000,0.9486,0.8739,0.0000,Steady,0
fix_failing_normal_back,4993,1.0333,0.9601,1.0000,0.9491,0.8749,0.0000,Steady,0
fix_failing_normal_back,4994,1.0500,0.9838,1.0000,0.9507,0.8760,0.0000,Steady,0
fix_failing_normal_back,4995,1.0667,0.9980,1.0000,0.9529,0.8770,0.0000,Steady,0
fix_failing_normal_back,4996,1.0833,0.9669,1.0000,0.9536,0.8780,0.0000,Steady,0
fix_failing_normal_back,4997,1.1000,0.9688,1.0000,0.9543,0.8790,0.0000,Steady,0
fix_failing_normal_back,4998,1.1167,0.9989,1.0000,0.9564,0.8800,0.0000,Steady,0
fix_failing_normal_back,4999,1.1333,0.9814,1.0000,0.9575,0.8810,0.0000,Steady,0
fix_failing_normal_back,5000,1.1500,0.9604,1.0000,0.9577,0.8820,0.0000,Steady,0
fix_failing_normal_back,5001,1.1667,0.9889,1.0000,0.9591,0.8830,0.0000,Steady,0
fix_failing_normal_back,5002,1.1833,0.9950,1.0000,0.9608,0.8840,0.0000,Steady,0
fix_failing_normal_back,5003,1.2000,0.9633,1.0000,0.9609,0.8849,0.0000,Steady,0
fix_failing_normal_back,5004,1.2167,0.9736,1.0000,0.9615,0.8859,0.0000,Steady,0
fix_failing_normal_back,5005,1.2333,1.0000,1.0000,0.9633,0.8868,0.0000,Steady,0
fix_failing_normal_back,5006,1.2500,0.9760,1.0000,0.9639,0.8878,0.0000,Steady,0
fix_failing_normal_back,5007,1.2667,0.9621,1.0000,0.9638,0.8887,0.0000,Steady,0
fix_failing_normal_back,5008,1.2833,0.9933,1.0000,0.9652,0.8896,0.0000,Steady,0
fix_failing_normal_back,5009,1.3000,0.9910,1.0000,0.9664,0.8906,0.0000,Steady,0
fix_failing_normal_back,5010,1.3167,0.9610,1.0000,0.9661,0.8915,0.0000,Steady,0
fix_failing_normal_back,5011,1.3333,0.9789,1.0000,0.9667,0.8924,0.0000,Steady,0
fix_failing_normal_back,5012,1.3500,0.9996,1.0000,0.9682,0.8933,0.0000,Steady,0
fix_failing_normal_back,5013,1.3667,0.9709,1.0000,0.9684,0.8941,0.0000,Steady,0
fix_failing_normal_back,5014,1.3833,0.9652,1.0000,0.9682,0.8950,0.0000,Steady,0
fix_failing_normal_back,5015,1.4000,0.9968,1.0000,0.9695,0.8959,0.0000,Steady,0
fix_failing_normal_back,5016,1.4167,0.9861,1.0000,0.9703,0.8968,0.0000,Steady,0
fix_failing_normal_back,5017,1.4333,0.9600,1.0000,0.9698,0.8976,0.0000,Steady,0
fix_failing_normal_back,5018,1.4500,0.9843,1.0000,0.9705,0.8985,0.0000,Steady,0
fix_failing_normal_back,5019,1.4667,0.9978,1.0000,0.9718,0.8993,0.0000,Steady,0
fix_failing_normal_back,5020,1.4833,0.9665,1.0000,0.9715,0.9001,0.0000,Steady,0
fix_failing_normal_back,5021,1.5000,0.9693,1.0000,0.9714,0.9010,0.0000,Steady,0
fix_failing_normal_back,5022,1.5167,0.9991,1.0000,0.9727,0.9018,0.0000,Steady,0
fix_failing_normal_back,5023,1.5333,0.9808,1.0000,0.9731,0.9026,0.0000,Steady,0
fix_failing_normal_back,5024,1.5500,0.9605,1.0000,0.9725,0.9034,0.0000,Steady,0
fix_failing_normal_back,5025,1.5667,0.9893,1.0000,0.9733,0.9042,0.0000,Steady,0
fix_failing_normal_back,5026,1.5833,0.9947,1.0000,0.9743,0.9050,0.0000,Steady,0
fix_failing_normal_back,5027,1.6000,0.9630,1.0000,0.9738,0.9058,0.0000,Steady,0
fix_failing_normal_back,5028,1.6167,0.9742,1.0000,0.9738,0.9066,0.0000,Steady,0
fix_failing_normal_back,5029,1.6333,1.0000,1.0000,0.9750,0.9074,0.0000,Steady,0
fix_failing_normal_back,5030,1.6500,0.9755,1.0000,0.9750,0.9081,0.0000,Steady,0
fix_failing_normal_back,5031,1.6667,0.9624,1.0000,0.9744,0.9089,0.0000,Steady,0
fix_failing_normal_back,5032,1.6833,0.9937,1.0000,0.9753,0.9096,0.0000,Steady,0
fix_failing_normal_back,5033,1.7000,0.9905,1.0000,0.9760,0.9104,0.0000,Steady,0
fix_failing_normal_back,5034,1.7167,0.9608,1.0000,0.9753,0.9111,0.0000,Steady,0
fix_failing_normal_back,5035,1.7333,0.9795,1.0000,0.9755,0.9119,0.0000,Steady,0
fix_failing_normal_back,5036,1.7500,0.9994,1.0000,0.9766,0.9126,0.0000,Steady,0
fix_failing_normal_back,5037,1.7667,0.9704,1.0000,0.9763,0.9133,0.0000,Steady,0
fix_failing_normal_back,5038,1.7833,0.9655,1.0000,0.9758,0.9140,0.0000,Steady,0
fix_failing_normal_back,5039,1.8000,0.9971,1.0000,0.9768,0.9148,0.0000,Steady,0
fix_failing_normal_back,5040,1.8167,0.9856,1.0000,0.9772,0.9155,0.0000,Steady,0
fix_failing_normal_back,5041,1.8333,0.9600,1.0000,0.9764,0.9162,0.0000,Steady,0
fix_failing_normal_back,5042,1.8500,0.9848,1.0000,0.9768,0.9169,0.0000,Steady,0
fix_failing_normal_back,5043,1.8667,0.9975,1.0000,0.9778,0.9176,0.0000,Steady,0
fix_failing_normal_back,5044,1.8833,0.9661,1.0000,0.9772,0.9182,0.0000,Steady,0
fix_failing_normal_back,5045,1.9000,0.9697,1.0000,0.9769,0.9189,0.0000,Steady,0
fix_failing_normal_back,5046,1.9167,0.9992,1.0000,0.9779,0.9196,0.0000,Steady,0
fix_failing_normal_back,5047,1.9333,0.9803,1.0000,0.9780,0.9203,0.0000,Steady,0
fix_failing_normal_back,5048,1.9500,0.9606,1.0000,0.9772,0.9209,0.0000,Steady,0
fix_failing_normal_back,5049,1.9667,0.9898,1.0000,0.9778,0.9216,0.0000,Steady,0
fix_failing_normal_back,5050,1.9833,0.9943,1.0000,0.9786,0.9222,0.0000,Steady,0
fix_failing_normal_back,5051,2.0000,0.9628,1.0000,0.9778,0.9229,0.0000,Steady,0
fix_failing_normal_back,5052,2.0167,0.9747,1.0000,0.9777,0.9235,0.0000,Steady,0
fix_failing_normal_back,5053,2.0333,1.0000,1.0000,0.9787,0.9241,0.0000,Steady,0
fix_failing_normal_back,5054,2.0500,0.9749,1.0000,0.9786,0.9248,0.0000,Steady,0
fix_failing_normal_back,5055,2.0667,0.9626,1.0000,0.9778,0.9254,0.0000,Steady,0
fix_failing_normal_back,5056,2.0833,0.9941,1.0000,0.9786,0.9260,0.0000,Steady,0
fix_failing_normal_back,5057,2.1000,0.9900,1.0000,0.9791,0.9266,0.0000,Steady,0
fix_failing_normal_back,5058,2.1167,0.9607,1.0000,0.9782,0.9272,0.0000,Steady,0
fix_failing_normal_back,5059,2.1333,0.9800,1.0000,0.9783,0.9278,0.0000,Steady,0
fix_failing_normal_back,5060,2.1500,0.9993,1.0000,0.9793,0.9284,0.0000,Steady,0
fix_failing_normal_back,5061,2.1667,0.9700,1.0000,0.9789,0.9290,0.0000,Steady,0
fix_failing_normal_back,5062,2.1833,0.9659,1.0000,0.9783,0.9296,0.0000,Steady,0
fix_failing_normal_back,5063,2.2000,0.9974,1.0000,0.9792,0.9302,0.0000,Steady,0
fix_failing_normal_back,5064,2.2167,0.9851,1.0000,0.9794,0.9308,0.0000,Steady,0
fix_failing_normal_back,5065,2.2333,0.9600,1.0000,0.9785,0.9314,0.0000,Steady,0
fix_failing_normal_back,5066,2.2500,0.9853,1.0000,0.9788,0.9319,0.0000,Steady,0
fix_failing_normal_back,5067,2.2667,0.9972,1.0000,0.9797,0.9325,0.0000,Steady,0
fix_failing_normal_back,5068,2.2833,0.9657,1.0000,0.9790,0.9331,0.0000,Steady,0
fix_failing_normal_back,5069,2.3000,0.9702,1.0000,0.9786,0.9336,0.0000,Steady,0
fix_failing_normal_back,5070,2.3167,0.9994,1.0000,0.9796,0.9342,0.0000,Steady,0
fix_failing_normal_back,5071,2.3333,0.9797,1.0000,0.9796,0.9347,0.0000,Steady,0
fix_failing_normal_back,5072,2.3500,0.9608,1.0000,0.9787,0.9353,0.0000,Steady,0
fix_failing_normal_back,5073,2.3667,0.9903,1.0000,0.9793,0.9358,0.0000,Steady,0
fix_failing_normal_back,5074,2.3833,0.9939,1.0000,0.9799,0.9363,0.0000,Steady,0
fix_failing_normal_back,5075,2.4000,0.9625,1.0000,0.9791,0.9369,0.0000,Steady,0
fix_failing_normal_back,5076,2.4167,0.9752,1.0000,0.9790,0.9374,0.0000,Steady,0
fix_failing_normal_back,5077,2.4333,1.0000,1.0000,0.9799,0.9379,0.0000,Steady,0
fix_failing_normal_back,5078,2.4500,0.9744,1.0000,0.9797,0.9384,0.0000,Steady,0
fix_failing_normal_back,5079,2.4667,0.9629,1.0000,0.9789,0.9389,0.0000,Steady,0
fix_failing_normal_back,5080,2.4833,0.9945,1.0000,0.9796,0.9394,0.0000,Steady,0
fix_failing_normal_back,5081,2.5000,0.9896,1.0000,0.9801,0.9399,0.0000,Steady,0
fix_failing_normal_back,5082,2.5167,0.9606,1.0000,0.9792,0.9404,0.0000,Steady,0
fix_failing_normal_back,5083,2.5333,0.9805,1.0000,0.9792,0.9409,0.0000,Steady,0
fix_failing_normal_back,5084,2.5500,0.9992,1.0000,0.9802,0.9414,0.0000,Steady,0
fix_failing_normal_back,5085,2.5667,0.9695,1.0000,0.9797,0.9419,0.0000,Steady,0
fix_failing_normal_back,5086,2.5833,0.9663,1.0000,0.9790,0.9424,0.0000,Steady,0
fix_failing_normal_back,5087,2.6000,0.9976,1.0000,0.9799,0.9429,0.0000,Steady,0
fix_failing_normal_back,5088,2.6167,0.9845,1.0000,0.9801,0.9433,0.0000,Steady,0
fix_failing_normal_back,5089,2.6333,0.9600,1.0000,0.9792,0.9438,0.0000,Steady,0
fix_failing_normal_back,5090,2.6500,0.9858,1.0000,0.9795,0.9443,0.0000,Steady,0
fix_failing_normal_back,5091,2.6667,0.9969,1.0000,0.9803,0.9447,0.0000,Steady,0
fix_failing_normal_back,5092,2.6833,0.9653,1.0000,0.9796,0.9452,0.0000,Steady,0
fix_failing_normal_back,5093,2.7000,0.9707,1.0000,0.9792,0.9457,0.0000,Steady,0
fix_failing_normal_back,5094,2.7167,0.9995,1.0000,0.9801,0.9461,0.0000,Steady,0
fix_failing_normal_back,5095,2.7333,0.9792,1.0000,0.9801,0.9465,0.0000,Steady,0
fix_failing_normal_back,5096,2.7500,0.9609,1.0000,0.9792,0.9470,0.0000,Steady,0
fix_failing_normal_back,5097,2.7667,0.9907,1.0000,0.9797,0.9474,0.0000,Steady,0
fix_failing_normal_back,5098,2.7833,0.9935,1.0000,0.9804,0.9479,0.0000,Steady,0
fix_failing_normal_back,5099,2.8000,0.9622,1.0000,0.9795,0.9483,0.0000,Steady,0
fix_failing_normal_back,5100,2.8167,0.9757,1.0000,0.9794,0.9487,0.0000,Steady,0
fix_failing_normal_back,5101,2.8333,1.0000,1.0000,0.9803,0.9492,0.0000,Steady,0
fix_failing_normal_back,5102,2.8500,0.9739,1.0000,0.9800,0.9496,0.0000,Steady,0
fix_failing_normal_back,5103,2.8667,0.9632,1.0000,0.9792,0.9500,0.0000,Steady,0
fix_failing_normal_back,5104,2.8833,0.9949,1.0000,0.9800,0.9504,0.0000,Steady,0
fix_failing_normal_back,5105,2.9000,0.9891,1.0000,0.9804,0.9508,0.0000,Steady,0
fix_failing_normal_back,5106,2.9167,0.9604,1.0000,0.9795,0.9512,0.0000,Steady,0
fix_failing_normal_back,5107,2.9333,0.9811,1.0000,0.9795,0.9516,0.0000,Steady,0
fix_failing_normal_back,5108,2.9500,0.9990,1.0000,0.9804,0.9520,0.0000,Steady,0
fix_failing_normal_back,5109,2.9667,0.9690,1.0000,0.9799,0.9524,0.0000,Steady,0
fix_failing_normal_back,5110,2.9833,0.9667,1.0000,0.9793,0.9528,0.0000,Steady,0
fix_failing_normal_back,5111,3.0000,0.9979,1.0000,0.9802,0.9532,0.0000,Steady,0
fix_failing_normal_back,5112,3.0167,0.9840,1.0000,0.9803,0.9536,0.0000,Steady,0
fix_failing_normal_back,5113,3.0333,0.9600,1.0000,0.9794,0.9540,0.0000,Steady,0
fix_failing_normal_back,5114,3.0500,0.9864,1.0000,0.9797,0.9544,0.0000,Steady,0
fix_failing_normal_back,5115,3.0667,0.9966,1.0000,0.9805,0.9548,0.0000,Steady,0
fix_failing_normal_back,5116,3.0833,0.9650,1.0000,0.9798,0.9551,0.0000,Steady,0
fix_failing_normal_back,5117,3.1000,0.9712,1.0000,0.9794,0.9555,0.0000,Steady,0
fix_failing_normal_back,5118,3.1167,0.9996,1.0000,0.9803,0.9559,0.0000,Steady,0
fix_failing_normal_back,5119,3.1333,0.9786,1.0000,0.9802,0.9562,0.0000,Steady,0
fix_failing_normal_back,5120,3.1500,0.9611,1.0000,0.9794,0.9566,0.0000,Steady,0
fix_failing_normal_back,5121,3.1667,0.9912,1.0000,0.9799,0.9570,0.0000,Steady,0
fix_failing_normal_back,5122,3.1833,0.9931,1.0000,0.9805,0.9573,0.0000,Steady,0
fix_failing_normal_back,5123,3.2000,0.9620,1.0000,0.9797,0.9577,0.0000,Steady,0
fix_failing_normal_back,5124,3.2167,0.9763,1.0000,0.9795,0.9580,0.0000,Steady,0
fix_failing_normal_back,5125,3.2333,0.9999,1.0000,0.9805,0.9584,0.0000,Steady,0
fix_failing_normal_back,5126,3.2500,0.9734,1.0000,0.9801,0.9587,0.0000,Steady,0
fix_failing_normal_back,5127,3.2667,0.9635,1.0000,0.9793,0.9591,0.0000,Steady,0
fix_failing_normal_back,5128,3.2833,0.9952,1.0000,0.9801,0.9594,0.0000,Steady,0
fix_failing_normal_back,5129,3.3000,0.9886,1.0000,0.9805,0.9597,0.0000,Steady,0
fix_failing_normal_back,5130,3.3167,0.9603,1.0000,0.9795,0.9601,0.0000,Steady,0
fix_failing_normal_back,5131,3.3333,0.9816,1.0000,0.9796,0.9604,0.0000,Steady,0
fix_failing_normal_back,5132,3.3500,0.9988,1.0000,0.9805,0.9607,0.0000,Steady,0
fix_failing_normal_back,5133,3.3667,0.9686,1.0000,0.9800,0.9611,0.0000,Steady,0
fix_failing_normal_back,5134,3.3833,0.9671,1.0000,0.9794,0.9614,0.0000,Steady,0
fix_failing_normal_back,5135,3.4000,0.9981,1.0000,0.9803,0.9617,0.0000,Steady,0
fix_failing_normal_back,5136,3.4167,0.9835,1.0000,0.9804,0.9620,0.0000,Steady,0
fix_failing_normal_back,5137,3.4333,0.9601,1.0000,0.9795,0.9623,0.0000,Steady,0
fix_failing_normal_back,5138,3.4500,0.9869,1.0000,0.9798,0.9626,0.0000,Steady,0
fix_failing_normal_back,5139,3.4667,0.9963,1.0000,0.9806,0.9630,0.0000,Steady,0
fix_failing_normal_back,5140,3.4833,0.9646,1.0000,0.9798,0.9633,0.0000,Steady,0
fix_failing_normal_back,5141,3.5000,0.9717,1.0000,0.9794,0.9636,0.0000,Steady,0
fix_failing_normal_back,5142,3.5167,0.9997,1.0000,0.9804,0.9639,0.0000,Steady,0
fix_failing_normal_back,5143,3.5333,0.9781,1.0000,0.9803,0.9642,0.0000,Steady,0
fix_failing_normal_back,5144,3.5500,0.9613,1.0000,0.9794,0.9645,0.0000,Steady,0
fix_failing_normal_back,5145,3.5667,0.9916,1.0000,0.9800,0.9648,0.0000,Steady,0
fix_failing_normal_back,5146,3.5833,0.9927,1.0000,0.9806,0.9651,0.0000,Steady,0
fix_failing_normal_back,5147,3.6000,0.9618,1.0000,0.9797,0.9653,0.0000,Steady,0
fix_failing_normal_back,5148,3.6167,0.9768,1.0000,0.9796,0.9656,0.0000,Steady,0
fix_failing_normal_back,5149,3.6333,0.9999,1.0000,0.9805,0.9659,0.0000,Steady,0
fix_failing_normal_back,5150,3.6500,0.9729,1.0000,0.9801,0.9662,0.0000,Steady,0
fix_failing_normal_back,5151,3.6667,0.9638,1.0000,0.9794,0.9665,0.0000,Steady,0
fix_failing_normal_back,5152,3.6833,0.9956,1.0000,0.9801,0.9668,0.0000,Steady,0
fix_failing_normal_back,5153,3.7000,0.9881,1.0000,0.9805,0.9670,0.0000,Steady,0
fix_failing_normal_back,5154,3.7167,0.9602,1.0000,0.9796,0.9673,0.0000,Steady,0
fix_failing_normal_back,5155,3.7333,0.9822,1.0000,0.9797,0.9676,0.0000,Steady,0
fix_failing_normal_back,5156,3.7500,0.9986,1.0000,0.9806,0.9678,0.0000,Steady,0
fix_failing_normal_back,5157,3.7667,0.9681,1.0000,0.9800,0.9681,0.0000,Steady,0
fix_failing_normal_back,5158,3.7833,0.9675,1.0000,0.9794,0.9684,0.0000,Steady,0
fix_failing_normal_back,5159,3.8000,0.9983,1.0000,0.9803,0.9686,0.0000,Steady,0
fix_failing_normal_back,5160,3.8167,0.9829,1.0000,0.9804,0.9689,0.0000,Steady,0
fix_failing_normal_back,5161,3.8333,0.9601,1.0000,0.9795,0.9692,0.0000,Steady,0
fix_failing_normal_back,5162,3.8500,0.9874,1.0000,0.9798,0.9694,0.0000,Steady,0
fix_failing_normal_back,5163,3.8667,0.9960,1.0000,0.9806,0.9697,0.0000,Steady,0
fix_failing_normal_back,5164,3.8833,0.9643,1.0000,0.9798,0.9699,0.0000,Steady,0
fix_failing_normal_back,5165,3.9000,0.9721,1.0000,0.9795,0.9702,0.0000,Steady,0
fix_failing_normal_back,5166,3.9167,0.9998,1.0000,0.9804,0.9704,0.0000,Steady,0
fix_failing_normal_back,5167,3.9333,0.9776,1.0000,0.9803,0.9707,0.0000,Steady,0
fix_failing_normal_back,5168,3.9500,0.9615,1.0000,0.9794,0.9709,0.0000,Steady,0
fix_failing_normal_back,5169,3.9667,0.9921,1.0000,0.9800,0.9712,0.0000,Steady,0
fix_failing_normal_back,5170,3.9833,0.9923,1.0000,0.9806,0.9714,0.0000,Steady,0
fix_failing_normal_back,5171,4.0000,0.9616,1.0000,0.9797,0.9716,0.0000,Steady,0
fix_failing_normal_back,5172,4.0167,0.9773,1.0000,0.9796,0.9719,0.0000,Steady,0
fix_failing_normal_back,5173,4.0333,0.9998,1.0000,0.9805,0.9721,0.0000,Steady,0
fix_failing_normal_back,5174,4.0500,0.9724,1.0000,0.9801,0.9723,0.0000,Steady,0
fix_failing_normal_back,5175,4.0667,0.9641,1.0000,0.9794,0.9726,0.0000,Steady,0
fix_failing_normal_back,5176,4.0833,0.9959,1.0000,0.9802,0.9728,0.0000,Steady,0
fix_failing_normal_back,5177,4.1000,0.9876,1.0000,0.9805,0.9730,0.0000,Steady,0
fix_failing_normal_back,5178,4.1167,0.9602,1.0000,0.9796,0.9732,0.0000,Steady,0
fix_failing_normal_back,5179,4.1333,0.9827,1.0000,0.9797,0.9735,0.0000,Steady,0
fix_failing_normal_back,5180,4.1500,0.9984,1.0000,0.9806,0.9737,0.0000,Steady,0
fix_failing_normal_back,5181,4.1667,0.9677,1.0000,0.9800,0.9739,0.0000,Steady,0
fix_failing_normal_back,5182,4.1833,0.9680,1.0000,0.9794,0.9741,0.0000,Steady,0
fix_failing_normal_back,5183,4.2000,0.9986,1.0000,0.9803,0.9743,0.0000,Steady,0
fix_failing_normal_back,5184,4.2167,0.9824,1.0000,0.9804,0.9745,0.0000,Steady,0
fix_failing_normal_back,5185,4.2333,0.9602,1.0000,0.9795,0.9748,0.0000,Steady,0
fix_failing_normal_back,5186,4.2500,0.9879,1.0000,0.9799,0.9750,0.0000,Steady,0
fix_failing_normal_back,5187,4.2667,0.9957,1.0000,0.9806,0.9752,0.0000,Steady,0
fix_failing_normal_back,5188,4.2833,0.9640,1.0000,0.9798,0.9754,0.0000,Steady,0
fix_failing_normal_back,5189,4.3000,0.9726,1.0000,0.9795,0.9756,0.0000,Steady,0
fix_failing_normal_back,5190,4.3167,0.9999,1.0000,0.9804,0.9758,0.0000,Steady,0
fix_failing_normal_back,5191,4.3333,0.9770,1.0000,0.9803,0.9760,0.0000,Steady,0
fix_failing_normal_back,5192,4.3500,0.9617,1.0000,0.9794,0.9762,0.0000,Steady,0
fix_failing_normal_back,5193,4.3667,0.9925,1.0000,0.9800,0.9764,0.0000,Steady,0
fix_failing_normal_back,5194,4.3833,0.9918,1.0000,0.9806,0.9766,0.0000,Steady,0
fix_failing_normal_back,5195,4.4000,0.9614,1.0000,0.9797,0.9768,0.0000,Steady,0
fix_failing_normal_back,5196,4.4167,0.9779,1.0000,0.9796,0.9770,0.0000,Steady,0
fix_failing_normal_back,5197,4.4333,0.9998,1.0000,0.9805,0.9772,0.0000,Steady,0
fix_failing_normal_back,5198,4.4500,0.9719,1.0000,0.9801,0.9773,0.0000,Steady,0
fix_failing_normal_back,5199,4.4667,0.9645,1.0000,0.9794,0.9775,0.0000,Steady,0
fix_failing_normal_back,5200,4.4833,0.9962,1.0000,0.9802,0.9777,0.0000,Steady,0
fix_failing_normal_back,5201,4.5000,0.9871,1.0000,0.9805,0.9779,0.0000,Steady,0
fix_failing_normal_back,5202,4.5167,0.9601,1.0000,0.9796,0.9781,0.0000,Steady,0
fix_failing_normal_back,5203,4.5333,0.9832,1.0000,0.9797,0.9783,0.0000,Steady,0
fix_failing_normal_back,5204,4.5500,0.9982,1.0000,0.9806,0.9784,0.0000,Steady,0
fix_failing_normal_back,5205,4.5667,0.9673,1.0000,0.9800,0.9786,0.0000,Steady,0
fix_failing_normal_back,5206,4.5833,0.9684,1.0000,0.9794,0.9788,0.0000,Steady,0
fix_failing_normal_back,5207,4.6000,0.9987,1.0000,0.9803,0.9790,0.0000,Steady,0
fix_failing_normal_back,5208,4.6167,0.9819,1.0000,0.9804,0.9792,0.0000,Steady,0
fix_failing_normal_back,5209,4.6333,0.9603,1.0000,0.9795,0.9793,0.0000,Steady,0
fix_failing_normal_back,5210,4.6500,0.9884,1.0000,0.9799,0.9795,0.0000,Steady,0
fix_failing_normal_back,5211,4.6667,0.9954,1.0000,0.9806,0.9797,0.0000,Steady,0
fix_failing_normal_back,5212,4.6833,0.9636,1.0000,0.9798,0.9798,0.0000,Steady,0
fix_failing_normal_back,5213,4.7000,0.9732,1.0000,0.9795,0.9800,0.0000,Steady,0
fix_failing_normal_back,5214,4.7167,0.9999,1.0000,0.9804,0.9802,0.0000,Steady,0
fix_failing_normal_back,5215,4.7333,0.9765,1.0000,0.9803,0.9803,0.0000,Steady,0
fix_failing_normal_back,5216,4.7500,0.9619,1.0000,0.9794,0.9805,0.0000,Steady,0
fix_failing_normal_back,5217,4.7667,0.9929,1.0000,0.9800,0.9807,0.0000,Steady,0
fix_failing_normal_back,5218,4.7833,0.9914,1.0000,0.9806,0.9808,0.0000,Steady,0
fix_failing_normal_back,5219,4.8000,0.9612,1.0000,0.9797,0.9810,0.0000,Steady,0
fix_failing_normal_back,5220,4.8167,0.9784,1.0000,0.9796,0.9811,0.0000,Steady,0
fix_failing_normal_back,5221,4.8333,0.9997,1.0000,0.9805,0.9813,0.0000,Steady,0
fix_failing_normal_back,5222,4.8500,0.9714,1.0000,0.9801,0.9815,0.0000,Steady,0
fix_failing_normal_back,5223,4.8667,0.9648,1.0000,0.9794,0.9816,0.0000,Steady,0
fix_failing_normal_back,5224,4.8833,0.9965,1.0000,0.9802,0.9818,0.0000,Steady,0
fix_failing_normal_back,5225,4.9000,0.9866,1.0000,0.9805,0.9819,0.0000,Steady,0
fix_failing_normal_back,5226,4.9167,0.9601,1.0000,0.9795,0.9821,0.0000,Steady,0
fix_failing_normal_back,5227,4.9333,0.9838,1.0000,0.9797,0.9822,0.0000,Steady,0
fix_failing_normal_back,5228,4.9500,0.9980,1.0000,0.9806,0.9824,0.0000,Steady,0
fix_failing_normal_back,5229,4.9667,0.9669,1.0000,0.9800,0.9825,0.0000,Steady,0
fix_failing_normal_back,5230,4.9833,0.9688,1.0000,0.9794,0.9826,0.0000,Steady,0
fix_failing_normal_back,5231,5.0000,0.9989,1.0000,0.9803,0.9828,0.0000,Steady,0
fix_failing_normal_back,5232,5.0167,0.9813,1.0000,0.9804,0.9829,0.0000,Steady,0
fix_failing_normal_back,5233,5.0333,0.9604,1.0000,0.9795,0.9831,0.0000,Steady,0
fix_failing_normal_back,5234,5.0500,0.9889,1.0000,0.9799,0.9832,0.0000,Steady,0
fix_failing_normal_back,5235,5.0667,0.9950,1.0000,0.9806,0.9834,0.0000,Steady,0
fix_failing_normal_back,5236,5.0833,0.9633,1.0000,0.9798,0.9835,0.0000,Steady,0
fix_failing_normal_back,5237,5.1000,0.9737,1.0000,0.9795,0.9836,0.0000,Steady,0
fix_failing_normal_back,5238,5.1167,1.0000,1.0000,0.9805,0.9838,0.0000,Steady,0
fix_failing_normal_back,5239,5.1333,0.9760,1.0000,0.9803,0.9839,0.0000,Steady,0
fix_failing_normal_back,5240,5.1500,0.9621,1.0000,0.9794,0.9840,0.0000,Steady,0
fix_failing_normal_back,5241,5.1667,0.9933,1.0000,0.9801,0.9842,0.0000,Steady,0
fix_failing_normal_back,5242,5.1833,0.9909,1.0000,0.9806,0.9843,0.0000,Steady,0
fix_failing_normal_back,5243,5.2000,0.9610,1.0000,0.9797,0.9844,0.0000,Steady,0
fix_failing_normal_back,5244,5.2167,0.9789,1.0000,0.9796,0.9846,0.0000,Steady,0
fix_failing_normal_back,5245,5.2333,0.9996,1.0000,0.9805,0.9847,0.0000,Steady,0
fix_failing_normal_back,5246,5.2500,0.9709,1.0000,0.9801,0.9848,0.0000,Steady,0
fix_failing_normal_back,5247,5.2667,0.9652,1.0000,0.9794,0.9849,0.0000,Steady,0
fix_failing_normal_back,5248,5.2833,0.9968,1.0000,0.9802,0.9851,0.0000,Steady,0
fix_failing_normal_back,5249,5.3000,0.9861,1.0000,0.9805,0.9852,0.0000,Steady,0
fix_failing_normal_back,5250,5.3167,0.9600,1.0000,0.9795,0.9853,0.0000,Steady,0
fix_failing_normal_back,5251,5.3333,0.9843,1.0000,0.9798,0.9854,0.0000,Steady,0
fix_failing_normal_back,5252,5.3500,0.9977,1.0000,0.9806,0.9856,0.0000,Steady,0
fix_failing_normal_back,5253,5.3667,0.9665,1.0000,0.9799,0.9857,0.0000,Steady,0
fix_failing_normal_back,5254,5.3833,0.9693,1.0000,0.9794,0.9858,0.0000,Steady,0
fix_failing_normal_back,5255,5.4000,0.9991,1.0000,0.9804,0.9859,0.0000,Steady,0
fix_failing_normal_back,5256,5.4167,0.9808,1.0000,0.9804,0.9860,0.0000,Steady,0
fix_failing_normal_back,5257,5.4333,0.9605,1.0000,0.9795,0.9861,0.0000,Steady,0
fix_failing_normal_back,5258,5.4500,0.9894,1.0000,0.9799,0.9863,0.0000,Steady,0
fix_failing_normal_back,5259,5.4667,0.9946,1.0000,0.9806,0.9864,0.0000,Steady,0
fix_failing_normal_back,5260,5.4833,0.9630,1.0000,0.9798,0.9865,0.0000,Steady,0
fix_failing_normal_back,5261,5.5000,0.9742,1.0000,0.9795,0.9866,0.0000,Steady,0
fix_failing_normal_back,5262,5.5167,1.0000,1.0000,0.9805,0.9867,0.0000,Steady,0
fix_failing_normal_back,5263,5.5333,0.9754,1.0000,0.9802,0.9868,0.0000,Steady,0
fix_failing_normal_back,5264,5.5500,0.9624,1.0000,0.9794,0.9869,0.0000,Steady,0
fix_failing_normal_back,5265,5.5667,0.9937,1.0000,0.9801,0.9870,0.0000,Steady,0
fix_failing_normal_back,5266,5.5833,0.9905,1.0000,0.9806,0.9871,0.0000,Steady,0
fix_failing_normal_back,5267,5.6000,0.9608,1.0000,0.9796,0.9873,0.0000,Steady,0
fix_failing_normal_back,5268,5.6167,0.9795,1.0000,0.9796,0.9874,0.0000,Steady,0
fix_failing_normal_back,5269,5.6333,0.9994,1.0000,0.9806,0.9875,0.0000,Steady,0
fix_failing_normal_back,5270,5.6500,0.9704,1.0000,0.9801,0.9876,0.0000,Steady,0
fix_failing_normal_back,5271,5.6667,0.9655,1.0000,0.9794,0.9877,0.0000,Steady,0
fix_failing_normal_back,5272,5.6833,0.9971,1.0000,0.9802,0.9878,0.0000,Steady,0
fix_failing_normal_back,5273,5.7000,0.9856,1.0000,0.9805,0.9879,0.0000,Steady,0
fix_failing_normal_back,5274,5.7167,0.9600,1.0000,0.9795,0.9880,0.0000,Steady,0
fix_failing_normal_back,5275,5.7333,0.9848,1.0000,0.9798,0.9881,0.0000,Steady,0
fix_failing_normal_back,5276,5.7500,0.9975,1.0000,0.9806,0.9882,0.0000,Steady,0
fix_failing_normal_back,5277,5.7667,0.9661,1.0000,0.9799,0.9883,0.0000,Steady,0
fix_failing_normal_back,5278,5.7833,0.9697,1.0000,0.9794,0.9884,0.0000,Steady,0
fix_failing_normal_back,5279,5.8000,0.9992,1.0000,0.9804,0.9885,0.0000,Steady,0
fix_failing_normal_back,5280,5.8167,0.9802,1.0000,0.9804,0.9886,0.0000,Steady,0
fix_failing_normal_back,5281,5.8333,0.9606,1.0000,0.9794,0.9887,0.0000,Steady,0
fix_failing_normal_back,5282,5.8500,0.9898,1.0000,0.9799,0.9887,0.0000,Steady,0
fix_failing_normal_back,5283,5.8667,0.9943,1.0000,0.9806,0.9888,0.0000,Steady,0
fix_failing_normal_back,5284,5.8833,0.9628,1.0000,0.9798,0.9889,0.0000,Steady,0
fix_failing_normal_back,5285,5.9000,0.9747,1.0000,0.9795,0.9890,0.0000,Steady,0
fix_failing_normal_back,5286,5.9167,1.0000,1.0000,0.9805,0.9891,0.0000,Steady,0
fix_failing_normal_back,5287,5.9333,0.9749,1.0000,0.9802,0.9892,0.0000,Steady,0
fix_failing_normal_back,5288,5.9500,0.9627,1.0000,0.9794,0.9893,0.0000,Steady,0
fix_failing_normal_back,5289,5.9667,0.9941,1.0000,0.9801,0.9894,0.0000,Steady,0
fix_failing_normal_back,5290,5.9833,0.9900,1.0000,0.9805,0.9895,0.0000,Steady,0
fix_failing_normal_back,5291,6.0000,0.9607,1.0000,0.9796,0.9896,0.0000,Steady,0
